time_sec,x_cart,vel_cart,ang_pole,vel_pole,torque_input,encoder_duration_s,iteration_duration_s,bytesWaiting
0.012491,0,0.00140055,-0,-0,0.00505124,0.0122318,0.0124907,4018
0.0145911,0,-0.00028011,-0,-0,-0.00101025,0.00107412,0.00202859,512
0.0166912,0,-0.00028011,-0.00314159,0.023978,0.0447395,0.0010197,0.00208543,768
0.0187912,0,-0.00196077,-0.00314159,0.0320943,0.0702925,0.000193283,0.00208551,0
0.0208913,0,-0.00028011,-0.00314159,0.0277132,0.0592887,0.000314825,0.00208665,9
0.0229914,0,-0.00028011,-0.00314159,0.0139183,0.00555559,0.000107186,0.00208581,6
0.0250914,0,-0.00532209,-0.00314159,-0.00648684,-0.0921101,0.000105051,0.00208705,6
0.0271915,0,-0.00196077,-0.00314159,-0.0309792,-0.175389,0.000105944,0.00208848,6
0.0292916,0,-0.00196077,-0.00314159,-0.057316,-0.277975,0.000104861,0.00208759,6
0.0313916,0,-0.00364143,-0.00314159,-0.0835349,-0.386163,0.000299697,0.00208867,9
0.0334917,0,-0.00028011,-0.00314159,-0.107954,-0.469155,0.000113778,0.00208437,6
0.0355917,0,-0.00028011,-0.00314159,-0.129171,-0.551799,0.00010371,0.00208794,6
0.0376918,0,-0.00196077,-0.00314159,-0.146065,-0.623666,0.000104441,0.00208755,6
0.0397919,0,-0.00028011,-0.00314159,-0.157795,-0.663294,0.000657811,0.00208865,6
0.041892,0,-0.00532209,-0.00314159,-0.1638,-0.70487,0.00029604,0.0020847,3
0.043992,0,-0.00868341,-0.00314159,-0.1638,-0.716992,0.000104872,0.00208565,6
0.0460921,0,-0.00532209,-0.00314159,-0.157795,-0.681479,0.000106385,0.00208702,6
0.0481922,0,-0.00532209,-0.00314159,-0.146065,-0.635789,0.000117163,0.00208824,6
0.0502922,-7.38998e-05,-0.0114845,-0.00314159,-0.129171,-0.592484,0.000635981,0.00208753,9
0.0523923,-7.38998e-05,-0.0131652,-0.00314159,-0.107954,-0.515902,0.000275343,0.0020856,3
0.0544924,-0.000147801,-0.0131652,-0.00314159,-0.0835349,-0.421061,0.000102467,0.00208479,6
0.0565925,-0.000147801,-0.0182071,-0.00314159,-0.057316,-0.337119,0.000103749,0.00208704,6
0.0586925,-0.000147801,-0.0131652,-0.00314159,-0.0309792,-0.216349,0.000100173,0.00208839,6
0.0607926,-0.000221703,-0.0182071,-0.00314159,-0.00648684,-0.139407,0.000628888,0.00208763,9
0.0628927,-0.000221703,-0.0131652,-0.00314159,0.0139183,-0.0417411,0.000272277,0.00208574,3
0.0649927,-0.000295604,-0.00868341,-0.00314159,0.0277132,0.0278809,0.000104932,0.00208441,6
0.0670928,-0.000295604,-0.0131652,-0.00314159,0.0320943,0.0287822,0.000100233,0.00208835,6
0.0691929,-0.000295604,-0.00868341,-0.00314159,0.023978,0.0133317,0.000101144,0.00208757,6
0.0712929,-0.000295604,-0.00532209,-0.00314159,-0,-0.0679432,0.000627876,0.00208884,9
0.073393,-0.000295604,-0.00028011,-0.00314159,-0,-0.0497588,0.000267518,0.0020843,3
0.0754931,-0.000295604,0.00476187,-0.00314159,-0,-0.0315743,0.000104872,0.00208571,6
0.0775932,-0.000295604,0.00140055,-0.00314159,-0,-0.0436973,0.00010443,0.00208693,6
0.0796932,-0.000295604,0.00308121,-0.00314159,-0,-0.0376358,0.000101696,0.00208846,6
0.0817933,-0.000295604,0.00140055,-0.00314159,-0,-0.0436973,0.000598442,0.00208749,9
0.0838934,-0.000295604,0.00140055,-0.00314159,-0,-0.0436973,0.000270554,0.00208538,3
0.0859935,-0.000295604,-0.00364143,-0.00314159,-0,-0.0618818,0.000106805,0.00208425,6
0.0880935,-0.000295604,-0.00028011,-0.00314159,-0,-0.0497588,0.000108228,0.002088,6
0.0901936,-0.000295604,-0.00196077,-0.00314159,-0,-0.0558203,0.000104831,0.00208731,6
0.0922936,-0.000295604,0.00140055,-0.00314159,-0,-0.0436973,0.000605676,0.00208692,9
0.0943937,-0.000295604,-0.00028011,-0.00314159,-0,-0.0497588,0.000234117,0.00208419,3
0.0964938,-0.000295604,-0.00196077,-0.00314159,-0,-0.0558203,0.000106684,0.00208444,6
0.0985939,-0.000295604,-0.00028011,-0.00314159,-0,-0.0497588,0.000102767,0.00208824,6
0.100694,-0.000295604,-0.00028011,-0.00314159,-0,-0.0497588,0.000105884,0.00208728,6
0.102794,-0.000295604,-0.00196077,-0.00314159,-0,-0.0558203,0.000577725,0.00207492,9
0.104894,-0.000295604,-0.00028011,-0.00314159,-0,-0.0497588,0.000225081,0.00208437,3
0.106994,-0.000295604,0.00308121,-0.00314159,-0,-0.0376358,0.000104742,0.00208567,6
0.109094,-0.000295604,-0.00028011,-0.00314159,-0,-0.0497588,0.000107386,0.00208628,6
0.111194,-0.000295604,-0.00028011,-0.00314159,-0,-0.0497588,0.000102016,0.00208845,6
0.113294,-0.000295604,0.00308121,-0.00314159,-0,-0.0376358,0.000572055,0.0020801,9
0.115394,-0.000295604,-0.00196077,-0.00314159,-0,-0.0558203,0.000215914,0.00208561,3
0.117494,-0.000295604,-0.00196077,-0.00314159,-0,-0.0558203,0.000128565,0.0020841,6
0.119595,-0.000295604,-0.00364143,-0.00314159,-0,-0.0618818,0.000106425,0.00208787,6
0.121695,-0.000295604,0.00308121,-0.00314159,-0,-0.0376358,0.000104982,0.00208715,6
0.123795,-0.000295604,-0.00028011,-0.00314159,-0,-0.0497588,0.000564301,0.00208844,9
0.125895,-0.000295604,-0.00028011,-0.00314159,-0,-0.0497588,0.000209472,0.00208374,3
0.127995,-0.000295604,-0.00028011,-0.00314159,-0,-0.0497588,0.000106865,0.00208545,6
0.130095,-0.000295604,-0.00196077,-0.00314159,-0,-0.0558203,0.000105713,0.002087,6
0.132195,-0.000295604,-0.00028011,-0.00314159,-0,-0.0497588,0.000103298,0.00208828,6
0.134295,-0.000295604,-0.00028011,-0.00314159,-0,-0.0497588,0.00055332,0.00208723,9
0.136395,-0.000295604,0.00308121,-0.00314159,-0,-0.0376358,0.000210374,0.0020855,3
0.138495,-0.000295604,0.00308121,-0.00314159,-0,-0.0376358,0.000105543,0.00208456,6
0.140595,-0.000295604,-0.00196077,-0.00314159,-0,-0.0558203,0.000105473,0.00208685,6
0.142695,-0.000295604,0.00140055,-0.00314159,-0,-0.0436973,0.000103098,0.00208825,6
0.144795,-0.000295604,0.00140055,-0.00314159,-0,-0.0436973,0.000544124,0.0020873,9
0.146896,-0.000295604,-0.00532209,-0.00314159,-0,-0.0679432,0.000190898,0.00208534,3
0.148996,-0.000295604,-0.00196077,-0.00314159,-0,-0.0558203,0.000106495,0.00208462,6
0.151096,-0.000295604,-0.00028011,-0.00314159,-0,-0.0497588,0.000117395,0.002088,6
0.153196,-0.000295604,-0.00196077,-0.00314159,-0,-0.0558203,0.000107135,0.00208705,6
0.155296,-0.000295604,-0.00364143,-0.00314159,-0,-0.0618818,0.000535077,0.00208841,9
0.157396,-0.000295604,-0.00028011,-0.00314159,-0,-0.0497588,0.000182222,0.00208441,3
0.159496,-0.000295604,-0.00196077,-0.00314159,-0,-0.0558203,0.000105773,0.00208553,6
0.161596,-0.000295604,-0.00196077,-0.00314159,-0,-0.0558203,0.000106474,0.00208682,6
0.163696,-0.000295604,0.00140055,-0.00314159,-0,-0.0436973,0.000102758,0.00208863,6
0.165796,-0.000295604,0.00308121,-0.00314159,-0,-0.0376358,0.000550305,0.00208737,9
0.167896,-0.000295604,0.00308121,-0.00314159,-0,-0.0376358,0.000188855,0.00208537,3
0.169996,-0.000295604,-0.00028011,-0.00314159,-0,-0.0497588,0.000108327,0.00208443,6
0.172096,-0.000295604,-0.00196077,-0.00314159,-0,-0.0558203,0.000103128,0.00208785,6
0.174197,-0.000295604,0.00140055,-0.00314159,-0,-0.0436973,0.000104771,0.00208724,6
0.176297,-0.000295604,-0.00196077,-0.00314159,-0,-0.0558203,0.000541138,0.0020887,9
0.178397,-0.000295604,0.00140055,-0.00314159,-0,-0.0436973,0.000183304,0.00208422,3
0.180497,-0.000295604,0.00140055,-0.00314159,-0,-0.0436973,0.000105893,0.00208084,6
0.182597,-0.000295604,-0.00364143,-0.00314159,-0,-0.0618818,0.000102828,0.00208803,6
0.184697,-0.000295604,0.00140055,-0.00314159,-0,-0.0436973,0.000118095,0.00208745,6
0.186797,-0.000295604,-0.00364143,-0.00314159,-0,-0.0618818,0.000515902,0.00208846,9
0.188897,-0.000295604,-0.00364143,-0.00314159,-0,-0.0618818,0.000116253,0.00208414,3
0.190997,-0.000295604,-0.00196077,-0.00314159,-0,-0.0558203,0.00010367,0.0020878,6
0.193097,-0.000295604,-0.00532209,-0.00314159,-0,-0.0679432,0.000105483,0.00208715,6
0.195197,-0.000295604,-0.00028011,-0.00314159,-0,-0.0497588,0.000102507,0.00208849,6
0.197297,-0.000295604,-0.00028011,-0.00314159,-0,-0.0497588,0.00048753,0.00208708,9
0.199397,-0.000295604,-0.00196077,-0.00314159,-0,-0.0558203,0.000105213,0.00208545,6
0.201497,-0.000295604,-0.00028011,-0.00314159,-0,-0.0497588,0.000105612,0.00208678,6
0.203598,-0.000295604,-0.00028011,-0.00314159,-0,-0.0497588,0.000102718,0.00208829,6
0.205698,-0.000295604,-0.00028011,-0.00314159,-0,-0.0497588,0.000105302,0.00208736,6
0.207798,-0.000295604,-0.00028011,-0.00314159,-0,-0.0497588,0.000521653,0.00208818,9
0.209898,-0.000295604,-0.00028011,-0.00628319,0.023978,-0.0040091,0.000113527,0.00208435,3
0.211998,-0.000295604,-0.00196077,-0.00628319,0.0320943,0.0215439,0.000101285,0.00208804,6
0.214098,-0.000295604,0.00140055,-0.00628319,0.0277132,0.0166016,0.00010423,0.00207885,6
0.216198,-0.000295604,-0.00028011,-0.00628319,0.0139183,-0.043193,9.9702e-05,0.0020883,6
0.218298,-0.000295604,-0.00196077,-0.00628319,-0.00648685,-0.128736,0.000503168,0.00208747,9
0.220398,-0.000295604,-0.00196077,-0.00628319,-0.0309792,-0.224137,0.000135067,0.0020856,3
0.222498,-0.000295604,0.00140055,-0.00628319,-0.057316,-0.3146,0.000102918,0.00208679,6
0.224598,-0.000295604,-0.00028011,-0.00628319,-0.0835349,-0.422788,0.000102217,0.00208714,6
0.226698,-0.000295604,0.00140055,-0.00628319,-0.107954,-0.511842,0.000100263,0.00208865,6
0.228798,-0.000295604,-0.00028011,-0.00628319,-0.129171,-0.600548,0.000516523,0.00208744,9
0.230898,-0.000295604,-0.00196077,-0.00628319,-0.146065,-0.672414,0.000112505,0.00208572,3
0.232999,-0.000295604,-0.00028011,-0.00628319,-0.157795,-0.712043,0.000103339,0.00208711,6
0.235099,-0.000295604,-0.00196077,-0.00628319,-0.1638,-0.741495,9.9853e-05,0.00208843,6
0.237199,-0.000295604,-0.00028011,-0.00628319,-0.1638,-0.735434,0.000101716,0.00208743,6
0.239299,-0.000369504,-0.00532209,-0.00628319,-0.157795,-0.730502,0.00048768,0.00208856,9
0.241399,-0.000369504,-0.00196077,-0.00628319,-0.146065,-0.672689,0.00010431,0.00208451,6
0.243499,-0.000369504,-0.00364143,-0.00628319,-0.129171,-0.612946,0.000101124,0.00208809,6
0.245599,-0.000369504,-0.00700275,-0.00628319,-0.107954,-0.542425,0.000102507,0.00208756,6
0.247699,-0.000369504,-0.00980385,-0.00628319,-0.0835349,-0.457412,0.000100243,0.00208868,6
0.249799,-0.000443405,-0.00868341,-0.00628319,-0.057316,-0.351519,0.000515741,0.00208758,9
0.251899,-0.000443405,-0.00980385,-0.00628319,-0.0309792,-0.252974,0.000103269,0.00208557,6
0.253999,-0.000443405,-0.00700275,-0.00628319,-0.00648686,-0.14747,0.000118927,0.00208689,6
0.256099,-0.000443405,-0.0131652,-0.00628319,0.0139183,-0.0902146,0.000100884,0.00208844,6
0.258199,-0.000517307,-0.00532209,-0.00628319,0.0277132,-0.0084696,0.000104301,0.00208723,6
0.2603,-0.000517307,-0.00868341,-0.00628319,0.0320943,-0.00352731,0.000481899,0.00208869,9
0.2624,-0.000517307,-0.00364143,-0.00628319,0.023978,-0.0169573,0.000103809,0.0020844,6
0.2645,-0.000517307,-0.00028011,-0.00628319,-0,-0.0982322,0.000107426,0.00207872,6
0.2666,-0.000517307,-0.00028011,-0.00628319,-0,-0.0982322,0.000103029,0.00208822,6
0.2687,-0.000517307,0.00308121,-0.00628319,-0,-0.0861093,0.00010396,0.00208721,6
0.2708,-0.000517307,0.00140055,-0.00628319,-0,-0.0921707,0.000516684,0.00208874,9
0.2729,-0.000517307,0.00308121,-0.00628319,-0,-0.0861093,0.000108448,0.00208409,6
0.275,-0.000517307,0.00308121,-0.00628319,-0,-0.0861093,0.000103259,0.00208795,6
0.2771,-0.000517307,-0.00700275,-0.00628319,-0,-0.122478,0.00010431,0.00208745,6
0.2792,-0.000517307,-0.00028011,-0.00628319,-0,-0.0982322,0.000101806,0.00208847,6
0.2813,-0.000517307,0.00140055,-0.00628319,-0,-0.0921707,0.000466662,0.00208722,9
0.2834,-0.000517307,0.00140055,-0.00628319,-0,-0.0921707,0.000104301,0.00208545,6
0.2855,-0.000517307,-0.00364143,-0.00628319,-0,-0.110355,0.000104321,0.00208688,6
0.2876,-0.000517307,-0.00196077,-0.00628319,-0,-0.104294,0.000118687,0.00208849,6
0.289701,-0.000517307,-0.00028011,-0.00628319,-0,-0.0982322,0.000106765,0.00208704,6
0.291801,-0.000517307,-0.00028011,-0.00628319,-0,-0.0982322,0.00051481,0.00208855,9
0.293901,-0.000517307,0.00140055,-0.00628319,-0,-0.0921707,0.00010983,0.00208428,6
0.296001,-0.000517307,0.00308121,-0.00628319,-0,-0.0861093,0.000103018,0.00208794,6
0.298101,-0.000517307,0.00308121,-0.00628319,-0,-0.0861093,0.000105653,0.00208725,6
0.300201,-0.000517307,-0.00196077,-0.00628319,-0,-0.104294,0.000101886,0.00208865,6
0.302301,-0.000517307,-0.00028011,-0.00628319,-0,-0.0982322,0.000472522,0.00208731,9
0.304401,-0.000517307,-0.00196077,-0.00628319,-0,-0.104294,0.000129426,0.00208543,6
0.306501,-0.000517307,0.00308121,-0.00628319,-0,-0.0861093,0.00010403,0.00208657,6
0.308601,-0.000517307,-0.00028011,-0.00628319,-0,-0.0982322,0.000103599,0.00208726,6
0.310701,-0.000517307,0.00140055,-0.00628319,-0,-0.0921707,0.000102777,0.00208838,6
0.312801,-0.000517307,-0.00532209,-0.00628319,-0,-0.116417,0.000504992,0.00207957,9
0.314901,-0.000517307,-0.00028011,-0.00628319,-0,-0.0982322,0.00010428,0.0020854,6
0.317002,-0.000517307,-0.00364143,-0.00628319,-0,-0.110355,0.000111754,0.00208686,6
0.319102,-0.000517307,-0.00196077,-0.00628319,-0,-0.104294,0.000108849,0.00208815,6
0.321202,-0.000517307,-0.00028011,-0.00628319,-0,-0.0982322,0.000110813,0.00208687,6
0.323302,-0.000517307,-0.00532209,-0.00628319,-0,-0.116417,0.000470018,0.00208858,9
0.325402,-0.000517307,-0.00028011,-0.00628319,-0,-0.0982322,0.00011478,0.00208425,6
0.327502,-0.000517307,-0.00028011,-0.00628319,-0,-0.0982322,0.00010971,0.00208808,6
0.329602,-0.000517307,0.00476187,-0.00628319,-0,-0.0800478,0.00010933,0.00208723,6
0.331702,-0.000517307,-0.00700275,-0.00628319,-0,-0.122478,0.000102777,0.00208844,6
0.333802,-0.000517307,-0.00364143,-0.00628319,-0,-0.110355,0.000511213,0.00208755,9
0.335902,-0.000517307,0.00308121,-0.00628319,-0,-0.0861093,0.000108618,0.00208546,6
0.338002,-0.000517307,-0.00028011,-0.00628319,-0,-0.0982322,0.000106845,0.00208664,6
0.340102,-0.000517307,-0.00028011,-0.00628319,-0,-0.0982322,0.000102116,0.0020883,6
0.342202,-0.000517307,-0.00196077,-0.00628319,-0,-0.104294,0.000103379,0.00208759,6
0.344303,-0.000517307,0.00140055,-0.00628319,-0,-0.0921707,0.000458557,0.00208859,9
0.346403,-0.000517307,-0.00196077,-0.00628319,-0,-0.104294,0.000105873,0.00208434,6
0.348503,-0.000517307,-0.00028011,-0.00628319,-0,-0.0982322,0.000104661,0.00208102,6
0.350603,-0.000517307,0.00140055,-0.00628319,-0,-0.0921707,0.000106183,0.00208846,6
0.352703,-0.000517307,-0.00028011,-0.00628319,-0,-0.0982322,0.00012583,0.00208752,6
0.354803,-0.000517307,0.00308121,-0.00628319,-0,-0.0861093,0.000512456,0.0020885,9
0.356903,-0.000517307,-0.00028011,-0.00628319,-0,-0.0982322,0.000107677,0.00208417,6
0.359003,-0.000517307,0.00308121,-0.00628319,-0,-0.0861093,0.000103379,0.00208786,6
0.361103,-0.000517307,-0.00364143,-0.00628319,-0,-0.110355,0.00010406,0.0020875,6
0.363203,-0.000517307,0.00140055,-0.00628319,-0,-0.0921707,0.000102847,0.00208835,6
0.365303,-0.000517307,0.00140055,-0.00628319,-0,-0.0921707,0.000466732,0.00208736,9
0.367403,-0.000517307,-0.00364143,-0.00628319,-0,-0.110355,0.000112355,0.00208544,6
0.369503,-0.000517307,0.00140055,-0.00628319,-0,-0.0921707,0.000111844,0.0020867,6
0.371604,-0.000517307,0.00140055,-0.00628319,-0,-0.0921707,0.000102537,0.00208814,6
0.373704,-0.000517307,-0.00028011,-0.00628319,-0,-0.0982322,0.000106444,0.00208686,6
0.375804,-0.000517307,-0.00196077,-0.00628319,-0,-0.104294,0.000517335,0.00208848,9
0.377904,-0.000517307,0.00140055,-0.00942478,0.023978,-0.0464211,0.000103799,0.00208428,6
0.380004,-0.000517307,0.00140055,-0.00942478,0.0320943,-0.0148066,0.000101215,0.00208804,6
0.382104,-0.000517307,0.00308121,-0.00942478,0.0277132,-0.0258104,0.000103309,0.00208707,6
0.384204,-0.000517307,-0.00364143,-0.00942478,0.0139183,-0.103789,9.9793e-05,0.00208866,6
0.386304,-0.000517307,0.00140055,-0.00942478,-0.00648686,-0.165086,0.000469337,0.00208737,9
0.388404,-0.000517307,0.00140055,-0.00942478,-0.0309792,-0.260488,0.00012569,0.00208555,6
0.390504,-0.000517307,-0.00196077,-0.00942478,-0.057316,-0.375197,0.000102597,0.00208665,6
0.392604,-0.000517307,-0.00028011,-0.00942478,-0.0835349,-0.471262,0.000102246,0.0020874,6
0.394704,-0.000517307,-0.00364143,-0.00942478,-0.107954,-0.5785,0.000102196,0.00208871,6
0.396804,-0.000517307,0.00140055,-0.00942478,-0.129171,-0.64296,0.00050379,0.00208729,9
0.398905,-0.000517307,-0.00196077,-0.00942478,-0.146065,-0.720888,0.000103369,0.0020855,6
0.401005,-0.000517307,-0.00700275,-0.00942478,-0.157795,-0.784762,0.000103269,0.00208707,6
0.403105,-0.000517307,0.00140055,-0.00942478,-0.1638,-0.777846,0.000100684,0.0020886,6
0.405205,-0.000517307,-0.00196077,-0.00942478,-0.1638,-0.789968,0.000105302,0.00208696,6
0.407305,-0.000517307,-0.00868341,-0.00942478,-0.157795,-0.790823,0.000449761,0.00208867,9
0.409405,-0.000591208,-0.00868341,-0.00942478,-0.146065,-0.745409,0.000105042,0.00208435,6
0.411505,-0.000591208,-0.00980385,-0.00942478,-0.129171,-0.683645,0.000101876,0.00208817,6
0.413605,-0.000591208,-0.00980385,-0.00942478,-0.107954,-0.601,0.000104591,0.00208168,6
0.415705,-0.000591208,-0.0131652,-0.00942478,-0.0835349,-0.518008,0.000100514,0.00208823,6
0.417805,-0.000665108,-0.0148458,-0.00942478,-0.057316,-0.422218,0.000499091,0.00208754,9
0.419905,-0.000739009,-0.0182071,-0.00942478,-0.0309792,-0.33203,0.000107386,0.0020854,6
0.422005,-0.000739009,-0.0165265,-0.00942478,-0.00648685,-0.230567,0.000105713,0.00208685,6
0.424105,-0.000739009,-0.0215685,-0.00942478,0.0139183,-0.169271,0.000101254,0.00208849,6
0.426206,-0.00081291,-0.0148458,-0.00942478,0.0277132,-0.0915665,0.000102377,0.00208763,6
0.428306,-0.00081291,-0.00980385,-0.00942478,0.0320943,-0.0563169,0.000458848,0.00208859,9
0.430406,-0.000886812,-0.0114845,-0.00942478,0.0239779,-0.094268,0.000102808,0.00208445,6
0.432506,-0.000886812,-0.00532209,-0.00942478,-0,-0.16544,0.000105903,0.00208711,6
0.434606,-0.000886812,-0.00532209,-0.00942478,-0,-0.16544,0.000102737,0.0020883,6
0.436706,-0.000886812,-0.00364143,-0.00942478,-0,-0.159379,0.000106394,0.00208698,6
0.438806,-0.000886812,-0.00364143,-0.00942478,-0,-0.159379,0.000501054,0.00208831,9
0.440906,-0.000886812,0.00140055,-0.00942478,-0,-0.141194,0.000106604,0.0020844,6
0.443006,-0.000886812,0.00476187,-0.00942478,-0,-0.129071,0.000103549,0.0020879,6
0.445106,-0.000886812,-0.00028011,-0.00942478,-0,-0.147256,0.00010394,0.00208722,6
0.447206,-0.000886812,0.00644253,-0.00942478,-0,-0.12301,0.000102036,0.00208836,6
0.449306,-0.000886812,-0.00028011,-0.00942478,-0,-0.147256,0.000465159,0.00208738,9
0.451407,-0.000886812,-0.00028011,-0.00942478,-0,-0.147256,0.000105102,0.00208544,6
0.453507,-0.000886812,0.00140055,-0.00942478,-0,-0.141194,0.000104722,0.00208691,6
0.455607,-0.000886812,0.00140055,-0.00942478,-0,-0.141194,0.000119027,0.00208828,6
0.457707,-0.000886812,-0.00196077,-0.00942478,-0,-0.153317,0.000106635,0.0020873,6
0.459807,-0.000886812,-0.00028011,-0.00942478,-0,-0.147256,0.000501245,0.00208842,9
0.461907,-0.000886812,-0.00196077,-0.00942478,-0,-0.153317,0.000107155,0.00208419,6
0.464007,-0.000886812,-0.00028011,-0.00942478,-0,-0.147256,0.000103079,0.00208796,6
0.466107,-0.000886812,-0.00196077,-0.00942478,-0,-0.153317,0.000106214,0.00208735,6
0.468207,-0.000886812,0.00308121,-0.00942478,-0,-0.135133,0.000103088,0.00208856,6
0.470307,-0.000886812,-0.00028011,-0.00942478,-0,-0.147256,0.000458166,0.00208763,9
0.472407,-0.000886812,-0.00196077,-0.00942478,-0,-0.153317,0.000125088,0.00208526,6
0.474507,-0.000886812,0.00476187,-0.00942478,-0,-0.129071,0.000102878,0.00208646,6
0.476607,-0.000886812,0.00308121,-0.00942478,-0,-0.135133,0.00010404,0.00208744,6
0.478708,-0.000886812,0.00140055,-0.00942478,-0,-0.141194,0.000103078,0.00208844,6
0.480808,-0.000886812,-0.00196077,-0.00942478,-0,-0.153317,0.000496647,0.00208747,9
0.482908,-0.000886812,0.00308121,-0.00942478,-0,-0.135133,0.000104751,0.00208551,6
0.485008,-0.000886812,-0.00196077,-0.00942478,-0,-0.153317,0.000105182,0.00208691,6
0.487108,-0.000886812,-0.00196077,-0.00942478,-0,-0.153317,0.000102196,0.00208844,6
0.489208,-0.000886812,-0.00028011,-0.00942478,-0,-0.147256,0.000122223,0.00208739,6
0.491308,-0.000886812,-0.00028011,-0.00942478,-0,-0.147256,0.000457535,0.00208839,9
0.493408,-0.000886812,0.00308121,-0.00942478,-0,-0.135133,0.000107937,0.00208414,6
0.495508,-0.000886812,-0.00028011,-0.00942478,-0,-0.147256,0.000103339,0.00208791,6
0.497608,-0.000886812,0.00308121,-0.00942478,-0,-0.135133,0.000106564,0.00208724,6
0.499708,-0.000886812,0.00308121,-0.00942478,-0,-0.135133,0.000102527,0.00208851,6
0.501808,-0.000886812,-0.00028011,-0.00942478,-0,-0.147256,0.000496196,0.0020875,9
0.503908,-0.000886812,0.00476187,-0.00942478,-0,-0.129071,0.000105543,0.00208555,6
0.506008,-0.000886812,-0.00196077,-0.00942478,-0,-0.153317,0.000108057,0.00208648,6
0.508108,-0.000886812,-0.00196077,-0.00942478,-0,-0.153317,0.000102888,0.00208846,6
0.510209,-0.000886812,0.00140055,-0.00942478,-0,-0.141194,0.00010396,0.00208768,6
0.512309,-0.000886812,-0.00028011,-0.00942478,-0,-0.147256,0.00045469,0.00208865,9
0.514409,-0.000886812,0.00140055,-0.00942478,-0,-0.141194,0.000106685,0.00207874,6
0.516509,-0.000886812,-0.00196077,-0.00942478,-0,-0.153317,0.000105443,0.00208166,6
0.518609,-0.000886812,0.00140055,-0.00942478,-0,-0.141194,0.000102417,0.00208854,6
0.520709,-0.000886812,0.00140055,-0.00942478,-0,-0.141194,0.000104461,0.00208731,6
0.522809,-0.000886812,-0.00196077,-0.00942478,-0,-0.153317,0.000513538,0.00208861,9
0.524909,-0.000886812,-0.00028011,-0.00942478,-0,-0.147256,0.000107586,0.00208444,6
0.527009,-0.000886812,-0.00196077,-0.00942478,-0,-0.153317,0.00010923,0.00208796,6
0.529109,-0.000886812,0.00140055,-0.00942478,-0,-0.141194,0.000104631,0.00208747,6
0.531209,-0.000886812,-0.00364143,-0.00942478,-0,-0.159379,0.000103208,0.00208842,6
0.533309,-0.000886812,0.00476187,-0.00942478,-0,-0.129071,0.000462975,0.00208717,9
0.535409,-0.000886812,-0.00196077,-0.00942478,-0,-0.153317,0.000105933,0.00208549,6
0.53751,-0.000886812,-0.00196077,-0.00942478,-0,-0.153317,0.000105573,0.00208691,6
0.53961,-0.000886812,-0.00028011,-0.00942478,-0,-0.147256,0.000103049,0.00208838,6
0.54171,-0.000886812,0.00476187,-0.00942478,-0,-0.129071,0.000106886,0.00208709,6
0.54381,-0.000886812,-0.00196077,-0.00942478,-0,-0.153317,0.000495224,0.00208861,9
0.54591,-0.000886812,-0.00364143,-0.00942478,-0,-0.159379,0.000106965,0.00208431,6
0.54801,-0.000886812,0.00140055,-0.00942478,-0,-0.141194,0.000102948,0.00208788,6
0.55011,-0.000886812,-0.00196077,-0.00942478,-0,-0.153317,0.000106564,0.00208701,6
0.55221,-0.000886812,-0.00028011,-0.00942478,-0,-0.147256,0.000102888,0.002088,6
0.55431,-0.000886812,0.00308121,-0.00942478,-0,-0.135133,0.000464878,0.00208744,9
0.55641,-0.000886812,-0.00532209,-0.00942478,-0,-0.16544,0.00014258,0.00208542,6
0.55851,-0.000886812,0.00308121,-0.00942478,-0,-0.135133,0.000104601,0.00208666,6
0.56061,-0.000886812,0.00308121,-0.00942478,-0,-0.135133,0.000104601,0.00208733,6
0.56271,-0.000886812,0.00140055,-0.00942478,-0,-0.141194,0.000102467,0.00208849,6
0.56481,-0.000886812,-0.00196077,-0.00942478,-0,-0.153317,0.000489544,0.00208755,9
0.566911,-0.000886812,0.00308121,-0.00942478,-0,-0.135133,0.000105773,0.00208532,6
0.569011,-0.000886812,-0.00364143,-0.00942478,-0,-0.159379,0.000105733,0.00208666,6
0.571111,-0.000886812,0.00140055,-0.00942478,-0,-0.141194,0.000103519,0.00208818,6
0.573211,-0.000886812,0.00308121,-0.00942478,-0,-0.135133,0.000103809,0.00208742,6
0.575311,-0.000886812,-0.00028011,-0.00942478,-0,-0.147256,0.000463125,0.00208859,9
0.577411,-0.000886812,-0.00028011,-0.00942478,-0,-0.147256,0.000107055,0.00208424,6
0.579511,-0.000886812,-0.00196077,-0.00942478,-0,-0.153317,0.000102888,0.00208797,6
0.581611,-0.000886812,0.00308121,-0.00942478,-0,-0.135133,0.00010388,0.00208756,6
0.583711,-0.000886812,-0.00028011,-0.00942478,-0,-0.147256,0.000102297,0.00208861,6
0.585811,-0.000886812,0.00140055,-0.00942478,-0,-0.141194,0.00048777,0.0020872,9
0.587911,-0.000886812,-0.00196077,-0.00942478,-0,-0.153317,0.000105262,0.00208525,6
0.590011,-0.000886812,0.00140055,-0.00942478,-0,-0.141194,0.000106725,0.0020869,6
0.592111,-0.000886812,-0.00028011,-0.00942478,-0,-0.147256,0.000103198,0.00208636,6
0.594211,-0.000886812,-0.00364143,-0.00942478,-0,-0.159379,0.000107486,0.00208726,6
0.596312,-0.000886812,-0.00196077,-0.00942478,-0,-0.153317,0.000462284,0.00208842,9
0.598412,-0.000886812,0.00140055,-0.00942478,-0,-0.141194,0.000105993,0.00208416,6
0.600512,-0.000886812,0.00140055,-0.00942478,-0,-0.141194,0.000107717,0.00208663,6
0.602612,-0.000886812,0.00140055,-0.00942478,-0,-0.141194,0.000102857,0.00208846,6
0.604712,-0.000886812,-0.00028011,-0.00942478,-0,-0.147256,0.000104882,0.00208744,6
0.606812,-0.000886812,-0.00364143,-0.00942478,-0,-0.159379,0.00048737,0.00208849,9
0.608912,-0.000886812,-0.00028011,-0.00942478,-0,-0.147256,0.000108317,0.00208414,6
0.611012,-0.000886812,-0.00364143,-0.00942478,-0,-0.159379,0.000102827,0.00208782,6
0.613112,-0.000886812,0.00140055,-0.00942478,-0,-0.141194,0.00010409,0.00208739,6
0.615212,-0.000886812,-0.00028011,-0.00942478,-0,-0.147256,0.000101706,0.00208849,6
0.617312,-0.000886812,-0.00028011,-0.00942478,-0,-0.147256,0.000449241,0.0020861,9
0.619412,-0.000886812,-0.00364143,-0.00942478,-0,-0.159379,0.000106755,0.00207942,6
0.621512,-0.000886812,-0.00196077,-0.00942478,-0,-0.153317,0.000104511,0.00208682,6
0.623612,-0.000886812,0.00140055,-0.00942478,-0,-0.141194,0.000118877,0.00208859,6
0.625713,-0.000886812,-0.00532209,-0.00942478,-0,-0.16544,0.000114759,0.00208724,6
0.627813,-0.000886812,-0.00196077,-0.00942478,-0,-0.153317,0.000487059,0.00208827,9
0.629913,-0.000886812,0.00308121,-0.00942478,-0,-0.135133,0.000107406,0.00208423,6
0.632013,-0.000886812,-0.00196077,-0.00942478,-0,-0.153317,0.000103249,0.00208791,6
0.634113,-0.000886812,-0.00028011,-0.00628319,-0.023978,-0.193006,0.000104171,0.00208729,6
0.636213,-0.000886812,-0.00028011,-0.00628319,-0.0320944,-0.22462,0.000100624,0.00208853,6
0.638313,-0.000886812,-0.00364143,-0.00628319,-0.0277132,-0.219678,0.000452756,0.00208759,9
0.640413,-0.000886812,0.00140055,-0.00628319,-0.0139184,-0.14776,0.000125779,0.00208543,6
0.642513,-0.000886812,-0.00364143,-0.00628319,0.00648679,-0.0864636,0.000101335,0.0020867,6
0.644613,-0.000886812,-0.00028011,-0.00628319,0.0309792,0.0210608,0.000103038,0.00208724,6
0.646713,-0.000886812,-0.00196077,-0.00628319,0.057316,0.117585,0.000100824,0.00208859,6
0.648813,-0.000886812,-0.00196077,-0.00628319,0.0835349,0.219712,0.000480337,0.00208744,9
0.650913,-0.000886812,-0.00364143,-0.00628319,0.107954,0.308766,0.000102978,0.00208549,6
0.653014,-0.000886812,-0.00028011,-0.00628319,0.129171,0.403533,0.000102677,0.00208696,6
0.655114,-0.000886812,-0.00364143,-0.00628319,0.146065,0.457215,0.000100855,0.00208843,6
0.657214,-0.000886812,0.00308121,-0.00628319,0.157795,0.527151,0.0001205,0.00208718,6
0.659314,-0.000886812,0.00644253,-0.00628319,0.1638,0.562665,0.000446465,0.00208859,9
0.661414,-0.00081291,0.00476187,-0.00314159,0.139822,0.511129,0.000105663,0.00208444,6
0.663514,-0.00081291,0.0109243,-0.00314159,0.125701,0.478349,0.000101555,0.0020882,6
0.665614,-0.00081291,0.00812319,-0.00314159,0.118352,0.439621,0.000104331,0.00208382,6
0.667714,-0.00081291,0.00812319,-0.00314159,0.115253,0.427549,0.000100944,0.00208864,6
0.669814,-0.00081291,0.00812319,-0.00314159,0.114441,0.424387,0.000482651,0.00208695,9
0.671914,-0.000739009,0.00924363,-0.00314159,0.114514,0.428989,0.000104491,0.00208549,6
0.674014,-0.000739009,0.0109243,-0.00314159,0.114632,0.43551,0.000104781,0.00208674,6
0.676114,-0.000739009,0.0142856,-0.00314159,0.114514,0.447174,0.000100353,0.00208861,6
0.678214,-0.000665108,0.0126049,-0.00314159,0.114441,0.441101,0.000102557,0.00208748,6
0.680314,-0.000665108,0.0210082,-0.00314159,0.115253,0.474571,0.000451925,0.0020887,9
0.682415,-0.000591208,0.0176469,-0.00314159,0.118352,0.474795,0.000102798,0.00208441,6
0.684515,-0.000591208,0.0142856,-0.00314159,0.125701,0.491297,0.000102006,0.00208721,6
0.686615,-0.000517307,0.0159663,-0.00314159,0.139822,0.552639,9.9892e-05,0.00208883,6
0.688715,-0.000517307,0.0159663,-0.00314159,0.1638,0.646037,0.000101776,0.00208727,6
0.690815,-0.000443405,0.0243696,-0.00314159,0.157795,0.653228,0.000493571,0.00208843,9
0.692915,-0.000369504,0.0210082,-0.00314159,0.146065,0.595691,0.000105172,0.0020846,6
0.695015,-0.000369504,0.0271707,-0.00314159,0.129171,0.552111,0.000101435,0.00208816,6
0.697115,-0.000295604,0.0243696,-0.00314159,0.107954,0.45964,0.000102137,0.0020874,6
0.699215,-0.000221703,0.0322126,-0.00314159,0.0835349,0.393086,0.000101135,0.00208847,6
0.701315,-0.000147801,0.0288513,-0.00314159,0.057316,0.279112,0.000435806,0.00208752,9
0.703415,-7.38998e-05,0.0322126,-0.00314159,0.0309792,0.188924,0.000102357,0.0020855,6
0.705515,-7.38998e-05,0.0288513,-0.00314159,0.00648684,0.0813994,0.000102748,0.00208699,6
0.707615,0,0.0288513,-0.00314159,-0.0139183,0.00219327,0.000100884,0.0020885,6
0.709715,7.39014e-05,0.0226889,-0.00314159,-0.0277132,-0.0734901,0.00010375,0.00208726,6
0.711816,0.000147803,0.0288513,-0.00314159,-0.0320943,-0.0680548,0.000477101,0.00208853,9
0.713916,0.000221703,0.0226889,-0.00314159,-0.023978,-0.0583907,0.000104381,0.00208463,6
0.716016,0.000221703,0.0243696,-0.00314159,-0,0.0410686,0.000102817,0.00208826,6
0.718116,0.000295604,0.0159663,-0.00314159,-0,0.0110363,0.000107626,0.00208146,6
0.720216,0.000295604,0.0142856,-0.00314159,-0,0.00497484,0.000102787,0.00208842,6
0.722316,0.000369505,0.0142856,-0.00314159,-0,0.00524993,0.00040535,0.00208742,9
0.724416,0.000369505,0.00924363,-0.00314159,-0,-0.0129345,0.00014217,0.0020854,6
0.726516,0.000369505,0.00924363,-0.00314159,-0,-0.0129345,0.000104931,0.00208669,6
0.728616,0.000443407,0.00476187,-0.00314159,-0,-0.0288234,0.000104601,0.00208733,6
0.730716,0.000443407,0.00812319,-0.00314159,-0,-0.0167004,0.000103198,0.0020886,6
0.732816,0.000443407,0.00476187,-0,-0.023978,-0.0745732,0.000335613,0.0020871,9
0.734917,0.000443407,-0.00028011,-0,-0.0320943,-0.124372,0.000102597,0.00208555,6
0.737017,0.000443407,-0.00196077,-0,-0.0277132,-0.113368,0.000103238,0.00208676,6
0.739117,0.000443407,-0.00364143,-0,-0.0139183,-0.0656967,0.000100093,0.0020884,6
0.741217,0.000443407,-0.00364143,-0,0.00648683,0.0137846,0.000458166,0.00208747,9
0.743317,0.000443407,-0.00700275,-0,0.0309792,0.0970631,0.000102017,0.00208536,6
0.745417,0.000443407,-0.00028011,-0,0.057316,0.223895,0.000102688,0.00208694,6
0.747517,0.000443407,0.00644253,-0,0.0835349,0.350268,0.000100013,0.00208846,6
0.749617,0.000443407,0.00140055,-0,0.107954,0.427198,0.000576693,0.00208722,9
0.751717,0.000443407,0.00140055,-0,0.129171,0.509843,0.000176432,0.00208546,3
0.753817,0.000443407,-0.00364143,-0,0.146065,0.557463,0.000104521,0.00208445,6
0.755917,0.000443407,-0.00028011,-0,0.157795,0.615276,0.000100503,0.00208823,6
0.758017,0.000443407,0.00644253,-0,0.1638,0.662913,0.000103779,0.00208717,6
0.760117,0.000443407,-0.00196077,-0,0.1638,0.632605,0.000305978,0.00208876,9
0.762218,0.000443407,0.00308121,-0,0.157795,0.627399,0.000103599,0.0020842,6
0.764318,0.000443407,0.00476187,-0,0.146065,0.58777,0.000100383,0.00208795,6
0.766418,0.000443407,0.00308121,-0,0.129171,0.515904,0.000102767,0.0020868,6
0.768518,0.000517307,0.00812319,-0,0.107954,0.451719,0.000421299,0.00208759,9
0.770618,0.000517307,0.0109243,0.00314159,0.059557,0.320957,0.00010405,0.00208529,7
0.772718,0.000517307,0.0126049,0.00314159,0.0252217,0.193277,0.000105884,0.00208608,7
0.774818,0.000591208,0.0126049,0.00314159,0.00326602,0.108032,0.000101726,0.00208828,7
0.776918,0.000591208,0.00924363,0.00314159,-0.00743148,0.0542403,0.000105032,0.00208734,7
0.779018,0.000591208,0.0126049,0.00314159,-0.00743148,0.0663633,0.000515401,0.00208859,10
0.781118,0.000665109,0.00924363,0.00314159,0.00326602,0.0961838,0.0001533,0.00208423,6
0.783218,0.000665109,0.00476187,0.00314159,0.0252217,0.165541,0.000101205,0.00208773,7
0.785318,0.000665109,0.00476187,0.00314159,0.059557,0.299282,0.000102677,0.00208693,7
0.787418,0.000665109,0.00476187,0.00314159,0.107954,0.487795,0.000100884,0.00208848,7
0.789519,0.000665109,0.00140055,0.00628319,0.105193,0.512566,0.000604424,0.0020872,10
0.791619,0.000665109,-0.00364143,0.00628319,0.113971,0.528572,0.000271024,0.00208535,6
0.793719,0.000665109,0.00308121,0.00628319,0.130082,0.615573,0.000130929,0.00208458,7
0.795819,0.000665109,-0.00196077,0.00628319,0.149882,0.674513,0.000103549,0.00208848,7
0.797919,0.000665109,0.00140055,0.00628319,0.170287,0.766117,0.000110822,0.00208717,7
0.800019,0.000665109,0.00308121,0.00628319,0.188774,0.844189,0.00069569,0.00208849,10
0.802119,0.000665109,0.00476187,0.00628319,0.203381,0.907147,0.000356541,0.00208418,6
0.804219,0.000739011,0.00644253,0.00628319,0.212706,0.949805,0.00010406,0.00208569,7
0.806319,0.000739011,0.0159663,0.00942478,0.19193,0.950875,0.000106315,0.00208699,7
0.808419,0.000739011,0.0193276,0.00942478,0.180612,0.918912,0.000110121,0.00208816,7
0.810519,0.00081291,0.0210082,0.00942478,0.175668,0.905992,0.000103299,0.00208732,7
0.812619,0.000886812,0.030532,0.00942478,0.174856,0.937453,0.0004547,0.00208732,13
0.814719,0.000960713,0.0338933,0.00942478,0.176774,0.957322,0.00010412,0.00208542,7
0.81682,0.00103461,0.030532,0.00942478,0.180861,0.961394,0.000103849,0.00208689,7
0.81892,0.00110851,0.0439773,0.00942478,0.187398,1.03562,0.000101064,0.0020883,7
0.82102,0.00118242,0.0422966,0.00942478,0.197506,1.06921,0.000105463,0.00208133,7
0.82312,0.00125632,0.0467784,0.00942478,0.213147,1.14657,0.000548612,0.00208825,10
0.82522,0.00140412,0.0450977,0.00942478,0.237125,1.23446,0.000205435,0.00208412,6
0.82732,0.00147802,0.0568623,0.00942478,0.2296,1.24785,0.000116734,0.00208578,7
0.82942,0.00162582,0.0647054,0.00942478,0.215111,1.22025,0.000106996,0.00208678,7
0.83152,0.00177362,0.0697474,0.0125664,0.170801,1.11404,0.000101786,0.00208826,7
0.83362,0.00192143,0.0647054,0.0125664,0.138193,0.969394,0.000661208,0.00208749,10
0.83572,0.00206923,0.0747893,0.0125664,0.116163,0.920506,0.000318431,0.00208546,6
0.83782,0.00221703,0.0781507,0.0125664,0.104434,0.887489,0.000107165,0.0020845,7
0.83992,0.00236483,0.0798313,0.0125664,0.103563,0.890712,0.000101345,0.00208817,7
0.84202,0.00251263,0.0798313,0.0125664,0.114955,0.935634,0.000103008,0.00208738,7
0.84412,0.00273434,0.0893551,0.0125664,0.140851,1.07168,0.000100924,0.00208865,7
0.846221,0.00288214,0.0910357,0.0125664,0.140851,1.07829,0.000396023,0.00208752,13
0.848321,0.00310384,0.0960777,0.0125664,0.138933,1.08983,0.000104,0.00208541,7
0.850421,0.00332554,0.0971981,0.0125664,0.135658,1.08194,0.000102067,0.00208679,7
0.852521,0.00347335,0.0971981,0.0125664,0.132147,1.06881,0.000104501,0.002087,7
0.854621,0.00369505,0.105601,0.0125664,0.130082,1.0919,0.000101295,0.0020885,7
0.856721,0.00391675,0.108963,0.0125664,0.131706,1.11117,0.000559752,0.00208762,10
0.858821,0.00421236,0.110643,0.0125664,0.139822,1.14995,0.000139665,0.00208535,6
0.860921,0.00443406,0.114005,0.0125664,0.157795,1.2329,0.000105283,0.00208611,7
0.863021,0.00465576,0.120167,0.0125664,0.146065,1.21027,0.000117585,0.0020886,7
0.865121,0.00495137,0.125209,0.0125664,0.129171,1.16375,0.000102988,0.00208766,7
0.867221,0.00517307,0.125209,0.0125664,0.107954,1.08193,0.000584247,0.00208853,10
0.869321,0.00554257,0.136414,0.0125664,0.083535,1.0286,0.000244366,0.00208424,6
0.871421,0.00576428,0.139775,0.00942478,0.0812941,0.985168,0.000103589,0.00208572,7
0.873522,0.00605988,0.149859,0.00942478,0.0630736,0.951666,0.000103499,0.00208694,7
0.875622,0.00635548,0.148178,0.00942478,0.0342001,0.834238,0.000101355,0.00208841,7
0.877722,0.00672499,0.15266,0.00942478,-0,0.718563,0.000688978,0.00208778,10
0.879822,0.00709449,0.15266,0.00942478,-0.0342,0.586724,0.000352944,0.00208515,6
0.881922,0.0073901,0.159383,0.00942478,-0.0630735,0.499604,0.000105924,0.00208448,7
0.884022,0.0076857,0.157702,0.00942478,-0.081294,0.423671,0.000101966,0.00208822,7
0.886122,0.00805521,0.161063,0.00942478,-0.0835349,0.428441,0.000102167,0.00208748,7
0.888222,0.00835081,0.159383,0.00942478,-0.107954,0.328364,0.000100674,0.00208847,7
0.890322,0.00872032,0.162744,0.00942478,-0.129171,0.259219,0.000438481,0.00208759,13
0.892422,0.00908982,0.157702,0.00942478,-0.146065,0.176605,0.000114399,0.0020855,7
0.894522,0.00938542,0.159383,0.00942478,-0.157795,0.138077,0.000102608,0.00208698,7
0.896622,0.00968103,0.156021,0.00942478,-0.1638,0.103663,0.000119629,0.00208754,7
0.898722,0.0100505,0.157702,0.00942478,-0.1638,0.1111,0.000102046,0.00208874,7
0.900822,0.0103461,0.149859,0.00942478,-0.157795,0.107305,0.000523506,0.00208713,10
0.902923,0.0107156,0.149859,0.00942478,-0.146065,0.15437,0.000178697,0.00208546,6
0.905023,0.0109373,0.141455,0.00628319,-0.105193,0.236442,0.000106915,0.00208451,7
0.907123,0.0112329,0.139775,0.00628319,-0.0758595,0.34574,0.000101966,0.00208825,7
0.909223,0.0115286,0.141455,0.00628319,-0.0558217,0.430952,0.00010378,0.00208743,7
0.911323,0.0118242,0.136414,0.00628319,-0.0433977,0.462261,0.00062445,0.00208873,10
0.913423,0.0121937,0.136414,0.00628319,-0.0374661,0.486741,0.000279911,0.00208437,6
0.915523,0.0124893,0.141455,0.00314159,-0.0134881,0.551776,0.000104621,0.00208568,7
0.917623,0.012711,0.139775,0.00314159,-0.0113034,0.555049,0.000104141,0.00208688,7
0.919723,0.0130066,0.139775,0.00314159,-0.0281085,0.490691,0.000100964,0.00208865,7
0.921823,0.0133022,0.144817,0.00314159,-0.0619411,0.378193,0.000725344,0.00208744,10
0.923923,0.0137456,0.143136,0.00314159,-0.11168,0.180042,0.000382188,0.0020854,6
0.926023,0.0139673,0.143136,0.00314159,-0.177044,-0.073737,0.000106445,0.00207925,7
0.928123,0.014189,0.136414,0.00314159,-0.215111,-0.245434,0.000106424,0.00208825,7
0.930223,0.0144846,0.143136,0.00314159,-0.247335,-0.345605,0.000126791,0.0020875,7
0.932324,0.0147802,0.138094,0.00314159,-0.271754,-0.457804,0.00010379,0.00208871,7
0.934424,0.0150758,0.131932,0.00314159,-0.286966,-0.538182,0.000450282,0.00208717,13
0.936524,0.0153714,0.12857,0.00314159,-0.29213,-0.56932,0.000111894,0.0020844,7
0.938624,0.0155931,0.125209,0.00314159,-0.286966,-0.560503,0.000102046,0.00208828,7
0.940724,0.0158887,0.118486,0.00314159,-0.271754,-0.524395,0.000112124,0.0020872,7
0.942824,0.0161104,0.105601,0.00314159,-0.247335,-0.474926,0.000101615,0.00208848,7
0.944924,0.0163321,0.103921,0.00314159,-0.215111,-0.354645,0.000533644,0.00208764,10
0.947024,0.0165538,0.0910357,0.00314159,-0.177044,-0.252015,0.000257981,0.00208546,6
0.949124,0.0167755,0.0910357,0.00314159,-0.135658,-0.0899829,0.000115221,0.00208467,7
0.951224,0.0169233,0.0826324,0.00314159,-0.0940355,0.0423852,0.000103048,0.00208792,7
0.953324,0.0170711,0.0781507,0.00314159,-0.0558217,0.17562,0.000103239,0.00208764,7
0.955424,0.0172189,0.071428,0.00314159,-0.0252217,0.271116,0.000611166,0.00208864,10
0.957524,0.0173667,0.071428,0.00314159,-0.00700122,0.342638,0.000271536,0.00208436,6
0.959625,0.0175145,0.0680667,0.00314159,-0.00648684,0.333068,0.000109961,0.00208581,7
0.961725,0.0176623,0.0630247,0.00314159,0.0139183,0.394915,0.000103188,0.0020872,7
0.963825,0.0177362,0.0568623,0.00314159,0.0277132,0.426698,0.000100694,0.00208857,7
0.965925,0.017884,0.0602236,0.00628319,0.00811635,0.410687,0.000718882,0.00208182,10
0.968025,0.0181057,0.0647054,0.00628319,-0.00811636,0.364447,0.000380014,0.00208543,6
0.970125,0.0181796,0.0630247,0.00628319,-0.0277132,0.282328,0.000105102,0.00208467,7
0.972225,0.0182535,0.0630247,0.00628319,-0.0139183,0.336336,0.000101715,0.00208818,7
0.974325,0.0184013,0.0630247,0.00628319,0.00648685,0.416368,0.000102677,0.0020875,7
0.976425,0.0185491,0.0630247,0.00628319,0.0309792,0.51232,0.000126591,0.00208854,7
0.978525,0.0186969,0.0602236,0.00942478,0.0333381,0.559603,0.000466853,0.00208745,13
0.980625,0.0188447,0.0602236,0.00942478,0.0514406,0.630666,0.000112966,0.00208447,7
0.982726,0.0189186,0.0647054,0.00942478,0.0802406,0.759285,0.000101045,0.00208828,7
0.984826,0.0190665,0.0619043,0.00942478,0.115253,0.88611,0.000112165,0.0020875,7
0.986926,0.0191403,0.058543,0.00942478,0.152552,1.01955,0.000100784,0.00208873,7
0.989026,0.0192882,0.0647054,0.00942478,0.188774,1.18342,0.00055317,0.00208762,10
0.991126,0.019436,0.0647054,0.00942478,0.221116,1.30994,0.000205425,0.00208541,6
0.993226,0.0195838,0.0680667,0.0125664,0.223357,1.37899,0.000106064,0.00208456,7
0.995326,0.0197316,0.071428,0.0125664,0.233654,1.43178,0.000101666,0.00208834,7
0.997426,0.0198794,0.0798313,0.0125664,0.247523,1.51665,0.000103188,0.0020874,7
0.999526,0.0201011,0.0809518,0.0125664,0.261318,1.57525,0.00067364,0.0020886,10
1.00163,0.0203228,0.0927164,0.0125664,0.272236,1.66103,0.000320254,0.00208424,6
1.00373,0.0204706,0.0960777,0.0125664,0.278314,1.69739,0.000104581,0.00208578,7
1.00583,0.0206923,0.105601,0.0125664,0.278432,1.73302,0.000107967,0.00208697,7
1.00793,0.020914,0.110643,0.0125664,0.272309,1.72818,0.000101044,0.00208855,7
1.01003,0.0211357,0.115125,0.0125664,0.260506,1.69919,0.000102146,0.00208769,7
1.01213,0.0215791,0.208122,0.0125664,0.244424,1.9736,0.000422982,0.00208866,10
1.01423,0.0217269,0.131932,0.0125664,0.226306,1.62879,0.000104341,0.00208431,7
1.01633,0.0219486,0.141455,0.0125664,0.209236,1.59748,0.000101395,0.00208818,7
1.01843,0.0222442,0.139775,0.0125664,0.197138,1.54539,0.000101566,0.00208701,7
1.02053,0.0225398,0.148178,0.0125664,0.194779,1.56761,0.000104141,0.0020875,7
1.02263,0.0229093,0.150979,0.0125664,0.164282,1.4603,0.000501826,0.00208865,10
1.02473,0.0232788,0.166105,0.0125664,0.132147,1.39106,0.000148571,0.00208428,6
1.02683,0.0235744,0.166105,0.0125664,0.101458,1.27262,0.000101676,0.00208757,7
1.02893,0.0239439,0.170587,0.0125664,0.0758595,1.19045,0.000104671,0.00208739,7
1.03103,0.0243134,0.172268,0.0125664,0.059557,1.13438,0.000102658,0.00208264,7
1.03313,0.0246829,0.184032,0.0125664,0.0573161,1.16946,0.000607009,0.00208742,10
1.03523,0.0251263,0.184032,0.0125664,0.0309793,1.06853,0.000249214,0.00208549,6
1.03733,0.0254958,0.186833,0.0125664,0.00648688,0.984603,0.000107777,0.00208463,7
1.03943,0.0258653,0.186833,0.0125664,-0.0139183,0.906497,0.000102417,0.00208824,7
1.04153,0.0262348,0.191875,0.0125664,-0.0277132,0.872323,0.000103549,0.00208762,7
1.04363,0.0266782,0.196917,0.0125664,-0.0320943,0.875093,0.000680082,0.00208878,10
1.04573,0.0271956,0.198598,0.0125664,-0.023978,0.914695,0.000336024,0.00208434,6
1.04783,0.0274912,0.200279,0.0125664,-0,1.01525,0.000106434,0.00208132,7
1.04993,0.0279346,0.20364,0.0125664,-0,1.02903,0.000106965,0.00208685,7
1.05203,0.0283041,0.208122,0.0125664,-0,1.04657,0.000103509,0.00208834,7
1.05413,0.0287475,0.206441,0.0125664,-0,1.04216,0.000105402,0.00208756,7
1.05623,0.0291909,0.209802,0.0125664,-0,1.05593,0.000433462,0.00208873,13
1.05833,0.0297821,0.216525,0.0125664,-0,1.08238,0.000106515,0.00208421,7
1.06043,0.0301516,0.221567,0.0125664,-0,1.10194,0.000115171,0.00208806,7
1.06253,0.030595,0.234452,0.00942478,0.023978,1.19581,0.000101144,0.00208727,7
1.06463,0.0311123,0.226049,0.00942478,0.0320944,1.19904,0.000104841,0.00208751,7
1.06673,0.0315557,0.232771,0.00942478,0.0277132,1.20787,0.00054213,0.00208895,10
1.06883,0.0322208,0.242295,0.00942478,0.0139184,1.19096,0.000201257,0.00208448,6
1.07093,0.0325903,0.243976,0.00942478,-0.0064868,1.11892,0.000105042,0.0020857,7
1.07303,0.0331076,0.247337,0.00942478,-0.0309792,1.03757,0.000106665,0.00208679,7
1.07513,0.0336249,0.258541,0.00942478,-0.057316,0.977316,0.000101816,0.00208861,7
1.07723,0.0341422,0.25574,0.00942478,-0.0835349,0.867013,0.000618418,0.00208765,10
1.07933,0.0348813,0.263583,0.00942478,-0.107954,0.802935,0.000276365,0.00208534,6
1.08143,0.0353247,0.265264,0.00942478,-0.129171,0.728003,0.000106555,0.00208466,7
1.08353,0.035842,0.268625,0.00942478,-0.146065,0.676247,0.000102056,0.00208828,7
1.08563,0.0363593,0.270306,0.00942478,-0.157795,0.638544,0.000102287,0.00208747,7
1.08773,0.0369505,0.265264,0.00942478,-0.1638,0.599169,0.000708694,0.00208864,10
1.08983,0.0376895,0.268625,0.00628319,-0.139822,0.659793,0.000435194,0.00208424,6
1.09193,0.0382068,0.268625,0.00628319,-0.125701,0.716724,0.000103979,0.00208566,7
1.09403,0.0386502,0.268625,0.00628319,-0.118352,0.746999,0.000103569,0.00208678,7
1.09613,0.0392414,0.268625,0.00628319,-0.115253,0.761272,0.000100934,0.00208536,7
1.09823,0.0397587,0.274788,0.00314159,-0.0904627,0.834336,0.000102047,0.00208754,7
1.10033,0.0403499,0.271987,0.00314159,-0.0824198,0.857762,0.000509751,0.00208883,10
1.10243,0.041015,0.273667,0.00314159,-0.0869189,0.848775,0.000488622,0.00204271,7
1.10453,0.0416062,0.271987,0.00314159,-0.100596,0.791641,0.000431357,0.0020531,7
1.10663,0.0421975,0.276468,0.00314159,-0.120928,0.73081,0.000428703,0.00205643,7
1.10873,0.0427887,0.27983,-0,-0.122254,0.692319,0.000422751,0.00205198,6
1.11083,0.0433799,0.27983,-0,-0.143574,0.611477,0.000736975,0.0020529,9
1.11293,0.044045,0.283191,-0,-0.181522,0.478259,0.00039413,0.00205146,6
1.11503,0.0445623,0.283191,-0,-0.233858,0.276331,0.000114108,0.00208804,6
1.11713,0.0450057,0.28151,-0,-0.299458,0.0163967,0.000115361,0.002087,6
1.11923,0.0455969,0.284872,-0,-0.334839,-0.107095,0.000541349,0.00208834,9
1.12133,0.0463359,0.284872,-0,-0.361176,-0.20693,0.000181221,0.0020867,3
1.12343,0.0468532,0.27983,-0.00314159,-0.352528,-0.237152,0.000223668,0.00206713,6
1.12553,0.0474444,0.276468,-0.00314159,-0.347613,-0.227931,0.000230851,0.00207059,6
1.12763,0.0481095,0.35658,-0.00314159,-0.342788,0.0822726,0.0002189,0.00207515,6
1.12973,0.0485529,0.270306,-0.00314159,-0.335528,-0.198955,0.000537982,0.00208708,9
1.13183,0.049218,0.256861,-0.00314159,-0.324432,-0.201751,0.00010363,0.0020853,3
1.13393,0.0496615,0.263583,-0.00314159,-0.30922,-0.116601,0.000105402,0.00208643,6
1.13612,0.0501788,0.256861,-0.00314159,-0.290733,-0.0669111,0.000117495,0.00217571,6
1.13822,0.0506961,0.249018,-0.00314159,-0.270933,-0.016148,0.000145806,0.00208599,6
1.14032,0.0512134,0.249018,-0.00314159,-0.252904,0.0560034,0.000368323,0.00208101,9
1.14242,0.0518046,0.240614,-0.00314159,-0.240851,0.0748448,0.00011518,0.00204543,6
1.14452,0.052248,0.237813,-0.00628319,-0.216123,0.115065,0.000111052,0.00207753,6
1.14662,0.0527653,0.231091,-0.00628319,-0.181522,0.227518,0.000116071,0.00208634,6
1.14872,0.0532087,0.232771,-0.00628319,-0.161309,0.313965,0.000108237,0.00208668,6
1.15082,0.053726,0.22941,-0.00628319,-0.156883,0.321006,0.00042689,0.0020881,9
1.15292,0.0542433,0.226049,-0.00628319,-0.170769,0.256723,0.000105753,0.00208661,6
1.15502,0.0546867,0.22941,-0.00628319,-0.163126,0.300266,0.000102487,0.0020885,6
1.15712,0.0551301,0.226049,-0.00628319,-0.158774,0.306746,0.000107136,0.00208686,6
1.15922,0.0555735,0.226049,-0.00628319,-0.159394,0.305979,0.000102498,0.00208845,6
1.16132,0.0560169,0.218206,-0.00628319,-0.167511,0.247728,0.000414677,0.00208704,9
1.16342,0.0566081,0.216525,-0.00628319,-0.186487,0.169952,0.000105894,0.00208523,6
1.16552,0.0569776,0.224368,-0.00628319,-0.177044,0.236395,0.000112075,0.0020863,6
1.16762,0.0574211,0.219886,-0.00628319,-0.164282,0.271593,0.000102067,0.00208811,6
1.16972,0.0579384,0.218206,-0.00628319,-0.149882,0.323548,0.00012049,0.00208702,6
1.17182,0.0583818,0.211483,-0.00628319,-0.136087,0.354686,0.000451805,0.00208852,9
1.17392,0.0588991,0.213164,-0.00628319,-0.125701,0.403129,0.000109239,0.00208425,6
1.17602,0.0592686,0.209802,-0.00628319,-0.122087,0.406457,0.00010365,0.00208793,6
1.17812,0.0596381,0.201959,-0.00628319,-0.129171,0.351953,0.000107816,0.00208652,6
1.18022,0.0600815,0.208122,-0.00628319,-0.107954,0.458473,0.000103128,0.00208834,6
1.18232,0.0605249,0.206441,-0.00628319,-0.0835349,0.549177,0.000401172,0.0020871,9
1.18442,0.0610422,0.20476,-0.00628319,-0.057316,0.647168,0.000144053,0.00208525,6
1.18652,0.0614117,0.209802,-0.00628319,-0.0309792,0.769314,0.000103809,0.00208598,6
1.18862,0.0618551,0.206441,-0.00628319,-0.00648686,0.854243,0.000106845,0.00208691,6
1.19072,0.0622985,0.20364,-0.00628319,0.0139183,0.925272,0.000103149,0.00208828,6
1.19282,0.0627419,0.208122,-0.00628319,0.0277132,0.99682,0.000447537,0.00208693,9
1.19492,0.0631853,0.206441,-0.00628319,0.0320943,1.00947,0.000105051,0.00208508,6
1.19702,0.0636287,0.214844,-0.00628319,0.023978,1.00982,0.000108698,0.00208614,6
1.19912,0.0640721,0.216525,-0.00628319,-0,0.924132,0.000106755,0.0020882,6
1.20122,0.0645155,0.222687,-0.00628319,-0,0.948008,0.000110331,0.00208667,6
1.20332,0.064959,0.224368,-0.00628319,-0,0.95572,0.000390472,0.00208836,9
1.20542,0.0655502,0.234452,-0.00628319,-0,0.99429,0.000114308,0.00208384,6
1.20752,0.0659197,0.222687,-0.00628319,-0,0.953235,0.000111564,0.00208744,6
1.20962,0.066437,0.238934,-0.00628319,-0,1.01375,0.000111504,0.00208672,6
1.21172,0.0668804,0.234452,-0.00628319,-0,0.999241,0.000105833,0.00208813,6
1.21382,0.0673977,0.238934,-0.00628319,-0,1.01733,0.000452756,0.00208704,9
1.21592,0.0679889,0.240614,-0.00628319,-0,1.02559,0.000109189,0.00208547,6
1.21802,0.0684323,0.243976,-0.00942478,0.023978,1.08512,0.000109209,0.00208591,6
1.22012,0.0689496,0.250698,-0.00942478,0.0320943,1.1429,0.000102918,0.00208801,6
1.22222,0.0694669,0.25406,-0.00942478,0.0277132,1.13989,0.000106625,0.00208693,6
1.22432,0.0699842,0.260222,-0.00942478,0.0139183,1.1103,0.000404989,0.00208827,9
1.22642,0.0706493,0.258541,-0.00942478,-0.00648686,1.02724,0.000104732,0.00208394,6
1.22852,0.0710927,0.261903,-0.00942478,-0.0309792,0.945609,0.000108278,0.00208614,6
1.23062,0.07161,0.261903,-0.00942478,-0.057316,0.844949,0.000103158,0.00208812,6
1.23272,0.0722012,0.265264,-0.00942478,-0.0835349,0.757146,0.000105613,0.00208683,6
1.23482,0.0727186,0.263583,-0.00942478,-0.107954,0.657895,0.000445653,0.00208833,9
1.23692,0.0733837,0.270306,-0.00942478,-0.129171,0.601972,0.000107497,0.0020839,6
1.23902,0.073901,0.268625,-0.00942478,-0.146065,0.532032,0.000119348,0.00208777,6
1.24112,0.0745661,0.399157,-0.00942478,-0.157795,0.959593,0.000108318,0.00208664,6
1.24322,0.0750095,0.268625,-0.00942478,-0.1638,0.467077,0.000103449,0.00208826,6
1.24532,0.0755268,0.265264,-0.0125664,-0.139822,0.502629,0.000419546,0.00208134,9
1.24742,0.0761919,0.263583,-0.0125664,-0.125701,0.554049,0.000105472,0.00208547,6
1.24952,0.0766353,0.263583,-0.0125664,-0.118352,0.584324,0.000108147,0.0020863,6
1.25162,0.0772265,0.261903,-0.0125664,-0.115253,0.592536,0.000102707,0.00208812,6
1.25372,0.0777438,0.263583,-0.0125664,-0.114441,0.603686,0.000107116,0.00208697,6
1.25582,0.078335,0.261903,-0.0125664,-0.114514,0.599539,0.000442798,0.0020882,9
1.25792,0.0790001,0.260222,-0.0125664,-0.114632,0.595494,0.000108348,0.00208364,6
1.26002,0.0794435,0.266945,-0.0125664,-0.114514,0.62185,0.000103559,0.00208773,6
1.26213,0.0799609,0.266945,-0.0125664,-0.114441,0.624061,0.000107617,0.00208654,6
1.26423,0.0805521,0.266945,-0.0125664,-0.115253,0.623099,0.000102857,0.00208801,6
1.26633,0.0811433,0.270306,-0.0125664,-0.118352,0.625351,0.000434944,0.0020869,9
1.26843,0.0817345,0.268625,-0.0125664,-0.125701,0.592866,0.000118075,0.00208515,6
1.27053,0.0822518,0.268625,-0.0125664,-0.139822,0.539786,0.000103469,0.0020864,6
1.27263,0.082843,0.271987,-0.015708,-0.139822,0.506461,0.000122313,0.0020866,6
1.27473,0.0834342,0.273667,-0.015708,-0.125701,0.569729,0.00010412,0.00208822,6
1.27683,0.0839515,0.278149,-0.015708,-0.118352,0.616443,0.000447226,0.00208714,9
1.27893,0.0846166,0.278149,-0.015708,-0.115253,0.630991,0.000105653,0.00208512,6
1.28103,0.0851339,0.27983,-0.015708,-0.114441,0.642141,0.000108418,0.00208624,6
1.28313,0.0857251,0.278149,-0.015708,-0.114514,0.637994,0.000102988,0.00208805,6
1.28523,0.0863163,0.276468,-0.015708,-0.114632,0.633674,0.000107697,0.00208671,6
1.28733,0.0869075,0.27983,-0.015708,-0.114514,0.648457,0.000440374,0.00208823,9
1.28943,0.0875726,0.273667,-0.015708,-0.114441,0.628994,0.000109691,0.00208377,6
1.29153,0.08809,0.27983,-0.015708,-0.115253,0.649983,0.00010401,0.00208778,6
1.29363,0.0886812,0.28151,-0.015708,-0.118352,0.646173,0.000106254,0.00208664,6
1.29573,0.0891985,0.28151,-0.015708,-0.125701,0.619474,0.000102728,0.00208809,6
1.29783,0.0897897,0.276468,-0.015708,-0.139822,0.548485,0.00043838,0.00208673,9
1.29993,0.0905287,0.27983,-0.015708,-0.1638,0.469961,0.000105523,0.00208526,6
1.30203,0.091046,0.278149,-0.015708,-0.157795,0.489216,0.000106685,0.0020863,6
1.30413,0.0915633,0.276468,-0.015708,-0.146065,0.53077,0.000103229,0.00208816,6
1.30623,0.0922284,0.292715,-0.015708,-0.129171,0.657645,0.000105653,0.00208713,6
1.30833,0.0928196,0.284872,-0.015708,-0.107954,0.714203,0.000410048,0.00208838,9
1.31043,0.0934847,0.278149,-0.0188496,-0.0595569,0.833298,0.000105844,0.00208406,6
1.31253,0.094002,0.284872,-0.0188496,-0.0252217,0.993211,0.000107837,0.00208638,6
1.31463,0.0945193,0.27983,-0.0188496,-0.00326598,1.06247,0.000103629,0.00208803,6
1.31673,0.0951106,0.286552,-0.0188496,0.00743148,1.13059,0.000108488,0.00208658,6
1.31883,0.0957757,0.289914,-0.0219912,0.0314095,1.19094,0.000437489,0.00208831,9
1.32093,0.0964408,0.292715,-0.0219912,0.0288283,1.19346,0.000109811,0.00208395,6
1.32303,0.0969581,0.296076,-0.0219912,0.00249144,1.10492,0.00010375,0.00208781,6
1.32513,0.0976232,0.302799,-0.0219912,-0.0456387,0.944171,0.000108158,0.00208667,6
1.32723,0.0982144,0.299437,-0.0219912,-0.114441,0.666254,0.000103179,0.00208827,6
1.32933,0.0988795,0.310642,-0.0219912,-0.16015,0.531094,0.00045991,0.00208678,9
1.33143,0.0996185,0.315684,-0.0251327,-0.179403,0.429388,0.000105282,0.00208526,6
1.33353,0.10021,0.315684,-0.0251327,-0.209236,0.315387,0.000108628,0.00208623,6
1.33563,0.100875,0.343695,-0.0251327,-0.244041,0.283316,0.000103018,0.00208793,6
1.33773,0.10154,0.284872,-0.0251327,-0.279053,-0.0627373,0.000107807,0.00208693,6
1.33983,0.102205,0.310642,-0.0251327,-0.310347,-0.089214,0.000507817,0.00208838,9
1.34193,0.102944,0.304479,-0.0251327,-0.334839,-0.20409,0.000148451,0.00208404,3
1.34403,0.103461,0.302799,-0.0251327,-0.350287,-0.268398,0.000104651,0.00208713,6
1.34613,0.104126,0.302799,-0.0251327,-0.355289,-0.285405,0.000119408,0.0020841,6
1.34823,0.104718,0.294396,-0.0251327,-0.349284,-0.29012,0.000105793,0.00208779,6
1.35033,0.105383,0.294396,-0.0251327,-0.332552,-0.222472,0.00052566,0.00208694,9
1.35243,0.106122,0.284872,-0.0251327,-0.306215,-0.151483,0.000154692,0.00207947,3
1.35453,0.106565,0.286552,-0.0251327,-0.272236,-0.0114157,0.00010417,0.0020858,6
1.35663,0.107156,0.276468,-0.0282743,-0.209439,0.151372,0.000107095,0.00208667,6
1.35873,0.107748,0.273667,-0.0282743,-0.161309,0.330944,0.000102557,0.0020883,6
1.36083,0.108265,0.270306,-0.0282743,-0.128967,0.446724,0.00055345,0.00208666,9
1.36293,0.109004,0.261903,-0.0282743,-0.114656,0.474911,0.000193684,0.0020852,3
1.36503,0.109447,0.265264,-0.0282743,-0.12174,0.461092,0.00010918,0.00208389,6
1.36713,0.109965,0.265264,-0.0282743,-0.11122,0.503993,0.000103239,0.0020877,6
1.36923,0.110556,0.270306,-0.0282743,-0.108757,0.533973,0.000106896,0.0020866,6
1.37133,0.111073,0.268625,-0.0282743,-0.116873,0.498223,0.000577233,0.00208811,9
1.37343,0.111738,0.268625,-0.0282743,-0.138933,0.414772,0.000229209,0.00208392,3
1.37553,0.112256,0.265264,-0.0282743,-0.135658,0.417332,0.000120741,0.00208489,6
1.37763,0.112773,0.268625,-0.0282743,-0.132147,0.445057,0.000108708,0.00208607,6
1.37973,0.11329,0.270306,-0.0282743,-0.130082,0.461087,0.000103599,0.00208815,6
1.38183,0.113881,0.263583,-0.0282743,-0.131706,0.432716,0.000605726,0.00208693,9
1.38393,0.114547,0.270306,-0.0282743,-0.139822,0.427823,0.000328239,0.00208511,3
1.38603,0.115064,0.266945,-0.0282743,-0.157795,0.347619,0.00010994,0.00208395,6
1.38813,0.115581,0.268625,-0.0282743,-0.146065,0.401296,0.000103979,0.00208775,6
1.39023,0.116098,0.266945,-0.0282743,-0.129171,0.462965,0.000109159,0.00208643,6
1.39233,0.11669,0.263583,-0.0282743,-0.107954,0.535687,0.000649466,0.00208788,9
1.39443,0.117355,0.261903,-0.0282743,-0.0835349,0.627217,0.000313042,0.00208398,3
1.39653,0.117872,0.266945,-0.0282743,-0.0573161,0.749453,0.000109069,0.0020841,6
1.39863,0.118315,0.261903,-0.0282743,-0.0309792,0.835505,0.000103119,0.00208771,6
1.40073,0.118907,0.265264,-0.0282743,-0.00648689,0.94523,0.000106314,0.00208691,6
1.40283,0.119424,0.273667,-0.0282743,0.0139184,1.05695,0.000108488,0.00208809,6
1.40493,0.120015,0.266945,-0.0314159,0.0516912,1.13438,0.000358815,0.00208674,9
1.40703,0.120606,0.268625,-0.0314159,0.0641887,1.19132,0.000106895,0.00208507,6
1.40913,0.121124,0.273667,-0.0314159,0.0516911,1.16276,0.000121763,0.00208642,6
1.41123,0.121715,0.276468,-0.0314159,0.0139183,1.02793,0.000108117,0.00208789,6
1.41333,0.122306,0.28151,-0.0314159,-0.00648686,0.968831,0.000108118,0.00208696,6
1.41543,0.122897,0.291594,-0.0314159,-0.0309792,0.912,0.000351682,0.0020883,9
1.41753,0.123562,0.288233,-0.0345575,-0.033338,0.845516,0.000110301,0.00208393,6
1.41963,0.124154,0.291594,-0.0345575,-0.0514405,0.789328,0.000103358,0.00208776,6
1.42173,0.124745,0.291594,-0.0345575,-0.0802406,0.679348,0.000117234,0.00208648,6
1.42383,0.125336,0.292715,-0.0345575,-0.115253,0.549212,0.000103429,0.00208812,6
1.42593,0.126001,0.291594,-0.0345575,-0.152552,0.402361,0.000369605,0.00208702,9
1.42803,0.126666,0.301118,-0.0345575,-0.188774,0.298094,0.000112886,0.00208515,6
1.43013,0.127257,0.301118,-0.0345575,-0.221116,0.174318,0.000116463,0.00208621,6
1.43223,0.127849,0.15266,-0.0345575,-0.247335,-0.461039,0.00010404,0.00208821,6
1.43433,0.12844,0.289914,-0.0376991,-0.241771,0.0102077,0.000106815,0.00208706,6
1.43643,0.129031,0.286552,-0.0376991,-0.243142,-0.00505397,0.000420067,0.0020883,9
1.43853,0.12977,0.284872,-0.0376991,-0.247523,-0.02543,0.000105452,0.00208407,6
1.44063,0.130287,0.27983,-0.0376991,-0.251831,-0.0584674,0.000111083,0.00208606,6
1.44273,0.130879,0.274788,-0.0376991,-0.253822,-0.0822084,0.000102688,0.00208819,6
1.44483,0.131396,0.270306,-0.0376991,-0.252096,-0.0897217,0.000125239,0.00208697,6
1.44693,0.131987,0.270306,-0.0376991,-0.24609,-0.0641301,0.000443289,0.00208825,9
1.44903,0.132652,0.260222,-0.0376991,-0.236087,-0.0590583,0.000109701,0.00208412,6
1.45113,0.133096,0.261903,-0.0376991,-0.223207,-0.0011752,0.000104842,0.00208797,6
1.45323,0.133613,0.25574,-0.0376991,-0.209412,0.0322581,0.000113818,0.00208682,6
1.45533,0.13413,0.250698,-0.0376991,-0.197506,0.0623747,0.000102908,0.00208789,6
1.45743,0.134721,0.250698,-0.0376991,-0.191133,0.0893981,0.000484285,0.00208134,9
1.45953,0.135313,0.242295,-0.0408407,-0.170801,0.0928387,0.000149132,0.00208533,3
1.46163,0.135756,0.245656,-0.0408407,-0.138193,0.233628,0.000114229,0.00208591,6
1.46373,0.136273,0.247337,-0.0408407,-0.116163,0.327422,0.000103459,0.00208817,6
1.46583,0.136791,0.245656,-0.0408407,-0.104434,0.368976,0.000104891,0.00208718,6
1.46793,0.137308,0.245656,-0.0408407,-0.103563,0.374291,0.000559863,0.00208831,9
1.47003,0.137899,0.243976,-0.0408407,-0.114955,0.326058,0.000229209,0.00208385,3
1.47213,0.138343,0.243976,-0.0408407,-0.140851,0.226841,0.000105743,0.00208535,6
1.47423,0.138786,0.239494,-0.0408407,-0.140851,0.212328,0.000106475,0.00208671,6
1.47633,0.139303,0.242295,-0.0408407,-0.138933,0.231826,0.000103309,0.00208829,6
1.47843,0.139821,0.238934,-0.0408407,-0.135658,0.234387,0.000582123,0.00208704,9
1.48053,0.140412,0.236133,-0.0408407,-0.132147,0.240161,0.000228317,0.00208386,3
1.48263,0.140855,0.237813,-0.0408407,-0.130082,0.255916,0.000107256,0.00208539,6
1.48473,0.141299,0.234452,-0.0408407,-0.131706,0.239118,0.000106845,0.00208668,6
1.48683,0.141816,0.22941,-0.0408407,-0.139822,0.191245,0.00010373,0.00208797,6
1.48893,0.142259,0.232771,-0.0408407,-0.157795,0.135011,0.000595608,0.00208688,9
1.49103,0.142851,0.231091,-0.0408407,-0.146065,0.17684,0.000259073,0.00208476,3
1.49313,0.143294,0.224368,-0.0408407,-0.129171,0.22005,0.000107036,0.00208411,6
1.49523,0.143737,0.226049,-0.0408407,-0.107954,0.310406,0.000103188,0.00208779,6
1.49733,0.144181,0.221567,-0.0408407,-0.0835348,0.391008,0.000107967,0.00208693,6
1.49943,0.144624,0.218206,-0.0408407,-0.0573159,0.482662,0.000643815,0.0020882,9
1.50153,0.145215,0.221567,-0.0408407,-0.0309795,0.599571,0.000286092,0.00208413,3
1.50363,0.145585,0.219886,-0.0408407,-0.00648722,0.690286,0.000112205,0.00208524,6
1.50573,0.146028,0.219886,-0.0408407,0.0139181,0.771418,0.000113958,0.00208643,6
1.50783,0.146472,0.218206,-0.0408407,0.027713,0.82074,0.000110441,0.00208813,6
1.50993,0.146915,0.216525,-0.0408407,0.0320942,0.833395,0.00010445,0.00208703,6
1.51203,0.147359,0.221567,-0.0408407,0.0239779,0.821616,0.00033963,0.00208844,9
1.51413,0.147876,0.222687,-0.0408407,-0,0.734185,0.000116964,0.00208399,6
1.51623,0.148319,0.226049,-0.0408407,-0,0.747958,0.000113498,0.00208767,6
1.51833,0.148763,0.222687,-0.0408407,-0,0.737486,0.000108328,0.00208689,6
1.52043,0.14928,0.226049,-0.0408407,-0,0.751535,0.000119468,0.0020882,6
1.52253,0.149723,0.22941,-0.0408407,-0,0.765308,0.000369374,0.00208668,9
1.52463,0.150315,0.234452,-0.0408407,-0,0.785693,0.000119258,0.00208385,6
1.52673,0.150758,0.234452,-0.0408407,-0,0.787344,0.000105863,0.00208777,6
1.52883,0.151201,0.232771,-0.0408407,-0,0.782933,0.000110542,0.00208682,6
1.53093,0.151719,0.240614,-0.0408407,-0,0.813146,0.000105313,0.00208839,6
1.53303,0.152236,0.236133,-0.0408407,-0,0.798907,0.000402965,0.0020872,9
1.53513,0.152827,0.247337,-0.0408407,-0,0.841518,0.000107907,0.00208519,6
1.53723,0.153271,0.245656,-0.0408407,-0,0.837107,0.000107897,0.00208624,6
1.53933,0.153788,0.243976,-0.0408407,-0,0.832971,0.000104731,0.00208813,6
1.54143,0.154305,0.238934,-0.0408407,-0,0.816712,0.000108438,0.00208707,6
1.54353,0.154823,0.249018,-0.0408407,-0,0.855007,0.00042724,0.00208824,9
1.54564,0.155414,0.252379,-0.0408407,-0,0.869331,0.000109179,0.00208397,6
1.54774,0.155857,0.25574,-0.0408407,-0,0.883104,0.000112576,0.00208768,6
1.54984,0.156374,0.25406,-0.0408407,-0,0.878968,0.00010978,0.00208676,6
1.55194,0.156892,0.261903,-0.0408407,-0,0.909181,0.000105282,0.00208818,6
1.55404,0.157483,0.260222,-0.0408407,-0,0.90532,0.000477572,0.00208688,9
1.55614,0.158074,0.260222,-0.0408407,-0,0.907521,0.000108068,0.00208491,6
1.55824,0.158591,0.263583,-0.0408407,-0,0.92157,0.000110993,0.00208591,6
1.56034,0.159109,0.266945,-0.0439823,0.0239777,0.981367,0.000103319,0.00208803,6
1.56244,0.1597,0.270306,-0.0439823,0.0320941,1.02731,0.00010396,0.00208702,6
1.56454,0.160217,0.271987,-0.0439823,0.0277129,1.01823,0.000505894,0.00208708,9
1.56664,0.160956,0.278149,-0.0439823,0.013918,0.98947,0.000145476,0.00208519,3
1.56874,0.1614,0.283191,-0.0439823,-0.00648716,0.929824,0.000108057,0.00208052,6
1.57084,0.161991,0.27983,-0.0471239,-0.00700158,0.87025,0.000103358,0.00208782,6
1.57294,0.162582,0.286552,-0.0471239,-0.025222,0.825725,0.000107235,0.00208669,6
1.57504,0.163173,0.288233,-0.0471239,-0.0558222,0.714795,0.000558509,0.0020882,9
1.57714,0.163986,0.299437,-0.0471239,-0.0940359,0.609383,0.000194876,0.00208409,3
1.57924,0.164504,0.299437,-0.0471239,-0.135658,0.449183,0.000104981,0.00208537,6
1.58134,0.165021,0.296076,-0.0471239,-0.177045,0.277779,0.000125058,0.00208628,6
1.58344,0.165686,0.299437,-0.0471239,-0.215111,0.144102,0.00010439,0.00208807,6
1.58554,0.166277,0.299437,-0.0502655,-0.223358,0.0665344,0.000587402,0.002087,9
1.58764,0.16709,0.294396,-0.0502655,-0.23966,-0.0121249,0.000233947,0.00208516,3
1.58974,0.167607,0.297757,-0.0502655,-0.259253,-0.0743944,0.000110311,0.00208416,6
1.59184,0.168125,0.291594,-0.0502655,-0.278212,-0.168541,0.00010406,0.00208808,6
1.59394,0.16879,0.289914,-0.0502655,-0.293453,-0.231493,0.000107446,0.0020866,6
1.59604,0.169381,0.292715,-0.0502655,-0.302733,-0.255338,0.000603672,0.00208809,9
1.59814,0.17012,0.28151,-0.0502655,-0.304651,-0.300468,0.000232494,0.00208384,3
1.60024,0.170563,0.274788,-0.0502655,-0.298646,-0.299672,0.000105393,0.0020853,6
1.60234,0.171081,0.266945,-0.0534071,-0.26102,-0.227122,0.000107095,0.00208639,6
1.60444,0.171672,0.27983,-0.0534071,-0.232735,-0.0682736,0.000124347,0.00208798,6
1.60654,0.172263,0.261903,-0.0534071,-0.212387,-0.0514735,0.000606477,0.00208634,9
1.60864,0.172928,0.260222,-0.0534071,-0.199699,-0.00563389,0.000256439,0.00208403,3
1.61074,0.173372,0.258541,-0.0534071,-0.195509,0.00627444,0.000105492,0.00208539,6
1.61284,0.173889,0.260222,-0.0534071,-0.201781,-0.0101682,0.000107236,0.0020864,6
1.61494,0.174406,0.250698,-0.0534071,-0.221598,-0.119781,0.000119688,0.00208803,6
1.61704,0.174924,0.252379,-0.0534071,-0.215681,-0.0887488,0.000598632,0.00208652,9
1.61914,0.175589,0.240614,-0.0534071,-0.209412,-0.104281,0.000238936,0.00208518,3
1.62124,0.176032,0.242295,-0.0534071,-0.205031,-0.0795046,0.00010959,0.00208416,6
1.62334,0.176476,0.240614,-0.0534071,-0.205622,-0.0862194,0.00010411,0.00208751,6
1.62544,0.176993,0.236133,-0.0565487,-0.191133,-0.0916694,0.000107787,0.00208647,6
1.62754,0.177436,0.22941,-0.0565487,-0.162685,-0.00345457,0.000616535,0.00208803,9
1.62964,0.178101,0.226049,-0.0565487,-0.142573,0.0652353,0.000276896,0.00208392,3
1.63174,0.178471,0.22941,-0.0565487,-0.129958,0.127872,0.000105353,0.00208542,6
1.63384,0.178914,0.214844,-0.0565487,-0.124839,0.0969316,0.000109089,0.00208596,6
1.63594,0.179358,0.221567,-0.0565487,-0.128056,0.110297,0.000103008,0.00208795,6
1.63804,0.179801,0.219886,-0.0565487,-0.141292,0.054329,0.00010974,0.00208664,6
1.64014,0.180318,0.214844,-0.0565487,-0.16707,-0.0623383,0.000319623,0.00208817,9
1.64224,0.18091,0.250698,-0.0565487,-0.16527,0.0761849,0.000105492,0.00208384,6
1.64434,0.181205,0.20476,-0.0565487,-0.16015,-0.0684536,0.000109731,0.00208786,6
1.64644,0.181575,0.20364,-0.0565487,-0.152552,-0.0415231,0.000104471,0.00208674,6
1.64854,0.182018,0.198598,-0.0565487,-0.143877,-0.0242652,0.000121051,0.00208697,6
1.65064,0.182462,0.196917,-0.0565487,-0.136087,0.00166474,0.000328079,0.00208832,9
1.65274,0.182905,0.191875,-0.0565487,-0.131706,0.00219619,0.00010919,0.00208397,6
1.65484,0.183201,0.185713,-0.0565487,-0.133817,-0.0271514,0.000103719,0.00208796,6
1.65694,0.183644,0.180671,-0.0565487,-0.146065,-0.0913932,0.000106605,0.00208664,6
1.65904,0.184013,0.184032,-0.0565487,-0.129171,-0.0120896,0.000102507,0.00208804,6
1.66114,0.184383,0.17899,-0.0565487,-0.107954,0.0537461,0.000348596,0.00208682,9
1.66324,0.184752,0.170587,-0.0565487,-0.0835348,0.119929,0.000105042,0.00208516,6
1.66534,0.185122,0.166105,-0.0565487,-0.0573159,0.207267,0.000106634,0.00208635,6
1.66744,0.185418,0.164425,-0.0565487,-0.0309792,0.304892,0.000103279,0.00208809,6
1.66954,0.185787,0.162744,-0.0565487,-0.00648689,0.395607,0.000107486,0.00208676,6
1.67164,0.186157,0.157702,-0.0565487,0.0139183,0.45828,0.000369093,0.00208843,9
1.67374,0.186526,0.157702,-0.0565487,0.0277132,0.513388,0.000108659,0.00207804,6
1.67584,0.186822,0.157702,-0.0565487,0.0320944,0.531554,0.000103308,0.00208777,6
1.67794,0.187117,0.156021,-0.0565487,0.0239782,0.494979,0.000107496,0.00208646,6
1.68004,0.187487,0.166105,-0.0565487,-0,0.439325,0.000105372,0.00208823,6
1.68214,0.187782,0.157702,-0.0565487,-0,0.410118,0.00040531,0.00208676,9
1.68424,0.188152,0.162744,-0.0565487,-0,0.429678,0.000126381,0.00208497,6
1.68634,0.188447,0.156021,-0.0565487,-0,0.406532,0.000120691,0.00208606,6
1.68844,0.188817,0.162744,-0.0565487,-0,0.432154,0.000119187,0.00208325,6
1.69054,0.189186,0.164425,-0.0565487,-0,0.43959,0.000105883,0.00208679,6
1.69264,0.189482,0.162744,-0.0565487,-0,0.434629,0.000429724,0.00208682,9
1.69474,0.189852,0.164425,-0.0534071,-0.0239781,0.396316,0.000106254,0.00208509,6
1.69684,0.190147,0.164425,-0.0534071,-0.0320944,0.365802,0.000110222,0.00208637,6
1.69894,0.190517,0.159383,-0.0534071,-0.0277132,0.366059,0.000102607,0.00208814,6
1.70104,0.190886,0.166105,-0.0534071,-0.0139184,0.445413,0.000115371,0.00208684,6
1.70314,0.191182,0.157702,-0.0534071,0.00648677,0.495687,0.000450984,0.00208821,9
1.70524,0.191625,0.162744,-0.0534071,0.0309792,0.610924,0.000116323,0.0020842,6
1.70734,0.191847,0.162744,-0.0534071,0.057316,0.714335,0.000103398,0.00208787,6
1.70944,0.192216,0.159383,-0.0534071,0.0835349,0.805714,0.000115531,0.00208657,6
1.71154,0.192512,0.162744,-0.0534071,0.107954,0.914053,0.000102818,0.00208828,6
1.71364,0.192882,0.164425,-0.0534071,0.129171,1.00413,0.000432239,0.00208712,9
1.71574,0.193251,0.164425,-0.0534071,0.146065,1.07131,0.000105202,0.00208525,6
1.71784,0.193547,0.168906,-0.0534071,0.157795,1.13427,0.000124487,0.00208592,6
1.71994,0.193916,0.175629,-0.0534071,0.1638,1.18328,0.00010419,0.00208813,6
1.72204,0.194286,0.172268,-0.0534071,0.1638,1.17253,0.000109109,0.00208709,6
1.72414,0.194729,0.185713,-0.0534071,0.157795,1.19928,0.000437839,0.0020879,9
1.72624,0.195172,0.188514,-0.0534071,0.146065,1.16535,0.000111714,0.00208402,6
1.72834,0.195468,0.191875,-0.0534071,0.129171,1.11277,0.000112756,0.00208783,6
1.73044,0.195911,0.193556,-0.0534071,0.107954,1.03783,0.000105192,0.00208664,6
1.73254,0.196281,0.193556,-0.0534071,0.0835349,0.944094,0.000106465,0.00208708,6
1.73464,0.196724,0.200279,-0.0534071,0.057316,0.867864,0.000428292,0.00208832,9
1.73674,0.197242,0.208122,-0.0534071,0.030979,0.795491,0.000116353,0.00208418,6
1.73884,0.197611,0.211483,-0.0534071,0.00648689,0.713588,0.000103419,0.0020877,6
1.74094,0.198055,0.209802,-0.0534071,-0.0139184,0.629696,0.000106425,0.00208683,6
1.74304,0.198498,0.213164,-0.0534071,-0.0277133,0.589736,0.000103028,0.00208804,6
1.74514,0.198941,0.214844,-0.0534071,-0.0320943,0.580383,0.000403376,0.00208673,9
1.74724,0.199459,0.219886,-0.0534071,-0.023978,0.632108,0.000105453,0.00208528,6
1.74934,0.199828,0.218206,-0.0534071,-0,0.72082,0.00010949,0.00208635,6
1.75144,0.200272,0.218206,-0.0565487,0.023978,0.76822,0.000121171,0.00208782,6
1.75354,0.200789,0.219886,-0.0565487,0.0320944,0.807822,0.000116713,0.00208668,6
1.75564,0.201232,0.218206,-0.0565487,0.0277132,0.786346,0.000436718,0.00208841,9
1.75774,0.20175,0.224368,-0.0565487,0.0139183,0.756763,0.000109229,0.00208417,6
1.75984,0.202119,0.227729,-0.0596903,0.0174912,0.736531,0.00010421,0.00208766,6
1.76194,0.202636,0.227729,-0.0596903,0.00111517,0.674669,0.000116212,0.00208651,6
1.76404,0.20308,0.227729,-0.0596903,-0.0296029,0.556668,0.000103049,0.00208816,6
1.76614,0.203597,0.231091,-0.0596903,-0.0696166,0.414857,0.000479375,0.00208693,9
1.76824,0.204188,0.231091,-0.0596903,-0.114441,0.242462,0.000105162,0.00208457,6
1.77034,0.204558,0.236133,-0.0596903,-0.16015,0.0839757,0.000107877,0.00208623,6
1.77244,0.205075,0.22941,-0.0596903,-0.203381,-0.106736,0.000112375,0.00208259,6
1.77454,0.205519,0.232771,-0.0628318,-0.217352,-0.195029,0.000102938,0.00208672,6
1.77664,0.206036,0.226049,-0.0628318,-0.23966,-0.304242,0.000597411,0.00208685,9
1.77874,0.206627,0.231091,-0.0628318,-0.265258,-0.383566,0.000163038,0.00208534,3
1.78084,0.206997,0.221567,-0.0628318,-0.289942,-0.512686,0.000106886,0.00208615,6
1.78294,0.20744,0.134733,-0.0628318,-0.310347,-0.903693,0.00010424,0.00208267,6
1.78504,0.20781,0.201959,-0.0628318,-0.32395,-0.712845,0.000106825,0.00208658,6
1.78714,0.208253,0.200279,-0.0628318,-0.32907,-0.737197,0.000534786,0.00208841,9
1.78924,0.20877,0.190195,-0.0628318,-0.324865,-0.755261,0.000193603,0.00208411,3
1.79134,0.209066,0.180671,-0.0628318,-0.311335,-0.735808,0.000105894,0.00208548,6
1.79344,0.209435,0.17899,-0.0628318,-0.289321,-0.654747,0.000108357,0.0020864,6
1.79554,0.209805,0.162744,-0.0628318,-0.260506,-0.599725,0.000103228,0.00208794,6
1.79764,0.2101,0.164425,-0.0628318,-0.227411,-0.463656,0.000595908,0.00208689,9
1.79974,0.21047,0.150979,-0.0628318,-0.193403,-0.378303,0.000216405,0.00208526,3
1.80184,0.210766,0.141455,-0.0628318,-0.162685,-0.291901,0.00010987,0.00208417,6
1.80394,0.211061,0.136414,-0.0628318,-0.140304,-0.221807,0.000103008,0.00208782,6
1.80604,0.211283,0.134733,-0.0628318,-0.132147,-0.19527,0.000106214,0.00208712,6
1.80814,0.211578,0.12857,-0.0628318,-0.101458,-0.0968562,0.000555654,0.00208837,9
1.81024,0.211874,0.121848,-0.0628318,-0.0758595,-0.0202935,0.000231633,0.00208415,3
1.81234,0.212096,0.120167,-0.0628318,-0.0595569,0.0379714,0.000123686,0.00208532,6
1.81444,0.212317,0.115125,-0.0628318,-0.057316,0.0293408,0.00010407,0.00208641,6
1.81654,0.212613,0.114005,-0.0628318,-0.0309791,0.128986,0.000105002,0.00208686,6
1.81864,0.212835,0.107282,-0.0628318,-0.00648683,0.200967,0.000595948,0.00208823,9
1.82074,0.213057,0.112324,-0.0628318,0.0139182,0.299457,0.000258733,0.00208401,3
1.82284,0.213278,0.105601,-0.0628318,0.0277131,0.32977,0.000106064,0.00208545,6
1.82494,0.2135,0.103921,-0.0628318,0.0320943,0.341599,0.000107446,0.00208639,6
1.82704,0.213722,0.103921,-0.0628318,0.0239778,0.310809,0.000103399,0.00208814,6
1.82914,0.213943,0.107282,-0.0628318,-0,0.23036,0.000585158,0.00208682,9
1.83124,0.214165,0.0988788,-0.0628318,-0,0.200878,0.000258802,0.00208509,3
1.83334,0.214387,0.100559,-0.0628318,-0,0.207765,0.000111804,0.00208423,6
1.83545,0.214535,0.094397,-0.0628318,-0,0.18609,0.000106705,0.00208782,6
1.83755,0.214756,0.0971981,-0.0628318,-0,0.197018,0.000110752,0.00208664,6
1.83965,0.214978,0.0960777,-0.0628318,-0,0.193802,0.0005971,0.00208747,9
1.84175,0.2152,0.0927164,-0.0628318,-0,0.182504,0.000265384,0.00208391,3
1.84385,0.215347,0.0876744,-0.0628318,-0,0.16487,0.000108117,0.00208532,6
1.84595,0.215569,0.0910357,-0.0628318,-0,0.177818,0.000111254,0.00208612,6
1.84805,0.215717,0.0876744,-0.0628318,-0,0.166245,0.000132762,0.00208549,6
1.85015,0.215939,0.0843131,-0.0596903,-0.0239779,0.109198,0.000658592,0.00208657,9
1.85225,0.216086,0.0809518,-0.0596903,-0.0320942,0.0660112,0.00031789,0.00208528,3
1.85435,0.216234,0.07647,-0.0596903,-0.027713,0.0674627,0.000132131,0.00208402,6
1.85645,0.216382,0.07647,-0.0596903,-0.0139181,0.121746,0.000124698,0.00208225,6
1.85855,0.216604,0.07647,-0.0596903,0.00648698,0.202052,0.000104391,0.00208766,6
1.86065,0.216752,0.071428,-0.0596903,0.0309792,0.279819,0.00012616,0.00208676,6
1.86275,0.216825,0.0680667,-0.0596903,0.057316,0.370557,0.000339099,0.00208819,9
1.86485,0.217047,0.066386,-0.0596903,0.0835349,0.467448,0.000107847,0.00208406,6
1.86695,0.217121,0.0680667,-0.0596903,0.107954,0.568899,0.00010406,0.00208806,6
1.86905,0.217269,0.0630247,-0.0596903,0.129171,0.633909,0.000105914,0.00208703,6
1.87115,0.217417,0.0630247,-0.0596903,0.146065,0.700264,0.000105082,0.00208833,6
1.87325,0.217564,0.0747893,-0.0596903,0.157795,0.788935,0.000360648,0.00208717,9
1.87535,0.217712,0.0680667,-0.0596903,0.1638,0.78863,0.000105573,0.00208533,6
1.87745,0.21786,0.07647,-0.0596903,0.1638,0.819487,0.000108818,0.00208605,6
1.87955,0.218008,0.0731087,-0.0596903,0.157795,0.784524,0.000103479,0.00208817,6
1.88165,0.21823,0.0798313,-0.0596903,0.146065,0.763905,0.000108418,0.00208711,6
1.88375,0.218377,0.0809518,-0.0596903,0.129171,0.702691,0.000389541,0.00208841,9
1.88585,0.218599,0.0859937,-0.0596903,0.107954,0.639057,0.000107686,0.00208411,6
1.88795,0.218747,0.0893551,-0.0596903,0.0835349,0.556615,0.000132602,0.00208791,6
1.89005,0.218969,0.0910357,-0.0596903,0.057316,0.461375,0.000108508,0.00208152,6
1.89215,0.219116,0.0910357,-0.0565487,0.00700116,0.31359,0.000103428,0.00208795,6
1.89425,0.219338,0.0960777,-0.0565487,-0.0256074,0.205584,0.000406912,0.00208731,9
1.89635,0.21956,0.094397,-0.0565487,-0.0416313,0.137932,0.000148121,0.00208534,6
1.89845,0.219708,0.0960777,-0.0565487,-0.0416314,0.144543,0.000105162,0.00208601,6
1.90055,0.219929,0.0893551,-0.0565487,-0.0256075,0.183538,0.000105012,0.00208713,6
1.90265,0.220151,0.0876744,-0.0565487,0.00700122,0.305318,0.000103209,0.00208845,6
1.90475,0.220299,0.0859937,-0.0534071,0.033338,0.450041,0.000488171,0.00208706,9
1.90685,0.22052,0.0893551,-0.0534071,0.0514406,0.533501,0.000105212,0.00208534,6
1.90895,0.220668,0.0859937,-0.0534071,0.0802405,0.634109,0.000105273,0.00208671,6
1.91105,0.220816,0.0809518,-0.0534071,0.115253,0.752851,0.000102837,0.00208821,6
1.91315,0.221038,0.0859937,-0.0534071,0.152552,0.917149,0.000106715,0.00208695,6
1.91525,0.221186,0.0809518,-0.0534071,0.188774,1.0406,0.000446916,0.0020886,9
1.91735,0.221407,0.0859937,-0.0534071,0.221116,1.18559,0.000106755,0.00208405,6
1.91945,0.221555,0.0927164,-0.0534071,0.247335,1.31251,0.00010382,0.00208814,6
1.92155,0.221703,0.0927164,-0.0534071,0.265749,1.38479,0.000106705,0.002087,6
1.92365,0.221925,0.0971981,-0.0534071,0.275236,1.43873,0.000104962,0.00208814,6
1.92575,0.222146,0.103921,-0.0534071,0.275236,1.4638,0.000485907,0.0020873,9
1.92785,0.222442,0.107282,-0.0534071,0.265749,1.44007,0.000105653,0.00208529,6
1.92995,0.222664,0.115125,-0.0534071,0.247335,1.39746,0.000107527,0.00208625,6
1.93205,0.222885,0.121848,-0.0534071,0.221116,1.32041,0.000103208,0.00208818,6
1.93415,0.223181,0.133052,-0.0534071,0.188774,1.23594,0.000104961,0.00208719,6
1.93625,0.223403,0.136414,-0.0534071,0.152552,1.1078,0.000424285,0.00208855,9
1.93835,0.223772,0.146497,-0.0534071,0.115252,1.00025,0.000105512,0.00208391,6
1.94045,0.224068,0.146497,-0.0534071,0.0802404,0.864976,0.00012052,0.00208099,6
1.94255,0.224363,0.156021,-0.0534071,0.0514406,0.788245,0.000102858,0.00208804,6
1.94465,0.224659,0.156021,-0.0534071,0.033338,0.718833,0.0001039,0.0020873,6
1.94675,0.225028,0.157702,-0.0534071,0.030979,0.717082,0.000485256,0.00208833,9
1.94885,0.225398,0.156021,-0.0534071,0.00648689,0.616995,0.000106855,0.00208416,6
1.95095,0.225694,0.164425,-0.0534071,-0.0139184,0.568921,0.000103269,0.00208796,6
1.95305,0.225989,0.159383,-0.0534071,-0.0277133,0.498104,0.000103899,0.00208709,6
1.95515,0.226359,0.161063,-0.0565487,-0.0081163,0.534226,0.000102637,0.00208799,6
1.95725,0.226728,0.162744,-0.0565487,0.00811636,0.604892,0.000445092,0.00208733,9
1.95935,0.227098,0.164425,-0.0565487,0.0277132,0.688661,0.000105442,0.00208526,6
1.96145,0.227393,0.157702,-0.0565487,0.0139183,0.611782,0.000106234,0.00208647,6
1.96355,0.227689,0.166105,-0.0596903,0.0174912,0.609459,0.00010359,0.002088,6
1.96565,0.228058,0.162744,-0.0596903,0.00111517,0.534924,0.000107066,0.00208703,6
1.96775,0.228428,0.162744,-0.0596903,-0.0296029,0.416648,0.000482902,0.00208821,9
1.96985,0.228797,0.167786,-0.0596903,-0.0696166,0.280349,0.000107927,0.00208402,6
1.97195,0.229093,0.159383,-0.0596903,-0.114441,0.0765453,0.00010356,0.00208793,6
1.97405,0.229463,0.161063,-0.0596903,-0.16015,-0.0940638,0.000106785,0.00208696,6
1.97615,0.229758,0.162744,-0.0628318,-0.179403,-0.209543,0.000102567,0.00208827,6
1.97825,0.230128,0.161063,-0.0628318,-0.209236,-0.330431,0.000523676,0.00208741,9
1.98035,0.230497,0.15266,-0.0628318,-0.244041,-0.494936,0.00017567,0.00208545,3
1.98245,0.230793,0.15266,-0.0628318,-0.279053,-0.630212,0.000104952,0.00208581,6
1.98455,0.231088,0.150979,-0.0628318,-0.310347,-0.757068,0.00010444,0.00208694,6
1.98665,0.231384,0.143136,-0.0628318,-0.334839,-0.879656,0.000103158,0.00208811,6
1.98875,0.23168,0.143136,-0.0628318,-0.350287,-0.938727,0.000534596,0.00208724,9
1.99085,0.231975,0.123528,-0.0628318,-0.355289,-1.02783,0.00018623,0.00208523,3
1.99295,0.232197,0.121848,-0.0628318,-0.349284,-1.00967,0.000107046,0.00208594,6
1.99505,0.232419,0.112324,-0.0628318,-0.332552,-0.978022,0.0001039,0.00208803,6
1.99715,0.23264,0.103921,-0.0628318,-0.306215,-0.904919,0.000110793,0.00208086,6
1.99925,0.232862,0.0893551,-0.0628318,-0.272236,-0.82427,0.000540947,0.00208807,9
2.00135,0.233084,0.0826324,-0.0628318,-0.233416,-0.696484,0.00022992,0.00208396,3
2.00345,0.233231,0.07647,-0.0628318,-0.193403,-0.5623,0.000105914,0.00208544,6
2.00555,0.233379,0.0647054,-0.0628318,-0.15668,-0.461139,0.000106094,0.00208642,6
2.00765,0.233453,0.0630247,-0.0628318,-0.128574,-0.357448,0.000103449,0.00208821,6
2.00975,0.233601,0.053501,-0.0628318,-0.115252,-0.339358,0.000575881,0.00208717,9
2.01185,0.233823,0.0859937,-0.0628318,-0.0802404,-0.0849664,0.000256328,0.00208526,3
2.01395,0.23397,0.0731087,-0.0628318,-0.0514406,-0.0187081,0.00010964,0.00208436,6
2.01605,0.23397,0.00644253,-0.0628318,-0.033338,-0.188634,0.00010417,0.00208805,6
2.01815,0.23397,0.00476187,-0.0628318,-0.0309791,-0.185508,0.000108207,0.00208651,6
2.02025,0.234044,0.00476187,-0.0628318,-0.00648683,-0.0898316,0.00057545,0.00208811,9
2.02235,0.234044,0.0159663,-0.0628318,0.0139182,0.0300591,0.000245969,0.00208397,3
2.02445,0.234118,0.0193276,-0.0628318,0.0277131,0.0961904,0.000139004,0.00206256,6
2.02655,0.234118,0.0159663,-0.0628318,0.0320943,0.101133,0.000106424,0.00208794,6
2.02865,0.234118,0.0126049,-0.0628318,0.0239778,0.0573949,0.000106093,0.00208692,6
2.03075,0.234192,0.00476187,-0.0628318,-0,-0.0640141,0.000589897,0.00208841,9
2.03285,0.234192,0.00924363,-0.0628318,-0,-0.0478502,0.000251729,0.00208402,3
2.03495,0.234192,-0.00028011,-0.0628318,-0,-0.0821986,0.000107707,0.00208529,6
2.03705,0.234192,-0.00196077,-0.0628318,-0,-0.08826,0.000111323,0.00208597,6
2.03915,0.234192,-0.00532209,-0.0628318,-0,-0.100383,0.000105513,0.00208803,6
2.04125,0.234192,-0.00364143,-0.0628318,-0,-0.0943215,0.000604824,0.00208661,9
2.04335,0.234192,-0.00196077,-0.0628318,-0,-0.08826,0.00026829,0.00208516,3
2.04545,0.234192,-0.00364143,-0.0596903,-0.0239779,-0.140071,0.00010948,0.00208405,6
2.04755,0.234118,-0.0114845,-0.0596903,-0.0320942,-0.200248,0.00010408,0.00208804,6
2.04965,0.234118,-0.00532209,-0.0596903,-0.027713,-0.160957,0.000107497,0.00208676,6
2.05175,0.234118,-0.00364143,-0.0596903,-0.0139181,-0.101162,0.000644527,0.00208839,6
2.05385,0.234118,-0.00532209,-0.0596903,0.00648698,-0.0277424,0.000371228,0.00208419,3
2.05595,0.234118,-0.00532209,-0.0596903,0.0309792,0.0676587,0.000104851,0.00208535,6
2.05805,0.234118,-0.00532209,-0.0596903,0.057316,0.170245,0.000107356,0.00208638,6
2.06015,0.234118,-0.00196077,-0.0596903,0.0835349,0.284494,0.000105293,0.00208812,6
2.06225,0.234118,0.00308121,-0.0596903,0.107954,0.397794,0.000107025,0.00208688,6
2.06435,0.234118,-0.00028011,-0.0565487,0.105193,0.422565,0.000352574,0.0020883,9
2.06645,0.234118,0.00140055,-0.0565487,0.113971,0.462817,0.000105723,0.00208402,6
2.06855,0.234118,0.00308121,-0.0565487,0.130082,0.531634,0.000111704,0.00208665,6
2.07065,0.234118,-0.00196077,-0.0565487,0.149882,0.590573,0.000103639,0.00208813,6
2.07275,0.234118,0.00644253,-0.0565487,0.170287,0.700361,0.000107887,0.0020864,6
2.07485,0.234192,0.00140055,-0.0565487,0.188774,0.754463,0.000381046,0.00208812,9
2.07695,0.234192,0.00812319,-0.0565487,0.203381,0.835605,0.000108218,0.00208415,6
2.07905,0.234192,0.00308121,-0.0565487,0.212706,0.853742,0.000103238,0.00208799,6
2.08115,0.234192,0.00644253,-0.0565487,0.215908,0.878336,0.000106124,0.00208676,6
2.08325,0.234192,0.0142856,-0.0534071,0.188728,0.848403,0.000102978,0.00208829,6
2.08535,0.234266,0.0109243,-0.0534071,0.171287,0.768618,0.00040532,0.00208406,9
2.08745,0.234266,0.0193276,-0.0534071,0.161061,0.759095,0.000104981,0.00208531,6
2.08955,0.23434,0.0210082,-0.0534071,0.156369,0.747155,0.000106284,0.00208643,6
2.09165,0.23434,0.0243696,-0.0534071,0.156369,0.759277,0.000102518,0.00208804,6
2.09375,0.234414,0.0226889,-0.0534071,0.161061,0.77177,0.000132392,0.002087,6
2.09585,0.234488,0.0243696,-0.0534071,0.171287,0.817936,0.000397716,0.00208823,9
2.09795,0.234562,0.035574,-0.0534071,0.188728,0.926557,0.0001094,0.00208352,6
2.10005,0.234636,0.030532,-0.0534071,0.215908,1.01452,0.00010387,0.0020877,6
2.10215,0.234636,0.030532,-0.0534071,0.212706,1.00205,0.000107436,0.00208081,6
2.10425,0.234709,0.0389353,-0.0534071,0.203381,0.996307,0.00010382,0.00208803,6
2.10636,0.234857,0.0389353,-0.0534071,0.188774,0.93996,0.000384332,0.0020915,9
2.10846,0.234931,0.0422966,-0.0534071,0.170287,0.880348,0.000115481,0.00207747,6
2.11056,0.235005,0.0501397,-0.0534071,0.149882,0.829429,0.000103339,0.00208771,6
2.11266,0.235079,0.0501397,-0.0534071,0.130082,0.752579,0.000110061,0.00208657,6
2.11476,0.235227,0.0518203,-0.0534071,0.113971,0.696437,0.000102657,0.00208822,6
2.11686,0.235301,0.048459,-0.0534071,0.105193,0.650398,0.000373512,0.00208703,9
2.11896,0.235448,0.048459,-0.0534071,0.107954,0.661702,0.000105733,0.00208525,6
2.12106,0.235522,0.0551816,-0.0534071,0.0835349,0.591107,0.000106845,0.00208644,6
2.12316,0.23567,0.0501397,-0.0534071,0.057316,0.471347,0.000103348,0.00208816,6
2.12526,0.235744,0.0501397,-0.0534071,0.030979,0.369035,0.00010446,0.00208705,6
2.12736,0.235892,0.0518203,-0.0534071,0.00648689,0.280246,0.000382398,0.00208826,9
2.12946,0.23604,0.058543,-0.0534071,-0.0139184,0.225561,0.00010927,0.00208397,6
2.13156,0.236114,0.0568623,-0.0534071,-0.0277133,0.166041,0.00010388,0.00208785,6
2.13366,0.236261,0.0568623,-0.0534071,-0.0320943,0.149527,0.000108418,0.00208719,6
2.13576,0.236335,0.0551816,-0.0534071,-0.023978,0.175354,0.000103178,0.00208825,6
2.13786,0.236483,0.048459,-0.0534071,-0,0.245057,0.000366629,0.00208717,9
2.13996,0.236557,0.0551816,-0.0534071,-0,0.269578,0.000108187,0.00208514,6
2.14206,0.236631,0.0467784,-0.0534071,-0,0.239545,0.000115611,0.00208647,6
2.14416,0.236705,0.0422966,-0.0534071,-0,0.223657,0.000106414,0.00208806,6
2.14626,0.236853,0.0450977,-0.0534071,-0,0.234309,0.000110873,0.00208664,6
2.14836,0.236927,0.0439773,-0.0534071,-0,0.230543,0.000351532,0.00208825,9
2.15046,0.237,0.0439773,-0.0534071,-0,0.230818,0.000115571,0.00208389,6
2.15256,0.237074,0.0406159,-0.0534071,-0,0.218971,0.00011493,0.00208647,6
2.15466,0.237222,0.0389353,-0.0534071,-0,0.213459,0.000105302,0.00208803,6
2.15676,0.237296,0.0439773,-0.0534071,-0,0.231919,0.000112436,0.0020868,6
2.15886,0.23737,0.0406159,-0.0534071,-0,0.220071,0.000385253,0.00208819,9
2.16096,0.237444,0.0389353,-0.0534071,-0,0.214285,0.000463887,0.00208101,6
2.16307,0.237518,0.0372546,-0.0534071,-0,0.208498,0.000121151,0.0020912,6
2.16517,0.237592,0.0389353,-0.0534071,-0,0.214835,0.000330533,0.00208599,6
2.16727,0.237666,0.035574,-0.0534071,-0,0.202987,0.000111694,0.00208716,6
2.16937,0.237739,0.035574,-0.0534071,-0,0.203262,0.000384522,0.00208618,9
2.17147,0.237813,0.035574,-0.0534071,-0,0.203537,0.00026245,0.00206491,6
2.17357,0.237887,0.035574,-0.0534071,-0,0.203812,0.000269341,0.00207093,6
2.17567,0.237961,0.0271707,-0.0534071,-0,0.17378,0.000274812,0.00207451,6
2.17777,0.238035,0.0260502,-0.0534071,-0,0.170014,0.000864267,0.00205621,9
2.17987,0.238109,0.0271707,-0.0534071,-0,0.17433,0.000337967,0.0020878,3
2.18197,0.238109,0.0210082,-0.0534071,-0,0.152105,0.00012008,0.0020868,6
2.18407,0.238183,0.0226889,-0.0534071,-0,0.158441,0.000108718,0.0020854,6
2.18617,0.238183,0.0210082,-0.0534071,-0,0.15238,0.000117565,0.00208428,6
2.18827,0.238257,0.0176469,-0.0534071,-0,0.140532,0.000643004,0.00208795,6
2.19037,0.238331,0.0142856,-0.0534071,-0,0.128684,0.000276455,0.00208679,3
2.19247,0.238331,0.0176469,-0.0534071,-0,0.140807,0.000103248,0.00208751,6
2.19457,0.238331,0.0126049,-0.0534071,-0,0.122622,0.000134786,0.00208814,6
2.19667,0.238405,0.00924363,-0.0534071,-0,0.110775,0.000105874,0.0020871,6
2.19877,0.238405,0.00812319,-0.0534071,-0,0.106734,0.000628878,0.00208871,9
2.20087,0.238405,0.00308121,-0.0534071,-0,0.0885491,0.000331245,0.00208642,3
2.20297,0.238405,0.00140055,-0.0534071,-0,0.0824876,0.000111514,0.00208843,6
2.20507,0.238405,-0.00028011,-0.0534071,-0,0.0764261,0.000118176,0.00208687,6
2.20717,0.238405,-0.00364143,-0.0534071,-0,0.0643032,0.000102717,0.00208858,6
2.20927,0.238405,-0.00364143,-0.0534071,-0,0.0643032,0.000621024,0.00208704,9
2.21137,0.238405,-0.00028011,-0.0534071,-0,0.0764261,0.000267468,0.00208836,3
2.21347,0.238405,-0.00364143,-0.0534071,-0,0.0643032,0.000111514,0.00207817,6
2.21557,0.238405,-0.00028011,-0.0534071,-0,0.0764261,0.000117154,0.00208548,6
2.21767,0.238405,-0.00028011,-0.0534071,-0,0.0764261,0.000118617,0.00208373,6
2.21977,0.238405,-0.00028011,-0.0534071,-0,0.0764261,0.000621975,0.00208172,9
2.22187,0.238405,-0.00028011,-0.0534071,-0,0.0764261,0.000329401,0.00208662,3
2.22397,0.238405,-0.00028011,-0.0534071,-0,0.0764261,0.000118467,0.00208795,6
2.22607,0.238405,-0.00196077,-0.0534071,-0,0.0703647,0.00010948,0.00208714,6
2.22817,0.238405,-0.00028011,-0.0534071,-0,0.0764261,0.000128014,0.00208804,6
2.23027,0.238405,-0.00028011,-0.0534071,-0,0.0764261,0.000592602,0.00208687,9
2.23237,0.238405,-0.00028011,-0.0534071,-0,0.0764261,0.000243645,0.00208761,3
2.23447,0.238405,0.00140055,-0.0534071,-0,0.0824876,0.000112726,0.00208676,6
2.23657,0.238405,-0.00196077,-0.0534071,-0,0.0703647,0.000110111,0.00208586,6
2.23867,0.238405,0.00140055,-0.0534071,-0,0.0824876,0.000110311,0.00208802,6
2.24077,0.238405,0.00308121,-0.0534071,-0,0.0885491,0.000585118,0.00208688,9
2.24287,0.238405,-0.00196077,-0.0534071,-0,0.0703647,0.000240028,0.00208747,3
2.24497,0.238405,0.00140055,-0.0534071,-0,0.0824876,0.000120059,0.00208674,6
2.24707,0.238405,0.00140055,-0.0534071,-0,0.0824876,0.00010972,0.00208748,6
2.24917,0.238405,0.00140055,-0.0534071,-0,0.0824876,0.000110922,0.00208698,6
2.25127,0.238405,-0.00364143,-0.0534071,-0,0.0643032,0.000577905,0.00208811,9
2.25337,0.238405,0.00140055,-0.0534071,-0,0.0824876,0.000223968,0.00208654,3
2.25547,0.238405,-0.00028011,-0.0534071,-0,0.0764261,0.000116492,0.00208772,6
2.25757,0.238405,0.00476187,-0.0534071,-0,0.0946106,0.000111443,0.00208679,6
2.25967,0.238405,0.00476187,-0.0534071,-0,0.0946106,0.00010959,0.00208592,6
2.26177,0.238405,-0.00196077,-0.0534071,-0,0.0703647,0.000581903,0.00208707,9
2.26387,0.238405,0.00140055,-0.0534071,-0,0.0824876,0.000222567,0.00208618,3
2.26597,0.238405,-0.00196077,-0.0534071,-0,0.0703647,0.000121332,0.00208678,6
2.26807,0.238405,-0.00196077,-0.0534071,-0,0.0703647,0.000110081,0.00208794,6
2.27017,0.238405,-0.00028011,-0.0534071,-0,0.0764261,0.000111284,0.00208708,6
2.27227,0.238405,0.00308121,-0.0534071,-0,0.0885491,0.000561866,0.00208795,9
2.27437,0.238405,-0.00364143,-0.0534071,-0,0.0643032,0.000209983,0.00208646,3
2.27647,0.238405,0.00140055,-0.0534071,-0,0.0824876,0.00013124,0.00208663,6
2.27857,0.238405,-0.00364143,-0.0534071,-0,0.0643032,0.000110492,0.00208532,6
2.28067,0.238405,-0.00028011,-0.0534071,-0,0.0764261,0.00012002,0.00208692,6
2.28277,0.238405,-0.00196077,-0.0534071,-0,0.0703647,0.000543713,0.00208798,9
2.28487,0.238405,0.00140055,-0.0534071,-0,0.0824876,0.000201698,0.00208653,3
2.28697,0.238405,-0.00364143,-0.0534071,-0,0.0643032,0.000119177,0.00208775,6
2.28907,0.238405,-0.00364143,-0.0534071,-0,0.0643032,0.000110302,0.00208678,6
2.29117,0.238405,0.00140055,-0.0534071,-0,0.0824876,0.000110141,0.00208535,6
2.29327,0.238405,-0.00532209,-0.0534071,-0,0.0582417,0.000552098,0.00208682,9
2.29537,0.238405,0.00140055,-0.0534071,-0,0.0824876,0.000196639,0.00208758,3
2.29747,0.238405,0.00140055,-0.0534071,-0,0.0824876,0.000119849,0.00208657,6
2.29957,0.238405,-0.00196077,-0.0534071,-0,0.0703647,0.000110391,0.00208796,6
2.30167,0.238405,-0.00364143,-0.0534071,-0,0.0643032,0.000111063,0.00208682,6
2.30377,0.238405,0.00308121,-0.0534071,-0,0.0885491,0.000522524,0.00208796,9
2.30587,0.238405,0.00140055,-0.0534071,-0,0.0824876,0.000179729,0.00208683,3
2.30797,0.238405,0.00140055,-0.0534071,-0,0.0824876,0.000117093,0.0020879,6
2.31007,0.238405,0.00140055,-0.0534071,-0,0.0824876,0.000110071,0.00208585,6
2.31217,0.238405,-0.00028011,-0.0534071,-0,0.0764261,0.00010943,0.00208796,6
2.31427,0.238405,-0.00196077,-0.0534071,-0,0.0703647,0.000533214,0.00208694,9
2.31637,0.238405,0.00140055,-0.0534071,-0,0.0824876,0.000179488,0.00208752,3
2.31847,0.238405,0.00476187,-0.0534071,-0,0.0946106,0.000118757,0.00208696,6
2.32057,0.238405,-0.00196077,-0.0534071,-0,0.0703647,0.000109831,0.00208681,6
2.32267,0.238405,-0.00532209,-0.0534071,-0,0.0582417,0.00010942,0.00208559,6
2.32477,0.238405,-0.00028011,-0.0534071,-0,0.0764261,0.000512525,0.00207923,9
2.32687,0.238405,0.00140055,-0.0534071,-0,0.0824876,0.000155924,0.00208747,3
2.32897,0.238405,0.00140055,-0.0534071,-0,0.0824876,0.000128364,0.00208617,6
2.33107,0.238405,0.00140055,-0.0534071,-0,0.0824876,0.000111784,0.00208777,6
2.33317,0.238405,0.00308121,-0.0534071,-0,0.0885491,0.000111293,0.00208633,6
2.33527,0.238405,-0.00028011,-0.0534071,-0,0.0764261,0.000507857,0.00208799,9
2.33737,0.238405,-0.00364143,-0.0534071,-0,0.0643032,0.000149082,0.00208651,3
2.33947,0.238405,-0.00364143,-0.0534071,-0,0.0643032,0.000112235,0.00208786,6
2.34157,0.238405,-0.00028011,-0.0534071,-0,0.0764261,0.000114118,0.00208689,6
2.34367,0.238405,-0.00028011,-0.0565487,0.023978,0.122176,0.000107496,0.00208786,6
2.34577,0.238405,0.00140055,-0.0565487,0.0320944,0.159852,0.000514289,0.00208689,9
2.34787,0.238405,-0.00028011,-0.0565487,0.0277132,0.136725,0.000174198,0.00208764,3
2.34997,0.238405,0.00308121,-0.0565487,0.0139183,0.095115,0.00011471,0.00208662,6
2.35207,0.238405,0.00140055,-0.0565487,-0.00648677,0.00957252,0.000106905,0.00208543,6
2.35417,0.238405,-0.00364143,-0.0565487,-0.0309792,-0.104013,0.000107857,0.00208684,6
2.35627,0.238405,-0.00028011,-0.0565487,-0.0573161,-0.194477,0.000530428,0.00208806,9
2.35837,0.238405,0.00140055,-0.0565487,-0.083535,-0.290542,0.000182353,0.0020869,3
2.36047,0.238405,0.00308121,-0.0565487,-0.107954,-0.379596,0.00011516,0.00208681,6
2.36257,0.238405,-0.00196077,-0.0565487,-0.129171,-0.480424,0.000121071,0.0020884,6
2.36467,0.238405,0.00140055,-0.0565487,-0.146065,-0.534106,0.000107817,0.00208713,6
2.36677,0.238405,-0.00532209,-0.0596903,-0.133817,-0.558293,0.000579328,0.00208865,9
2.36887,0.238331,-0.00364143,-0.0596903,-0.131706,-0.544283,0.000315726,0.00208677,3
2.37097,0.238331,-0.00868341,-0.0596903,-0.136087,-0.579533,0.000104431,0.00208798,6
2.37307,0.238331,-0.00364143,-0.0596903,-0.143877,-0.59169,0.000107887,0.00208724,6
2.37517,0.238331,-0.00868341,-0.0596903,-0.152552,-0.643666,0.00010444,0.00208887,6
2.37727,0.238331,-0.0131652,-0.0596903,-0.16015,-0.689426,0.000595577,0.00208713,9
2.37937,0.238257,-0.0131652,-0.0596903,-0.16527,-0.709642,0.000253853,0.00208816,3
2.38147,0.238257,-0.00868341,-0.0596903,-0.16707,-0.70049,0.000107416,0.0020868,6
2.38357,0.238183,-0.0215685,-0.0596903,-0.16527,-0.740225,0.00010371,0.00208858,6
2.38567,0.238183,-0.0215685,-0.0596903,-0.16015,-0.720285,0.000107186,0.00208726,6
2.38777,0.238109,-0.0215685,-0.0596903,-0.152552,-0.690964,0.00010373,0.00208872,6
2.38987,0.238035,-0.0294115,-0.0596903,-0.143877,-0.685734,0.00031211,0.00208722,9
2.39197,0.237961,-0.0327729,-0.0596903,-0.136087,-0.667789,0.000110692,0.00208812,6
2.39407,0.237887,-0.0310922,-0.0596903,-0.131706,-0.644937,0.000110682,0.00208729,6
2.39617,0.237813,-0.0378148,-0.0596903,-0.133817,-0.677682,0.00012034,0.00208867,6
2.39827,0.237739,-0.0445375,-0.0596903,-0.146065,-0.749912,0.000108027,0.00208742,6
2.40037,0.237666,-0.0445375,-0.0596903,-0.129171,-0.684382,0.000315205,0.00208867,9
2.40247,0.237592,-0.0456579,-0.0596903,-0.107954,-0.606053,0.000109299,0.00208683,6
2.40457,0.237444,-0.0490192,-0.0596903,-0.0835349,-0.523611,0.000111583,0.00208754,6
2.40667,0.23737,-0.0473386,-0.0596903,-0.057316,-0.415698,0.00010432,0.00208861,6
2.40877,0.237222,-0.0523805,-0.0596903,-0.0309791,-0.331846,0.000115911,0.00208742,6
2.41088,0.237148,-0.0540612,-0.0596903,-0.00648686,-0.242782,0.000342285,0.00208876,9
2.41298,0.237,-0.0523805,-0.0596903,0.0139184,-0.157789,0.000106324,0.00208643,6
2.41508,0.236927,-0.0540612,-0.0596903,0.0277133,-0.110392,0.000104751,0.00208884,6
2.41718,0.236779,-0.0490192,-0.0596903,0.0320942,-0.0756935,0.000105363,0.00208752,6
2.41928,0.236705,-0.0456579,-0.0596903,0.023978,-0.0954593,0.000104641,0.00208873,6
2.42138,0.236631,-0.0473386,-0.0596903,-0,-0.195194,0.000380775,0.00208727,9
2.42348,0.236483,-0.0411762,-0.0596903,-0,-0.173519,0.000113427,0.00208785,6
2.42558,0.236409,-0.0428568,-0.0596903,-0,-0.179855,0.000115611,0.0020874,6
2.42768,0.236335,-0.0378148,-0.0596903,-0,-0.161946,0.000106335,0.00208869,6
2.42978,0.236261,-0.0394955,-0.0596903,-0,-0.168282,0.00013133,0.00208186,6
2.43188,0.236188,-0.0428568,-0.0596903,-0,-0.180681,0.00041072,0.00208835,9
2.43398,0.236114,-0.0344535,-0.0596903,-0,-0.150648,0.00011508,0.00208675,6
2.43608,0.23604,-0.0327729,-0.0596903,-0,-0.144862,0.000113807,0.00208846,6
2.43818,0.235966,-0.0361342,-0.0596903,-0,-0.15726,0.000109149,0.00208715,6
2.44028,0.235892,-0.0361342,-0.0596903,-0,-0.157535,0.000106123,0.00208846,6
2.44238,0.235818,-0.0294115,-0.0596903,-0,-0.133564,0.0004326,0.00208758,9
2.44448,0.235744,-0.0310922,-0.0596903,-0,-0.139901,0.000116573,0.00208146,6
2.44658,0.23567,-0.0361342,-0.0596903,-0,-0.15836,0.000106594,0.00208855,6
2.44868,0.235596,-0.0277309,-0.0596903,-0,-0.128328,0.00011494,0.0020871,6
2.45078,0.235522,-0.0294115,-0.0596903,-0,-0.134665,0.000106224,0.00208866,6
2.45288,0.235522,-0.0277309,-0.0596903,-0,-0.128603,0.000460761,0.00208733,9
2.45498,0.235448,-0.0182071,-0.0628318,0.023978,-0.04878,0.000211867,0.00208811,3
2.45708,0.235375,-0.0266104,-0.0628318,0.0320943,-0.0477481,0.000106495,0.00208693,6
2.45918,0.235301,-0.0294115,-0.0628318,0.0277131,-0.075191,0.000104761,0.0020887,6
2.46128,0.235301,-0.0215685,-0.0628318,0.0139182,-0.100637,0.000111453,0.0020873,6
2.46338,0.235227,-0.0232491,-0.0628318,-0.00648689,-0.186455,0.000508598,0.00208877,9
2.46548,0.235227,-0.0182071,-0.0628318,-0.0309792,-0.263672,0.000147078,0.00208682,3
2.46758,0.235153,-0.0182071,-0.0628318,-0.057316,-0.366533,0.000104822,0.00208823,6
2.46968,0.235153,-0.0148458,-0.0628318,-0.0835349,-0.456536,0.000115,0.00208727,6
2.47178,0.235079,-0.0148458,-0.0628318,-0.107954,-0.551926,0.000103919,0.00208876,6
2.47388,0.235079,-0.0232491,-0.0628318,-0.129171,-0.664878,0.000510321,0.00208753,9
2.47598,0.235005,-0.0165265,-0.0628318,-0.146065,-0.706712,0.000207369,0.00208833,3
2.47808,0.235005,-0.0148458,-0.0628318,-0.157795,-0.746341,0.000106695,0.00208715,6
2.48018,0.234931,-0.0198878,-0.0628318,-0.1638,-0.788191,9.7758e-05,0.00208951,6
2.48228,0.234931,-0.0249298,-0.0628318,-0.1638,-0.806375,9.8971e-05,0.00208807,6
2.48438,0.234857,-0.0198878,-0.0628318,-0.157795,-0.765075,0.000530368,0.00208935,9
2.48648,0.234783,-0.0266104,-0.0628318,-0.146065,-0.743906,0.0001808,0.00208699,3
2.48858,0.234783,-0.0294115,-0.0628318,-0.129171,-0.688204,9.87e-05,0.00208856,6
2.49068,0.234709,-0.0266104,-0.0659734,-0.0839757,-0.549982,9.7549e-05,0.00208839,6
2.49278,0.234636,-0.0277309,-0.0659734,-0.0514405,-0.427569,0.000104531,0.00208753,6
2.49488,0.234562,-0.0361342,-0.0659734,-0.0296028,-0.37309,0.000544314,0.00208893,9
2.49698,0.234488,-0.0344535,-0.0659734,-0.0170608,-0.318451,0.00019689,0.00208677,3
2.49908,0.234414,-0.0266104,-0.0659734,-0.0129737,-0.274519,0.000137682,0.00208835,6
2.50118,0.23434,-0.0344535,-0.0659734,-0.017061,-0.319002,0.000105713,0.00208746,6
2.50328,0.23434,-0.0277309,-0.0659734,-0.0296029,-0.343609,9.8841e-05,0.00208942,6
2.50538,0.234266,-0.0266104,-0.0659734,-0.0514406,-0.424904,0.00064633,0.00208812,9
2.50748,0.234192,-0.0294115,-0.0659734,-0.083976,-0.562012,0.000349047,0.00206918,3
2.50958,0.234118,-0.0215685,-0.0659734,-0.129171,-0.710041,0.000234578,0.00207062,6
2.51168,0.234044,-0.0310922,-0.0659734,-0.146065,-0.81047,0.000226674,0.00207532,6
2.51378,0.234044,-0.0277309,-0.0659734,-0.157795,-0.844037,0.000245678,0.00207318,6
2.51588,0.23397,-0.00532209,-0.0659734,-0.1638,-0.786883,0.000971624,0.00205851,9
2.51798,0.23397,-0.00532209,-0.0659734,-0.1638,-0.786883,0.000255136,0.00208406,3
2.52008,0.23397,-0.00700275,-0.0659734,-0.157795,-0.769553,0.00010407,0.00208554,6
2.52218,0.233823,-0.086554,-0.0659734,-0.146065,-1.01132,0.00010425,0.00208684,6
2.52428,0.233675,-0.0831926,-0.0659734,-0.129171,-0.933946,0.000101856,0.00208833,6
2.52638,0.233527,-0.0557419,-0.0659734,-0.107954,-0.752848,0.000599545,0.00208691,9
2.52848,0.233379,-0.0574225,-0.0659734,-0.083535,-0.664345,0.00026285,0.00208202,3
2.53058,0.233231,-0.0635849,-0.069115,-0.0333381,-0.539244,0.00010384,0.00208539,6
2.53268,0.233158,-0.0591032,-0.069115,0.0011152,-0.389154,0.000134335,0.00208675,6
2.53478,0.23301,-0.0607838,-0.069115,0.0212263,-0.31743,0.000105022,0.00208214,6
2.53688,0.232862,-0.0703076,-0.069115,0.0278367,-0.326581,0.000638506,0.00208703,9
2.53898,0.232714,-0.0652656,-0.069115,0.0212263,-0.334695,0.000294498,0.00208529,3
2.54108,0.23264,-0.0540612,-0.069115,0.00111485,-0.372897,0.000108117,0.00208379,6
2.54318,0.232492,-0.0652656,-0.069115,-0.0333382,-0.548057,0.000103308,0.00208776,6
2.54528,0.232345,-0.0591032,-0.0722566,-0.0595573,-0.676157,0.00010432,0.00208714,6
2.54738,0.232271,-0.0574225,-0.0722566,-0.0758597,-0.733871,0.000106314,0.00208826,6
2.54948,0.232123,-0.0591032,-0.0722566,-0.101458,-0.840193,0.000342846,0.00208718,9
2.55158,0.231975,-0.0574225,-0.0722566,-0.132147,-0.95422,0.000104992,0.00208539,6
2.55368,0.231827,-0.0607838,-0.0722566,-0.164282,-1.09206,0.000105002,0.00208671,6
2.55578,0.23168,-0.0652656,-0.0722566,-0.19478,-1.22757,0.000102888,0.00208843,6
2.55788,0.231532,-0.0736689,-0.0722566,-0.221117,-1.36101,0.000104671,0.00208725,6
2.55998,0.231384,-0.0719882,-0.0722566,-0.24133,-1.43424,0.000374564,0.00208838,9
2.56208,0.231236,-0.0798313,-0.0722566,-0.254019,-1.5125,0.000106725,0.00208408,6
2.56418,0.231088,-0.086554,-0.0722566,-0.258342,-1.55414,0.000102567,0.00208807,6
2.56628,0.230867,-0.0949573,-0.0722566,-0.254019,-1.56843,0.000132812,0.00208693,6
2.56838,0.230645,-0.0977584,-0.0722566,-0.24133,-1.52993,0.000137931,0.0020882,6
2.57048,0.230423,-0.112884,-0.0722566,-0.221116,-1.50657,0.000408015,0.00208666,9
2.57258,0.230202,-0.119047,-0.0722566,-0.19478,-1.42704,0.000108949,0.00208417,6
2.57468,0.22998,-0.125769,-0.0722566,-0.164281,-1.33332,0.000104321,0.00208777,6
2.57678,0.229684,-0.129131,-0.0722566,-0.132146,-1.22137,0.000106294,0.00208679,6
2.57888,0.229389,-0.136974,-0.0722566,-0.101458,-1.13122,0.000102888,0.0020883,6
2.58098,0.229093,-0.145377,-0.0722566,-0.0758592,-1.06292,0.000437378,0.00208735,9
2.58308,0.228724,-0.148738,-0.0722566,-0.0595566,-1.01291,0.000105092,0.0020852,6
2.58518,0.228502,-0.151539,-0.0722566,-0.0573159,-1.01511,0.000107336,0.00208648,6
2.58728,0.228132,-0.156581,-0.0722566,-0.0309793,-0.932088,0.000101706,0.00208831,6
2.58938,0.227837,-0.154901,-0.0722566,-0.00648654,-0.831724,0.000104742,0.00208722,6
2.59148,0.227467,-0.158262,-0.0722566,0.0139183,-0.765742,0.000479194,0.00208809,9
2.59358,0.227098,-0.158262,-0.0722566,0.0277132,-0.713385,0.000108919,0.00208396,3
2.59568,0.226802,-0.164985,-0.0722566,0.0320944,-0.721666,0.0001038,0.0020878,6
2.59778,0.226506,-0.156581,-0.0722566,0.0239781,-0.724073,0.000105994,0.00208671,6
2.59988,0.226137,-0.161623,-0.0722566,-0,-0.837031,0.000105533,0.00208817,6
2.60198,0.225841,-0.166665,-0.0722566,-0,-0.856316,0.000522534,0.00208639,9
2.60408,0.225398,-0.169466,-0.0722566,-0,-0.868069,0.000151196,0.00208451,3
2.60618,0.225102,-0.163304,-0.0722566,-0,-0.846944,0.000110351,0.00208586,6
2.60828,0.224733,-0.17787,-0.0722566,-0,-0.900852,0.000106154,0.00208807,6
2.61038,0.224363,-0.174508,-0.069115,-0.0239776,-0.935853,0.000106134,0.00208682,6
2.61248,0.223994,-0.174508,-0.069115,-0.0320939,-0.968842,0.000557077,0.00208694,9
2.61458,0.22355,-0.176189,-0.069115,-0.0277128,-0.95949,0.000226594,0.00208527,3
2.61668,0.223255,-0.182912,-0.0659734,-0.0378959,-0.976853,0.000108197,0.00208414,6
2.61878,0.222885,-0.187394,-0.0659734,-0.0256072,-0.946526,0.000103178,0.00208794,6
2.62088,0.222516,-0.194116,-0.0659734,0.00326633,-0.85968,0.000108107,0.00208689,6
2.62298,0.222072,-0.197477,-0.0659734,0.0433982,-0.717134,0.00058618,0.00208818,9
2.62508,0.221555,-0.197477,-0.0659734,0.0900221,-0.537452,0.000255326,0.00208412,3
2.62718,0.22126,-0.200839,-0.0659734,0.138933,-0.360159,0.000104341,0.00208552,6
2.62928,0.220816,-0.202519,-0.0659734,0.186487,-0.182641,0.000108809,0.0020858,6
2.63138,0.220373,-0.207001,-0.0659734,0.2296,-0.0325245,0.000102557,0.00208823,6
2.63348,0.220003,-0.202519,-0.0659734,0.265749,0.123069,0.000600045,0.002087,9
2.63558,0.219486,-0.199158,-0.0659734,0.292972,0.239303,0.000284389,0.00208519,3
2.63768,0.219116,-0.195797,-0.0659734,0.309866,0.315855,0.00010936,0.00208435,6
2.63978,0.218747,-0.192435,-0.0659734,0.31559,0.348901,0.000105903,0.00208086,6
2.64188,0.218377,-0.186273,-0.0659734,0.309865,0.347452,0.000107446,0.00208684,6
2.64398,0.218008,-0.17787,-0.0628318,0.268993,0.264829,0.000682426,0.00208833,9
2.64608,0.217491,-0.176189,-0.0628318,0.233655,0.131316,0.000617337,0.00207982,3
2.64818,0.217195,-0.171147,-0.0628318,0.201887,0.02466,0.000433943,0.00205057,6
2.65028,0.216825,-0.169466,-0.0628318,0.172569,-0.0848524,0.000370607,0.00205462,6
2.65238,0.21653,-0.159943,-0.0628318,0.14542,-0.157354,0.000408596,0.00206041,6
2.65448,0.21616,-0.15322,-0.0628318,0.121001,-0.229598,0.00101155,0.00205654,9
2.65658,0.215791,-0.15322,-0.0628318,0.100714,-0.309997,0.000292725,0.00208367,3
2.65869,0.215569,-0.147058,-0.0628318,0.0868011,-0.342789,0.000109389,0.00208511,6
2.66079,0.215274,-0.147058,-0.0628318,0.0823466,-0.36124,0.00010955,0.00208616,6
2.66289,0.214978,-0.147058,-0.0628318,0.0912749,-0.327563,0.000105924,0.00208782,6
2.66499,0.214682,-0.145377,-0.0628318,0.118352,-0.217133,0.000109831,0.00208678,6
2.66709,0.214387,-0.143696,-0.0628318,0.125701,-0.183548,0.000313462,0.00208784,9
2.66919,0.214017,-0.148738,-0.0628318,0.139822,-0.148101,0.000139514,0.00208362,6
2.67129,0.213795,-0.143696,-0.0628318,0.1638,-0.0373439,0.000108098,0.00208759,6
2.67339,0.2135,-0.140335,-0.0628318,0.157795,-0.0497128,0.000110202,0.00208641,6
2.67549,0.213204,-0.140335,-0.0628318,0.146065,-0.0965032,0.000106454,0.00208795,6
2.67759,0.212909,-0.136974,-0.0628318,0.129171,-0.151286,0.000327127,0.00208684,9
2.67969,0.212539,-0.132492,-0.0628318,0.107954,-0.219141,0.000109921,0.0020848,6
2.68179,0.212317,-0.133612,-0.0628318,0.0835348,-0.319123,0.000111443,0.00208603,6
2.68389,0.212022,-0.133612,-0.0628318,0.0573159,-0.42235,0.000106654,0.00208777,6
2.68599,0.2118,-0.133612,-0.0628318,0.0309792,-0.525761,0.00010961,0.00208667,6
2.68809,0.211505,-0.132492,-0.0628318,0.00648671,-0.618223,0.00034482,0.00208796,9
2.69019,0.211209,-0.135293,-0.0628318,-0.0139183,-0.708906,0.000110882,0.00208328,6
2.69229,0.210913,-0.133612,-0.0628318,-0.0277132,-0.757678,0.000107646,0.00208753,6
2.69439,0.210692,-0.133612,-0.0628318,-0.0320944,-0.775569,0.000109279,0.00208644,6
2.69649,0.210396,-0.140335,-0.0628318,-0.0239781,-0.769301,0.000108518,0.00208688,6
2.69859,0.2101,-0.132492,-0.0628318,-0,-0.648716,0.000353936,0.00208787,9
2.70069,0.209805,-0.142016,-0.0628318,-0,-0.684165,0.000113046,0.00208342,6
2.70279,0.209583,-0.133612,-0.0628318,-0,-0.654683,0.000140576,0.00208741,6
2.70489,0.209214,-0.140335,-0.0659734,0.0239781,-0.634554,0.000108328,0.00208678,6
2.70699,0.208992,-0.136974,-0.0659734,0.0320944,-0.591642,0.000106925,0.00208795,6
2.70909,0.208696,-0.142016,-0.0659734,0.0277133,-0.627992,0.000385755,0.00208659,9
2.71119,0.208327,-0.142016,-0.0659734,0.0139184,-0.683101,0.00010951,0.00208482,6
2.71329,0.208105,-0.136974,-0.0659734,-0.00648677,-0.745223,0.000109029,0.00208607,6
2.71539,0.20781,-0.138654,-0.0659734,-0.0309792,-0.847786,0.000106625,0.00208761,6
2.71749,0.207514,-0.136974,-0.0659734,-0.0573159,-0.945411,0.00010991,0.00208652,6
2.71959,0.207366,-0.0899153,-0.0659734,-0.0835348,-0.878366,0.000394831,0.00208742,9
2.72169,0.206849,-0.140335,-0.0659734,-0.107954,-1.15725,0.000110963,0.00208354,6
2.72379,0.206627,-0.143696,-0.0659734,-0.129171,-1.25284,0.000107857,0.00208739,6
2.72589,0.206332,-0.148738,-0.0659734,-0.146065,-1.33793,0.000110742,0.00208627,6
2.72799,0.205962,-0.154901,-0.0659734,-0.157795,-1.40722,0.000106965,0.00208786,6
2.73009,0.205666,-0.156581,-0.0659734,-0.1638,-1.43778,0.000414447,0.00208687,9
2.73219,0.205297,-0.156581,-0.0659734,-0.1638,-1.43915,0.000108869,0.00208471,6
2.73429,0.205001,-0.171147,-0.0659734,-0.157795,-1.4694,0.000111103,0.00208579,6
2.73639,0.204632,-0.181231,-0.0659734,-0.146065,-1.46145,0.000151105,0.00208786,6
2.73849,0.204262,-0.182912,-0.0659734,-0.129171,-1.40308,0.000108758,0.00208659,6
2.74059,0.203819,-0.190755,-0.0659734,-0.107954,-1.35038,0.000418795,0.00208689,9
2.74269,0.203375,-0.194116,-0.0659734,-0.083535,-1.26903,0.00010975,0.00208455,6
2.74479,0.203006,-0.202519,-0.0659734,-0.0573161,-1.19859,0.000111774,0.00208597,6
2.74689,0.202563,-0.207001,-0.0659734,-0.0309792,-1.11382,0.000109019,0.00207946,6
2.74899,0.202193,-0.210363,-0.0659734,-0.00648689,-1.03192,0.000108758,0.00208655,6
2.75109,0.201676,-0.215404,-0.0659734,0.0139184,-0.972544,0.000436678,0.00208808,9
2.75319,0.201158,-0.220446,-0.0659734,0.0277133,-0.938921,0.000112235,0.0020834,6
2.75529,0.200789,-0.222127,-0.0659734,0.0320942,-0.929294,0.000107426,0.00208739,6
2.75739,0.200346,-0.220446,-0.0659734,0.023978,-0.956497,0.000108498,0.00208659,6
2.75949,0.199828,-0.222127,-0.0659734,-0,-1.05788,0.00010967,0.00208782,6
2.76159,0.199385,-0.22829,-0.0659734,-0,-1.08176,0.000442308,0.00208656,9
2.76369,0.198794,-0.236693,-0.0659734,-0,-1.11427,0.000111443,0.00208469,6
2.76579,0.198424,-0.231651,-0.0659734,-0,-1.09746,0.000112465,0.00208601,6
2.76789,0.197907,-0.239494,-0.0659734,-0,-1.12767,0.00010946,0.00208781,6
2.76999,0.197389,-0.246217,-0.0659734,-0,-1.15384,0.000110442,0.00208681,6
2.77209,0.196872,-0.242855,-0.0628318,-0.023978,-1.18939,0.000516183,0.00208792,9
2.77419,0.196281,-0.249578,-0.0628318,-0.0320944,-1.24745,0.000109731,0.00208349,6
2.77629,0.195838,-0.256301,-0.0628318,-0.0277133,-1.25629,0.000109489,0.00208719,6
2.77839,0.19532,-0.260782,-0.0628318,-0.0139184,-1.22064,0.000108488,0.00208665,6
2.78049,0.194729,-0.264144,-0.0628318,0.00648677,-1.15549,0.000119227,0.00207996,6
2.78259,0.194212,-0.265824,-0.0628318,0.0309792,-1.06807,0.000488872,0.00208809,9
2.78469,0.193547,-0.272547,-0.0628318,0.0573161,-0.992206,0.000112034,0.00208358,6
2.78679,0.193029,-0.275348,-0.0628318,0.083535,-0.902108,0.000107676,0.00208742,6
2.78889,0.192438,-0.277029,-0.0628318,0.107954,-0.815254,0.000116984,0.00208455,6
2.79099,0.191921,-0.282071,-0.0628318,0.129171,-0.752721,0.000107006,0.00208785,6
2.79309,0.19133,-0.283751,-0.0628318,0.146065,-0.695178,0.00049309,0.00208679,9
2.79519,0.190591,-0.283751,-0.0628318,0.157795,-0.652239,0.00010953,0.00208475,3
2.79729,0.190073,-0.287113,-0.0596903,0.139822,-0.688646,0.000110612,0.00208626,6
2.79939,0.189482,-0.285432,-0.0596903,0.131706,-0.716399,0.000107366,0.00208781,6
2.80149,0.188891,-0.285432,-0.0596903,0.130082,-0.724926,0.000108979,0.00208682,6
2.80359,0.1883,-0.287113,-0.0596903,0.132147,-0.725146,0.000606457,0.00208799,9
2.80569,0.187561,-0.288793,-0.0596903,0.135658,-0.720282,0.000230731,0.00208336,3
2.80779,0.187117,-0.287113,-0.0596903,0.138933,-0.703114,0.00010989,0.00208493,6
2.80989,0.186526,-0.282071,-0.0596903,0.140851,-0.67966,0.000110652,0.00208619,6
2.81199,0.185935,-0.287113,-0.0565487,0.116873,-0.745795,0.000107817,0.00208781,6
2.81409,0.185344,-0.288793,-0.0565487,0.106839,-0.793142,0.000587523,0.00208646,9
2.81619,0.184531,-0.294956,-0.0565487,0.107944,-0.814086,0.0002742,0.00208463,3
2.81829,0.184013,-0.299998,-0.0565487,0.118228,-0.794139,0.000110041,0.0020835,6
2.82039,0.183422,-0.299998,-0.0534071,0.11259,-0.770652,0.000135998,0.00208741,6
2.82249,0.182831,-0.301678,-0.0534071,0.13059,-0.708802,0.000108227,0.00208619,6
2.82459,0.182166,-0.301678,-0.0534071,0.169425,-0.560012,0.000625993,0.00208694,9
2.82669,0.181427,-0.299998,-0.0534071,0.227412,-0.330834,0.000278639,0.00208484,3
2.82879,0.18091,-0.277029,-0.0534071,0.260506,-0.121013,0.000113037,0.00208354,6
2.83089,0.180318,-0.386272,-0.0534071,0.289321,-0.40497,0.000107256,0.00208723,6
2.83299,0.179653,-0.296636,-0.0534071,0.311335,0.00158068,0.000108788,0.0020865,6
2.83509,0.179062,-0.290474,-0.0534071,0.324865,0.0743078,0.000609963,0.00208759,9
2.83719,0.178323,-0.290474,-0.0534071,0.32907,0.087935,0.000271215,0.00208315,3
2.83929,0.177806,-0.282071,-0.0502655,0.299972,0.0506256,0.000113266,0.00208474,6
2.84139,0.177288,-0.277029,-0.0502655,0.278253,-0.0177166,0.000111253,0.00208625,6
2.84349,0.176697,-0.272547,-0.0502655,0.262229,-0.0661689,0.000107797,0.00208775,6
2.84559,0.17618,-0.269186,-0.0502655,0.25134,-0.0983855,0.000626183,0.00208678,9
2.84769,0.175441,-0.270866,-0.0502655,0.246147,-0.127427,0.000285922,0.00208465,3
2.84979,0.174997,-0.260782,-0.0502655,0.248331,-0.0841998,0.000111203,0.00208365,6
2.85189,0.174554,-0.260782,-0.0502655,0.260697,-0.0376821,0.000131931,0.0020794,6
2.85399,0.173963,-0.25462,-0.0502655,0.243685,-0.0839233,0.000108899,0.00208621,6
2.85609,0.173446,-0.256301,-0.0502655,0.222394,-0.17484,0.000633236,0.00208762,9
2.85819,0.17278,-0.249578,-0.0502655,0.198787,-0.245023,0.00028488,0.00208335,3
2.86029,0.172337,-0.252939,-0.0502655,0.175668,-0.348851,0.000109019,0.00208493,6
2.86239,0.171894,-0.244536,-0.0502655,0.15668,-0.394155,0.000108218,0.0020861,6
2.86449,0.171376,-0.249578,-0.0502655,0.146309,-0.454662,0.000110131,0.00208146,6
2.86659,0.170785,-0.252939,-0.0471239,0.125903,-0.500819,0.000668971,0.00208794,6
2.86869,0.170194,-0.251259,-0.0471239,0.0979871,-0.605696,0.000306309,0.00208348,3
2.87079,0.169751,-0.256301,-0.0471239,0.0862574,-0.671221,0.000108899,0.00208488,6
2.87289,0.169233,-0.251259,-0.0471239,0.0912744,-0.63542,0.000111143,0.00208594,6
2.87499,0.168716,-0.252939,-0.0471239,0.11444,-0.553172,0.000123556,0.00208763,6
2.87709,0.168199,-0.25462,-0.0471239,0.114514,-0.560873,0.000109349,0.00208679,6
2.87919,0.167607,-0.252939,-0.0471239,0.114632,-0.556552,0.000321978,0.00208798,9
2.88129,0.167016,-0.257421,-0.0471239,0.114514,-0.575376,0.000112765,0.00208342,6
2.88339,0.166573,-0.259102,-0.0471239,0.114441,-0.583374,0.000107396,0.0020875,6
2.88549,0.166055,-0.256301,-0.0471239,0.115253,-0.572034,0.000108709,0.00208676,6
2.88759,0.165464,-0.262463,-0.0471239,0.118352,-0.584389,0.000108088,0.00208781,6
2.88969,0.164947,-0.256301,-0.0471239,0.1257,-0.535465,0.000348616,0.00208674,9
2.89179,0.164356,-0.256301,-0.0471239,0.139822,-0.482659,0.000109309,0.00208469,6
2.89389,0.163838,-0.256301,-0.0471239,0.1638,-0.391187,0.00010933,0.00208601,6
2.89599,0.163321,-0.251259,-0.0471239,0.157795,-0.39832,0.000106965,0.00208791,6
2.89809,0.162804,-0.256301,-0.0471239,0.146065,-0.464121,0.000111083,0.00208661,6
2.90019,0.162287,-0.252939,-0.0471239,0.129171,-0.519728,0.000373021,0.0020866,9
2.90229,0.161695,-0.249578,-0.0471239,0.107954,-0.59245,0.000109029,0.00208355,6
2.90439,0.161252,-0.247897,-0.0471239,0.0835347,-0.683155,0.000141889,0.00208725,6
2.90649,0.160735,-0.247897,-0.0471239,0.0573159,-0.787206,0.00013671,0.00208526,6
2.9086,0.160217,-0.242855,-0.0471239,0.0309792,-0.873533,0.000138243,0.00208648,6
2.9107,0.1597,-0.246217,-0.0471239,0.00648698,-0.982983,0.000371509,0.00208793,9
2.9128,0.159109,-0.256301,-0.0471239,-0.0139183,-1.10103,0.000111854,0.00208342,6
2.9149,0.158591,-0.25462,-0.0471239,-0.0277132,-1.15063,0.000107666,0.00208751,6
2.917,0.158074,-0.265824,-0.0471239,-0.0320944,-1.21003,0.000111213,0.00208624,6
2.9191,0.157557,-0.260782,-0.0471239,-0.0239779,-1.16216,0.000107196,0.00208785,6
2.9212,0.156966,-0.267505,-0.0439823,-0.0239779,-1.14096,0.000405069,0.00208688,9
2.9233,0.156374,-0.269186,-0.0439823,-0.0320942,-1.18083,0.000109901,0.00208459,6
2.9254,0.155857,-0.272547,-0.0439823,-0.0277131,-1.17782,0.000111113,0.00208586,6
2.9275,0.155266,-0.28039,-0.0439823,-0.0139183,-1.15457,0.000106555,0.00208766,6
2.9296,0.154675,-0.277029,-0.0439823,0.00648692,-1.06517,0.000113677,0.00208689,6
2.9317,0.154157,-0.169466,-0.0408407,0.00700128,-0.629507,0.000494323,0.00208776,9
2.9338,0.153344,-0.285432,-0.0408407,0.0252218,-0.979804,0.000165042,0.00208274,6
2.9359,0.152827,-0.293275,-0.0408407,0.0558218,-0.890825,0.000157428,0.00208629,6
2.938,0.152236,-0.292155,-0.0408407,0.0940355,-0.740137,0.000161345,0.00208548,6
2.9401,0.151645,-0.285432,-0.0408407,0.135658,-0.555965,0.000154342,0.00208648,6
2.9422,0.151054,-0.292155,-0.0408407,0.177045,-0.421205,0.000514058,0.00208552,9
2.9443,0.150315,-0.288793,-0.0408407,0.215111,-0.263557,0.00017005,0.00208431,6
2.9464,0.149797,-0.293275,-0.0408407,0.247335,-0.156129,0.00016449,0.00208489,6
2.9485,0.149206,-0.290474,-0.0408407,0.271754,-0.0531126,0.000154743,0.00208513,6
2.9506,0.148615,-0.287113,-0.0408407,0.286966,0.0160627,0.000164801,0.0020864,6
2.9527,0.148024,-0.285432,-0.0408407,0.29213,0.0400386,0.000527743,0.00208543,9
2.9548,0.147285,-0.282071,-0.0408407,0.286966,0.0292955,0.000179578,0.0020838,3
2.9569,0.146841,-0.277029,-0.0408407,0.271754,-0.0134248,0.000157337,0.00207912,6
2.959,0.14625,-0.272547,-0.0376991,0.223357,-0.140326,0.000163488,0.00208629,6
2.9611,0.145659,-0.269186,-0.0376991,0.183017,-0.287535,0.000155965,0.00208547,6
2.9632,0.145141,-0.270866,-0.0376991,0.149331,-0.426733,0.000575611,0.00208684,9
2.9653,0.144476,-0.267505,-0.0376991,0.12174,-0.52456,0.000222175,0.00208294,3
2.9674,0.143959,-0.257421,-0.0376991,0.100522,-0.572762,0.000161144,0.00208616,6
2.9695,0.143442,-0.262463,-0.0376991,0.0868008,-0.646319,0.000155834,0.0020855,6
2.9716,0.142924,-0.267505,-0.0376991,0.0825375,-0.683035,0.000154562,0.00208686,6
2.9737,0.142333,-0.272547,-0.0376991,0.0905359,-0.672265,0.000617066,0.00208565,9
2.9758,0.141668,-0.269186,-0.0376991,0.11444,-0.569507,0.000268961,0.00208409,3
2.9779,0.141151,-0.277029,-0.0376991,0.115253,-0.596555,0.000165563,0.00208322,6
2.98,0.140634,-0.278709,-0.0376991,0.118352,-0.592471,0.000156716,0.00208615,6
2.9821,0.140042,-0.274228,-0.0376991,0.125701,-0.549883,0.000157307,0.00208549,6
2.9842,0.139451,-0.274228,-0.0376991,0.139822,-0.497079,0.000665315,0.00208658,6
2.9863,0.138786,-0.283751,-0.0376991,0.1638,-0.440507,0.000317249,0.00208306,3
2.9884,0.138269,-0.275348,-0.0376991,0.157795,-0.435515,0.000168157,0.00208418,6
2.9905,0.137751,-0.278709,-0.0376991,0.146065,-0.495253,0.000156616,0.00208481,6
2.9926,0.13716,-0.277029,-0.0376991,0.129171,-0.557197,0.000155293,0.00208556,6
2.9947,0.136569,-0.28039,-0.0376991,0.107954,-0.654165,0.000155945,0.00208662,6
2.9968,0.135978,-0.278709,-0.0376991,0.0835348,-0.74542,0.000387046,0.00208538,9
2.9989,0.135313,-0.277029,-0.0376991,0.0573159,-0.84396,0.000155343,0.00208436,6
3.001,0.134795,-0.277029,-0.0376991,0.0309792,-0.948471,0.000158098,0.0020848,6
3.0031,0.134278,-0.277029,-0.0376991,0.00648671,-1.0458,0.000162997,0.00208639,6
3.0052,0.133687,-0.278709,-0.0376991,-0.0139182,-1.13354,0.000154863,0.00208545,6
3.0073,0.133096,-0.282071,-0.0376991,-0.0277131,-1.2016,0.000374444,0.00208665,9
3.0094,0.132431,-0.292155,-0.0376991,-0.0320943,-1.25751,0.000160753,0.00208288,6
3.0115,0.131839,-0.292155,-0.0376991,-0.0239778,-1.22809,0.000171413,0.00208627,6
3.0136,0.131248,-0.303359,-0.0376991,-0,-1.17731,0.000160333,0.00208563,6
3.0157,0.130583,-0.30672,-0.0376991,-0,-1.19191,0.000166143,0.0020864,6
3.0178,0.129918,-0.311202,-0.0345575,-0.0239782,-1.2563,0.000416341,0.00208559,9
3.0199,0.129179,-0.317925,-0.0345575,-0.0320945,-1.31491,0.00016413,0.00208418,6
3.022,0.128588,-0.316244,-0.0345575,-0.0277134,-1.29398,0.000157478,0.00208507,6
3.0241,0.127923,-0.319605,-0.0345575,-0.0139186,-1.25485,0.000154732,0.00208655,6
3.0262,0.127257,-0.487671,-0.0345575,0.00648659,-1.78399,0.000150916,0.00208547,6
3.0283,0.126592,-0.322967,-0.0345575,0.030979,-1.09704,0.000422652,0.00208654,9
3.0304,0.125853,-0.335852,-0.0314159,0.0333378,-1.08943,0.000159972,0.00208304,6
3.0325,0.125188,-0.340894,-0.0314159,0.0514404,-1.03957,0.000154543,0.00208154,6
3.0346,0.124523,-0.342574,-0.0314159,0.0802405,-0.935931,0.00015849,0.00208663,6
3.0367,0.123784,-0.340894,-0.0314159,0.115252,-0.796243,0.000156536,0.00208544,6
3.0388,0.123045,-0.347056,-0.0282743,0.128574,-0.721683,0.000480387,0.00208669,9
3.0409,0.122232,-0.347056,-0.0282743,0.15668,-0.615232,0.000159902,0.00208296,6
3.043,0.121567,-0.352098,-0.0282743,0.193403,-0.49285,0.000155394,0.00208625,6
3.0451,0.120902,-0.345936,-0.0282743,0.233417,-0.31724,0.000175721,0.00208522,6
3.0472,0.120163,-0.345936,-0.0282743,0.272236,-0.168785,0.000166384,0.00208681,6
3.0493,0.119424,-0.35714,-0.0251327,0.282237,-0.125341,0.000528846,0.00208567,9
3.0514,0.118537,-0.345936,-0.0251327,0.300458,-0.0172601,0.000176964,0.00208436,3
3.0535,0.117946,-0.340894,-0.0251327,0.321571,0.0809613,0.000156826,0.00208491,6
3.0556,0.117281,-0.345936,-0.0251327,0.341371,0.137425,0.000163949,0.0020865,6
3.0577,0.116542,-0.340894,-0.0251327,0.356774,0.212857,0.000158099,0.00208532,6
3.0598,0.115803,-0.340894,-0.0251327,0.365819,0.245336,0.000541078,0.00208703,9
3.0619,0.11499,-0.328009,-0.0251327,0.367663,0.295966,0.000277407,0.00208325,3
3.064,0.114399,-0.324647,-0.0251327,0.362588,0.286119,0.00016464,0.00207836,6
3.0661,0.113807,-0.322967,-0.0219912,0.328016,0.202967,0.000155745,0.00208514,6
3.0682,0.113142,-0.317925,-0.0219912,0.306312,0.134134,0.000161655,0.002086,6
3.0703,0.112477,-0.317925,-0.0219912,0.297755,0.0983267,0.000591961,0.00208575,9
3.0724,0.111664,-0.311202,-0.0219912,0.304027,0.143977,0.000228998,0.00208417,3
3.0745,0.111147,-0.301678,-0.0219912,0.284728,0.101226,0.000157678,0.0020846,6
3.0766,0.110482,-0.301678,-0.0219912,0.264396,0.0195548,0.000154922,0.00208537,6
3.0787,0.109891,-0.30504,-0.0188496,0.220736,-0.117183,0.000159291,0.0020867,6
3.0808,0.109226,-0.298317,-0.0188496,0.19639,-0.190242,0.000623238,0.00208574,9
3.0829,0.108487,-0.293275,-0.0188496,0.19192,-0.19222,0.000277426,0.00208407,3
3.085,0.107969,-0.293275,-0.0188496,0.209288,-0.126496,0.000161125,0.00208315,6
3.0871,0.107378,-0.292155,-0.0188496,0.208374,-0.128218,0.000160232,0.00208629,6
3.0892,0.106787,-0.292155,-0.0188496,0.213996,-0.108519,0.000157948,0.00208555,6
3.0913,0.106196,-0.288793,-0.0188496,0.228117,-0.0435911,0.000603982,0.00208661,9
3.0934,0.105457,-0.287113,-0.0188496,0.253822,0.0598423,0.00023005,0.00208305,3
3.0955,0.104939,-0.288793,-0.0188496,0.25183,0.0440986,0.000155864,0.00208597,6
3.0976,0.104422,-0.285432,-0.015708,0.223545,-0.00823332,0.000156716,0.00208543,6
3.0997,0.103831,-0.282071,-0.015708,0.211047,-0.04699,0.00016454,0.0020864,6
3.1018,0.10324,-0.278709,-0.015708,0.214058,-0.0253425,0.000595096,0.0020852,9
3.1039,0.102501,-0.278709,-0.015708,0.233417,0.0473131,0.000279129,0.00208425,3
3.106,0.102057,-0.269186,-0.015708,0.227603,0.0573658,0.000160122,0.00208306,6
3.1081,0.101466,-0.262463,-0.015708,0.219753,0.0488353,0.00015855,0.002086,6
3.1102,0.101023,-0.189074,-0.015708,0.209868,0.273364,0.000154141,0.00208523,6
3.1123,0.100431,-0.25462,-0.015708,0.198788,-0.00839444,0.000578206,0.0020866,9
3.1144,0.0997663,-0.251259,-0.015708,0.188195,-0.0400083,0.000238645,0.00208294,3
3.1165,0.0993229,-0.246217,-0.015708,0.180612,-0.0530108,0.000160483,0.00208492,6
3.1186,0.0988795,-0.242855,-0.015708,0.179403,-0.0472459,0.000154332,0.00208636,6
3.1207,0.0983622,-0.235012,-0.015708,0.188774,0.0156176,0.000156005,0.00208584,6
3.1228,0.0978449,-0.231651,-0.015708,0.170287,-0.0461958,0.000570311,0.0020869,9
3.1249,0.0973276,-0.22829,-0.015708,0.149882,-0.11548,0.000274511,0.00208309,3
3.127,0.0968842,-0.223248,-0.015708,0.130082,-0.17607,0.000157808,0.00208454,6
3.1291,0.0964408,-0.22997,-0.015708,0.113971,-0.264722,0.000156015,0.00208527,6
3.1312,0.0959974,-0.224928,-0.015708,0.105193,-0.282378,0.000155705,0.00208668,6
3.1333,0.0954801,-0.220446,-0.015708,0.107954,-0.257387,0.000550024,0.0020854,9
3.1354,0.0949627,-0.222127,-0.015708,0.083535,-0.360489,0.000195898,0.0020841,3
3.1375,0.0945932,-0.217085,-0.015708,0.057316,-0.445807,0.000153721,0.00208471,6
3.1396,0.0941498,-0.224928,-0.015708,0.0309792,-0.57833,0.000156877,0.00208637,6
3.1417,0.0937064,-0.222127,-0.015708,0.00648679,-0.66528,0.000160282,0.00208514,6
3.1438,0.0931891,-0.220446,-0.015708,-0.0139184,-0.740625,0.000543212,0.00208682,9
3.1459,0.0926718,-0.231651,-0.015708,-0.0277132,-0.836694,0.000276134,0.002083,3
3.148,0.0922284,-0.223248,-0.015708,-0.0320944,-0.825102,0.000170301,0.00208444,6
3.1501,0.091785,-0.22997,-0.015708,-0.023978,-0.819385,0.000163348,0.00208484,6
3.1522,0.0912677,-0.235012,-0.015708,-0,-0.746096,0.000161685,0.00208649,6
3.1543,0.0908243,-0.235012,-0.015708,-0,-0.747747,0.000534667,0.00208561,9
3.1564,0.0902331,-0.240054,-0.015708,-0,-0.768132,0.000189376,0.00208404,3
3.1585,0.0897897,-0.241175,-0.015708,-0,-0.773824,0.000164821,0.00208478,6
3.1606,0.0892724,-0.244536,-0.015708,-0,-0.787872,0.000159021,0.00208539,6
3.1627,0.0887551,-0.247897,-0.015708,-0,-0.801921,0.000166805,0.00208663,6
3.1648,0.0882378,-0.247897,-0.015708,-0,-0.803847,0.000524287,0.00208568,9
3.1669,0.0876466,-0.251259,-0.015708,-0,-0.81817,0.000180509,0.00208397,3
3.16901,0.0872031,-0.249578,-0.015708,-0,-0.81376,0.000161004,0.0020846,6
3.17111,0.0866858,-0.251259,-0.015708,-0,-0.821747,0.000166955,0.00208635,6
3.17321,0.0861685,-0.251259,-0.015708,-0,-0.823672,0.000159762,0.00207926,6
3.17531,0.0856512,-0.252939,-0.015708,-0,-0.831659,0.000507487,0.00208639,9
3.17741,0.0849861,-0.259102,-0.015708,-0,-0.856361,0.000162066,0.00208307,6
3.17951,0.0845427,-0.259102,-0.015708,-0,-0.858011,0.000164982,0.00208601,6
3.18161,0.0840254,-0.257421,-0.015708,-0,-0.853875,0.000174409,0.0020855,6
3.18371,0.0835081,-0.264144,-0.015708,-0,-0.880047,0.000167306,0.00208614,6
3.18581,0.0829169,-0.262463,-0.015708,-0,-0.876186,0.000510342,0.00208549,9
3.18791,0.0823257,-0.257421,-0.015708,-0,-0.860203,0.000175591,0.00208397,3
3.19001,0.0818084,-0.264144,-0.015708,-0,-0.886374,0.000162437,0.00208459,6
3.19211,0.0812911,-0.265824,-0.015708,-0,-0.894361,0.000159361,0.00208632,6
3.19421,0.0806999,-0.270866,-0.015708,-0,-0.914747,0.000160713,0.00208526,6
3.19631,0.0801826,-0.270866,-0.015708,-0,-0.916672,0.000470539,0.0020691,9
3.19841,0.0795174,-0.278709,-0.015708,-0,-0.947435,0.000161064,0.00208241,6
3.20051,0.0790001,-0.277029,-0.015708,-0,-0.943299,0.000163178,0.00208444,6
3.20261,0.0784089,-0.290474,-0.015708,-0,-0.993992,0.000156917,0.00208622,6
3.20471,0.0778177,-0.293275,-0.015708,-0,-1.0063,0.000158219,0.00208558,6
3.20681,0.0772265,-0.290474,-0.0125664,-0.0239779,-1.04414,0.000484805,0.00208647,9
3.20891,0.0764875,-0.299998,-0.0125664,-0.0320943,-1.11286,0.000165532,0.00208308,6
3.21101,0.0759702,-0.30504,-0.0125664,-0.0277131,-1.1159,0.000153731,0.00208634,6
3.21311,0.0753051,-0.308401,-0.0125664,-0.0139183,-1.07677,0.000152548,0.00208574,6
3.21521,0.0747139,-0.30504,-0.0125664,0.00648686,-0.987364,0.000169079,0.00208674,6
3.21731,0.0740488,-0.362182,-0.0125664,0.0309792,-1.10053,0.00048733,0.00208569,9
3.21941,0.0732359,-0.321286,-0.0125664,0.057316,-0.853473,0.000155995,0.0020844,6
3.22151,0.0727186,-0.319605,-0.0125664,0.0835349,-0.747211,0.000154633,0.00208523,6
3.22361,0.0720534,-0.321286,-0.0125664,0.107954,-0.660633,0.000154852,0.00208624,6
3.22571,0.0713883,-0.319605,-0.0125664,0.129171,-0.574403,0.000158519,0.00208557,6
3.22781,0.0707232,-0.319605,-0.0125664,0.146065,-0.511074,0.00048211,0.00208654,9
3.22991,0.0699103,-0.324647,-0.0125664,0.157795,-0.486594,0.000156536,0.00208293,6
3.23201,0.0693191,-0.326328,-0.0125664,0.1638,-0.471466,0.000151346,0.00208627,6
3.23411,0.068654,-0.329129,-0.00942478,0.139822,-0.529794,0.000157066,0.00208539,6
3.23621,0.0679889,-0.321286,-0.00942478,0.125701,-0.558988,0.000157918,0.00208655,6
3.23831,0.0673238,-0.322967,-0.00942478,0.118352,-0.59615,0.00050405,0.00208566,9
3.24041,0.0665109,-0.326328,-0.00942478,0.115253,-0.623371,0.000167325,0.00208415,3
3.24251,0.0659197,-0.324647,-0.00942478,0.114441,-0.622673,0.000161865,0.00208507,6
3.24461,0.0652546,-0.33249,-0.00628319,0.0905361,-0.6989,0.000156336,0.00208532,6
3.24671,0.0645894,-0.326328,-0.00628319,0.0825377,-0.710305,0.00015321,0.00208654,6
3.24881,0.0639243,-0.329129,-0.00628319,0.0868009,-0.706277,0.000527122,0.00208558,9
3.25091,0.0631114,-0.33249,-0.00314159,0.0765444,-0.713729,0.00028468,0.0020841,3
3.25301,0.0624463,-0.335852,-0.00314159,0.0896452,-0.677298,0.000161175,0.00208304,6
3.25511,0.0617812,-0.33249,-0.00314159,0.121618,-0.543112,0.000157317,0.00208607,6
3.25721,0.0611161,-0.334171,-0.00314159,0.169098,-0.366706,0.000156656,0.00208524,6
3.25931,0.0603771,-0.337532,-0.00314159,0.229844,-0.144967,0.000541339,0.00208667,9
3.26141,0.0595642,-0.335852,-0,0.278755,0.0962335,0.000174539,0.00208295,3
3.26351,0.058973,-0.335852,-0,0.312188,0.224257,0.000157658,0.00208585,6
3.26561,0.0583079,-0.335852,-0,0.347952,0.361089,0.000154713,0.00208563,6
3.26771,0.0575689,-0.33081,-0,0.381002,0.505256,0.000162446,0.0020867,6
3.26981,0.0569037,-0.326328,-0,0.407412,0.621816,0.000362422,0.00208537,9
3.27191,0.0561647,-0.321286,-0,0.424379,0.703341,0.000152148,0.00208421,6
3.27401,0.0555735,-0.317925,-0,0.430222,0.736021,0.000156646,0.0020853,6
3.27611,0.0549084,-0.310082,-0,0.424379,0.739074,0.00016423,0.00208665,6
3.27821,0.0543172,-0.30504,-0,0.407412,0.688966,0.000413404,0.00208538,9
3.28031,0.0535782,-0.287113,0.00314159,0.357024,0.602249,0.000171453,0.00208425,7
3.28241,0.0530609,-0.285432,0.00314159,0.315858,0.446037,0.000155164,0.00207861,7
3.28451,0.0524697,-0.277029,0.00314159,0.284474,0.351902,0.000169619,0.00208525,7
3.28661,0.0518785,-0.274228,0.00314159,0.264837,0.283313,0.000156105,0.00208693,7
3.28871,0.0513612,-0.265824,0.00314159,0.260309,0.294057,0.000494703,0.00208558,10
3.29081,0.0506961,-0.267505,0.00314159,0.232172,0.175922,0.000172215,0.00208392,6
3.29291,0.0502527,-0.257421,0.00314159,0.206647,0.111217,0.000161725,0.00208468,7
3.29501,0.0497354,-0.257421,0.00314159,0.187098,0.0331465,0.000157177,0.00208631,7
3.29711,0.0491441,-0.25462,0.00628319,0.154033,-0.0400972,0.000163509,0.00208571,7
3.29921,0.0486268,-0.244536,0.00628319,0.152898,-0.0100748,0.00059653,0.00208642,10
3.30131,0.0481095,-0.154901,0.00628319,0.143574,0.274957,0.000266837,0.00208273,6
3.30341,0.0475922,-0.337532,0.00628319,0.150878,-0.357198,0.000160193,0.00208434,7
3.30551,0.0471488,-0.226609,0.00628319,0.176774,0.142078,0.000164821,0.00208511,7
3.30761,0.0466315,-0.231651,0.00628319,0.180861,0.137888,0.000155664,0.00208646,7
3.30971,0.0461881,-0.231651,0.00628319,0.187398,0.161699,0.000670634,0.00208556,10
3.31181,0.0455969,-0.226609,0.00628319,0.197506,0.217054,0.000352663,0.0020839,6
3.31391,0.0452274,-0.220446,0.00628319,0.213147,0.298829,0.000169529,0.0020832,7
3.31601,0.044784,-0.217085,0.00628319,0.237125,0.402699,0.000155003,0.00208624,7
3.31811,0.0443406,-0.215404,0.00628319,0.2296,0.3778,0.000180109,0.00208538,7
3.32021,0.0438972,-0.208682,0.00628319,0.215111,0.343959,0.000155053,0.00208654,7
3.32231,0.0434538,-0.205321,0.00628319,0.194779,0.275236,0.000421089,0.0020855,13
3.32441,0.0430104,-0.200839,0.00628319,0.170287,0.194348,0.000168938,0.00208401,7
3.32651,0.0426409,-0.195797,0.00628319,0.143877,0.108285,0.000161826,0.00208507,7
3.32861,0.0421975,-0.194116,0.00628319,0.118352,0.0132725,0.000156676,0.00208531,7
3.33071,0.0418279,-0.186273,0.00628319,0.0970767,-0.0426863,0.000154082,0.00208681,7
3.33281,0.0414584,-0.17955,0.00628319,0.0839759,-0.0708454,0.00049839,0.00208566,10
3.33491,0.041015,-0.176189,0.00628319,0.0835349,-0.0620905,0.000238104,0.00208403,6
3.33701,0.0407194,-0.168346,0.00628319,0.057316,-0.13703,0.00015915,0.00208478,7
3.33911,0.0403499,-0.17955,0.00628319,0.0309792,-0.281402,0.000154703,0.00208664,7
3.34121,0.0399804,-0.169466,0.00628319,0.00648686,-0.34181,0.000157418,0.00208552,7
3.34331,0.0396109,-0.164985,0.00628319,-0.0139183,-0.406503,0.000594786,0.00208673,10
3.34541,0.0392414,-0.164985,0.00628319,-0.0277132,-0.461611,0.000234909,0.00208271,6
3.34751,0.0389458,-0.169466,0.00628319,-0.0320943,-0.495941,0.000165973,0.00208596,7
3.34961,0.0385763,-0.169466,0.00628319,-0.023978,-0.465702,0.000155854,0.00208566,7
3.35171,0.0382807,-0.164985,0.00628319,-0,-0.35724,0.000172635,0.00207527,7
3.35381,0.0379112,-0.164985,0.00628319,-0,-0.358616,0.000678729,0.00208529,10
3.35591,0.0374678,-0.166665,0.00628319,-0,-0.366328,0.000330994,0.00208396,6
3.35801,0.0371722,-0.161623,0.00628319,-0,-0.349244,0.000165472,0.00208323,7
3.36011,0.0368766,-0.166665,0.00314159,0.023978,-0.322779,0.00016999,0.00208629,7
3.36221,0.0365071,-0.169466,0.00314159,0.0320944,-0.302642,0.000156305,0.00208544,7
3.36431,0.0361376,-0.169466,0.00314159,0.0277132,-0.321083,0.000156717,0.00208686,7
3.36641,0.035842,-0.163304,0.00314159,0.0139183,-0.353691,0.000421279,0.00208553,13
3.36851,0.0353986,-0.161623,0.00314159,-0.00648682,-0.428761,0.000159682,0.00208293,7
3.37061,0.035103,-0.163304,0.00314159,-0.0309792,-0.531325,0.000158169,0.00208633,7
3.37271,0.0348074,-0.164985,0.00314159,-0.057316,-0.641073,0.000157076,0.00208546,7
3.37481,0.0344379,-0.164985,0.00314159,-0.0835349,-0.744575,0.000154832,0.00208674,7
3.37691,0.0341422,-0.163304,0.00314159,-0.107954,-0.834729,0.000496637,0.00208558,10
3.37901,0.0336988,-0.164985,0.00314159,-0.129171,-0.925085,0.000172685,0.00208399,6
3.38111,0.0334032,-0.159943,0.00314159,-0.146065,-0.973806,0.000158038,0.00208507,7
3.38321,0.0331076,-0.163304,0.00314159,-0.157795,-1.03272,0.000161254,0.0020867,7
3.38531,0.0327381,-0.172828,0.00314159,-0.1638,-1.09183,0.000162968,0.00207979,7
3.38741,0.0323686,-0.169466,0.00314159,-0.1638,-1.08109,0.00060251,0.00208647,10
3.38951,0.0319252,-0.17955,0.00314159,-0.157795,-1.09572,0.000221134,0.0020829,6
3.39161,0.0316296,-0.181231,0.00314159,-0.146065,-1.05719,0.000167636,0.00208608,7
3.39371,0.0312601,-0.184592,0.00314159,-0.129171,-1.00488,0.000162617,0.0020856,7
3.39581,0.0308167,-0.190755,0.00314159,-0.107954,-0.946112,0.000158049,0.00208661,7
3.39791,0.0304472,-0.195797,0.00314159,-0.0835349,-0.870557,0.000650678,0.00208549,10
3.40001,0.0299299,-0.192435,0.00314159,-0.057316,-0.758233,0.000308383,0.00208413,6
3.40211,0.0295604,-0.192435,0.00314159,-0.0309792,-0.657023,0.000167566,0.00208322,7
3.40421,0.0291909,-0.200839,0.00314159,-0.00648684,-0.593304,0.000156917,0.00208616,7
3.40631,0.0288214,-0.199158,0.00314159,0.0139183,-0.509137,0.000155604,0.00208564,7
3.40841,0.028378,-0.190755,0.00314159,0.0277132,-0.426747,0.000747465,0.0020868,10
3.41051,0.0278607,-0.197477,0.00314159,0.0320943,-0.435853,0.000386275,0.00208286,6
3.41261,0.0275651,-0.195797,0.00314159,0.023978,-0.462507,0.00015935,0.0020832,7
3.41471,0.0271956,-0.194116,0.00314159,-0,-0.551218,0.000161815,0.00208629,7
3.41681,0.0267521,-0.192435,0.00314159,-0,-0.546808,0.000168437,0.00208474,7
3.41891,0.0263826,-0.190755,0.00314159,-0,-0.542122,0.000164601,0.00208662,7
3.42101,0.0259392,-0.189074,0.00314159,-0,-0.537711,0.000483593,0.00208532,10
3.42312,0.0254958,-0.192435,0.00314159,-0,-0.551484,0.000166374,0.00208379,7
3.42522,0.0251263,-0.192435,0.00314159,-0,-0.55286,0.0001698,0.00208477,7
3.42731,0.0247568,-0.194116,0.00314159,-0,-0.560297,0.000165622,0.00208621,7
3.42942,0.0243873,-0.200839,0.00314159,-0,-0.585918,0.000165392,0.00208521,7
3.43152,0.0239439,-0.197477,0.00314159,-0,-0.575446,0.000534997,0.00208678,10
3.43362,0.0235005,-0.195797,0.00314159,-0,-0.571035,0.000193723,0.0020826,6
3.43572,0.023131,-0.200839,0.00314159,-0,-0.590595,0.000167716,0.00208589,7
3.43782,0.0226876,-0.202519,0.00628319,-0.023978,-0.644056,0.000157357,0.00208512,7
3.43992,0.0223181,-0.195797,0.00628319,-0.0320943,-0.6528,0.000158329,0.00208647,7
3.44202,0.0218747,-0.195797,0.00628319,-0.0277132,-0.637386,0.000650127,0.00208553,10
3.44412,0.0215791,-0.0294115,0.00628319,-0.0139183,0.015334,0.000329652,0.00208391,6
3.44622,0.0210618,-0.241175,0.00628319,0.00648685,-0.670857,0.000162296,0.00208319,7
3.44832,0.0206923,-0.192435,0.00628319,0.0309792,-0.401048,0.000167075,0.00208617,7
3.45042,0.0202489,-0.195797,0.00628319,0.057316,-0.312236,0.000156085,0.00208509,7
3.45252,0.0198055,-0.190755,0.00628319,0.0835349,-0.193575,0.000708534,0.0020782,10
3.45462,0.0193621,-0.194116,0.00628319,0.107954,-0.112234,0.000389942,0.00208416,6
3.45672,0.0189925,-0.194116,0.00628319,0.129171,-0.0309651,0.000160313,0.002083,7
3.45882,0.018623,-0.186273,0.00628319,0.146065,0.0617514,0.000164501,0.00208628,7
3.46092,0.0182535,-0.181231,0.00628319,0.157795,0.12425,0.000162407,0.0020853,7
3.46302,0.017884,-0.17955,0.00628319,0.1638,0.152327,0.000156585,0.00208647,7
3.46512,0.0175145,-0.17787,0.00628319,0.1638,0.157013,0.000450613,0.00208552,13
3.46722,0.0170711,-0.169466,0.00628319,0.157795,0.162279,0.000157858,0.00208398,7
3.46932,0.0167755,-0.164985,0.00628319,0.146065,0.131653,0.000164129,0.00208487,7
3.47142,0.0164799,-0.164985,0.00628319,0.129171,0.0647474,0.000157006,0.00208648,7
3.47352,0.0161104,-0.163304,0.00628319,0.107954,-0.0132107,0.000156807,0.00208566,7
3.47562,0.0158148,-0.159943,0.00942478,0.059557,-0.143053,0.000559461,0.00208671,10
3.47772,0.0153714,-0.154901,0.00942478,0.0252217,-0.26026,0.000207539,0.00208261,6
3.47982,0.0151497,-0.148738,0.00942478,0.00326604,-0.324381,0.000156696,0.00208607,7
3.48192,0.0148541,-0.145377,0.00942478,-0.00743148,-0.355027,0.000155704,0.00208538,7
3.48402,0.0145585,-0.147058,0.00942478,-0.00743148,-0.362189,0.000161244,0.00208676,7
3.48612,0.014189,-0.148738,0.00942478,0.00326602,-0.327957,0.00063507,0.00208562,10
3.48822,0.0138195,-0.145377,0.00942478,0.0252217,-0.231689,0.000310537,0.00208393,6
3.49032,0.0135978,-0.150419,0.00942478,0.0595569,-0.116958,0.000172475,0.00208304,7
3.49242,0.0133022,-0.145377,0.00942478,0.107954,0.0886398,0.000161575,0.00208211,7
3.49452,0.0130066,-0.150419,0.00942478,0.129171,0.151999,0.000168537,0.00208522,7
3.49662,0.012711,-0.145377,0.00942478,0.146065,0.234888,0.000720014,0.00208545,10
3.49872,0.0122676,-0.151539,0.00942478,0.157795,0.256702,0.000431047,0.00208222,6
3.50082,0.0120459,-0.140335,0.00942478,0.1638,0.319678,0.000162457,0.00208308,7
3.50292,0.0118242,-0.135293,0.00942478,0.1638,0.337037,0.000166624,0.00208619,7
3.50502,0.0115286,-0.133612,0.00942478,0.157795,0.318607,0.000157558,0.00208528,7
3.50712,0.0112329,-0.130811,0.00942478,0.146065,0.281919,0.000157257,0.00208679,7
3.50922,0.0110112,-0.129131,0.00942478,0.129171,0.22135,0.000468155,0.00208555,13
3.51132,0.0107156,-0.120727,0.00942478,0.107954,0.167913,0.000164821,0.00208402,7
3.51342,0.0104939,-0.115685,0.00942478,0.0835349,0.0901571,0.000156625,0.00208524,7
3.51552,0.0101983,-0.114565,0.00942478,0.057316,-0.00902888,0.000154963,0.00208641,7
3.51762,0.00997663,-0.109523,0.00942478,0.0309792,-0.0942559,0.000155303,0.00208538,7
3.51972,0.00975493,-0.106162,0.00942478,0.00648685,-0.178359,0.000557919,0.00208652,10
3.52182,0.00953323,-0.10112,0.00942478,-0.0139183,-0.240481,0.000199164,0.00208267,6
3.52392,0.00931152,-0.10112,0.00942478,-0.0277132,-0.29504,0.000166614,0.00208603,7
3.52602,0.00908982,-0.0977584,0.00942478,-0.0320943,-0.300807,0.000156606,0.00208527,7
3.52812,0.00894202,-0.0966379,0.00942478,-0.0239779,-0.265702,0.00015904,0.00208648,7
3.53022,0.00872032,-0.0966379,0.00942478,-0,-0.17313,0.000637143,0.00208557,10
3.53232,0.00849861,-0.0949573,0.00942478,-0,-0.167893,0.000308793,0.00208342,6
3.53442,0.00827691,-0.0882346,0.00942478,-0,-0.144473,0.000162918,0.00208302,7
3.53652,0.00812911,-0.0949573,0.00942478,-0,-0.169269,0.000159541,0.00208498,7
3.53862,0.0079074,-0.0949573,0.00628319,0.023978,-0.124344,0.000157307,0.00208615,7
3.54072,0.0077596,-0.0831926,0.00628319,0.0320944,-0.0508497,0.000741254,0.00208544,10
3.54282,0.0075379,-0.086554,0.00628319,0.0277132,-0.0808631,0.000403888,0.00208374,6
3.54492,0.0073901,-0.0831926,0.00628319,0.0139184,-0.123023,0.000165923,0.00208303,7
3.54702,0.0072423,-0.0882346,0.00628319,-0.00648679,-0.221239,0.000156545,0.00208606,7
3.54912,0.00702059,-0.0787109,0.00628319,-0.0309792,-0.283118,0.000155965,0.0020854,7
3.55122,0.00687279,-0.081512,0.00628319,-0.057316,-0.396356,0.000154933,0.00208662,7
3.55332,0.00672499,-0.0770302,0.00628319,-0.0835349,-0.482869,0.000495595,0.00208536,10
3.55542,0.00657719,-0.0753496,0.00628319,-0.107954,-0.572473,0.000162927,0.00208389,6
3.55752,0.00642938,-0.0736689,0.00314159,-0.105193,-0.603856,0.000174969,0.00208479,7
3.55962,0.00628158,-0.0770302,0.00314159,-0.113971,-0.65072,0.000157307,0.00208669,7
3.56172,0.00613378,-0.0753496,0.00314159,-0.130082,-0.707964,0.000163088,0.00208548,7
3.56382,0.00591208,-0.0787109,0.00314159,-0.149882,-0.798036,0.000586821,0.00208646,10
3.56592,0.00576428,-0.081512,0.00314159,-0.170287,-0.88817,0.000232825,0.00208263,6
3.56802,0.00561647,-0.0770302,0.00314159,-0.188774,-0.944567,0.000160242,0.002086,7
3.57012,0.00546867,-0.086554,0.00314159,-0.203381,-1.03636,0.000166364,0.00208537,7
3.57222,0.00524697,-0.086554,0.00314159,-0.212706,-1.07351,0.000157468,0.00208664,7
3.57432,0.00509917,-0.0915959,0.00314159,-0.215908,-1.10471,0.000658031,0.00208535,10
3.57642,0.00480356,-0.099439,0.00314159,-0.212706,-1.12163,0.000327057,0.00208384,6
3.57852,0.00465576,-0.099439,0.00314159,-0.203381,-1.08586,0.000159662,0.00208309,7
3.58062,0.00443406,-0.104481,0.00314159,-0.188774,-1.04797,0.000156095,0.0020852,7
3.58272,0.00421236,-0.109523,0.00314159,-0.170287,-0.994972,0.000156596,0.0020864,7
3.58482,0.00399065,-0.117366,0.00314159,-0.149882,-0.944603,0.000734841,0.00208555,7
3.58692,0.00369505,-0.117366,0.00314159,-0.130082,-0.868579,0.000398468,0.00208426,6
3.58902,0.00347335,-0.117366,0.00314159,-0.113971,-0.806649,0.000161354,0.00208306,7
3.59112,0.00325164,-0.122408,0.00314159,-0.105193,-0.791469,0.000157898,0.0020863,7
3.59322,0.00302994,-0.119047,0.00314159,-0.107954,-0.790925,0.000160062,0.00207982,7
3.59532,0.00273434,-0.119047,0.00314159,-0.0835349,-0.69691,0.000155333,0.00208658,7
3.59742,0.00251263,-0.117366,0.00314159,-0.057316,-0.589547,0.000477672,0.00208569,13
3.59952,0.00221703,-0.120727,0.00314159,-0.0309792,-0.500184,0.000159442,0.00208406,7
3.60162,0.00199533,-0.122408,0.00314159,-0.00648684,-0.41167,0.000157298,0.00208513,7
3.60372,0.00177362,-0.117366,0.00314159,0.0139183,-0.314829,0.000167596,0.00206528,7
3.60582,0.00147802,-0.119047,0.00314159,0.0277132,-0.268258,0.000157898,0.00208495,7
3.60792,0.00125632,-0.124089,0.00314159,0.0320943,-0.270202,0.00055883,0.00208665,10
3.61002,0.000960713,-0.112884,0.00314159,0.023978,-0.262507,0.000188905,0.00208259,6
3.61212,0.000739011,-0.112884,0.00314159,-0,-0.356731,0.000172645,0.00208626,7
3.61422,0.000517307,-0.112884,0.00314159,-0,-0.357556,0.000161134,0.00208532,7
3.61632,0.000295604,-0.114565,0.00314159,-0,-0.364443,0.0001697,0.00208659,7
3.61842,7.39014e-05,-0.111204,0.00314159,-0,-0.353145,0.000622146,0.0020853,10
3.62052,-0.000221703,-0.107842,0.00314159,-0,-0.342122,0.000275142,0.00208265,6
3.62262,-0.000369504,-0.111204,0.00314159,-0,-0.354796,0.000166484,0.00208423,7
3.62472,-0.000591208,-0.106162,0.00314159,-0,-0.337436,0.000160994,0.0020848,7
3.62682,-0.00081291,-0.111204,0.00314159,-0,-0.356446,0.000173386,0.00208645,7
3.62892,-0.00103461,-0.111204,0.00314159,-0,-0.357271,0.000695229,0.00208533,10
3.63102,-0.00133022,-0.109523,0.00314159,-0,-0.35231,0.000352173,0.00208367,6
3.63312,-0.00155192,-0.106162,0.00314159,-0,-0.341013,0.000166113,0.00208272,7
3.63522,-0.00177362,-0.107842,0.00314159,-0,-0.347899,0.000162837,0.00208604,7
3.63732,-0.00192142,-0.106162,0.00314159,-0,-0.342388,0.000160253,0.00208551,7
3.63942,-0.00221703,-0.106162,0.00314159,-0,-0.343488,0.000165031,0.00208684,7
3.64152,-0.00243873,-0.1028,0.00314159,-0,-0.332191,0.0004439,0.0020855,13
3.64362,-0.00266043,-0.1028,0.00314159,-0,-0.333016,0.000164952,0.00208381,7
3.64572,-0.00280824,-0.107842,0.00314159,-0,-0.351751,0.000161224,0.00208485,7
3.64782,-0.00302994,-0.099439,0.00314159,-0,-0.322268,0.000172765,0.00208566,7
3.64992,-0.00325164,-0.104481,0.00314159,-0,-0.341278,0.000159782,0.00208532,7
3.65202,-0.00347335,-0.10112,0.00314159,-0,-0.329981,0.000521882,0.00208678,10
3.65412,-0.00369505,-0.10112,0.00314159,-0,-0.330806,0.000175901,0.00208249,6
3.65622,-0.00391675,-0.099439,0.00314159,-0,-0.32557,0.000172175,0.00208608,7
3.65832,-0.00406455,-0.0977584,0.00314159,-0,-0.320058,0.000160233,0.00208493,7
3.66042,-0.00428626,-0.0899153,0.00314159,-0,-0.292597,0.000166464,0.00208645,7
3.66252,-0.00443406,-0.0915959,0.00314159,-0,-0.299208,0.000627085,0.00208555,10
3.66462,-0.00472966,-0.0848733,0.00314159,-0,-0.276063,0.000230501,0.00208238,6
3.66672,-0.00480356,-0.081512,0.00314159,-0,-0.264215,0.000169159,0.0020861,7
3.66882,-0.00495136,-0.0557419,0.00314159,-0,-0.171822,0.000160503,0.00208526,7
3.67092,-0.00502527,-0.0148458,0.00314159,-0,-0.0246014,0.000160604,0.00208664,7
3.67302,-0.00532087,-0.143696,0.00314159,-0,-0.490416,0.000656088,0.00208565,10
3.67512,-0.00554257,-0.0703076,0.00314159,-0,-0.226556,0.000318892,0.00208373,6
3.67722,-0.00561647,-0.0669463,0.00314159,-0,-0.214708,0.00016409,0.00208295,7
3.67932,-0.00576428,-0.0652656,0.00314159,-0,-0.209197,0.000160103,0.00208612,7
3.68142,-0.00591208,-0.0652656,0.00314159,-0,-0.209747,0.000159902,0.0020855,7
3.68352,-0.00605988,-0.0635849,0.00314159,-0,-0.204236,0.00072851,0.00208656,10
3.68562,-0.00620768,-0.0624645,0.00314159,-0,-0.200745,0.000390403,0.00208269,6
3.68773,-0.00635548,-0.0624645,0.00314159,-0,-0.201295,0.000166214,0.00208409,7
3.68983,-0.00642938,-0.0591032,0.00314159,-0,-0.189447,0.000162046,0.00208483,7
3.69193,-0.00657719,-0.0557419,0.00314159,-0,-0.177874,0.000171283,0.00208665,7
3.69403,-0.00665109,-0.0540612,0.00314159,-0,-0.172088,0.000173397,0.00208395,7
3.69613,-0.00679889,-0.0540612,0.00314159,-0,-0.172638,0.000458397,0.00208622,13
3.69823,-0.00687279,-0.0523805,0.00314159,-0,-0.166852,0.0001646,0.00208267,7
3.70033,-0.00694669,-0.0473386,0.00314159,-0,-0.148943,0.000177023,0.00208,7
3.70243,-0.00709449,-0.0473386,0.00314159,-0,-0.149493,0.000160393,0.00208487,7
3.70453,-0.00716839,-0.0473386,0.00314159,-0,-0.149768,0.00015878,0.00208537,7
3.70663,-0.00724229,-0.0428568,0.00314159,-0,-0.133879,0.000546608,0.0020866,10
3.70873,-0.0073901,-0.0394955,0.00314159,-0,-0.122306,0.000186641,0.00208258,6
3.71083,-0.007464,-0.0428568,0.00314159,-0,-0.134704,0.00015857,0.0020857,7
3.71293,-0.0075379,-0.0394955,0.00314159,-0,-0.122856,0.000157077,0.0020853,7
3.71503,-0.0076118,-0.0394955,0.00314159,-0,-0.123131,0.000156105,0.00208655,7
3.71713,-0.0076857,-0.0394955,0.00314159,-0,-0.123407,0.000614952,0.00208519,10
3.71923,-0.0077596,-0.0277309,0.00314159,-0,-0.0812512,0.000273529,0.00208389,6
3.72133,-0.0078335,-0.0344535,0.00314159,-0,-0.105772,0.000160673,0.00208241,7
3.72343,-0.0079074,-0.0294115,0.00314159,-0,-0.0878629,0.000155724,0.00208604,7
3.72553,-0.0079074,-0.0249298,0.00314159,-0,-0.071699,0.000160313,0.00208539,7
3.72763,-0.0079813,-0.0232491,-0,0.023978,-0.0201628,0.000619451,0.00208621,9
3.72973,-0.0080552,-0.0266104,-0,0.0320943,-0.000946404,0.000184547,0.00208281,3
3.73183,-0.0080552,-0.0114845,-0,0.0277132,0.0365417,0.0001538,0.00208584,6
3.73393,-0.0080552,-0.0165265,-0,0.0139183,-0.0353759,0.000157768,0.00208523,6
3.73603,-0.00812911,-0.00868341,-0,-0.00648683,-0.0868453,0.000151376,0.00208666,6
3.73813,-0.00812911,-0.00532209,-0,-0.0309792,-0.170124,0.000319844,0.00208545,9
3.74023,-0.00812911,-0.00028011,-0,-0.057316,-0.254525,0.000153319,0.00208399,6
3.74233,-0.00812911,0.00308121,-0,-0.0835349,-0.344529,0.000156686,0.00208514,6
3.74443,-0.00812911,0.00644253,-0,-0.107954,-0.427521,0.000155413,0.00208665,6
3.74653,-0.00812911,0.00308121,-0,-0.129171,-0.522288,0.000435775,0.00208569,9
3.74863,-0.00812911,-0.00028011,-0,-0.146065,-0.600216,0.000157196,0.00208268,6
3.75073,-0.00812911,-0.00700275,-0,-0.157795,-0.670152,0.000156425,0.00208629,6
3.75283,-0.00812911,-0.00028011,-0,-0.1638,-0.669297,0.00015377,0.0020853,6
3.75493,-0.00812911,-0.00196077,-0,-0.1638,-0.675359,0.000566134,0.0020866,9
3.75703,-0.00812911,0.00308121,-0,-0.157795,-0.633783,0.000168728,0.00208264,3
3.75913,-0.00812911,-0.00196077,-0,-0.146065,-0.606278,0.000157557,0.00208614,6
3.76123,-0.00812911,-0.00196077,-0,-0.129171,-0.540473,0.000168147,0.00208523,6
3.76333,-0.00812911,-0.00028011,-0,-0.107954,-0.451767,0.000152358,0.00208668,6
3.76543,-0.00812911,-0.00364143,-0.00314159,-0.059557,-0.323025,0.00038312,0.00208544,9
3.76753,-0.00812911,-0.00196077,-0.00314159,-0.0252217,-0.183223,0.000160874,0.00208411,6
3.76963,-0.00812911,0.00140055,-0.00314159,-0.00326602,-0.085579,0.000154102,0.00208499,6
3.77173,-0.00812911,0.00476187,-0.00314159,0.00743148,-0.0317876,0.000152729,0.00208653,6
3.77383,-0.00812911,0.00140055,-0.00314159,0.00743148,-0.0439106,0.000152128,0.00208532,6
3.77593,-0.00812911,0.00476187,-0.00314159,-0.00326602,-0.073456,0.000381476,0.00208663,9
3.77803,-0.00812911,0.00140055,-0.00314159,-0.0252217,-0.1711,0.000156306,0.00208316,6
3.78013,-0.00812911,0.00140055,-0.00314159,-0.059557,-0.304841,0.000153911,0.00208601,6
3.78223,-0.00812911,-0.00196077,-0.00314159,-0.107954,-0.505477,0.00015305,0.00208556,6
3.78433,-0.00812911,0.00476187,-0.00314159,-0.129171,-0.563875,0.000166313,0.00208659,6
3.78643,-0.00812911,-0.00028011,-0.00314159,-0.146065,-0.647865,0.000361881,0.00208526,9
3.78853,-0.00812911,-0.00532209,-0.00314159,-0.157795,-0.711739,0.000155123,0.00208322,6
3.79063,-0.00812911,-0.00532209,-0.00314159,-0.1638,-0.73513,0.000156075,0.00208644,6
3.79273,-0.00812911,-0.00364143,-0.00314159,-0.1638,-0.729068,0.000152809,0.00208516,6
3.79483,-0.00812911,-0.00532209,-0.00314159,-0.157795,-0.711739,0.000171894,0.00208676,6
3.79693,-0.00812911,-0.00196077,-0.00314159,-0.146065,-0.653926,0.00037213,0.0020854,9
3.79903,-0.00812911,-0.00532209,-0.00314159,-0.129171,-0.600244,0.000157618,0.00208391,6
3.80113,-0.00812911,-0.00196077,-0.00628319,-0.0839759,-0.459727,0.000154121,0.00208482,6
3.80323,-0.00820301,-0.00532209,-0.00628319,-0.0514406,-0.345396,0.000157327,0.0020865,6
3.80533,-0.00820301,-0.00868341,-0.00628319,-0.0296029,-0.272457,0.000153019,0.00207937,6
3.80743,-0.00820301,-0.00532209,-0.00628319,-0.0170609,-0.211481,0.000355279,0.00208647,9
3.80953,-0.00820301,-0.00868341,-0.00628319,-0.0129737,-0.207684,0.000157267,0.00208277,6
3.81163,-0.00820301,-0.00532209,-0.00628319,-0.0170609,-0.211481,0.000157889,0.00208657,6
3.81373,-0.00820301,-0.00196077,-0.00628319,-0.0296029,-0.248211,0.000152739,0.00208557,6
3.81583,-0.00827691,-0.00364143,-0.00628319,-0.0514406,-0.339609,0.000149623,0.00208662,6
3.81793,-0.00827691,-0.00196077,-0.00628319,-0.0839759,-0.460277,0.000349428,0.00208554,9
3.82003,-0.00820301,0.00644253,-0.00942478,-0.105193,-0.559987,0.000158139,0.00208412,6
3.82213,-0.00820301,0.00308121,-0.00942478,-0.113971,-0.606301,0.000153811,0.00208505,6
3.82423,-0.00820301,-0.00364143,-0.00942478,-0.130082,-0.693302,0.000149603,0.00208634,6
3.82633,-0.00820301,0.00140055,-0.00942478,-0.149882,-0.752241,0.000152348,0.00208559,6
3.82843,-0.00827691,-0.00028011,-0.00942478,-0.170287,-0.838059,0.000359356,0.00208656,9
3.83053,-0.00827691,-0.00196077,-0.00942478,-0.188774,-0.916131,0.00016963,0.0020828,6
3.83263,-0.00827691,-0.00700275,-0.00942478,-0.203381,-0.991212,0.00015336,0.00208544,6
3.83473,-0.00827691,-0.00532209,-0.00942478,-0.212706,-1.02147,0.000154261,0.00208645,6
3.83683,-0.00827691,-0.00980385,-0.00942478,-0.215908,-1.05011,0.000159722,0.00208493,6
3.83893,-0.00827691,-0.0165265,-0.00942478,-0.212706,-1.06188,0.000366208,0.00208671,9
3.84103,-0.00835081,-0.0215685,-0.00942478,-0.203381,-1.04402,0.000158519,0.00208331,6
3.84313,-0.00835081,-0.0131652,-0.00942478,-0.188774,-0.956816,0.000152588,0.00208629,6
3.84523,-0.00842471,-0.0215685,-0.00942478,-0.170287,-0.915388,0.000159752,0.00208555,6
3.84733,-0.00849861,-0.0215685,-0.00942478,-0.149882,-0.836182,0.000151216,0.00208647,6
3.84943,-0.00849861,-0.0310922,-0.00942478,-0.130082,-0.793406,0.000357282,0.00208564,9
3.85153,-0.00857251,-0.0249298,-0.00942478,-0.113971,-0.708701,0.000156045,0.00208415,6
3.85363,-0.00864641,-0.0361342,-0.00942478,-0.105193,-0.715195,0.000157828,0.00208505,6
3.85573,-0.00872032,-0.0294115,-0.00942478,-0.107954,-0.701978,0.000150315,0.00208639,6
3.85783,-0.00879421,-0.0294115,-0.00942478,-0.0835349,-0.607138,0.000152218,0.0020857,6
3.85993,-0.00886812,-0.0411762,-0.00942478,-0.057316,-0.547717,0.000370156,0.00208658,9
3.86203,-0.00894202,-0.0378148,-0.00942478,-0.0309792,-0.433283,0.000160884,0.00208285,6
3.86413,-0.00901592,-0.0361342,-0.00942478,-0.00648685,-0.332095,0.000170241,0.00208613,6
3.86623,-0.00908982,-0.0378148,-0.00942478,0.0139183,-0.258951,0.000153099,0.00208542,6
3.86833,-0.00916372,-0.0378148,-0.00942478,0.0277132,-0.205492,0.000157387,0.00208649,6
3.87043,-0.00923762,-0.0310922,-0.00942478,0.0320943,-0.164456,0.000360879,0.00208553,9
3.87253,-0.00931152,-0.0266104,-0.00942478,0.0239779,-0.180182,0.000156736,0.00208285,6
3.87463,-0.00931152,-0.0266104,-0.00942478,-0,-0.27358,0.000159421,0.00208616,6
3.87673,-0.00938542,-0.0294115,-0.00942478,-0,-0.283957,0.000157848,0.002085,6
3.87883,-0.00945932,-0.0198878,-0.00942478,-0,-0.249884,0.000159011,0.00208654,6
3.88093,-0.00945932,-0.0182071,-0.00942478,-0,-0.243823,0.000355038,0.00208083,9
3.88303,-0.00953323,-0.0165265,-0.00942478,-0,-0.238036,0.000156216,0.00208403,6
3.88513,-0.00953323,-0.0198878,-0.00942478,-0,-0.250159,0.00015912,0.00208498,6
3.88723,-0.00960713,-0.0182071,-0.00942478,-0,-0.244373,0.000156987,0.00208634,6
3.88933,-0.00960713,-0.0114845,-0.00942478,-0,-0.220127,0.000161184,0.00208546,6
3.89143,-0.00960713,-0.0148458,-0.00942478,-0,-0.23225,0.000365026,0.00208641,9
3.89353,-0.00968103,-0.00980385,-0.00942478,-0,-0.214341,0.000160654,0.00208272,6
3.89563,-0.00968103,-0.0131652,-0.00942478,-0,-0.226463,0.000155093,0.00208611,6
3.89773,-0.00968103,-0.0131652,-0.00942478,-0,-0.226463,0.000177654,0.0020852,6
3.89983,-0.00968103,-0.00700275,-0.00942478,-0,-0.204238,0.000156235,0.00208642,6
3.90193,-0.00975493,-0.00700275,-0.00942478,-0,-0.204513,0.000375225,0.00208538,9
3.90403,-0.00975493,-0.00700275,-0.00942478,-0,-0.204513,0.000163158,0.0020776,6
3.90613,-0.00975493,-0.00532209,-0.00942478,-0,-0.198452,0.000163779,0.00208489,6
3.90823,-0.00975493,-0.00196077,-0.00942478,-0,-0.186329,0.000160713,0.00208616,6
3.91033,-0.00975493,-0.00700275,-0.00942478,-0,-0.204513,0.000156105,0.00208561,6
3.91243,-0.00982883,-0.00028011,-0.00942478,-0,-0.180542,0.000370015,0.00208643,9
3.91453,-0.00982883,0.00308121,-0.00942478,-0,-0.168419,0.000163068,0.00208278,6
3.91663,-0.00982883,0.00140055,-0.00942478,-0,-0.174481,0.00015852,0.00208495,6
3.91873,-0.00982883,-0.00028011,-0.00942478,-0,-0.180542,0.000156506,0.0020864,6
3.92083,-0.00982883,-0.00028011,-0.00942478,-0,-0.180542,0.000156767,0.00208528,6
3.92293,-0.00975493,0.00476187,-0.00942478,-0,-0.162083,0.000366609,0.00208654,9
3.92503,-0.00975493,-0.00196077,-0.0125664,0.0239779,-0.140579,0.000156967,0.00208284,6
3.92713,-0.00982883,-0.00196077,-0.0125664,0.0320943,-0.10924,0.000154061,0.00208601,6
3.92923,-0.00982883,0.00140055,-0.0125664,0.0277131,-0.114182,0.00015299,0.00208071,6
3.93133,-0.00975493,0.00308121,-0.0125664,0.0139183,-0.161579,0.00016958,0.00208671,6
3.93343,-0.00982883,-0.00028011,-0.0125664,-0.00648689,-0.253458,0.000374013,0.00208431,9
3.93553,-0.00975493,0.00308121,-0.0125664,-0.0309793,-0.336461,0.000155644,0.00208405,6
3.93763,-0.00975493,0.00140055,-0.0125664,-0.0573161,-0.445109,0.000154121,0.00208497,6
3.93973,-0.00975493,-0.00028011,-0.0125664,-0.083535,-0.553297,0.00015328,0.00208636,6
3.94183,-0.00982883,-0.00196077,-0.0125664,-0.107954,-0.654749,0.000157588,0.00208502,6
3.94393,-0.00982883,-0.00028011,-0.0125664,-0.129171,-0.731331,0.000385954,0.00208649,9
3.94603,-0.00982883,-0.00364143,-0.0125664,-0.146065,-0.809259,0.0001591,0.00208317,6
3.94813,-0.00982883,-0.00196077,-0.0125664,-0.157795,-0.848888,0.000156596,0.00208615,6
3.95024,-0.00982883,-0.00532209,-0.0125664,-0.1638,-0.884402,0.000161345,0.00208526,6
3.95234,-0.00982883,-0.00364143,-0.0125664,-0.1638,-0.87834,0.000161956,0.00208659,6
3.95444,-0.00982883,-0.00364143,-0.0125664,-0.157795,-0.854949,0.000389942,0.00208558,9
3.95654,-0.00982883,-0.0114845,-0.0125664,-0.146065,-0.837546,0.000160012,0.00208302,6
3.95864,-0.00990273,-0.0148458,-0.0125664,-0.129171,-0.784139,0.000163068,0.00208616,6
3.96074,-0.00990273,-0.0148458,-0.0125664,-0.107954,-0.701495,0.000157688,0.00208522,6
3.96284,-0.00990273,-0.0165265,-0.0125664,-0.083535,-0.612441,0.000164741,0.00208657,6
3.96494,-0.00997663,-0.0249298,-0.0125664,-0.0573161,-0.540897,0.000387278,0.00208404,9
3.96704,-0.0100505,-0.0165265,-0.0125664,-0.0309793,-0.408279,0.000160463,0.00208441,6
3.96914,-0.0100505,-0.0232491,-0.0125664,-0.00648688,-0.337123,0.000157808,0.00208472,6
3.97124,-0.0101244,-0.0198878,-0.0125664,0.0139183,-0.245794,0.000162377,0.0020865,6
3.97334,-0.0101244,-0.0215685,-0.0125664,0.0277132,-0.198123,0.000164129,0.00208541,6
3.97544,-0.0101983,-0.0198878,-0.0125664,0.0320943,-0.175271,0.000615724,0.00205895,9
3.97754,-0.0102722,-0.0165265,-0.0125664,0.023978,-0.195038,0.000157057,0.00208532,6
3.97964,-0.0102722,-0.0215685,-0.0125664,-0,-0.30662,0.000166313,0.00208676,6
3.98174,-0.0102722,-0.0182071,-0.0125664,-0,-0.294497,0.000165773,0.00208552,6
3.98384,-0.0103461,-0.0148458,-0.0125664,-0,-0.282649,0.000160292,0.00208672,6
3.98594,-0.0103461,-0.0131652,-0.0125664,-0,-0.276588,0.000408736,0.00208572,9
3.98804,-0.01042,-0.0148458,-0.0125664,-0,-0.282924,0.000156305,0.00208429,6
3.99014,-0.01042,-0.00980385,-0.0125664,-0,-0.26474,0.000164821,0.00208502,6
3.99224,-0.01042,-0.00700275,-0.0125664,-0,-0.254637,0.000155023,0.00208611,6
3.99434,-0.01042,-0.00700275,-0.0125664,-0,-0.254637,0.000158759,0.00208563,6
3.99644,-0.01042,-0.00700275,-0.0125664,-0,-0.254637,0.000409327,0.00208665,9
3.99854,-0.0104939,-0.00532209,-0.0125664,-0,-0.248851,0.000172284,0.00208287,6
4.00064,-0.0104939,-0.00028011,-0.0125664,-0,-0.230666,0.000173467,0.00208491,6
4.00274,-0.01042,-0.00028011,-0.0125664,-0,-0.230391,0.000162377,0.00208655,6
4.00484,-0.01042,-0.00028011,-0.0125664,-0,-0.230391,0.000162196,0.00208552,6
4.00694,-0.01042,0.00308121,-0.0125664,-0,-0.218268,0.000408215,0.00208096,9
4.00904,-0.01042,-0.00028011,-0.0125664,-0,-0.230391,0.0001642,0.00208271,6
4.01114,-0.01042,-0.00028011,-0.0125664,-0,-0.230391,0.000160032,0.00208615,6
4.01324,-0.01042,-0.00028011,-0.0125664,-0,-0.230391,0.000160793,0.00208407,6
4.01534,-0.01042,-0.00364143,-0.0125664,-0,-0.242514,0.000165241,0.00208631,6
4.01744,-0.01042,0.00140055,-0.0125664,-0,-0.22433,0.000417002,0.00208557,9
4.01954,-0.01042,-0.00028011,-0.0125664,-0,-0.230391,0.000164921,0.00208393,6
4.02164,-0.01042,-0.00028011,-0.0125664,-0,-0.230391,0.000169259,0.00208474,6
4.02374,-0.01042,0.00476187,-0.0125664,-0,-0.212207,0.00049288,0.00205805,6
4.02584,-0.01042,-0.00196077,-0.0125664,-0,-0.236453,0.000159461,0.00208525,6
4.02794,-0.01042,0.00140055,-0.0125664,-0,-0.22433,0.000410689,0.00208659,9
4.03004,-0.01042,0.00308121,-0.0125664,-0,-0.218268,0.000176472,0.00208267,6
4.03214,-0.01042,-0.00532209,-0.0125664,-0,-0.248576,0.000163679,0.00208579,6
4.03424,-0.01042,-0.00028011,-0.0125664,-0,-0.230391,0.000159762,0.00208545,6
4.03634,-0.01042,0.00476187,-0.0125664,-0,-0.212207,0.000166755,0.00208647,6
4.03844,-0.01042,0.00140055,-0.0125664,-0,-0.22433,0.000417452,0.002085,9
4.04054,-0.01042,-0.00196077,-0.0125664,-0,-0.236453,0.000163339,0.00208262,6
4.04264,-0.01042,0.00308121,-0.0125664,-0,-0.218268,0.000166584,0.00208614,6
4.04474,-0.01042,0.00140055,-0.0125664,-0,-0.22433,0.000160743,0.00208524,6
4.04684,-0.01042,-0.00196077,-0.0125664,-0,-0.236453,0.000166624,0.00208634,6
4.04894,-0.01042,0.00140055,-0.0125664,-0,-0.22433,0.000421269,0.00208544,9
4.05104,-0.01042,-0.00028011,-0.0125664,-0,-0.230391,0.00016938,0.0020838,6
4.05314,-0.01042,-0.00028011,-0.0125664,-0,-0.230391,0.000162257,0.0020845,6
4.05524,-0.01042,-0.00196077,-0.0125664,-0,-0.236453,0.000166885,0.00208637,6
4.05734,-0.01042,-0.00196077,-0.0125664,-0,-0.236453,0.000158911,0.00208525,6
4.05944,-0.01042,-0.00028011,-0.0125664,-0,-0.230391,0.000426389,0.00208647,9
4.06154,-0.01042,-0.00196077,-0.0125664,-0,-0.236453,0.000162637,0.00208289,6
4.06364,-0.01042,-0.00028011,-0.0125664,-0,-0.230391,0.000165342,0.00208616,6
4.06574,-0.01042,0.00140055,-0.0125664,-0,-0.22433,0.000159732,0.00208518,6
4.06784,-0.01042,0.00644253,-0.0125664,-0,-0.206145,0.000165742,0.00208659,6
4.06994,-0.01042,-0.00028011,-0.0125664,-0,-0.230391,0.000430666,0.00208549,9
4.07204,-0.01042,0.00140055,-0.0125664,-0,-0.22433,0.000171223,0.00208397,6
4.07414,-0.01042,-0.00196077,-0.0125664,-0,-0.236453,0.000162497,0.00208457,6
4.07624,-0.01042,-0.00196077,-0.0125664,-0,-0.236453,0.000166424,0.00208641,6
4.07834,-0.01042,0.00140055,-0.0125664,-0,-0.22433,0.000160483,0.00208542,6
4.08044,-0.01042,-0.00028011,-0.0125664,-0,-0.230391,0.000426008,0.00207439,9
4.08254,-0.01042,-0.00364143,-0.0125664,-0,-0.242514,0.000163027,0.0020828,6
4.08464,-0.01042,-0.00532209,-0.0125664,-0,-0.248576,0.000158769,0.00208507,6
4.08674,-0.01042,0.00476187,-0.00942478,-0.023978,-0.257957,0.000163879,0.00208643,6
4.08884,-0.01042,0.00140055,-0.00942478,-0.0320944,-0.301694,0.000160724,0.00208553,6
4.09094,-0.01042,-0.00364143,-0.00942478,-0.0277132,-0.302813,0.000442568,0.00208647,9
4.09304,-0.01042,-0.00196077,-0.00942478,-0.0139184,-0.243019,0.000161195,0.0020832,6
4.09514,-0.01042,-0.00028011,-0.00942478,0.0064868,-0.157476,0.000163869,0.00208609,6
4.09724,-0.01042,-0.00028011,-0.00942478,0.0309792,-0.0620744,0.000163328,0.00208545,6
4.09934,-0.01042,-0.00028011,-0.00942478,0.057316,0.0405116,0.000156105,0.00208661,6
4.10144,-0.01042,0.00140055,-0.00942478,0.0835349,0.1487,0.000460561,0.00208564,9
4.10354,-0.01042,0.00308121,-0.00942478,0.107954,0.249876,0.000156385,0.00208416,6
4.10564,-0.01042,-0.00028011,-0.00942478,0.129171,0.320398,0.000168247,0.00206585,6
4.10774,-0.01042,-0.00028011,-0.00942478,0.146065,0.386202,0.000155624,0.00206859,6
4.10984,-0.01042,-0.00028011,-0.00942478,0.157795,0.431892,0.000155023,0.00208535,6
4.11194,-0.01042,0.00476187,-0.00942478,0.1638,0.473468,0.000449421,0.00208691,9
4.11404,-0.01042,0.00812319,-0.00942478,0.1638,0.485591,0.000163378,0.0020827,6
4.11614,-0.01042,0.00644253,-0.00942478,0.157795,0.456138,0.000152609,0.00207588,6
4.11824,-0.01042,0.00476187,-0.00942478,0.146065,0.404387,0.000155684,0.0020851,6
4.12034,-0.01042,0.00476187,-0.00942478,0.129171,0.338582,0.000156746,0.00208657,6
4.12244,-0.0103461,0.00924363,-0.00942478,0.107954,0.272377,0.000452877,0.00208571,9
4.12454,-0.0103461,0.0109243,-0.00942478,0.0835349,0.183323,0.000156195,0.00208303,6
4.12664,-0.0103461,0.00644253,-0.00942478,0.057316,0.0650326,0.000154191,0.00208634,6
4.12874,-0.0103461,0.00644253,-0.00942478,0.0309792,-0.0375532,0.000155955,0.00208546,6
4.13084,-0.0102722,0.00644253,-0.00942478,0.00648685,-0.13268,0.000155344,0.00208688,6
4.13294,-0.0102722,0.00476187,-0.00942478,-0.0139183,-0.218222,0.000472833,0.00207835,9
4.13504,-0.0102722,0.00308121,-0.00942478,-0.0277132,-0.278017,0.000424936,0.00205,6
4.13714,-0.0102722,-0.00028011,-0.00942478,-0.0320943,-0.307205,0.000376718,0.00205508,6
4.13924,-0.0102722,-0.00364143,-0.00942478,-0.023978,-0.287714,0.000357302,0.00206028,6
4.14134,-0.0102722,0.00140055,-0.00942478,-0,-0.176131,0.00038334,0.00205683,6
4.14344,-0.0103461,-0.00868341,-0.00628319,-0.023978,-0.258525,0.000782558,0.00205907,9
4.14554,-0.0103461,-0.00532209,-0.00628319,-0.0320944,-0.278017,0.000105814,0.00208436,6
4.14764,-0.0103461,-0.00028011,-0.00628319,-0.0277132,-0.242767,0.000102357,0.00208813,6
4.14974,-0.0103461,-0.00364143,-0.00628319,-0.0139184,-0.201157,0.00010364,0.00208729,6
4.15184,-0.0103461,-0.00532209,-0.00628319,0.00648679,-0.127737,0.000101816,0.00208855,6
4.15394,-0.0103461,0.00140055,-0.00628319,0.0309792,-0.00808978,0.000450653,0.00208716,9
4.15604,-0.0103461,-0.00532209,-0.00628319,0.057316,0.0702502,0.000103609,0.00208543,6
4.15814,-0.0103461,0.00140055,-0.00628319,0.0835349,0.196623,0.00010373,0.00208698,6
4.16024,-0.0103461,-0.00028011,-0.00628319,0.107954,0.285677,0.000102427,0.00208817,6
4.16234,-0.0103461,-0.00028011,-0.00628319,0.129171,0.368321,0.000110922,0.00208428,6
4.16444,-0.0103461,0.00308121,-0.00628319,0.146065,0.446249,0.000433902,0.00207132,9
4.16654,-0.0103461,0.00476187,-0.00628319,0.157795,0.498,0.000104661,0.00208426,6
4.16864,-0.0103461,0.00140055,-0.00314159,0.139822,0.463519,0.000133284,0.00208688,6
4.17074,-0.0103461,0.00476187,-0.00314159,0.131706,0.444027,0.000370036,0.0020604,6
4.17285,-0.0103461,0.00308121,-0.00314159,0.130082,0.43164,0.000145946,0.00208446,6
4.17495,-0.0102722,0.00140055,-0.00314159,0.132147,0.433897,0.000795993,0.00206058,9
4.17705,-0.0102722,0.00644253,-0.00314159,0.135658,0.465757,0.000138613,0.00207993,6
4.17915,-0.0102722,0.00308121,-0.00314159,0.138933,0.466392,0.000102618,0.00208816,6
4.18125,-0.0102722,0.00476187,-0.00314159,0.140851,0.479924,0.000103188,0.00208741,6
4.18335,-0.0102722,0.00924363,-0.00314159,0.140851,0.496088,0.000100944,0.00208863,6
4.18545,-0.0102722,-0.00028011,-0.00314159,0.138933,0.454269,0.000452947,0.00208753,9
4.18755,-0.0102722,0.00924363,-0.00314159,0.135658,0.47586,0.000103288,0.00208543,6
4.18965,-0.0102722,0.00924363,-0.00314159,0.132147,0.462184,0.000102638,0.00208689,6
4.19175,-0.0101983,0.0126049,-0.00314159,0.130082,0.466539,0.000101005,0.00208853,6
4.19385,-0.0101983,0.00924363,-0.00314159,0.131706,0.460741,0.000102628,0.00208736,6
4.19595,-0.0101983,0.0126049,-0.00314159,0.139822,0.504479,0.000453869,0.00208853,9
4.19805,-0.0101244,0.00812319,-0.00314159,0.157795,0.558597,0.000105032,0.00208432,6
4.20015,-0.0101244,0.0159663,-0.00314159,0.146065,0.541194,0.000101225,0.002088,6
4.20225,-0.0101244,0.00924363,-0.00314159,0.129171,0.451143,0.000102547,0.00208731,6
4.20435,-0.0101244,0.00924363,-0.00314159,0.107954,0.368499,0.000116162,0.00208844,6
4.20645,-0.0100505,0.0159663,-0.00314159,0.0835349,0.297904,0.000458557,0.00208702,9
4.20855,-0.0100505,0.0126049,-0.00314159,0.057316,0.183655,0.000106424,0.00208432,6
4.21065,-0.00997663,0.0126049,-0.00314159,0.0309792,0.0813439,0.000101896,0.00208797,6
4.21275,-0.00997663,0.0126049,-0.00314159,0.00648684,-0.0140576,0.000110632,0.0020858,6
4.21485,-0.00997663,0.00644253,-0.00314159,-0.0139183,-0.115764,0.000101966,0.00208832,6
4.21695,-0.00990273,0.0109243,-0,-0.0516912,-0.198808,0.000356952,0.00208183,9
4.21905,-0.00990273,0.0109243,-0,-0.0641887,-0.247488,0.00010396,0.0020853,6
4.22115,-0.00990273,0.00644253,-0,-0.0516912,-0.214972,0.000108298,0.00208692,6
4.22325,-0.00990273,0.00140055,-0,-0.0139183,-0.0860255,0.000101736,0.00208803,6
4.22535,-0.00990273,-0.00028011,-0,0.00648683,-0.0126057,0.000528204,0.00208576,9
4.22745,-0.00990273,-0.00196077,-0,0.0309792,0.0767343,0.000104621,0.00208509,6
4.22955,-0.00990273,-0.00028011,-0,0.057316,0.185382,0.000103359,0.00208674,6
4.23165,-0.00990273,-0.00532209,-0,0.0835349,0.269324,0.000101255,0.00208831,6
4.23375,-0.00990273,-0.00364143,-0,0.107954,0.370501,0.000606417,0.00208737,9
4.23585,-0.00990273,0.00140055,-0,0.129171,0.471329,0.000270854,0.00208525,3
4.23795,-0.00990273,0.00140055,-0,0.146065,0.537134,0.000133604,0.00208452,6
4.24005,-0.00990273,0.00812319,-0,0.157795,0.60707,0.000103338,0.00208792,6
4.24215,-0.00990273,0.00476187,-0,0.1638,0.618338,0.00010429,0.00208719,6
4.24425,-0.00990273,0.00140055,-0,0.1638,0.606215,0.000355499,0.00208818,9
4.24635,-0.00990273,-0.00028011,-0,0.157795,0.576763,0.0001043,0.00208358,6
4.24845,-0.00990273,-0.00028011,-0,0.146065,0.531073,0.00013718,0.00208106,6
4.25055,-0.00982883,0.00644253,-0,0.129171,0.489789,0.000101826,0.00208832,6
4.25265,-0.00982883,0.00308121,-0,0.107954,0.395022,0.000486949,0.00208694,9
4.25475,-0.00982883,0.00812319,-0,0.0835349,0.318091,0.00010426,0.00208516,6
4.25685,-0.00982883,0.00924363,-0,0.057316,0.220005,0.000103759,0.00208673,6
4.25895,-0.00982883,0.00924363,-0,0.0309792,0.117419,0.000100844,0.00208837,6
4.26105,-0.00975493,0.00644253,0.00314159,-0.0174911,-0.0335593,0.000729933,0.00208736,10
4.26315,-0.00975493,0.00644253,0.00314159,-0.0460127,-0.144655,0.00038331,0.00208518,6
4.26525,-0.00975493,0.00476187,0.00314159,-0.0554264,-0.187384,0.000105913,0.0020844,7
4.26735,-0.00975493,0.00476187,0.00314159,-0.0460127,-0.150716,0.000103078,0.00208803,7
4.26945,-0.00975493,-0.00196077,0.00314159,-0.0174911,-0.0638667,0.000108028,0.00208724,7
4.27155,-0.00975493,-0.00028011,0.00314159,0.0309792,0.130994,0.000129747,0.00208869,7
4.27365,-0.00975493,-0.00868341,0.00314159,0.057316,0.203273,0.000464408,0.00208715,13
4.27575,-0.00975493,-0.00196077,0.00314159,0.0835349,0.329645,0.000106154,0.0020852,7
4.27785,-0.00975493,0.00140055,0.00314159,0.107954,0.436884,0.000106174,0.00208669,7
4.27995,-0.00975493,0.00140055,0.00314159,0.129171,0.519528,0.000103448,0.00208815,7
4.28205,-0.00975493,-0.00364143,0.00628319,0.122087,0.521398,0.000106384,0.00208726,7
4.28415,-0.00975493,0.00308121,0.00628319,0.125701,0.55972,0.00053118,0.00208829,10
4.28625,-0.00975493,0.00308121,0.00628319,0.136087,0.600176,0.000216004,0.00208406,6
4.28835,-0.00975493,0.00644253,0.00628319,0.149882,0.666032,0.000133994,0.0020856,7
4.29045,-0.00968103,0.00812319,0.00628319,0.164282,0.728459,0.000104531,0.0020866,7
4.29255,-0.00968103,0.00644253,0.00628319,0.177044,0.772109,0.000107687,0.00208674,7
4.29465,-0.00968103,0.00812319,0.00942478,0.162509,0.769202,0.000645369,0.00208853,10
4.29675,-0.00960713,0.0176469,0.00942478,0.159394,0.791693,0.000359176,0.00208385,6
4.29885,-0.00960713,0.0176469,0.00942478,0.163776,0.808759,0.000104822,0.00208566,7
4.30095,-0.00960713,0.0176469,0.00942478,0.172569,0.843009,0.000104611,0.00208683,7
4.30305,-0.00953323,0.0260502,0.00942478,0.183531,0.916292,0.000102327,0.00208831,7
4.30515,-0.00945932,0.0271707,0.00942478,0.195261,0.966298,0.000737045,0.0020875,10
4.30725,-0.00938542,0.0271707,0.00942478,0.207198,1.01307,0.000391765,0.00208515,6
4.30935,-0.00931152,0.030532,0.00942478,0.219622,1.07386,0.000108027,0.00208435,7
4.31145,-0.00923762,0.0406159,0.00942478,0.233654,1.16516,0.000103519,0.0020841,7
4.31355,-0.00916372,0.0389353,0.00942478,0.251258,1.22795,0.000105112,0.00208712,7
4.31565,-0.00908982,0.0450977,0.00942478,0.275236,1.34384,0.000102517,0.0020885,7
4.31775,-0.00901592,0.0568623,0.0125664,0.241771,1.30385,0.000493572,0.00208736,10
4.31985,-0.00886812,0.0551816,0.0125664,0.215241,1.195,0.000150314,0.00208528,6
4.32195,-0.00872032,0.0602236,0.0125664,0.193403,1.12867,0.000105984,0.00208069,7
4.32405,-0.00857251,0.0680667,0.0125664,0.174856,1.08526,0.000102577,0.00208792,7
4.32615,-0.00842471,0.0731087,0.0125664,0.159039,1.04239,0.000105904,0.00208729,7
4.32825,-0.00827691,0.0781507,0.0125664,0.146232,1.01124,0.000585379,0.00208869,10
4.33035,-0.0080552,0.0809518,0.0125664,0.137557,0.988373,0.000253853,0.00208399,6
4.33245,-0.0079813,0.0809518,0.0125664,0.134976,0.978594,0.000107195,0.0020712,7
4.33455,-0.0077596,0.0826324,0.0125664,0.141292,1.01008,0.000102998,0.00208796,7
4.33665,-0.0076118,0.0876744,0.0125664,0.16015,1.10227,0.000104511,0.00208709,7
4.33875,-0.0073901,0.094397,0.0125664,0.152552,1.09775,0.000672858,0.00208833,10
4.34085,-0.00716839,0.0960777,0.0125664,0.143877,1.07085,0.000342896,0.0020839,6
4.34295,-0.00694669,0.0971981,0.0125664,0.136087,1.04537,0.000105984,0.00208554,7
4.34505,-0.00679889,0.105601,0.0125664,0.131706,1.05916,0.000105263,0.00208682,7
4.34715,-0.00657719,0.110643,0.0125664,0.133817,1.08639,0.000102176,0.00208848,7
4.34925,-0.00628158,0.114005,0.0125664,0.146065,1.14733,0.00010402,0.00208727,7
4.35135,-0.00605988,0.120167,0.0125664,0.129171,1.10457,0.000424345,0.00208848,13
4.35345,-0.00576428,0.123528,0.0125664,0.107954,1.03515,0.000107115,0.00208402,7
4.35555,-0.00554257,0.123528,0.0125664,0.083535,0.940861,0.000103068,0.00208801,7
4.35765,-0.00524697,0.198598,0.0125664,0.0573161,1.11058,0.000104591,0.00208726,7
4.35975,-0.00495136,0.0210082,0.0125664,0.0309793,0.368599,0.000102868,0.00208603,7
4.36185,-0.00472966,0.131932,0.0125664,0.00648688,0.67408,0.000521703,0.00208742,10
4.36395,-0.00436016,0.134733,0.00942478,0.0100597,0.651827,0.000222967,0.00208479,6
4.36605,-0.00413845,0.134733,0.00942478,0.00438114,0.630533,0.000106475,0.00208446,7
4.36815,-0.00391675,0.136414,0.00942478,-0.00438112,0.60329,0.000102978,0.00208787,7
4.37025,-0.00362115,0.143136,0.00942478,-0.0100596,0.606517,0.000105843,0.00208697,7
4.37235,-0.00332554,0.138094,0.00942478,-0.0064868,0.60335,0.000626204,0.00208848,10
4.37445,-0.00288214,0.144817,0.00942478,-0.0309792,0.533845,0.00029566,0.00208417,6
4.37655,-0.00266043,0.144817,0.00942478,-0.057316,0.432084,0.000113457,0.00208391,7
4.37865,-0.00236483,0.146497,0.00942478,-0.0835349,0.33712,0.00010394,0.00208803,7
4.38075,-0.00206923,0.146497,0.00942478,-0.107954,0.243105,0.000107266,0.00208697,7
4.38285,-0.00177362,0.146497,0.00942478,-0.129171,0.161561,0.000715356,0.00208824,10
4.38495,-0.00140412,0.146497,0.00942478,-0.146065,0.0971315,0.000368764,0.00208403,6
4.38705,-0.00110851,0.141455,0.00942478,-0.157795,0.0343574,0.000105302,0.00208553,7
4.38915,-0.000886812,0.143136,0.00942478,-0.1638,0.0178532,0.000108388,0.00208657,7
4.39125,-0.000591208,0.141455,0.00942478,-0.1638,0.012892,0.000103078,0.00208824,7
4.39335,-0.000295604,0.138094,0.00942478,-0.157795,0.0252605,0.000104301,0.00208721,7
4.39545,0,0.134733,0.00942478,-0.146065,0.0599279,0.000451394,0.0020887,13
4.39755,0.000295604,0.133052,0.00942478,-0.129171,0.120772,0.000124427,0.00208384,7
4.39965,0.000517307,0.130251,0.00942478,-0.107954,0.194139,0.000103239,0.00208795,7
4.40175,0.00081291,0.125209,0.00942478,-0.0835349,0.27217,0.00010995,0.00208712,7
4.40385,0.00110851,0.123528,0.00942478,-0.057316,0.369335,0.000102757,0.00208814,7
4.40595,0.00133022,0.120167,0.00942478,-0.0309792,0.460623,0.000545046,0.00208733,10
4.40805,0.00162582,0.125209,0.00942478,-0.00648685,0.57531,0.000193373,0.0020851,6
4.41015,0.00184752,0.125209,0.00942478,0.0139183,0.655616,0.000108208,0.00208445,7
4.41225,0.00214313,0.120167,0.00942478,0.0277132,0.692265,0.00010373,0.0020879,7
4.41437,0.00236483,0.125209,0.00942478,0.0320943,0.72834,0.000111884,0.00210127,7
4.41647,0.00266044,0.120167,0.00942478,0.023978,0.679642,0.000623328,0.0020733,10
4.41857,0.00295604,0.133052,0.00942478,-0,0.633816,0.000266156,0.00208518,6
4.42067,0.00317774,0.136414,0.00942478,-0,0.646764,0.000111654,0.00208429,7
4.42277,0.00347335,0.136414,0.00942478,-0,0.647864,0.000106234,0.00208776,7
4.42487,0.00376895,0.133052,0.00942478,-0,0.636842,0.000107236,0.00208738,7
4.42697,0.00406455,0.136414,0.00942478,-0,0.650065,0.000688978,0.00208257,10
4.42907,0.00443406,0.138094,0.00942478,-0,0.657502,0.00036139,0.00208385,6
4.43117,0.00465576,0.141455,0.00942478,-0,0.67045,0.000107867,0.00208532,7
4.43327,0.00495137,0.144817,0.00942478,-0,0.683674,0.000107836,0.00208662,7
4.43537,0.00524697,0.146497,0.00942478,-0,0.690836,0.000105082,0.00208834,7
4.43747,0.00554257,0.141455,0.00942478,-0,0.673751,0.000108609,0.00208726,7
4.43957,0.00583818,0.144817,0.00942478,-0,0.686975,0.000444251,0.00208851,13
4.44167,0.00620768,0.148178,0.00942478,-0,0.700473,0.00010936,0.00208391,7
4.44377,0.00642938,0.148178,0.00942478,-0,0.701299,0.000108749,0.00208779,7
4.44587,0.00672499,0.144817,0.00628319,0.023978,0.736026,0.000107997,0.00208688,7
4.44797,0.00709449,0.150979,0.00628319,0.0320944,0.791241,0.000103249,0.00208845,7
4.45007,0.0073901,0.150979,0.00628319,0.0277132,0.775276,0.000535738,0.00208752,10
4.45217,0.0077596,0.154341,0.00628319,0.0139184,0.735042,0.000223047,0.00208526,6
4.45427,0.00805521,0.161063,0.00628319,-0.00648679,0.680907,0.000107386,0.00208426,7
4.45637,0.00835081,0.15266,0.00628319,-0.0309792,0.556298,0.000114148,0.00208811,7
4.45847,0.00872032,0.162744,0.00628319,-0.057316,0.491457,0.00010372,0.0020871,7
4.46057,0.00901592,0.15266,0.00628319,-0.0835349,0.354062,0.000641532,0.00208769,10
4.46267,0.00945933,0.164425,0.00628319,-0.107954,0.303027,0.000293336,0.00208507,6
4.46477,0.00975493,0.161063,0.00314159,-0.105193,0.25511,0.000106575,0.00208449,7
4.46687,0.0100505,0.156021,0.00314159,-0.113971,0.203835,0.000102908,0.00208806,7
4.46897,0.0103461,0.154341,0.00314159,-0.130082,0.136119,0.000104811,0.00208729,7
4.47107,0.0107156,0.162744,0.00314159,-0.149882,0.0906781,0.000719965,0.00208847,10
4.47317,0.0110851,0.148178,0.00314159,-0.170287,-0.0399606,0.000386786,0.00208411,6
4.47527,0.0113807,0.15266,0.00314159,-0.188774,-0.0947069,0.000104932,0.00208523,7
4.47737,0.0116764,0.149859,0.00314159,-0.203381,-0.160605,0.000132892,0.0020868,7
4.47947,0.011972,0.144817,0.00314159,-0.212706,-0.21401,0.00010373,0.00208815,7
4.48157,0.0122676,0.149859,0.00314159,-0.215908,-0.207197,0.000106956,0.0020871,7
4.48367,0.0125632,0.143136,0.00314159,-0.212706,-0.217871,0.000456934,0.00208848,13
4.48577,0.0128588,0.138094,0.00314159,-0.203381,-0.198634,0.000106515,0.00208415,7
4.48787,0.0131544,0.134733,0.00314159,-0.188774,-0.15276,0.000103519,0.00208801,7
4.48997,0.0133761,0.130251,0.00314159,-0.170287,-0.0960886,0.000106344,0.00208689,7
4.49207,0.0136717,0.12689,0.00314159,-0.149882,-0.02763,0.000102447,0.00208839,7
4.49417,0.0139673,0.123528,0.00314159,-0.130082,0.0384715,0.000526832,0.0020874,10
4.49627,0.0142629,0.120167,0.00314159,-0.113971,0.0902041,0.000231193,0.00208517,6
4.49837,0.0144846,0.115125,0.00314159,-0.105193,0.107035,0.000105453,0.00208422,7
4.50047,0.0146324,0.110643,0.00314159,-0.107954,0.080668,0.00010396,0.00207895,7
4.50257,0.014928,0.110643,0.00314159,-0.0835349,0.176884,0.000102587,0.00208838,7
4.50467,0.0151497,0.105601,0.00314159,-0.057316,0.261651,0.000615454,0.00208712,10
4.50677,0.0153714,0.105601,0.00314159,-0.0309792,0.365062,0.000326726,0.00208524,6
4.50887,0.0155931,0.103921,0.00314159,-0.00648684,0.455228,0.000106624,0.00208444,7
4.51097,0.0158148,0.0988788,0.00314159,0.0139183,0.51735,0.000129557,0.00208804,7
4.51307,0.0159626,0.0960777,0.00314159,0.0277132,0.561531,0.000106405,0.00208727,7
4.51517,0.0161843,0.0988788,0.00314159,0.0320943,0.589523,0.000683258,0.00208856,10
4.51727,0.0164799,0.10224,0.00314159,0.023978,0.571132,0.000337857,0.00208413,6
4.51937,0.0166277,0.0988788,0.00628319,-0.023978,0.420412,0.000106294,0.00208555,7
4.52147,0.0168494,0.103921,0.00628319,-0.0320943,0.407807,0.000104871,0.00208682,7
4.52357,0.0170711,0.105601,0.00628319,-0.0277132,0.431759,0.000103108,0.00208836,7
4.52567,0.0172928,0.10224,0.00628319,-0.0139183,0.474195,0.000106284,0.00208709,7
4.52777,0.0175145,0.103921,0.00942478,-0.0174911,0.514813,0.000467463,0.00208844,13
4.52987,0.0177362,0.0971981,0.00942478,-0.00111511,0.555179,0.000106845,0.00208402,7
4.53197,0.0179579,0.10224,0.00942478,0.0296029,0.69384,0.000105362,0.0020823,7
4.53407,0.0181057,0.0971981,0.00942478,0.0696166,0.832066,0.000113888,0.0020856,7
4.53617,0.0183274,0.100559,0.00942478,0.114441,1.01961,0.000103149,0.00208845,7
4.53827,0.0185491,0.0988788,0.00942478,0.16015,1.19242,0.000557147,0.00208755,10
4.54037,0.0187708,0.100559,0.00942478,0.203381,1.3677,0.000238976,0.0020852,6
4.54247,0.0189925,0.10224,0.00942478,0.24133,1.5224,0.000105223,0.00208423,7
4.54457,0.0192143,0.110643,0.00942478,0.271754,1.67204,0.000106835,0.00208669,7
4.54667,0.019436,0.108963,0.00942478,0.292971,1.74945,0.000133624,0.00208838,7
4.54877,0.0196577,0.121848,0.00942478,0.30386,1.83916,0.000632966,0.00208751,10
4.55087,0.0200272,0.133052,0.00942478,0.30386,1.88094,0.000292013,0.00208522,6
4.55297,0.0202489,0.139775,0.00942478,0.292971,1.8636,0.000108538,0.00208421,7
4.55507,0.0205445,0.144817,0.00942478,0.271754,1.80024,0.000103068,0.00208815,7
4.55717,0.0208401,0.150979,0.00942478,0.24133,1.70506,0.000103909,0.00208742,7
4.55927,0.0212096,0.168906,0.00942478,0.203381,1.62328,0.000718272,0.00208855,10
4.56138,0.021653,0.0747893,0.00942478,0.16015,1.11709,0.000383701,0.00208397,6
4.56348,0.0219486,0.173948,0.00942478,0.114441,1.29778,0.000104902,0.00208556,7
4.56558,0.0222442,0.184032,0.00942478,0.0696166,1.16065,0.000105343,0.00208688,7
4.56768,0.0226876,0.182352,0.00942478,0.0296028,1.00038,0.000102206,0.00208844,7
4.56978,0.0230571,0.188514,0.00942478,-0.0011151,0.904327,0.000105953,0.00208738,7
4.57188,0.0234266,0.191875,0.00942478,-0.0174911,0.854038,0.000465239,0.0020884,13
4.57398,0.0239439,0.193556,0.00942478,-0.0139183,0.875942,0.000106916,0.00208413,7
4.57608,0.0242395,0.195237,0.00942478,-0.0277132,0.829371,0.000103298,0.00208778,7
4.57818,0.0246829,0.196917,0.00942478,-0.0320943,0.820018,0.000106866,0.0020869,7
4.58028,0.0251263,0.198598,0.00942478,-0.0239779,0.859344,0.000128274,0.00208832,7
4.58238,0.0254958,0.20364,0.00942478,-0,0.972302,0.000544454,0.00208755,10
4.58448,0.0260131,0.20476,0.00942478,-0,0.978268,0.000226424,0.00207765,6
4.58658,0.0263826,0.201959,0.00942478,-0,0.969542,0.000108018,0.00208543,7
4.58868,0.0267521,0.206441,0.00942478,-0,0.987081,0.000107396,0.00208654,7
4.59078,0.0271956,0.20476,0.00942478,-0,0.98267,0.000104841,0.00208824,7
4.59288,0.027639,0.211483,0.00942478,-0,1.00857,0.000644938,0.00208669,10
4.59498,0.0282302,0.214844,0.00942478,-0,1.02289,0.000302612,0.00208514,6
4.59708,0.0285997,0.221567,0.00942478,-0,1.04851,0.000108739,0.00208446,7
4.59918,0.0290431,0.222687,0.00942478,-0,1.0542,0.000105633,0.00208798,7
4.60128,0.0294865,0.226049,0.00942478,-0,1.06798,0.000109319,0.00208662,7
4.60338,0.0299299,0.231091,0.00942478,-0,1.08781,0.00072276,0.00208835,10
4.60548,0.030595,0.237813,0.00942478,-0,1.11453,0.000390393,0.002084,6
4.60758,0.0310384,0.240614,0.00942478,-0,1.12629,0.000122374,0.00208549,7
4.60968,0.0314079,0.238934,0.00942478,-0,1.1216,0.000127923,0.00208593,7
4.61178,0.0319252,0.242295,0.00942478,-0,1.13565,0.00010437,0.00208833,7
4.61388,0.0324425,0.252379,0.00942478,-0,1.17394,0.000132793,0.00208757,7
4.61598,0.0330337,0.252379,0.00628319,0.023978,1.22189,0.000501706,0.0020886,10
4.61808,0.0336249,0.260222,0.00628319,0.0320944,1.284,0.000144183,0.00208392,6
4.62018,0.0340683,0.265264,0.00628319,0.0277132,1.28677,0.00010385,0.00208761,7
4.62228,0.0346596,0.265264,0.00628319,0.0139184,1.23523,0.000104861,0.00208734,7
4.62438,0.0352508,0.276468,0.00628319,-0.00648679,1.19836,0.000108017,0.00208842,7
4.62648,0.0357681,0.27983,0.00314159,-0.00700117,1.16276,0.000616756,0.00208744,10
4.62858,0.0365071,0.286552,0.00314159,-0.0252216,1.11879,0.000263381,0.00208405,6
4.63068,0.0370244,0.283191,0.00314159,-0.0558217,0.989397,0.000105032,0.0020856,7
4.63278,0.0376156,0.291594,0.00314159,-0.0940354,0.873056,0.000104611,0.00208675,7
4.63488,0.0382068,0.292715,0.00314159,-0.135658,0.717173,0.000102658,0.00208837,7
4.63698,0.038798,0.301118,0.00314159,-0.177044,0.588474,0.000661668,0.00208614,10
4.63908,0.0396109,0.296076,0.00314159,-0.215111,0.42504,0.000316398,0.0020854,6
4.64118,0.0401282,0.304479,0.00314159,-0.247335,0.331756,0.000108227,0.0020786,7
4.64328,0.0407194,0.296076,-0,-0.247776,0.254283,0.000101886,0.00208781,6
4.64538,0.0413106,0.299437,-0,-0.254872,0.240968,0.000102678,0.00208738,6
4.64748,0.0419758,0.296076,-0,-0.264417,0.194141,0.000540256,0.00208851,9
4.64958,0.0427148,0.289914,-0,-0.273048,0.141048,0.000105923,0.0020843,6
4.65168,0.0432321,0.296076,-0,-0.278241,0.144971,0.000107857,0.00208784,6
4.65378,0.0438233,0.288233,-0,-0.278314,0.118599,0.000103619,0.00208745,6
4.65588,0.0444145,0.283191,-0,-0.272427,0.125547,0.000102046,0.00208837,6
4.65798,0.0450057,0.274788,-0.00314159,-0.236601,0.189339,0.000357483,0.00208608,9
4.66008,0.0456708,0.278149,-0.00314159,-0.211517,0.301644,0.000104601,0.00208556,6
4.66218,0.0461881,0.27983,-0.00314159,-0.195493,0.372047,0.000104551,0.00208674,6
4.66428,0.0467793,0.273667,-0.00314159,-0.187968,0.381332,0.000101816,0.00208845,6
4.66638,0.0473705,0.284872,-0.00314159,-0.189504,0.417964,0.000102898,0.00208751,6
4.66848,0.0481095,0.439492,-0.00314159,-0.201781,0.93055,0.000330894,0.00207539,9
4.67058,0.0485529,0.278149,-0.00628319,-0.203625,0.295466,0.00010411,0.00208547,6
4.67268,0.0490702,0.273667,-0.00628319,-0.195317,0.313588,0.000105714,0.00208668,6
4.67478,0.0496615,0.276468,-0.00628319,-0.198592,0.313133,0.000101726,0.00208837,6
4.67688,0.0502527,0.278149,-0.00942478,-0.188351,0.313638,0.000103429,0.00208735,6
4.67898,0.0508439,0.274788,-0.00942478,-0.204433,0.241074,0.000365658,0.00208863,9
4.68108,0.0514351,0.274788,-0.00942478,-0.244596,0.0868354,0.000107536,0.00208398,6
4.68318,0.0520263,0.274788,-0.00942478,-0.264514,0.0114523,0.000105172,0.00208793,6
4.68528,0.0525436,0.278149,-0.00942478,-0.284801,-0.0535209,0.000104331,0.00208722,6
4.68738,0.0531348,0.274788,-0.00942478,-0.303215,-0.135167,0.000103198,0.00208848,6
4.68948,0.053726,0.268625,-0.00942478,-0.318634,-0.215251,0.000371468,0.00208751,9
4.69158,0.0543172,0.265264,-0.00942478,-0.331058,-0.273566,0.000104641,0.00208546,6
4.69368,0.0547606,0.265264,-0.00942478,-0.341608,-0.313012,0.000104551,0.00208676,6
4.69578,0.0553518,0.25406,-0.00942478,-0.352528,-0.393755,0.000102668,0.00208829,6
4.69788,0.0558691,0.252379,-0.00942478,-0.367181,-0.454967,0.00010376,0.00208733,6
4.69998,0.0563864,0.252379,-0.00942478,-0.346569,-0.372755,0.000377729,0.00208858,9
4.70208,0.0569776,0.247337,-0.00942478,-0.316352,-0.271038,0.000106274,0.00208431,6
4.70418,0.0574211,0.240614,-0.00942478,-0.279053,-0.148347,0.000103048,0.00208811,6
4.70628,0.0578645,0.232771,-0.00942478,-0.238036,-0.015215,0.00010387,0.00208721,6
4.70838,0.0583818,0.224368,-0.00942478,-0.197506,0.114274,0.000116904,0.00208839,6
4.71048,0.0588252,0.218206,-0.00942478,-0.162509,0.230016,0.000374254,0.00208703,9
4.71258,0.0593425,0.213164,-0.00942478,-0.138933,0.305589,0.000106144,0.00208447,6
4.71468,0.059712,0.213164,-0.00942478,-0.0900218,0.497482,0.000102087,0.00208796,6
4.71678,0.0601554,0.209802,-0.00942478,-0.0433977,0.668617,0.000134185,0.00208673,6
4.71888,0.0605988,0.20476,-0.00942478,-0.00326599,0.808402,0.000103089,0.00208849,6
4.72098,0.0609683,0.20364,-0.00942478,0.0256075,0.918203,0.000375075,0.00208747,9
4.72308,0.0614856,0.209802,-0.00942478,0.0378963,0.990221,0.000104151,0.0020854,6
4.72518,0.0618551,0.214844,-0.00942478,0.0277132,0.970116,0.000106324,0.00208646,6
4.72728,0.0622985,0.209802,-0.00942478,0.0320943,0.970648,0.000102166,0.00208832,6
4.72938,0.0627419,0.214844,-0.00942478,0.0239779,0.958868,0.000103058,0.00208722,6
4.73148,0.0632592,0.219886,-0.00942478,-0,0.885581,0.000376868,0.0020887,9
4.73358,0.0637765,0.224368,-0.00942478,-0,0.90367,0.000109781,0.00208397,6
4.73568,0.064146,0.226049,-0.00942478,-0,0.911107,0.000105142,0.00208771,6
4.73778,0.0646633,0.227729,-0.00942478,-0,0.919094,0.000105863,0.0020872,6
4.73988,0.0651068,0.22941,-0.00942478,-0,0.926806,0.000104,0.00208842,6
4.74198,0.0656241,0.242295,-0.00942478,-0,0.975203,0.000379594,0.00208718,9
4.74408,0.0661414,0.236133,-0.00942478,-0,0.954904,0.000106184,0.0020855,6
4.74618,0.0665848,0.238934,-0.00942478,-0,0.966657,0.000106555,0.00208663,6
4.74828,0.0671021,0.240614,-0.00942478,-0,0.974644,0.000105843,0.00208216,6
4.75038,0.0676194,0.249018,-0.00942478,-0,1.00688,0.0001314,0.00208689,6
4.75248,0.0681367,0.249018,-0.00942478,-0,1.0088,0.000373522,0.00208711,9
4.75458,0.0687279,0.247337,-0.00942478,-0,1.00494,0.000107446,0.00208527,6
4.75668,0.0691713,0.252379,-0.00942478,-0,1.02478,0.000108819,0.00208649,6
4.75878,0.0696886,0.25574,-0.00942478,-0,1.03883,0.000104882,0.00208833,6
4.76088,0.0702798,0.258541,-0.00942478,-0,1.05113,0.000106224,0.00208717,6
4.76298,0.0707971,0.25406,-0.00942478,-0,1.03689,0.000367661,0.00208858,9
4.76508,0.0713883,0.261903,-0.00942478,-0,1.06738,0.000109931,0.00208402,6
4.76718,0.0719056,0.265264,-0.00942478,-0,1.08143,0.000105332,0.0020878,6
4.76928,0.0724969,0.271987,-0.00942478,-0,1.10787,0.000106144,0.00208711,6
4.77138,0.0730142,0.270306,-0.00942478,-0,1.10374,0.000109651,0.00208847,6
4.77348,0.0736054,0.271987,-0.0125664,0.0239779,1.15775,0.000392767,0.0020862,9
4.77558,0.0742705,0.273667,-0.0125664,0.0320943,1.1979,0.000103699,0.0020854,6
4.77768,0.0747878,0.107282,-0.0125664,0.0277131,0.582675,0.000105422,0.00208659,6
4.77978,0.075379,0.278149,-0.0125664,0.0139183,1.14739,0.000101766,0.00208839,6
4.78188,0.0759702,0.283191,-0.0125664,-0.00648689,1.0883,0.000106064,0.00208725,6
4.78398,0.0765614,0.27983,-0.0125664,-0.0309793,0.982973,0.000414797,0.00208841,9
4.78608,0.0772265,0.283191,-0.0125664,-0.0573161,0.894986,0.000106214,0.00208422,6
4.78818,0.0777438,0.291594,-0.0125664,-0.083535,0.825093,0.000103249,0.00208785,6
4.79028,0.078335,0.296076,-0.0125664,-0.107954,0.748342,0.000106825,0.00208665,6
4.79238,0.0790001,0.297757,-0.0125664,-0.129171,0.674235,0.000138663,0.00208843,6
4.79448,0.0795913,0.296076,-0.0125664,-0.146065,0.60457,0.000413896,0.00208637,9
4.79658,0.0803304,0.297757,-0.015708,-0.133817,0.613442,0.000107627,0.00208433,6
4.79868,0.0808477,0.304479,-0.015708,-0.131706,0.647837,0.000102738,0.00208794,6
4.80078,0.0815128,0.301118,-0.015708,-0.136087,0.621125,0.000103679,0.00208719,6
4.80288,0.082104,0.302799,-0.015708,-0.143877,0.599045,0.000101746,0.00208841,6
4.80498,0.0827691,0.30616,-0.015708,-0.152552,0.579852,0.000395753,0.00208773,9
4.80708,0.0835081,0.30616,-0.015708,-0.16015,0.553007,0.00010436,0.00208544,6
4.80918,0.0840254,0.310642,-0.015708,-0.16527,0.551155,0.000104791,0.00208681,6
4.81128,0.0846905,0.307841,-0.015708,-0.16707,0.536517,0.000102307,0.00208833,6
4.81338,0.0853556,0.312323,-0.015708,-0.16527,0.562168,0.000103629,0.00208741,6
4.81548,0.0860207,0.315684,-0.015708,-0.16015,0.596709,0.00040003,0.00208865,9
4.81758,0.0866858,0.310642,-0.015708,-0.152552,0.610597,0.000132371,0.00208444,6
4.81968,0.087277,0.312323,-0.0188496,-0.119899,0.6984,0.000103539,0.0020878,6
4.82178,0.0879422,0.309521,-0.0188496,-0.103992,0.75273,0.000105272,0.00208693,6
4.82388,0.0886073,0.309521,-0.0188496,-0.103993,0.755206,0.000102517,0.00208847,6
4.82598,0.0892724,0.314003,-0.0219912,-0.0959207,0.757639,0.000426108,0.00208725,9
4.82808,0.0900114,0.315684,-0.0219912,-0.120458,0.670876,0.000104601,0.00208541,6
4.83018,0.0905287,0.319045,-0.0219912,-0.132437,0.638263,0.000104982,0.00208683,6
4.83228,0.0911938,0.317364,-0.0219912,-0.151351,0.561003,0.000102407,0.00208824,6
4.83438,0.0918589,0.317364,-0.0219912,-0.173557,0.476986,0.000110401,0.00208598,6
4.83648,0.0925979,0.320726,-0.0219912,-0.196249,0.403469,0.000436978,0.00208629,9
4.83858,0.0933369,0.320726,-0.0219912,-0.217466,0.323576,0.000104231,0.00208544,6
4.84068,0.0939281,0.319045,-0.0219912,-0.236087,0.247185,0.000106996,0.00208674,6
4.84278,0.0945932,0.317364,-0.0251327,-0.227853,0.228025,0.000101976,0.00208832,6
4.84489,0.0952583,0.312323,-0.0251327,-0.233164,0.191629,0.000103759,0.00208745,6
4.84699,0.0959235,0.319045,-0.0251327,-0.250058,0.152546,0.000479375,0.00208859,9
4.84909,0.0966625,0.310642,-0.0251327,-0.277694,0.0173429,0.000107196,0.00208435,6
4.85119,0.0971798,0.30616,-0.0251327,-0.316352,-0.147475,0.000102517,0.00208802,6
4.85329,0.0978449,0.310642,-0.0251327,-0.32395,-0.158432,0.000105312,0.00208728,6
4.85539,0.09851,0.309521,-0.0251327,-0.323065,-0.156548,0.000102547,0.00208859,6
4.85749,0.0991012,0.299437,-0.0251327,-0.313135,-0.152038,0.000503309,0.00208107,9
4.85959,0.0998402,0.297757,-0.0251327,-0.294441,-0.0825319,0.000135658,0.00208523,3
4.86169,0.100358,0.296076,-0.0282743,-0.244126,0.0616681,0.000104321,0.00208595,6
4.86379,0.101097,0.412042,-0.0282743,-0.203992,0.638988,0.000101415,0.00208816,6
4.86589,0.10154,0.283191,-0.0282743,-0.173479,0.294777,0.000110762,0.00208579,6
4.86799,0.102205,0.28151,-0.0282743,-0.153148,0.370387,0.000557037,0.00208847,9
4.87009,0.10287,0.276468,-0.0282743,-0.14468,0.387663,0.000216746,0.00208416,3
4.87219,0.103387,0.283191,-0.0282743,-0.150878,0.389691,0.000102928,0.0020854,6
4.87429,0.103905,0.27983,-0.0282743,-0.175668,0.282933,0.000104291,0.00208677,6
4.87639,0.104496,0.28151,-0.0282743,-0.180611,0.27194,0.00013705,0.00208824,6
4.87849,0.105087,0.28151,-0.0282743,-0.19193,0.230054,0.000599304,0.00208605,9
4.88059,0.105826,0.270306,-0.0282743,-0.212706,0.111469,0.000243525,0.00208422,3
4.88269,0.106344,0.27983,-0.0282743,-0.203381,0.184064,0.000103509,0.00208562,6
4.88479,0.106861,0.274788,-0.0282743,-0.188774,0.224702,0.00010419,0.0020869,6
4.88689,0.107452,0.276468,-0.0282743,-0.170287,0.304975,0.000128014,0.00208783,6
4.88899,0.107969,0.270306,-0.0282743,-0.149882,0.364156,0.000599875,0.00208689,9
4.89109,0.108708,0.271987,-0.0314159,-0.106104,0.495842,0.000276494,0.00208539,3
4.89319,0.109152,0.271987,-0.0314159,-0.0818764,0.591862,0.000106294,0.00208443,6
4.89529,0.109669,0.270306,-0.0314159,-0.0774798,0.604852,0.000102778,0.00208789,6
4.89739,0.11026,0.276468,-0.0314159,-0.0940355,0.564791,0.000105793,0.00208688,6
4.89949,0.110851,0.271987,-0.0314159,-0.0900217,0.566462,0.000647643,0.00208821,9
4.90159,0.11159,0.274788,-0.0314159,-0.0882953,0.58604,0.000279501,0.00208434,3
4.90369,0.112034,0.276468,-0.0314159,-0.0882952,0.593753,0.00010422,0.0020855,6
4.90579,0.112551,0.271987,-0.0314159,-0.0900218,0.572789,0.000106214,0.00208639,6
4.90789,0.113142,0.273667,-0.0314159,-0.0940354,0.565418,0.000101576,0.00208818,6
4.90999,0.113734,0.268625,-0.0314159,-0.101458,0.520523,0.00064063,0.00208723,9
4.91209,0.114399,0.273667,-0.0314159,-0.113971,0.492444,0.000298125,0.0020855,3
4.91419,0.114916,0.27983,-0.0314159,-0.133817,0.43929,0.000107035,0.00208436,6
4.91629,0.115433,0.266945,-0.0314159,-0.1638,0.277956,0.000101997,0.00208798,6
4.91839,0.115951,0.271987,-0.0314159,-0.1638,0.298066,0.000102798,0.00208723,6
4.92049,0.116542,0.270306,-0.0314159,-0.157795,0.317596,0.000671536,0.00208764,6
4.92259,0.117281,0.266945,-0.0314159,-0.146065,0.353914,0.000315927,0.00208559,3
4.92469,0.117724,0.261903,-0.0345575,-0.105193,0.448934,0.000105803,0.00208456,6
4.92679,0.118242,0.268625,-0.0345575,-0.0758594,0.589365,0.00010406,0.00208786,6
4.92889,0.118759,0.270306,-0.0345575,-0.0558217,0.675402,0.00010408,0.00208707,6
4.93099,0.11935,0.266945,-0.0345575,-0.0433977,0.713873,0.000102227,0.00208845,6
4.93309,0.119867,0.268625,-0.0345575,-0.0374661,0.744965,0.000345982,0.00208687,9
4.93519,0.120532,0.261903,-0.0345575,-0.0374661,0.723195,0.00010419,0.00208532,6
4.93729,0.120976,0.270306,-0.0345575,-0.0433978,0.732048,0.000104922,0.00208673,6
4.93939,0.121567,0.266945,-0.0345575,-0.0558219,0.673732,0.000101415,0.00208839,6
4.94149,0.122158,0.268625,-0.0376991,-0.0518817,0.649693,0.000105132,0.00208719,6
4.94359,0.122676,0.274788,-0.0376991,-0.0730989,0.5912,0.00036706,0.00208871,9
4.94569,0.123341,0.274788,-0.0376991,-0.118352,0.417408,0.000105642,0.00208419,6
4.94779,0.123858,0.283191,-0.0376991,-0.143877,0.350219,0.000102627,0.00208798,6
4.94989,0.124449,0.274788,-0.0376991,-0.170287,0.21924,0.000105753,0.00208707,6
4.95199,0.12504,0.27983,-0.0376991,-0.19478,0.144223,0.000102206,0.00208858,6
4.95409,0.125632,0.276468,-0.0376991,-0.215111,0.055106,0.000410069,0.0020875,9
4.95619,0.126297,0.273667,-0.0376991,-0.2296,-0.00895724,0.000106294,0.00208566,6
4.95829,0.126814,0.273667,-0.0376991,-0.237125,-0.0363418,0.000107135,0.00208658,6
4.96039,0.127331,0.266945,-0.0376991,-0.237125,-0.0586616,0.000110622,0.00208841,6
4.96249,0.127923,0.139775,-0.0376991,-0.2296,-0.485803,0.000104631,0.00208183,6
4.96459,0.12844,0.258541,-0.0376991,-0.215111,0.000904981,0.00049294,0.00208715,9
4.96669,0.129105,0.260222,-0.0376991,-0.194779,0.0886369,0.000104751,0.00208533,6
4.96879,0.129548,0.252379,-0.0376991,-0.170287,0.157402,0.000105102,0.00208661,6
4.97089,0.130066,0.245656,-0.0376991,-0.143877,0.237954,0.000102257,0.00208837,6
4.97299,0.130583,0.242295,-0.0376991,-0.118352,0.32718,0.000106093,0.00208721,6
4.97509,0.131026,0.240614,-0.0376991,-0.0970765,0.40564,0.000481259,0.00208856,9
4.97719,0.131618,0.236133,-0.0376991,-0.0839759,0.442705,0.000106204,0.00208435,6
4.97929,0.132061,0.22941,-0.0376991,-0.0835348,0.421828,0.000102797,0.0020879,6
4.98139,0.132504,0.232771,-0.0376991,-0.0573159,0.537728,0.000106615,0.00208684,6
4.98349,0.133022,0.234452,-0.0376991,-0.0309792,0.6483,0.000101505,0.00208856,6
4.98559,0.133465,0.227729,-0.0376991,-0.00648671,0.721107,0.000502587,0.00208733,9
4.98769,0.134056,0.234452,-0.0376991,0.0139182,0.827034,0.000147119,0.00208557,3
4.98979,0.1345,0.234452,-0.0376991,0.0277131,0.882418,0.000134085,0.00208612,6
4.99189,0.134943,0.234452,-0.0376991,0.0320943,0.901134,0.00010443,0.0020881,6
4.99399,0.13546,0.237813,-0.0376991,0.0239778,0.883568,0.00010409,0.00208744,6
4.99609,0.135978,0.242295,-0.0376991,-0,0.80826,0.000556966,0.00208847,9
4.99819,0.136569,0.247337,-0.0376991,-0,0.828645,0.000222216,0.00208397,3
5.00029,0.137012,0.250698,-0.0376991,-0,0.842419,0.000106724,0.00208555,6
5.00239,0.13753,0.247337,-0.0376991,-0,0.832222,0.000106635,0.00208602,6
5.00449,0.138047,0.252379,-0.0376991,-0,0.852332,0.000105813,0.00208683,6
5.00659,0.138564,0.258541,-0.0376991,-0,0.876483,0.000584607,0.0020886,9
5.00869,0.139229,0.260222,-0.0376991,-0,0.88502,0.000244065,0.00208413,3
5.01079,0.139747,0.260222,-0.0376991,-0,0.886946,0.000106264,0.00208538,6
5.01289,0.140264,0.263583,-0.0376991,-0,0.900994,0.000106975,0.00208539,6
5.0224,0.140781,0.261903,-0.0408407,0.0239778,0.942607,0.000466872,0.000603922,36
5.0245,0.143885,0.278149,-0.0408407,0.0320941,1.04437,0.000441647,0.00205457,3
5.0266,0.144033,0.27983,-0.0408407,0.0277129,1.03392,0.000103469,0.00208727,6
5.0287,0.14455,0.274788,-0.0408407,0.0139181,0.963925,0.000103018,0.00208732,6
5.0308,0.145141,0.283191,-0.0408407,-0.00648707,0.916952,0.000126181,0.00208846,6
5.0329,0.145733,0.28151,-0.0408407,-0.0309794,0.817689,0.000105552,0.00208734,6
5.035,0.146324,0.291594,-0.0408407,-0.0573162,0.753673,0.00029041,0.00208855,9
5.0371,0.146989,0.289914,-0.0408407,-0.083535,0.647961,0.000105673,0.00208436,6
5.0392,0.14758,0.294396,-0.0408407,-0.107954,0.571211,0.000101515,0.00208818,6
5.0413,0.148171,0.297757,-0.0408407,-0.129171,0.502891,0.000105132,0.00208695,6
5.0434,0.148837,0.297757,-0.0408407,-0.146065,0.439561,0.000101576,0.00208858,6
5.0455,0.149428,0.301118,-0.0439823,-0.133817,0.453945,0.000335001,0.00208748,9
5.0476,0.150093,0.292715,-0.0439823,-0.131706,0.434337,0.000103729,0.00208545,6
5.0497,0.150684,0.296076,-0.0439823,-0.136087,0.431596,0.000105473,0.00208663,6
5.0518,0.151275,0.296076,-0.0471239,-0.119899,0.449204,0.000101666,0.0020883,6
5.0539,0.15194,0.299437,-0.0471239,-0.120458,0.461626,0.000103289,0.0020872,6
5.056,0.152532,0.297757,-0.0471239,-0.132437,0.411103,0.000375475,0.00208845,9
5.0581,0.153271,0.297757,-0.0471239,-0.151352,0.340178,0.000111964,0.00208385,6
5.0602,0.153788,0.291594,-0.0471239,-0.173557,0.233387,0.000102407,0.00208797,6
5.0623,0.154379,0.157702,-0.0502655,-0.172271,-0.289951,0.000107035,0.00208668,6
5.0644,0.155044,0.292715,-0.0502655,-0.185372,0.148433,0.000133985,0.00208837,6
5.0665,0.155635,0.292715,-0.0502655,-0.208374,0.0610383,0.000412474,0.00208735,9
5.0686,0.156301,0.288233,-0.0502655,-0.237913,-0.0677068,0.000156866,0.00208362,6
5.0707,0.156892,0.289914,-0.0502655,-0.271745,-0.191228,0.000151176,0.00208673,6
5.0728,0.157409,0.284872,-0.0502655,-0.308751,-0.351628,0.000148932,0.00208632,6
5.0749,0.158074,0.278149,-0.0502655,-0.348928,-0.529897,0.000144074,0.00208713,6
5.077,0.158591,0.28151,-0.0502655,-0.3934,-0.689073,0.000403857,0.00208648,9
5.0791,0.159257,0.276468,-0.0502655,-0.400925,-0.734092,0.000159762,0.00207903,6
5.0812,0.159774,0.268625,-0.0502655,-0.39492,-0.737063,0.000150535,0.00208573,6
5.0833,0.160291,0.258541,-0.0502655,-0.375665,-0.696506,0.000149422,0.00208724,6
5.0854,0.160809,0.25574,-0.0502655,-0.344282,-0.58244,0.000147138,0.00208609,6
5.0875,0.161326,0.245656,-0.0534071,-0.278755,-0.409295,0.000439633,0.00208743,9
5.0896,0.161917,0.231091,-0.0534071,-0.221728,-0.237496,0.000152509,0.00208374,6
5.0917,0.16236,0.222687,-0.0534071,-0.17348,-0.0782192,0.000153671,0.0020867,6
5.0938,0.162804,0.222687,-0.0534071,-0.135413,0.0717078,0.000147179,0.00208613,6
5.0959,0.163321,0.221567,-0.0534071,-0.11005,0.168383,0.000152819,0.00208741,6
5.098,0.163765,0.218206,-0.0534071,-0.101037,0.19302,0.000423834,0.00208497,9
5.1001,0.164282,0.219886,-0.0534071,-0.113138,0.153872,0.0001643,0.00208492,6
5.1022,0.164651,0.211483,-0.0534071,-0.108757,0.142005,0.000149763,0.00208583,6
5.1043,0.165095,0.211483,-0.0534071,-0.114955,0.119512,0.000175962,0.00208716,6
5.1064,0.165538,0.208122,-0.0534071,-0.135658,0.0283998,0.000151587,0.00208538,6
5.1085,0.165982,0.208122,-0.0534071,-0.132147,0.0437261,0.000427992,0.00208599,9
5.1106,0.166425,0.206441,-0.0534071,-0.130082,0.0473583,0.000153491,0.00208505,6
5.1127,0.166794,0.20364,-0.0534071,-0.131706,0.0323061,0.000149373,0.00208583,6
5.1148,0.167238,0.200279,-0.0534071,-0.139822,-0.00978113,0.000157126,0.00208713,6
5.1169,0.167681,0.200279,-0.0534071,-0.157795,-0.0781379,0.000282356,0.0020523,6
5.119,0.168125,0.196917,-0.0534071,-0.146065,-0.0429203,0.000406863,0.00208749,9
5.1211,0.168494,0.190195,-0.0534071,-0.129171,1.42452e-05,0.000156526,0.00208414,6
5.1232,0.168864,0.188514,-0.0534071,-0.107954,0.0779722,0.000150114,0.00208678,6
5.1253,0.169233,0.186833,-0.0534071,-0.0835348,0.168402,0.000152268,0.00208518,6
5.1274,0.169603,0.184032,-0.0534071,-0.0573161,0.261801,0.000147479,0.00208712,6
5.1295,0.169972,0.17731,-0.0534071,-0.0309792,0.341517,0.00039952,0.00208637,9
5.1316,0.170416,0.172268,-0.0534071,-0.00648689,0.420384,0.0001531,0.00208496,6
5.1337,0.170711,0.172268,-0.0502655,-0.0100595,0.455216,0.000166454,0.00208596,6
5.1358,0.171081,0.172268,-0.0502655,-0.00438136,0.478709,0.000483493,0.00205864,6
5.1379,0.171524,0.173948,-0.0502655,0.004381,0.520552,0.000149453,0.0020865,6
5.14,0.17182,0.17899,-0.0502655,0.0100597,0.561956,0.000417212,0.00208728,9
5.1421,0.172263,0.175629,-0.0502655,0.00648689,0.537567,0.000159641,0.00208389,6
5.1442,0.172559,0.173948,-0.0502655,0.0309792,0.628008,0.00014223,0.00208701,6
5.1463,0.172928,0.175629,-0.0502655,0.057316,0.73803,0.000146928,0.0020863,6
5.1484,0.173298,0.173948,-0.0502655,0.0835348,0.83547,0.00015871,0.00208742,6
5.1505,0.173667,0.175629,-0.0502655,0.107954,0.938022,0.000427089,0.00208611,9
5.1526,0.174111,0.17731,-0.0502655,0.129171,1.02838,0.000151065,0.00208392,6
5.1547,0.174406,0.17899,-0.0502655,0.146065,1.10135,0.00014755,0.00208702,6
5.1568,0.174776,0.182352,-0.0502655,0.157795,1.16053,0.000150825,0.00208507,6
5.1589,0.175219,0.190195,-0.0502655,0.1638,1.21386,0.000150464,0.00208715,6
5.161,0.175589,0.195237,-0.0502655,0.1638,1.23342,0.000431779,0.0020853,9
5.1631,0.176032,0.196917,-0.0502655,0.157795,1.21774,0.000147809,0.00208503,6
5.1652,0.176402,0.20364,-0.0502655,0.146065,1.19767,0.000485266,0.0020546,6
5.1673,0.176919,0.209802,-0.0502655,0.129171,1.15602,0.000533464,0.00205843,6
5.1694,0.177362,0.209802,-0.0502655,0.107954,1.07503,0.000479796,0.00205614,6
5.1715,0.177806,0.213164,-0.0502655,0.0835348,0.993686,0.000677708,0.00205906,9
5.1736,0.178323,0.222687,-0.0502655,0.0573159,0.927833,0.00014808,0.00208617,6
5.1757,0.178693,0.221567,-0.0502655,0.0309792,0.822582,0.000147229,0.00208738,6
5.1778,0.179136,0.22941,-0.0502655,0.00648671,0.757118,0.00015313,0.0020864,6
5.1799,0.179653,0.22941,-0.0502655,-0.0139183,0.679563,0.000150585,0.00208732,6
5.182,0.180097,0.232771,-0.0502655,-0.0277132,0.639603,0.000447176,0.00208645,9
5.1841,0.180836,0.374507,-0.0502655,-0.0320944,1.13647,0.000148822,0.00208503,6
5.1862,0.181057,0.193556,-0.0502655,-0.0239779,0.516294,0.000149853,0.0020859,6
5.1883,0.181575,0.227729,-0.0502655,-0,0.734868,0.000165612,0.00208163,6
5.1904,0.182092,0.22941,-0.0502655,-0,0.742855,0.000151546,0.00208586,6
5.1925,0.182535,0.232771,-0.0502655,-0,0.756629,0.000455812,0.00208508,9
5.1946,0.183127,0.232771,-0.0502655,-0,0.758829,0.000155413,0.0020849,6
5.1967,0.183496,0.231091,-0.0534071,0.0239778,0.799892,0.000149052,0.00208559,6
5.1988,0.184013,0.237813,-0.0534071,0.0320941,0.857678,0.000147419,0.00208712,6
5.2009,0.184531,0.237813,-0.0534071,0.0277129,0.842539,0.000148821,0.00208631,6
5.203,0.185048,0.240614,-0.0534071,0.0139181,0.800834,0.000480567,0.00208767,9
5.2051,0.185565,0.240614,-0.0534071,-0.00648701,0.723278,0.000285481,0.00204804,6
5.2072,0.186083,0.249018,-0.0534071,-0.0309793,0.66011,0.000152288,0.00208318,6
5.2093,0.186526,0.250698,-0.0534071,-0.0573161,0.565236,0.000149633,0.00208621,6
5.2114,0.187043,0.245656,-0.0534071,-0.083535,0.446851,0.000152709,0.00208736,6
5.2135,0.187561,0.247337,-0.0534071,-0.107954,0.359723,0.000463937,0.00208611,9
5.2156,0.188226,0.250698,-0.0534071,-0.129171,0.291678,0.000149383,0.00208528,6
5.2177,0.188669,0.250698,-0.0534071,-0.146065,0.227523,0.000150234,0.0020858,6
5.2198,0.189186,0.249018,-0.0565487,-0.133817,0.223447,0.000155874,0.00208716,6
5.22191,0.189704,0.249018,-0.0565487,-0.131706,0.233597,0.000149283,0.0020865,6
5.22401,0.190221,0.249018,-0.0565487,-0.136087,0.218457,0.00049308,0.00208742,9
5.22611,0.190812,0.245656,-0.0565487,-0.143877,0.178193,0.000154332,0.0020836,3
5.22821,0.191256,0.252379,-0.0565487,-0.152552,0.170298,0.00014828,0.00208684,6
5.23031,0.191773,0.242295,-0.0596903,-0.136172,0.152008,0.00014796,0.00208622,6
5.23241,0.19229,0.242295,-0.0596903,-0.133176,0.165606,0.000161665,0.00208766,6
5.23451,0.192808,0.245656,-0.0596903,-0.139356,0.155579,0.000583776,0.00208636,9
5.23661,0.193399,0.242295,-0.0596903,-0.151352,0.0989339,0.000214472,0.00208396,3
5.23871,0.193768,0.237813,-0.0596903,-0.166637,0.0246065,0.000151277,0.00208683,6
5.24081,0.194286,0.239494,-0.0596903,-0.183531,-0.033212,0.000156055,0.002086,6
5.24291,0.194803,0.231091,-0.0596903,-0.201193,-0.130388,0.000150825,0.00208723,6
5.24501,0.195246,0.232771,-0.0596903,-0.219622,-0.194462,0.000561926,0.00208663,9
5.24711,0.195838,0.224368,-0.0628318,-0.215682,-0.254869,0.000201277,0.00208515,3
5.24921,0.196207,0.227729,-0.0628318,-0.230894,-0.300623,0.000147739,0.0020856,6
5.25131,0.19665,0.222687,-0.0628318,-0.264417,-0.447735,0.000146097,0.00208692,6
5.25341,0.197168,0.214844,-0.0628318,-0.273048,-0.507714,0.000145726,0.0020861,6
5.25551,0.197611,0.211483,-0.0628318,-0.278241,-0.538413,0.000577194,0.00208355,9
5.25761,0.198128,0.208122,-0.0628318,-0.278314,-0.548897,0.00024101,0.00208402,3
5.25971,0.198498,0.206441,-0.0628318,-0.272427,-0.530651,0.00014832,0.00208525,6
5.26181,0.198868,0.195237,-0.0628318,-0.260579,-0.523537,0.000145786,0.00208591,6
5.26391,0.199237,0.190195,-0.0628318,-0.243612,-0.474255,0.000150555,0.00208747,6
5.26601,0.19968,0.186833,-0.0628318,-0.223206,-0.405245,0.000596569,0.00208618,9
5.26811,0.200124,0.173948,-0.0628318,-0.201887,-0.367022,0.000250878,0.00208511,3
5.27021,0.200419,0.166105,-0.0628318,-0.183017,-0.320708,0.000162737,0.00208423,6
5.27231,0.200715,0.166105,-0.0628318,-0.170801,-0.272026,0.000156737,0.00208697,6
5.27441,0.201085,0.156021,-0.0628318,-0.170287,-0.305016,0.000145064,0.00208599,6
5.27651,0.20138,0.154341,-0.0628318,-0.143876,-0.207105,0.000613491,0.00208626,9
5.27861,0.20175,0.15266,-0.0628318,-0.118352,-0.112368,0.000265044,0.00208518,3
5.28071,0.202045,0.138094,-0.0628318,-0.0970766,-0.0809306,0.000154012,0.00208395,6
5.28281,0.202341,0.141455,-0.0628318,-0.0839757,-0.0166774,0.000146528,0.00208694,6
5.28491,0.202636,0.136414,-0.0628318,-0.0835349,-0.0320444,0.000146327,0.00208608,6
5.28701,0.202858,0.133052,-0.0628318,-0.057316,0.0587845,0.000625863,0.00208733,9
5.28911,0.203228,0.131932,-0.0628318,-0.0309791,0.158705,0.000270203,0.00208398,3
5.29121,0.203449,0.121848,-0.0628318,-0.00648683,0.218563,0.00014797,0.00208514,6
5.29331,0.203671,0.12689,-0.0628318,0.0139182,0.317053,0.000145937,0.00208557,6
5.29541,0.203967,0.123528,-0.0628318,0.0277131,0.359764,0.000145225,0.00208157,6
5.29751,0.204188,0.123528,-0.0628318,0.0320943,0.377655,0.000642033,0.00208643,9
5.29961,0.204484,0.120167,-0.0628318,0.0239778,0.335017,0.000293226,0.0020851,3
5.30171,0.204706,0.120167,-0.0628318,-0,0.242445,0.000154572,0.00208403,6
5.30381,0.204927,0.115125,-0.0628318,-0,0.225086,0.000149192,0.00208671,6
5.30591,0.205223,0.115125,-0.0628318,-0,0.226186,0.000154782,0.00208605,6
5.30801,0.205445,0.112324,-0.0628318,-0,0.216909,0.000664073,0.00208702,9
5.31011,0.20574,0.110643,-0.0628318,-0,0.211948,0.000313022,0.00208385,3
5.31221,0.205962,0.112324,-0.0628318,-0,0.218835,0.000149443,0.00208506,6
5.31431,0.206184,0.110643,-0.0628318,-0,0.213598,0.00015349,0.00208552,6
5.31641,0.206405,0.108963,-0.0628318,-0,0.208362,0.000153901,0.00208714,6
5.31851,0.206627,0.103921,-0.0628318,-0,0.191003,0.000145625,0.00208608,6
5.32061,0.206849,0.100559,-0.0596903,-0.0239779,0.133956,0.000337246,0.00208637,9
5.32271,0.207071,0.0971981,-0.0596903,-0.0320942,0.091044,0.000152869,0.00208511,6
5.32481,0.207366,0.173948,-0.0596903,-0.027713,0.386017,0.000145937,0.00208578,6
5.32691,0.20744,0.0142856,-0.0596903,-0.0139181,-0.135815,0.000145615,0.00208731,6
5.32901,0.207588,0.0876744,-0.0596903,0.00648698,0.208901,0.000144023,0.00208606,6
5.33111,0.20781,0.0843131,-0.0596903,0.0309792,0.293004,0.00037237,0.00208753,9
5.33321,0.207957,0.07647,-0.0596903,0.057316,0.367853,0.000148531,0.00208386,6
5.33531,0.208105,0.0809518,-0.0596903,0.0835349,0.486694,0.000145416,0.0020871,6
5.33741,0.208327,0.0798313,-0.0596903,0.107954,0.578593,0.000144654,0.00208624,6
5.33951,0.208475,0.0781507,-0.0596903,0.129171,0.655726,0.00015884,0.00208737,6
5.34161,0.208622,0.0809518,-0.0596903,0.146065,0.732184,0.000454099,0.00208623,9
5.34371,0.208844,0.0798313,-0.0596903,0.157795,0.774658,0.000149223,0.00208466,6
5.34581,0.208992,0.0809518,-0.0596903,0.1638,0.80264,0.000146949,0.00208584,6
5.34791,0.20914,0.0826324,-0.0596903,0.1638,0.809251,0.000150264,0.00208697,6
5.35001,0.209288,0.0876744,-0.0596903,0.157795,0.804596,0.000144284,0.0020862,6
5.35211,0.209509,0.0893551,-0.0596903,0.146065,0.765792,0.00043803,0.0020875,9
5.35421,0.209731,0.0971981,-0.0565487,0.105193,0.68335,0.000148351,0.00208384,6
5.35631,0.209879,0.0971981,-0.0565487,0.0758594,0.569642,0.000159071,0.0020869,6
5.35841,0.2101,0.0988788,-0.0565487,0.0558217,0.498478,0.000145375,0.00208611,6
5.36051,0.210322,0.0988788,-0.0565487,0.0433977,0.45091,0.000145906,0.00208648,6
5.36261,0.210544,0.107282,-0.0565487,0.037466,0.458938,0.000463987,0.00208724,9
5.36471,0.210766,0.0971981,-0.0565487,0.0374661,0.423395,0.00015365,0.00208397,6
5.36681,0.210987,0.105601,-0.0534071,0.0194198,0.431883,0.000147629,0.00208693,6
5.36891,0.211209,0.10224,-0.0534071,0.0237275,0.437364,0.000146247,0.00208616,6
5.37101,0.211431,0.100559,-0.0534071,0.0481463,0.527243,0.000144243,0.00208728,6
5.37311,0.211578,0.0988788,-0.0534071,0.0912748,0.689724,0.000516012,0.00208629,9
5.37521,0.211874,0.10224,-0.0534071,0.152552,0.941631,0.000148972,0.00208521,6
5.37731,0.212022,0.100559,-0.0534071,0.188774,1.07721,0.000148481,0.00208561,6
5.37941,0.212244,0.10224,-0.0534071,0.221116,1.21007,0.000146117,0.00208701,6
5.38151,0.212465,0.108963,-0.0534071,0.247335,1.33727,0.000150044,0.00208644,6
5.38361,0.212687,0.108963,-0.0534071,0.265749,1.40982,0.000486678,0.00208737,9
5.38571,0.212983,0.116806,-0.0534071,0.275236,1.47616,0.000149353,0.00208388,6
5.38781,0.213204,0.118486,-0.0534071,0.275236,1.48305,0.000143512,0.00208698,6
5.38991,0.213426,0.12857,-0.0534071,0.265749,1.48329,0.000150635,0.0020864,6
5.39201,0.213722,0.131932,-0.0534071,0.247335,1.42479,0.000146607,0.00208762,6
5.39411,0.214017,0.138094,-0.0534071,0.221116,1.34599,0.000478554,0.00208633,9
5.39621,0.214387,0.144817,-0.0534071,0.188774,1.24563,0.00014805,0.00208502,6
5.39831,0.214608,0.150979,-0.0534071,0.152552,1.12759,0.000150194,0.00208579,6
5.40041,0.214978,0.154341,-0.0534071,0.115252,0.995803,0.000148912,0.00208712,6
5.40251,0.215274,0.161063,-0.0534071,0.0802404,0.884772,0.000143762,0.0020803,6
5.40461,0.215643,0.164425,-0.0534071,0.0514406,0.786092,0.000466422,0.00208614,9
5.40671,0.216086,0.168906,-0.0534071,0.033338,0.733393,0.000165893,0.00208502,6
5.40881,0.216382,0.173948,-0.0534071,0.030979,0.74349,0.000146858,0.0020858,6
5.41091,0.216752,0.180671,-0.0534071,0.00648689,0.673711,0.000145115,0.00208712,6
5.41301,0.217121,0.173948,-0.0534071,-0.0139184,0.571358,0.000146528,0.00208626,6
5.41511,0.217491,0.180671,-0.0534071,-0.0277133,0.543247,0.000448269,0.00208747,9
5.41721,0.21786,0.180671,-0.0534071,-0.0320943,0.527557,0.000144754,0.00208408,6
5.41931,0.21823,0.175629,-0.0565487,-0,0.588112,0.000149663,0.00208694,6
5.42141,0.218599,0.185713,-0.0565487,0.0320944,0.750869,0.000146978,0.00208602,6
5.42351,0.218969,0.17899,-0.0565487,0.0277132,0.710934,0.000149763,0.00208753,6
5.42561,0.219338,0.182352,-0.0596903,0.0378963,0.716449,0.000506465,0.00208623,9
5.42771,0.219781,0.184032,-0.0596903,0.0256076,0.676294,0.000165953,0.00208518,3
5.42981,0.220077,0.182352,-0.0596903,-0.00326595,0.558866,0.000146477,0.00208573,6
5.43191,0.22052,0.186833,-0.0596903,-0.0433978,0.420361,0.000149924,0.00208746,6
5.43401,0.22089,0.186833,-0.0596903,-0.0900218,0.240129,0.00014826,0.0020852,6
5.43611,0.22126,0.190195,-0.0596903,-0.138933,0.0631109,0.000537391,0.00208725,9
5.43821,0.221777,0.195237,-0.0596903,-0.186487,-0.102009,0.00017528,0.00208375,3
5.44031,0.222072,0.190195,-0.0596903,-0.2296,-0.287025,0.000159441,0.00208693,6
5.44241,0.222516,0.185713,-0.0628318,-0.241771,-0.396594,0.00016387,0.002086,6
5.44451,0.222885,0.180671,-0.0628318,-0.260877,-0.487825,0.000145256,0.00208616,6
5.44661,0.223255,0.184032,-0.0628318,-0.282152,-0.557197,0.000573347,0.00208758,9
5.44871,0.223698,0.172268,-0.0628318,-0.301672,-0.674008,0.000208812,0.00208332,3
5.45081,0.223994,0.167786,-0.0628318,-0.316352,-0.746253,0.000146047,0.00208683,6
5.45291,0.224289,0.159383,-0.0628318,-0.32395,-0.805056,0.00014802,0.00208513,6
5.45501,0.224659,0.150979,-0.0628318,-0.323065,-0.830539,0.000146237,0.00208743,6
5.45711,0.224955,0.15266,-0.0628318,-0.313135,-0.784698,0.000889393,0.00208587,9
5.45921,0.225398,0.134733,-0.0628318,-0.294441,-0.774887,0.000523185,0.00205225,3
5.46131,0.22562,0.131932,-0.0628318,-0.268104,-0.681578,0.000473034,0.00205363,6
5.46341,0.225841,0.123528,-0.0628318,-0.236087,-0.586349,0.000462925,0.00205928,6
5.46552,0.226063,0.110643,-0.0628318,-0.201193,-0.496077,0.000461011,0.00205553,6
5.46762,0.226285,0.10224,-0.0628318,-0.167066,-0.392631,0.000932272,0.00205961,9
5.46972,0.22658,0.0971981,-0.0628318,-0.138192,-0.297247,0.000200486,0.00205057,3
5.47182,0.226654,0.0876744,-0.0628318,-0.119898,-0.260063,0.000146388,0.00208689,6
5.47392,0.226876,0.0876744,-0.0628318,-0.118352,-0.253213,0.000149153,0.00208614,6
5.47602,0.227024,0.0809518,-0.0628318,-0.0970766,-0.194039,0.000155574,0.0020873,6
5.47812,0.227172,0.07647,-0.0628318,-0.0839757,-0.158623,0.000622677,0.00208618,9
5.48022,0.227393,0.0781507,-0.0628318,-0.0835349,-0.150019,0.000266366,0.0020852,3
5.48232,0.227541,0.0731087,-0.0628318,-0.057316,-0.0655267,0.000153,0.00208409,6
5.48442,0.227615,0.0697474,-0.0628318,-0.0309791,0.0252116,0.000149193,0.00208696,6
5.48652,0.227763,0.0647054,-0.0628318,-0.00648683,0.102978,0.000144454,0.00208616,6
5.48862,0.227911,0.0619043,-0.0628318,0.0139182,0.172907,0.000632975,0.0020861,9
5.49072,0.228058,0.058543,-0.0628318,0.0277131,0.215067,0.000338658,0.00208513,3
5.49282,0.228132,0.053501,-0.0628318,0.0320943,0.214223,0.000148962,0.00208408,6
5.49492,0.22828,0.058543,-0.0628318,0.0239778,0.201343,0.000146247,0.00208694,6
5.49702,0.228354,0.0467784,-0.0628318,-0,0.0657905,0.000149503,0.00208583,6
5.49912,0.228502,0.0501397,-0.0628318,-0,0.0784637,0.000647923,0.00208701,6
5.50122,0.22865,0.0518203,-0.0628318,-0,0.0850753,0.000290471,0.00208394,3
5.50332,0.228724,0.0422966,-0.0628318,-0,0.0510021,0.000152107,0.00208511,6
5.50542,0.228797,0.0422966,-0.0628318,-0,0.0512772,0.000148481,0.00208576,6
5.50752,0.228871,0.0372546,-0.0628318,-0,0.0333677,0.00015303,0.00208677,6
5.50962,0.228945,0.0406159,-0.0628318,-0,0.0457658,0.000674321,0.00208087,9
5.51172,0.229093,0.0338933,-0.0628318,-0,0.02207,0.000342185,0.00208483,3
5.51382,0.229093,0.030532,-0.0628318,-0,0.00994711,0.00015338,0.00208404,6
5.51592,0.229167,0.0288513,-0.0628318,-0,0.00416066,0.000155073,0.00208688,6
5.51802,0.229241,0.0243696,-0.0628318,-0,-0.0117282,0.000150114,0.00208597,6
5.52012,0.229241,0.0226889,-0.0628318,-0,-0.0177896,0.000147279,0.00208696,6
5.52222,0.229315,0.0126049,-0.0596903,-0.0239779,-0.0996329,0.000344129,0.00208631,9
5.52432,0.229389,0.0126049,-0.0596903,-0.0320942,-0.130972,0.000166223,0.00208524,6
5.52642,0.229389,0.00924363,-0.0596903,-0.027713,-0.12603,0.000146398,0.00208562,6
5.52852,0.229389,0.00476187,-0.0596903,-0.0139181,-0.0884606,0.000145345,0.00208611,6
5.53062,0.229389,0.00308121,-0.0596903,0.00648698,-0.0150411,0.000143973,0.00208728,6
5.53272,0.229389,-0.00196077,-0.0596903,0.0309792,0.0621756,0.000366028,0.00208633,9
5.53482,0.229389,0.00140055,-0.0596903,0.057316,0.176884,0.00015318,0.00208523,6
5.53692,0.229389,-0.00028011,-0.0596903,0.0835349,0.272949,0.000147519,0.00208567,6
5.53902,0.229389,-0.00196077,-0.0596903,0.107954,0.362003,0.000145576,0.00208723,6
5.54112,0.229389,0.00140055,-0.0596903,0.129171,0.45677,0.000144464,0.00208601,6
5.54322,0.229389,0.00308121,-0.0596903,0.146065,0.528636,0.000410629,0.00208735,9
5.54532,0.229389,0.00812319,-0.0596903,0.157795,0.592511,0.000149603,0.00208395,6
5.54742,0.229389,0.00308121,-0.0565487,0.139822,0.551967,0.000146367,0.00208695,6
5.54952,0.229389,0.00476187,-0.0565487,0.131706,0.526414,0.000146237,0.0020861,6
5.55162,0.229463,0.00812319,-0.0565487,0.130082,0.532487,0.000149704,0.00208758,6
5.55372,0.229463,0.00924363,-0.0565487,0.132147,0.544571,0.000444983,0.00208629,9
5.55582,0.229463,0.00812319,-0.0565487,0.135658,0.554206,0.0001481,0.00208507,6
5.55792,0.229536,0.0109243,-0.0565487,0.138933,0.577342,0.000146698,0.00208555,6
5.56002,0.229536,0.0109243,-0.0534071,0.116873,0.539063,0.000150255,0.00208731,6
5.56212,0.229536,0.0176469,-0.0534071,0.108757,0.531694,0.000145605,0.00208634,6
5.56422,0.22961,0.0142856,-0.0534071,0.11122,0.52944,0.000479976,0.00208747,9
5.56632,0.22961,0.0193276,-0.0534071,0.121739,0.588601,0.000147609,0.00208395,6
5.56842,0.229684,0.0193276,-0.0534071,0.138634,0.654682,0.000152258,0.0020871,6
5.57052,0.229684,0.0193276,-0.0534071,0.161061,0.742041,0.000144033,0.00208589,6
5.57262,0.229758,0.0176469,-0.0534071,0.189022,0.845164,0.000144724,0.00208644,6
5.57472,0.229758,0.0226889,-0.0534071,0.223357,0.99709,0.000458908,0.00208726,9
5.57682,0.229832,0.0260502,-0.0534071,0.265749,1.17461,0.000148071,0.00208403,6
5.57892,0.229906,0.0288513,-0.0534071,0.275236,1.22194,0.00016418,0.0020869,6
5.58102,0.22998,0.0338933,-0.0534071,0.275236,1.2404,0.000146428,0.00208605,6
5.58312,0.230054,0.0338933,-0.0534071,0.265749,1.20372,0.000145376,0.00208736,6
5.58522,0.230128,0.0406159,-0.0534071,0.247335,1.15652,0.000446104,0.00208513,9
5.58732,0.230202,0.0450977,-0.0502655,0.197139,1.02508,0.000146829,0.00208491,6
5.58942,0.230275,0.0551816,-0.0502655,0.15668,0.904134,0.000146017,0.00208587,6
5.59152,0.230423,0.0551816,-0.0502655,0.124839,0.780658,0.000144904,0.00208733,6
5.59362,0.230497,0.0568623,-0.0502655,0.101334,0.695441,0.000149503,0.00208663,6
5.59572,0.230645,0.0602236,-0.0502655,0.0867273,0.651219,0.000852927,0.00205823,9
5.59782,0.230793,0.0602236,-0.0502655,0.0824198,0.634991,0.000147699,0.00208361,6
5.59992,0.230941,0.0630247,-0.0502655,0.090654,0.677716,0.000141799,0.00208681,6
5.60202,0.231014,0.0680667,-0.0502655,0.114514,0.789114,0.000145104,0.00208628,6
5.60412,0.231162,0.0680667,-0.0502655,0.114441,0.789379,0.000145245,0.00208749,6
5.60622,0.23131,0.0647054,-0.0502655,0.115252,0.780968,0.000481579,0.00208655,9
5.60832,0.231458,0.0697474,-0.0502655,0.118352,0.811774,0.00015365,0.00208511,6
5.61042,0.231606,0.0680667,-0.0502655,0.125701,0.834889,0.00017014,0.00208583,6
5.61252,0.231753,0.0747893,-0.0502655,0.139822,0.914689,0.000162267,0.0020857,6
5.61462,0.231901,0.0781507,-0.0502655,0.1638,1.02076,0.000149644,0.00208748,6
5.61672,0.232049,0.07647,-0.0502655,0.157795,0.991859,0.000480207,0.00208047,9
5.61882,0.232271,0.0798313,-0.0534071,0.170043,1.00487,0.000212357,0.00208495,3
5.62092,0.232419,0.0843131,-0.0534071,0.161265,0.98739,0.000147299,0.00208547,6
5.62302,0.232566,0.0876744,-0.0534071,0.135667,0.900354,0.000149663,0.00208721,6
5.62512,0.232788,0.0927164,-0.0534071,0.0974531,0.770516,0.000146257,0.00208623,6
5.62722,0.23301,0.0988788,-0.0534071,0.050829,0.611959,0.0004987,0.00208729,9
5.62932,0.233231,0.100559,-0.0534071,-0,0.420859,0.000165902,0.00208385,3
5.63142,0.233379,0.0971981,-0.0534071,-0.0508292,0.211298,0.000151596,0.00208664,6
5.63352,0.233601,0.0988788,-0.0534071,-0.0974532,0.0365776,0.000145045,0.00208621,6
5.63562,0.23397,0.188514,-0.0534071,-0.135667,0.212384,0.000144063,0.00208688,6
5.63772,0.234044,0.0142856,-0.0534071,-0.161265,-0.515424,0.000485066,0.00208149,9
5.63982,0.234192,0.0910357,-0.0534071,-0.170043,-0.272256,0.000205705,0.00208509,3
5.64192,0.234414,0.0876744,-0.0534071,-0.157795,-0.235847,0.000147049,0.00208553,6
5.64402,0.234562,0.0826324,-0.0534071,-0.1638,-0.276872,0.000145876,0.00208714,6
5.64612,0.234709,0.0781507,-0.0534071,-0.1638,-0.292486,0.000164441,0.00208472,6
5.64822,0.234857,0.071428,-0.0534071,-0.157795,-0.292791,0.000497167,0.00208708,9
5.65032,0.235079,0.0697474,-0.0534071,-0.146065,-0.252337,0.000149553,0.00208387,6
5.65242,0.235153,0.0630247,-0.0534071,-0.129171,-0.210503,0.000154832,0.00208708,6
5.65452,0.235301,0.0619043,-0.0534071,-0.107954,-0.13135,0.000471,0.00205546,6
5.65662,0.235448,0.0568623,-0.0565487,-0.0595568,-0.00811807,0.000474606,0.00205091,6
5.65872,0.235522,0.048459,-0.0565487,-0.0252218,0.0955897,0.000501065,0.00208738,9
5.66082,0.235596,0.0467784,-0.0565487,-0.00326598,0.175324,0.000207038,0.00208393,3
5.66292,0.23567,0.0450977,-0.0565487,0.00743145,0.211206,0.000146077,0.0020867,6
5.66502,0.235818,0.0372546,-0.0565487,0.00743157,0.18347,0.000149203,0.00208642,6
5.66712,0.235892,0.0372546,-0.0565487,-0.00326622,0.142075,0.000461723,0.00205904,6
5.66922,0.235966,0.0372546,-0.0565487,-0.0252218,0.05683,0.000522354,0.00208526,9
5.67132,0.23604,0.0372546,-0.0565487,-0.059557,-0.0766354,0.000173838,0.00208535,3
5.67342,0.236114,0.0372546,-0.0565487,-0.107954,-0.264873,0.000145365,0.00208573,6
5.67552,0.236188,0.030532,-0.0565487,-0.129171,-0.371488,0.000143742,0.00208719,6
5.67762,0.236261,0.0338933,-0.0565487,-0.146065,-0.424895,0.000149283,0.00208627,6
5.67972,0.236335,0.0271707,-0.0565487,-0.157795,-0.494556,0.000558499,0.00208746,9
5.68182,0.236335,0.0193276,-0.0565487,-0.1638,-0.546235,0.000203392,0.00208392,3
5.68392,0.236409,0.0159663,-0.0565487,-0.1638,-0.558083,0.000146748,0.0020867,6
5.68602,0.236409,0.0176469,-0.0565487,-0.157795,-0.52863,0.000148952,0.00208166,6
5.68812,0.236409,0.00476187,-0.0565487,-0.146065,-0.529411,0.000143602,0.00208733,6
5.69022,0.236483,0.00140055,-0.0565487,-0.129171,-0.475454,0.000588174,0.00208579,9
5.69232,0.236409,-0.00700275,-0.0565487,-0.107954,-0.423391,0.000221324,0.00208511,3
5.69442,0.236409,-0.0114845,-0.0565487,-0.0835348,-0.34444,0.000152008,0.00208573,6
5.69652,0.236409,-0.0114845,-0.0565487,-0.0573159,-0.242314,0.000470079,0.0020547,6
5.69862,0.236335,-0.0114845,-0.0565487,-0.0309792,-0.140003,0.000143873,0.00208715,6
5.70072,0.236335,-0.0114845,-0.0565487,-0.00648689,-0.0446021,0.000604824,0.0020865,9
5.70282,0.236335,-0.00868341,-0.0565487,0.0139183,0.0449819,0.000256629,0.00208503,3
5.70492,0.236335,-0.0114845,-0.0565487,0.0277132,0.0886127,0.000149263,0.0020835,6
5.70702,0.236261,-0.0131652,-0.0565487,0.0320944,0.0993416,0.000144685,0.00208686,6
5.70912,0.236261,-0.0148458,-0.0534071,-0,0.0159155,0.000149503,0.00208624,6
5.71123,0.236261,-0.00196077,-0.0534071,-0.0320944,-0.0626257,0.000641472,0.00208724,9
5.71333,0.236261,-0.00532209,-0.0534071,-0.0277132,-0.0576833,0.000284319,0.00208391,3
5.71543,0.236261,-0.00700275,-0.0534071,-0.0139184,-0.0100117,0.000166173,0.00208502,6
5.71753,0.236188,-0.00196077,-0.0534071,0.00648677,0.0873789,0.000149994,0.00208562,6
5.71962,0.236188,0.00476187,-0.0534071,0.0309792,0.207026,0.000149883,0.00208712,6
5.72173,0.236188,-0.00196077,-0.0534071,0.057316,0.285366,0.000627526,0.00207938,9
5.72383,0.236261,-0.00028011,-0.0534071,0.0835349,0.393829,0.000276595,0.00208496,3
5.72593,0.236261,-0.00028011,-0.0534071,0.107954,0.488945,0.000152538,0.00208397,6
5.72803,0.236261,0.00140055,-0.0534071,0.129171,0.57765,0.000149733,0.00208737,6
5.73013,0.236261,0.00140055,-0.0534071,0.146065,0.643455,0.000467864,0.00205577,6
5.73223,0.236261,0.00476187,-0.0534071,0.157795,0.701268,0.000898781,0.00205897,9
5.73433,0.236261,0.00476187,-0.0534071,0.1638,0.72466,0.000266626,0.00208401,3
5.73643,0.236261,0.00644253,-0.0534071,0.1638,0.730721,0.000159721,0.00208526,6
5.73853,0.236261,0.00644253,-0.0534071,0.157795,0.707329,0.000149713,0.00208585,6
5.74063,0.236261,0.00924363,-0.0534071,0.146065,0.671742,0.000146687,0.00208615,6
5.74273,0.236335,0.0126049,-0.0534071,0.129171,0.618335,0.000614231,0.00208731,9
5.74483,0.236335,0.0126049,-0.0534071,0.107954,0.535691,0.000259784,0.00208382,3
5.74693,0.236409,0.0142856,-0.0534071,0.0835349,0.446913,0.000158399,0.00208534,6
5.74903,0.236409,0.0159663,-0.0534071,0.057316,0.350847,0.000161384,0.00208574,6
5.75113,0.236409,0.0159663,-0.0534071,0.030979,0.248261,0.000153641,0.00208728,6
5.75323,0.236483,0.0159663,-0.0534071,0.00648689,0.153136,0.000600536,0.00208605,9
5.75533,0.236483,0.0159663,-0.0534071,-0.0139184,0.0736538,0.000256919,0.00208509,3
5.75743,0.236557,0.0176469,-0.0534071,-0.0277133,0.0262571,0.000152208,0.00208393,6
5.75953,0.236557,0.0109243,-0.0534071,-0.0320943,-0.0150536,0.000146678,0.00208707,6
5.76163,0.236557,0.0126049,-0.0534071,-0.023978,0.0226222,0.000148391,0.00208646,6
5.76373,0.236631,0.00812319,-0.0534071,-0,0.100131,0.0005967,0.00208729,9
5.76583,0.236631,0.00308121,-0.0534071,-0,0.0819468,0.000224941,0.00208368,3
5.76793,0.236631,-0.00364143,-0.0534071,-0,0.057701,0.000160383,0.00208661,6
5.77003,0.236631,-0.00196077,-0.0534071,-0,0.0637624,0.000153631,0.00208611,6
5.77213,0.236631,-0.00196077,-0.0534071,-0,0.0637624,0.000158008,0.00208723,6
5.77423,0.236557,-0.00196077,-0.0534071,-0,0.0634873,0.000583195,0.0020861,9
5.77633,0.236557,-0.00028011,-0.0534071,-0,0.0695487,0.000232424,0.00208477,3
5.77843,0.236557,-0.00028011,-0.0534071,-0,0.0695487,0.00015312,0.00208591,6
5.78053,0.236557,0.00140055,-0.0534071,-0,0.0756103,0.000150304,0.00208616,6
5.78263,0.236557,-0.00196077,-0.0534071,-0,0.0634873,0.000161975,0.0020872,6
5.78473,0.236557,0.00476187,-0.0534071,-0,0.0877333,0.00056926,0.00208529,9
5.78683,0.236557,-0.00532209,-0.0534071,-0,0.0513643,0.000220673,0.00208493,3
5.78893,0.236557,-0.00028011,-0.0534071,-0,0.0695487,0.00015296,0.00208558,6
5.79103,0.236557,0.00140055,-0.0534071,-0,0.0756103,0.000152378,0.00208703,6
5.79313,0.236557,0.00140055,-0.0534071,-0,0.0756103,0.000151907,0.00208618,6
5.79523,0.236557,-0.00364143,-0.0534071,-0,0.0574259,0.00055868,0.00208768,9
5.79733,0.236557,0.00308121,-0.0534071,-0,0.0816717,0.000218248,0.00204761,3
5.79943,0.236557,0.00140055,-0.0534071,-0,0.0756103,0.000151557,0.00208644,6
5.80153,0.236557,0.00140055,-0.0534071,-0,0.0756103,0.000152198,0.0020862,6
5.80363,0.236557,0.00140055,-0.0534071,-0,0.0756103,0.000162487,0.00208712,6
5.80573,0.236557,-0.00196077,-0.0534071,-0,0.0634873,0.000561135,0.0020863,9
5.80783,0.236557,0.00476187,-0.0534071,-0,0.0877333,0.000197992,0.00208474,3
5.80993,0.236557,0.00308121,-0.0534071,-0,0.0816717,0.000154062,0.00208547,6
5.81203,0.236557,-0.00364143,-0.0534071,-0,0.0574259,0.000163218,0.0020868,6
5.81413,0.236557,-0.00196077,-0.0534071,-0,0.0634873,0.000153219,0.00208626,6
5.81623,0.236557,-0.00364143,-0.0534071,-0,0.0574259,0.000572826,0.0020872,9
5.81833,0.236557,0.00308121,-0.0534071,-0,0.0816717,0.000190488,0.00208374,3
5.82043,0.236557,-0.00028011,-0.0534071,-0,0.0695487,0.000160583,0.00208661,6
5.82253,0.236557,-0.00028011,-0.0534071,-0,0.0695487,0.000157348,0.00208602,6
5.82463,0.236557,-0.00028011,-0.0534071,-0,0.0695487,0.000150935,0.00208605,6
5.82673,0.236557,-0.00364143,-0.0534071,-0,0.0574259,0.000537561,0.00208715,9
5.82883,0.236557,-0.00028011,-0.0534071,-0,0.0695487,0.000192621,0.00207384,3
5.83093,0.236557,0.00476187,-0.0534071,-0,0.0877333,0.00016406,0.00208671,6
5.83303,0.236557,-0.00028011,-0.0534071,-0,0.0695487,0.000157037,0.00208502,6
5.83513,0.236557,0.00308121,-0.0534071,-0,0.0816717,0.000152379,0.00208713,6
5.83723,0.236557,-0.00196077,-0.0534071,-0,0.0634873,0.000523576,0.00208633,9
5.83933,0.236557,0.00140055,-0.0534071,-0,0.0756103,0.000174719,0.00208489,3
5.84143,0.236557,0.00308121,-0.0534071,-0,0.0816717,0.000160283,0.00208551,6
5.84353,0.236557,-0.00196077,-0.0534071,-0,0.0634873,0.000152328,0.00208709,6
5.84563,0.236557,-0.00028011,-0.0534071,-0,0.0695487,0.000157628,0.00208611,6
5.84773,0.236557,0.00140055,-0.0534071,-0,0.0756103,0.000516553,0.00208729,9
5.84983,0.236557,-0.00196077,-0.0534071,-0,0.0634873,0.000212819,0.00208392,3
5.85193,0.236557,-0.00028011,-0.0534071,-0,0.0695487,0.000154332,0.00208663,6
5.85403,0.236557,-0.00028011,-0.0534071,-0,0.0695487,0.00015313,0.00208614,6
5.85613,0.236557,0.00140055,-0.0534071,-0,0.0756103,0.000145315,0.00208709,6
5.85823,0.236557,-0.00364143,-0.0534071,-0,0.0574259,0.000516202,0.00208619,9
5.86033,0.236557,-0.00196077,-0.0534071,-0,0.0634873,0.000167907,0.0020849,3
5.86243,0.236557,-0.00028011,-0.0534071,-0,0.0695487,0.000153259,0.00208549,6
5.86453,0.236557,-0.00028011,-0.0534071,-0,0.0695487,0.000153019,0.00208598,6
5.86663,0.236557,0.00140055,-0.0534071,-0,0.0756103,0.000162797,0.00208717,6
5.86873,0.236557,0.00308121,-0.0565487,0.023978,0.127422,0.000517024,0.00208604,9
5.87083,0.236557,0.00140055,-0.0565487,0.0320944,0.152975,0.000191139,0.0020852,3
5.87293,0.236557,-0.00028011,-0.0565487,0.0277132,0.129848,0.000149143,0.0020848,6
5.87503,0.236557,0.00308121,-0.0565487,0.0139183,0.0882377,0.000153881,0.00208667,6
5.87713,0.236557,0.00140055,-0.0565487,-0.00648677,0.00269517,0.000148081,0.00208632,6
5.87923,0.236557,0.00140055,-0.0565487,-0.0309792,-0.0927064,0.00054239,0.00208729,9
5.88133,0.236557,-0.00364143,-0.0565487,-0.0573161,-0.213477,0.000188223,0.00208403,3
5.88343,0.236557,0.00308121,-0.0565487,-0.083535,-0.291358,0.000511434,0.00205776,6
5.88553,0.236557,0.00476187,-0.0565487,-0.107954,-0.380411,0.000175761,0.00205477,6
5.88763,0.236557,-0.00700275,-0.0565487,-0.129171,-0.505486,0.000149032,0.00208761,6
5.88973,0.236557,-0.00532209,-0.0565487,-0.146065,-0.56523,0.000600537,0.00208649,9
5.89183,0.236557,-0.00028011,-0.0596903,-0.133817,-0.546986,0.00025236,0.00208499,3
5.89393,0.236557,-0.00196077,-0.0596903,-0.131706,-0.544824,0.000150495,0.00208233,6
5.89603,0.236557,-0.00700275,-0.0596903,-0.136087,-0.580074,0.000145245,0.00208684,6
5.89813,0.236557,-0.00700275,-0.0596903,-0.143877,-0.610415,0.000149794,0.00208619,6
5.90023,0.236557,-0.0131652,-0.0596903,-0.152552,-0.666432,0.000619471,0.00208742,9
5.90233,0.236483,-0.0165265,-0.0596903,-0.16015,-0.708426,0.000264082,0.00208393,3
5.90443,0.236483,-0.0182071,-0.0596903,-0.16527,-0.734429,0.000160764,0.00208516,6
5.90653,0.236409,-0.0165265,-0.0596903,-0.16707,-0.735654,0.000154622,0.0020857,6
5.90863,0.236409,-0.0215685,-0.0596903,-0.16527,-0.746828,0.000148701,0.00208618,6
5.91073,0.236335,-0.0266104,-0.0596903,-0.16015,-0.745346,0.000648674,0.00208743,9
5.91283,0.236261,-0.0310922,-0.0596903,-0.152552,-0.732189,0.000296251,0.00208389,3
5.91493,0.236188,-0.0310922,-0.0596903,-0.143877,-0.698673,0.000160543,0.00208528,6
5.91703,0.236114,-0.0361342,-0.0596903,-0.136087,-0.68679,0.000167035,0.00208559,6
5.91913,0.23604,-0.0378148,-0.0596903,-0.131706,-0.676061,0.000155554,0.00208704,6
5.92123,0.235966,-0.0411762,-0.0596903,-0.133817,-0.696682,0.00014793,0.00208626,6
5.92333,0.235892,-0.0411762,-0.0596903,-0.146065,-0.744666,0.000337015,0.00208747,9
5.92543,0.235744,-0.0473386,-0.0596903,-0.129171,-0.701637,0.000152638,0.00208388,6
5.92753,0.23567,-0.0473386,-0.0596903,-0.107954,-0.619267,0.000150915,0.00208694,6
5.92963,0.235596,-0.0523805,-0.0596903,-0.0835349,-0.542611,0.000148251,0.00208619,6
5.93173,0.235448,-0.0490192,-0.0596903,-0.057316,-0.428912,0.000153961,0.00208751,6
5.93383,0.235375,-0.0506999,-0.0596903,-0.0309791,-0.332662,0.000364676,0.00208622,9
5.93593,0.235227,-0.0557419,-0.0596903,-0.00648686,-0.255995,0.000148972,0.00207925,6
5.93803,0.235153,-0.0523805,-0.0596903,0.0139184,-0.164666,0.000151046,0.00208594,6
5.94013,0.235005,-0.0523805,-0.0596903,0.0277133,-0.111483,0.000156195,0.00208728,6
5.94223,0.234931,-0.0523805,-0.0596903,0.0320942,-0.0946938,0.000148061,0.0020861,6
5.94433,0.234783,-0.0523805,-0.0596903,0.023978,-0.126858,0.000388259,0.00208759,9
5.94643,0.234709,-0.0411762,-0.0596903,-0,-0.180121,0.000155023,0.00208386,6
5.94853,0.234636,-0.0445375,-0.0596903,-0,-0.192519,0.000151266,0.00208583,6
5.95063,0.234562,-0.0344535,-0.0596903,-0,-0.156425,0.000152609,0.00208725,6
5.95273,0.234488,-0.0411762,-0.0596903,-0,-0.180946,0.000162356,0.00208619,6
5.95483,0.23434,-0.0428568,-0.0596903,-0,-0.187558,0.00042732,0.00208726,9
5.95693,0.234266,-0.0411762,-0.0596903,-0,-0.181772,0.000156576,0.00208315,6
5.95903,0.234192,-0.0411762,-0.0596903,-0,-0.182047,0.000153881,0.00208677,6
5.96113,0.234118,-0.0378148,-0.0596903,-0,-0.170199,0.000152368,0.00208615,6
5.96323,0.234044,-0.0361342,-0.0596903,-0,-0.164412,0.00015888,0.00208703,6
5.96533,0.23397,-0.00532209,-0.0596903,-0,-0.0535603,0.00044912,0.00208639,9
5.96743,0.23397,-0.00532209,-0.0596903,-0,-0.0535603,0.000163057,0.00208501,6
5.96954,0.23397,-0.00700275,-0.0596903,-0,-0.0596217,0.000243965,0.00205052,6
5.97164,0.233897,-0.0624645,-0.0596903,-0,-0.259926,0.000145656,0.00208715,6
5.97374,0.233749,-0.0591032,-0.0596903,-0,-0.248353,0.000152738,0.0020861,6
5.97584,0.233601,-0.0652656,-0.0596903,-0,-0.271129,0.000478363,0.00208735,9
5.97794,0.233527,-0.0277309,-0.0596903,-0,-0.136031,0.000164059,0.00208376,6
5.98004,0.233453,-0.0277309,-0.0596903,-0,-0.136306,0.000159682,0.00208645,6
5.98214,0.233453,-0.0294115,-0.0596903,-0,-0.142367,0.000152719,0.00208621,6
5.98424,0.233379,-0.0266104,-0.0628318,0.023978,-0.08679,0.000145165,0.00208719,6
5.98634,0.233305,-0.0277309,-0.0628318,0.0320943,-0.0594917,0.000526992,0.00208653,9
5.98844,0.233231,-0.0165265,-0.0628318,0.0277131,-0.0364224,0.000168698,0.00208512,3
5.99054,0.233231,-0.0266104,-0.0628318,0.0139182,-0.126524,0.000148501,0.00208575,6
5.99264,0.233158,-0.0165265,-0.0628318,-0.00648689,-0.169912,0.000148451,0.00208618,6
5.99474,0.233158,-0.0165265,-0.0628318,-0.0309792,-0.265313,0.000154652,0.0020873,6
5.99684,0.233084,-0.0131652,-0.0628318,-0.057316,-0.356051,0.000520781,0.00208637,9
5.99894,0.233084,-0.0148458,-0.0628318,-0.0835349,-0.464239,0.000174117,0.00208511,3
6.00104,0.23301,-0.0131652,-0.0628318,-0.107954,-0.553568,0.000149543,0.00208552,6
6.00314,0.23301,-0.00868341,-0.0628318,-0.129171,-0.620048,0.000154943,0.00208716,6
6.00524,0.23301,-0.0148458,-0.0628318,-0.146065,-0.708078,0.000154582,0.00208642,6
6.00734,0.232936,-0.0148458,-0.0628318,-0.157795,-0.754043,0.000534416,0.00208737,9
6.00944,0.232936,-0.0148458,-0.0628318,-0.1638,-0.777434,0.00018628,0.00208327,3
6.01154,0.232862,-0.0232491,-0.0628318,-0.1638,-0.808016,0.000149864,0.00208658,6
6.01364,0.232862,-0.0182071,-0.0628318,-0.157795,-0.766441,0.000156286,0.0020861,6
6.01574,0.232788,-0.0294115,-0.0628318,-0.146065,-0.761436,0.000149543,0.00208747,6
6.01784,0.232714,-0.0249298,-0.0659734,-0.105193,-0.633992,0.000573397,0.00208662,9
6.01994,0.23264,-0.0361342,-0.0659734,-0.0758593,-0.560419,0.000615614,0.00205182,3
6.02204,0.232566,-0.0378148,-0.0659734,-0.0558217,-0.488706,0.000151437,0.0020855,6
6.02414,0.232566,-0.0327729,-0.0659734,-0.0433977,-0.422128,0.000150215,0.00208722,6
6.02624,0.232492,-0.0361342,-0.0659734,-0.0374659,-0.411421,0.000155133,0.00208644,6
6.02834,0.232419,-0.0294115,-0.0659734,-0.037466,-0.387451,0.00058639,0.00208724,9
6.03044,0.232345,-0.0361342,-0.0659734,-0.0433978,-0.435077,0.000220913,0.00208395,3
6.03254,0.232271,-0.0327729,-0.0659734,-0.0558218,-0.471622,0.000145566,0.00208594,6
6.03464,0.232197,-0.0294115,-0.0659734,-0.0758595,-0.537825,0.000150805,0.00208724,6
6.03674,0.232123,-0.0361342,-0.0659734,-0.105193,-0.676604,0.000145616,0.00208644,6
6.03884,0.232049,-0.0294115,-0.0659734,-0.146065,-0.811836,0.000596229,0.00208735,9
6.04094,0.231975,-0.0327729,-0.0659734,-0.157795,-0.869924,0.000242513,0.00207854,3
6.04304,0.231901,-0.0361342,-0.0659734,-0.1638,-0.905713,0.000152809,0.00208525,6
6.04514,0.231827,-0.0394955,-0.0659734,-0.1638,-0.918111,0.00014812,0.00208564,6
6.04724,0.231753,-0.0378148,-0.0659734,-0.157795,-0.888933,0.000145466,0.00208704,6
6.04934,0.23168,-0.0428568,-0.0659734,-0.146065,-0.861703,0.000689339,0.0020864,9
6.05144,0.231532,-0.0490192,-0.0659734,-0.129171,-0.818674,0.000254675,0.00208512,3
6.05354,0.231458,-0.0506999,-0.0659734,-0.107954,-0.742366,0.000162016,0.00208423,6
6.05564,0.23131,-0.0557419,-0.069115,-0.059557,-0.620236,0.000147039,0.00208717,6
6.05774,0.231236,-0.0624645,-0.069115,-0.0252217,-0.511016,0.000148711,0.00208487,6
6.05984,0.231088,-0.0574225,-0.069115,-0.00326598,-0.407861,0.000143042,0.00208739,6
6.06194,0.230941,-0.0652656,-0.069115,0.00743139,-0.39503,0.000294518,0.00208614,9
6.06404,0.230867,-0.0624645,-0.069115,0.00743139,-0.385203,0.000148941,0.00208493,6
6.06614,0.230719,-0.0557419,-0.069115,-0.0032661,-0.403175,0.000151717,0.00208598,6
6.06824,0.230571,-0.0591032,-0.069115,-0.0252219,-0.50137,0.000506785,0.00205903,6
6.07034,0.230423,-0.0523805,-0.069115,-0.0595572,-0.611415,0.000145345,0.00208604,6
6.07244,0.230349,-0.0607838,-0.0722566,-0.0839761,-0.784761,0.000324973,0.00208736,9
6.07454,0.230202,-0.0635849,-0.0722566,-0.0970771,-0.846444,0.000151837,0.00208414,6
6.07664,0.230128,-0.0591032,-0.0722566,-0.118352,-0.913426,0.000145967,0.00208591,6
6.07874,0.22998,-0.0652656,-0.0722566,-0.143877,-1.03562,0.000146167,0.00208721,6
6.08084,0.229832,-0.0669463,-0.0722566,-0.170287,-1.14511,0.000144093,0.00208638,6
6.08294,0.229684,-0.0669463,-0.0722566,-0.19478,-1.24106,0.000371077,0.00208734,9
6.08504,0.229536,-0.0770302,-0.0722566,-0.215111,-1.35717,0.000148511,0.00208381,6
6.08714,0.229389,-0.0753496,-0.0722566,-0.2296,-1.4081,0.000146908,0.00208694,6
6.08924,0.229167,-0.0848733,-0.0722566,-0.237125,-1.47258,0.000146678,0.00208581,6
6.09134,0.229019,-0.0949573,-0.0722566,-0.237125,-1.5095,0.000147118,0.00208735,6
6.09344,0.228797,-0.10112,-0.0722566,-0.2296,-1.50324,0.000400501,0.00208648,9
6.09554,0.228502,-0.106162,-0.0722566,-0.215111,-1.46609,0.000149924,0.00208494,6
6.09764,0.228354,-0.112884,-0.0722566,-0.19478,-1.41169,0.000146798,0.00208558,6
6.09974,0.228058,-0.124089,-0.0722566,-0.170287,-1.3578,0.000150104,0.00208735,6
6.10184,0.227837,-0.129131,-0.0722566,-0.143877,-1.27394,0.000145666,0.00208611,6
6.10394,0.227541,-0.132492,-0.0722566,-0.118352,-1.18774,0.000429244,0.00208738,9
6.10604,0.227172,-0.145377,-0.0722566,-0.0970765,-1.15271,0.000149393,0.00208396,6
6.10814,0.22695,-0.148738,-0.0722566,-0.0839754,-1.11463,0.000151116,0.00208684,6
6.11024,0.226654,-0.148738,-0.0722566,-0.0835348,-1.11401,0.000148331,0.00208513,6
6.11234,0.226285,-0.151539,-0.0722566,-0.0573159,-1.02337,0.000172334,0.00208716,6
6.11444,0.225989,-0.15322,-0.0722566,-0.0309793,-0.927943,0.000477422,0.00208635,9
6.11654,0.22562,-0.159943,-0.0722566,-0.00648654,-0.858161,0.00014775,0.00208377,6
6.11864,0.225324,-0.168346,-0.0722566,0.0139183,-0.810089,0.000146307,0.00208691,6
6.12074,0.224955,-0.163304,-0.0722566,0.0277132,-0.739547,0.000145886,0.00208612,6
6.12284,0.224585,-0.168346,-0.0722566,0.0320944,-0.742041,0.000157728,0.00208738,6
6.12494,0.224289,-0.164985,-0.0722566,0.0239781,-0.762633,0.000500073,0.00208632,9
6.12704,0.223846,-0.168346,-0.0722566,-0,-0.869805,0.000165261,0.00208512,3
6.12914,0.22355,-0.171147,-0.0722566,-0,-0.881008,0.000152378,0.00208571,6
6.13124,0.223181,-0.171147,-0.0722566,-0,-0.882383,0.00014787,0.0020871,6
6.13334,0.222811,-0.17955,-0.069115,-0.0239776,-0.959814,0.000149433,0.00208607,6
6.13544,0.222516,-0.172828,-0.069115,-0.0320939,-0.968283,0.000582123,0.0020874,9
6.13754,0.221998,-0.182912,-0.069115,-0.0277128,-0.989513,0.00018587,0.00208416,3
6.13964,0.221703,-0.182912,-0.069115,-0.0139179,-0.93688,0.000145746,0.00208679,6
6.14174,0.221333,-0.17955,-0.069115,0.00648713,-0.846651,0.000150144,0.00208621,6
6.14384,0.220964,-0.192435,-0.0659734,0.00700155,-0.844846,0.000144974,0.00208727,6
6.14594,0.22052,-0.194116,-0.0659734,0.0252221,-0.781587,0.000575651,0.00208054,9
6.14804,0.220077,-0.195797,-0.0659734,0.055822,-0.670107,0.000205445,0.00208504,3
6.15014,0.219708,-0.194116,-0.0659734,0.0940357,-0.516573,0.000156866,0.00208596,6
6.15224,0.219338,-0.195797,-0.0659734,0.135658,-0.361885,0.000143252,0.00208708,6
6.15434,0.218895,-0.200839,-0.0659734,0.177044,-0.220514,0.000148612,0.00208617,6
6.15644,0.218451,-0.200839,-0.0659734,0.215111,-0.0738885,0.000598012,0.00208298,9
6.15854,0.218008,-0.199158,-0.0659734,0.247335,0.056041,0.000228267,0.00208394,3
6.16064,0.217638,-0.190755,-0.0659734,0.271754,0.180088,0.000150786,0.00208557,6
6.16274,0.217269,-0.197477,-0.0659734,0.286966,0.21372,0.000150635,0.00208676,6
6.16484,0.216825,-0.187394,-0.0659734,0.29213,0.268553,0.000149984,0.00208608,6
6.16694,0.216456,-0.187394,-0.0659734,0.286966,0.247063,0.000604784,0.0020874,9
6.16904,0.216013,-0.17787,-0.0628318,0.247776,0.174757,0.000267999,0.00208381,3
6.17114,0.215643,-0.172828,-0.0628318,0.215241,0.0648369,0.000154462,0.00208508,6
6.17324,0.215347,-0.171147,-0.0628318,0.187398,-0.0386539,0.000151176,0.00208586,6
6.17534,0.214978,-0.166665,-0.0628318,0.163126,-0.118408,0.000154432,0.00208709,6
6.17744,0.214608,-0.164985,-0.0628318,0.142145,-0.195447,0.000632194,0.00208617,9
6.17954,0.214239,-0.161623,-0.0628318,0.125015,-0.251425,0.000284239,0.00208509,3
6.18164,0.213943,-0.158262,-0.0628318,0.113138,-0.286663,0.000154683,0.00208417,6
6.18374,0.213648,-0.151539,-0.0628318,0.108757,-0.280584,0.000155875,0.0020872,6
6.18584,0.213352,-0.154901,-0.0628318,0.114955,-0.269663,0.000144433,0.00208601,6
6.18794,0.213057,-0.151539,-0.0628318,0.135658,-0.178001,0.000644456,0.00208721,9
6.19004,0.212613,-0.151539,-0.0628318,0.132147,-0.193328,0.00030142,0.00208386,3
6.19214,0.212391,-0.147058,-0.0628318,0.130082,-0.186033,0.000160693,0.00208535,6
6.19424,0.212096,-0.148738,-0.0628318,0.131706,-0.186868,0.000149784,0.00208579,6
6.19634,0.2118,-0.140335,-0.0628318,0.139822,-0.126046,0.000159291,0.00208728,6
6.19844,0.211505,-0.142016,-0.0628318,0.157795,-0.0632019,0.000147109,0.00208659,6
6.20054,0.211209,-0.145377,-0.0628318,0.146065,-0.122115,0.000316468,0.00208654,9
6.20264,0.210839,-0.135293,-0.0628318,0.129171,-0.152927,0.00014783,0.00208502,6
6.20474,0.210618,-0.140335,-0.0628318,0.107954,-0.25458,0.000151647,0.00208588,6
6.20684,0.210322,-0.140335,-0.0628318,0.0835348,-0.350797,0.000155414,0.00208706,6
6.20894,0.210027,-0.136974,-0.0628318,0.0573159,-0.441901,0.000154812,0.00208637,6
6.21104,0.209731,-0.130811,-0.0628318,0.0309792,-0.523361,0.000340451,0.00208756,9
6.21314,0.209435,-0.132492,-0.0628318,0.00648671,-0.625925,0.0001532,0.00208385,6
6.21524,0.209214,-0.132492,-0.0628318,-0.0139183,-0.706231,0.000150424,0.0020869,6
6.21734,0.208918,-0.136974,-0.0628318,-0.0277132,-0.777229,0.000154101,0.00208639,6
6.21944,0.208622,-0.12745,-0.0628318,-0.0320944,-0.761046,0.000148962,0.00208726,6
6.22154,0.208327,-0.135293,-0.0628318,-0.0239781,-0.758819,0.000356872,0.00208637,9
6.22365,0.208031,-0.129131,-0.0628318,-0,-0.644296,0.000158229,0.00208514,6
6.22575,0.20781,-0.138654,-0.0628318,-0,-0.67947,0.000170923,0.00208561,6
6.22785,0.207514,-0.132492,-0.0628318,-0,-0.658345,0.000158068,0.00208687,6
6.22995,0.207366,-0.0635849,-0.0628318,-0,-0.410374,0.000153771,0.00208635,6
6.23205,0.206923,-0.158262,-0.0659734,0.0239781,-0.707738,0.0003671,0.0020872,9
6.23415,0.206627,-0.136974,-0.0659734,0.0320944,-0.600445,0.000160042,0.00208388,6
6.23625,0.206332,-0.135293,-0.0659734,0.0277133,-0.612549,0.000154231,0.00208695,6
6.23835,0.206036,-0.140335,-0.0659734,0.0139184,-0.685567,0.000148992,0.00208635,6
6.24045,0.205814,-0.135293,-0.0659734,-0.00648677,-0.747689,0.000150404,0.00207423,6
6.24255,0.205519,-0.138654,-0.0659734,-0.0309792,-0.856314,0.000377069,0.00208729,9
6.24465,0.205149,-0.136974,-0.0659734,-0.0573159,-0.954214,0.000152959,0.00208384,6
6.24675,0.204927,-0.140335,-0.0659734,-0.0835348,-1.06929,0.000150655,0.00208699,6
6.24885,0.204632,-0.142016,-0.0659734,-0.107954,-1.17157,0.000149433,0.00208608,6
6.25095,0.204336,-0.148738,-0.0659734,-0.129171,-1.27956,0.000154262,0.00208134,6
6.25305,0.203967,-0.150419,-0.0659734,-0.146065,-1.3528,0.000393639,0.00208657,9
6.25515,0.203671,-0.156581,-0.0659734,-0.157795,-1.42181,0.000147199,0.00208505,6
6.25725,0.203375,-0.159943,-0.0659734,-0.1638,-1.45843,0.000148491,0.00208584,6
6.25935,0.203006,-0.166665,-0.0659734,-0.1638,-1.48405,0.000166324,0.00208716,6
6.26145,0.202636,-0.17787,-0.0659734,-0.157795,-1.50244,0.000148331,0.00208631,6
6.26355,0.202267,-0.174508,-0.0659734,-0.146065,-1.44601,0.000471321,0.00208739,9
6.26565,0.201824,-0.186273,-0.0659734,-0.129171,-1.42428,0.000154012,0.00208376,6
6.26775,0.201454,-0.199158,-0.0659734,-0.107954,-1.38949,0.000155904,0.00208688,6
6.26985,0.201011,-0.199158,-0.0659734,-0.083535,-1.29602,0.000150064,0.00208632,6
6.27195,0.200641,-0.208682,-0.0659734,-0.0573161,-1.22962,0.000146558,0.00208737,6
6.27405,0.200198,-0.215404,-0.0659734,-0.0309792,-1.15293,0.000409698,0.00208639,9
6.27615,0.19968,-0.220446,-0.0659734,-0.00648689,-1.07764,0.000159772,0.00208512,6
6.27825,0.199237,-0.224928,-0.0659734,0.0139184,-1.01597,0.000148742,0.00208547,6
6.28035,0.198794,-0.231651,-0.0659734,0.0277133,-0.988134,0.000155424,0.00208683,6
6.28245,0.198276,-0.226609,-0.0659734,0.0320942,-0.954811,0.000145325,0.00208608,6
6.28455,0.197833,-0.235012,-0.0659734,0.023978,-1.01838,0.000468095,0.00208619,9
6.28665,0.197242,-0.231651,-0.0659734,-0,-1.10186,0.000155924,0.00208497,6
6.28875,0.196872,-0.235012,-0.0659734,-0,-1.11536,0.000150926,0.00208542,6
6.29085,0.196355,-0.238374,-0.0659734,-0,-1.12941,0.000159241,0.00208714,6
6.29295,0.195838,-0.241175,-0.0659734,-0,-1.14143,0.000155845,0.00208638,6
6.29505,0.19532,-0.242855,-0.0659734,-0,-1.14942,0.000444722,0.00208729,9
6.29715,0.194729,-0.241175,-0.0628318,-0.023978,-1.19131,0.000151136,0.00208383,6
6.29925,0.194286,-0.251259,-0.0628318,-0.0320944,-1.26094,0.000154472,0.00208685,6
6.30135,0.193768,-0.257421,-0.0628318,-0.0277133,-1.26803,0.0001538,0.00208619,6
6.30345,0.193177,-0.257421,-0.0628318,-0.0139184,-1.2165,0.000146718,0.00208725,6
6.30555,0.19266,-0.260782,-0.0628318,0.00648677,-1.15106,0.000466722,0.00208648,9
6.30765,0.191995,-0.269186,-0.0628318,0.0309792,-1.08845,0.000148722,0.00208498,6
6.30975,0.191551,-0.269186,-0.0628318,0.0573161,-0.987511,0.000156065,0.002086,6
6.31185,0.19096,-0.278709,-0.0628318,0.083535,-0.921933,0.000149362,0.00208697,6
6.31395,0.190369,-0.282071,-0.0628318,0.107954,-0.841141,0.000150104,0.00208619,6
6.31605,0.189778,-0.287113,-0.0628318,0.129171,-0.778883,0.000502858,0.0020873,9
6.31815,0.189113,-0.287113,-0.0628318,0.146065,-0.715554,0.000160332,0.00208394,6
6.32025,0.188595,-0.285432,-0.0628318,0.157795,-0.665728,0.000150415,0.00208685,6
6.32235,0.188004,-0.288793,-0.0596903,0.139822,-0.70241,0.00014786,0.0020861,6
6.32445,0.187413,-0.285432,-0.0596903,0.131706,-0.724102,0.000154922,0.00207276,6
6.32655,0.186748,-0.292155,-0.0596903,0.130082,-0.75715,0.000519679,0.00208737,9
6.32865,0.186083,-0.287113,-0.0596903,0.132147,-0.733398,0.000184958,0.00208416,3
6.33075,0.185565,-0.292155,-0.0596903,0.135658,-0.739833,0.000150645,0.00208698,6
6.33285,0.184974,-0.290474,-0.0565487,0.114955,-0.768964,0.000150384,0.00208614,6
6.33495,0.184309,-0.296636,-0.0565487,0.108756,-0.81781,0.000150064,0.0020873,6
6.33705,0.183718,-0.298317,-0.0565487,0.113138,-0.809007,0.000579528,0.00208628,9
6.33915,0.182979,-0.30504,-0.0565487,0.125015,-0.789741,0.000206117,0.00208505,3
6.34125,0.182462,-0.30504,-0.0565487,0.142144,-0.724944,0.000149012,0.00208568,6
6.34335,0.181796,-0.303359,-0.0534071,0.139148,-0.685382,0.000150535,0.00208725,6
6.34545,0.181205,-0.299998,-0.0534071,0.155303,-0.612532,0.00014772,0.00208637,6
6.34755,0.180614,-0.292155,-0.0534071,0.187527,-0.460928,0.000590448,0.0020873,9
6.34965,0.179801,-0.292155,-0.0534071,0.233857,-0.283492,0.000251389,0.00208397,3
6.35175,0.179284,-0.301678,-0.0534071,0.293453,-0.0876329,0.000152789,0.0020853,6
6.35385,0.178693,-0.296636,-0.0534071,0.323109,0.0438675,0.000150715,0.00208568,6
6.35595,0.178027,-0.296636,-0.0534071,0.344282,0.123862,0.000149342,0.00208717,6
6.35805,0.177436,-0.283751,-0.0534071,0.355289,0.211006,0.000583946,0.00208214,9
6.36015,0.176771,-0.275348,-0.0502655,0.331311,0.193088,0.000255687,0.00208502,3
6.36225,0.176254,-0.278709,-0.0502655,0.312188,0.104553,0.000160724,0.00208414,6
6.36435,0.175737,-0.274228,-0.0502655,0.295396,0.0533851,0.000152799,0.00208718,6
6.36645,0.175145,-0.265824,-0.0502655,0.279535,0.0197086,0.000148872,0.00208608,6
6.36855,0.174628,-0.265824,-0.0502655,0.264323,-0.0414699,0.000617518,0.0020862,9
6.37065,0.173889,-0.262463,-0.0502655,0.250601,-0.0855449,0.000261898,0.00208501,3
6.37275,0.173446,-0.252939,-0.0502655,0.240333,-0.0928446,0.000152909,0.00208411,6
6.37485,0.173002,-0.252939,-0.0502655,0.236601,-0.10903,0.000151246,0.00208707,6
6.37695,0.172411,-0.256301,-0.0502655,0.243611,-0.0960478,0.000154442,0.00208598,6
6.37905,0.171894,-0.251259,-0.0502655,0.223206,-0.159271,0.000612939,0.00208718,9
6.38115,0.171302,-0.247897,-0.0502655,0.201886,-0.232392,0.000263922,0.00208402,3
6.38325,0.170859,-0.246217,-0.0502655,0.183017,-0.301482,0.0001533,0.00208524,6
6.38535,0.170342,-0.244536,-0.0502655,0.170801,-0.344927,0.000154923,0.00208566,6
6.38745,0.169824,-0.249578,-0.0502655,0.170287,-0.367041,0.000145095,0.00208725,6
6.38955,0.169307,-0.247897,-0.0471239,0.119898,-0.511527,0.00065173,0.00208629,9
6.39165,0.168642,-0.247897,-0.0471239,0.0862572,-0.645041,0.000357072,0.00208504,3
6.39375,0.168199,-0.246217,-0.0471239,0.0693633,-0.706434,0.000157658,0.00208405,6
6.39585,0.167755,-0.252939,-0.0471239,0.0700572,-0.729627,0.000146377,0.00208654,6
6.39795,0.167238,-0.246217,-0.0471239,0.0900216,-0.629543,0.000149473,0.00208637,6
6.40005,0.166721,-0.249578,-0.0471239,0.0882951,-0.650317,0.000145075,0.0020873,6
6.40215,0.166203,-0.256301,-0.0471239,0.0882953,-0.676487,0.000304546,0.00208617,9
6.40425,0.165612,-0.256301,-0.0471239,0.0900217,-0.671964,0.000157217,0.00208511,6
6.40635,0.165095,-0.25462,-0.0471239,0.0940356,-0.652193,0.00014763,0.00208572,6
6.40845,0.164577,-0.257421,-0.0471239,0.101458,-0.635311,0.000153901,0.00207303,6
6.41055,0.16406,-0.256301,-0.0471239,0.113971,-0.584455,0.000154291,0.00208715,6
6.41265,0.163469,-0.260782,-0.0471239,0.133817,-0.525515,0.000360629,0.00208629,9
6.41475,0.162878,-0.257421,-0.0471239,0.1638,-0.398805,0.000148662,0.0020852,6
6.41685,0.162434,-0.256301,-0.0471239,0.1638,-0.396414,0.000150064,0.00208567,6
6.41895,0.161917,-0.252939,-0.0471239,0.157795,-0.409608,0.000155865,0.00208724,6
6.42105,0.1614,-0.251259,-0.0471239,0.146065,-0.451163,0.000149142,0.00208626,6
6.42315,0.160882,-0.249578,-0.0471239,0.129171,-0.512832,0.000346643,0.0020874,9
6.42525,0.160291,-0.247897,-0.0471239,0.107954,-0.591616,0.000152018,0.00208404,6
6.42735,0.159848,-0.244536,-0.0471239,0.0835347,-0.676259,0.000152679,0.00208695,6
6.42945,0.15933,-0.240054,-0.0471239,0.0573159,-0.764146,0.00014822,0.00208625,6
6.43155,0.158813,-0.242855,-0.0471239,0.0309792,-0.87876,0.000161264,0.00208736,6
6.43365,0.158296,-0.246217,-0.0471239,0.00648698,-0.988209,0.000362011,0.00208612,9
6.43575,0.157705,-0.244536,-0.0471239,-0.0139183,-1.06383,0.000160112,0.00208502,6
6.43785,0.157261,-0.251259,-0.0471239,-0.0277132,-1.14346,0.000151937,0.00208592,6
6.43995,0.156744,-0.251259,-0.0439823,-0.0560724,-1.2082,0.00014739,0.00208726,6
6.44205,0.156227,-0.260782,-0.0439823,-0.0560722,-1.24447,0.000148932,0.00208579,6
6.44415,0.155635,-0.265824,-0.0439823,-0.0277131,-1.1544,0.000407254,0.00208745,9
6.44625,0.155044,-0.265824,-0.0439823,-0.0139183,-1.10286,0.000152087,0.00208373,6
6.44835,0.154527,-0.272547,-0.0439823,0.00648692,-1.04955,0.000157868,0.00208691,6
6.45045,0.15401,-0.35714,-0.0439823,0.0309793,-1.26117,0.000151186,0.00208611,6
6.45255,0.153418,-0.275348,-0.0439823,0.0573162,-0.865796,0.000147349,0.00208639,6
6.45465,0.152827,-0.285432,-0.0408407,0.059557,-0.847989,0.000445734,0.00208756,9
6.45675,0.152088,-0.287113,-0.0408407,0.0758595,-0.793301,0.000154833,0.00208388,6
6.45885,0.151645,-0.283751,-0.0408407,0.101458,-0.683118,0.000146798,0.00208693,6
6.46095,0.15098,-0.285432,-0.0408407,0.132147,-0.572117,0.000150916,0.00208122,6
6.46305,0.150388,-0.283751,-0.0408407,0.164282,-0.443085,0.000155984,0.00208725,6
6.46515,0.149797,-0.285432,-0.0408407,0.19478,-0.332555,0.000502026,0.00208637,9
6.46725,0.149132,-0.288793,-0.0408407,0.221116,-0.244568,0.000156446,0.00208492,6
6.46935,0.148615,-0.278709,-0.0408407,0.24133,-0.131389,0.000151166,0.00208587,6
6.47145,0.148024,-0.288793,-0.0408407,0.254019,-0.120533,0.000154682,0.00208734,6
6.47355,0.147432,-0.282071,-0.0408407,0.258342,-0.0816492,0.000149843,0.00208632,6
6.47565,0.146841,-0.275348,-0.0408407,0.254019,-0.0764438,0.000516283,0.00208735,9
6.47775,0.146176,-0.28039,-0.0408407,0.24133,-0.146529,0.000252681,0.00208386,3
6.47985,0.145659,-0.272547,-0.0408407,0.221116,-0.198904,0.000159722,0.00208506,6
6.48195,0.145141,-0.267505,-0.0408407,0.19478,-0.285231,0.000149053,0.00208571,6
6.48405,0.14455,-0.270866,-0.0408407,0.164282,-0.418347,0.000152999,0.00208749,6
6.48615,0.144033,-0.260782,-0.0408407,0.132147,-0.509074,0.000544944,0.00208634,9
6.48825,0.143368,-0.260782,-0.0376991,0.0774798,-0.676839,0.000220683,0.0020851,3
6.49036,0.142924,-0.260782,-0.0376991,0.0437649,-0.809814,0.000150855,0.00208848,6
6.49246,0.142407,-0.262463,-0.0376991,0.031844,-0.864235,0.000149734,0.00208474,6
6.49456,0.141816,-0.265824,-0.0376991,0.0433977,-0.833556,0.000148261,0.00208735,6
6.49666,0.141299,-0.269186,-0.0376991,0.0374662,-0.870708,0.000595497,0.0020863,9
6.49876,0.14056,-0.274228,-0.0376991,0.0374658,-0.891645,0.00026847,0.00208517,3
6.50086,0.140116,-0.270866,-0.0376991,0.0433978,-0.858067,0.000151787,0.00208408,6
6.50296,0.139525,-0.278709,-0.0376991,0.0558217,-0.840162,0.000148812,0.00208709,6
6.50506,0.138934,-0.282071,-0.0376991,0.0758594,-0.776435,0.000149002,0.00208638,6
6.50716,0.138343,-0.285432,-0.0376991,0.105193,-0.6765,0.000633277,0.00208769,9
6.50926,0.137604,-0.292155,-0.0376991,0.146065,-0.544296,0.000286263,0.00208415,3
6.51136,0.137086,-0.290474,-0.0376991,0.157795,-0.49447,0.000150675,0.00208498,6
6.51346,0.136569,-0.292155,-0.0376991,0.1638,-0.479067,0.000148882,0.00208584,6
6.51556,0.135978,-0.290474,-0.0376991,0.1638,-0.475206,0.000155484,0.00208718,6
6.51766,0.135313,-0.285432,-0.0376991,0.157795,-0.482888,0.000149683,0.00208626,6
6.51976,0.134721,-0.287113,-0.0376991,0.146065,-0.536839,0.000334701,0.00208746,9
6.52186,0.134056,-0.287113,-0.0376991,0.129171,-0.60512,0.000151457,0.00208397,6
6.52396,0.133539,-0.285432,-0.0376991,0.107954,-0.683628,0.000152439,0.00208697,6
6.52606,0.132948,-0.282071,-0.0376991,0.0835348,-0.768821,0.000148942,0.00208605,6
6.52816,0.132357,-0.287113,-0.0376991,0.0573159,-0.891333,0.000149213,0.00208734,6
6.53026,0.131765,-0.292155,-0.0376991,0.0309792,-1.0143,0.000353866,0.00208635,9
6.53236,0.1311,-0.285432,-0.0376991,0.00648671,-1.08794,0.000168327,0.00208528,6
6.53446,0.130509,-0.298317,-0.0376991,-0.0139182,-1.21609,0.000149884,0.00208586,6
6.53656,0.129844,-0.299998,-0.0376991,-0.0277131,-1.27836,0.000148021,0.00208628,6
6.53866,0.129253,-0.299998,-0.0345575,-0.0560723,-1.34337,0.000145766,0.00208737,6
6.54076,0.128588,-0.310082,-0.0345575,-0.0560722,-1.38222,0.000401073,0.00208623,9
6.54286,0.127849,-0.310082,-0.0345575,-0.0277134,-1.27451,0.000155353,0.00208506,6
6.54496,0.127331,-0.472545,-0.0345575,-0.0139186,-1.80864,0.000152398,0.00208585,6
6.54706,0.126666,-0.321286,-0.0345575,0.00648659,-1.18611,0.000149823,0.00208722,6
6.54916,0.125927,-0.329129,-0.0345575,0.030979,-1.12174,0.000148862,0.00208623,6
6.55126,0.125262,-0.334171,-0.0314159,0.0333378,-1.08557,0.000425116,0.00208737,9
6.55336,0.124449,-0.335852,-0.0314159,0.0514404,-1.02414,0.000152408,0.00208393,6
6.55546,0.123858,-0.339213,-0.0314159,0.0802405,-0.926284,0.000147209,0.00208692,6
6.55756,0.123119,-0.339213,-0.0314159,0.115252,-0.792658,0.000149012,0.00208616,6
6.55966,0.122454,-0.344255,-0.0314159,0.152552,-0.668031,0.000150174,0.00208731,6
6.56176,0.121715,-0.350417,-0.0282743,0.164796,-0.597666,0.000459098,0.00208605,9
6.56386,0.120902,-0.339213,-0.0282743,0.189022,-0.465919,0.00015315,0.0020851,3
6.56596,0.120237,-0.348737,-0.0282743,0.219622,-0.383552,0.000149292,0.00208022,6
6.56806,0.119572,-0.342574,-0.0282743,0.251831,-0.238345,0.0001642,0.00208715,6
6.57016,0.118833,-0.342574,-0.0282743,0.281723,-0.12466,0.000148731,0.0020861,6
6.57226,0.118094,-0.340894,-0.0251327,0.282237,-0.0716979,0.000514039,0.00208716,9
6.57436,0.117281,-0.342574,-0.0251327,0.290971,-0.0467677,0.000167395,0.00208396,3
6.57646,0.11669,-0.339213,-0.0251327,0.303157,0.0106222,0.000150004,0.00208245,6
6.57856,0.115951,-0.337532,-0.0251327,0.315152,0.0606543,0.000148821,0.00208726,6
6.58066,0.115286,-0.33081,-0.0251327,0.324432,0.118573,0.000147729,0.00208629,6
6.58276,0.11462,-0.33249,-0.0251327,0.329596,0.130151,0.000526722,0.00208734,9
6.58486,0.113807,-0.324647,-0.0251327,0.330364,0.158401,0.000167896,0.0020839,3
6.58696,0.113216,-0.321286,-0.0251327,0.327576,0.157463,0.000150655,0.00208676,6
6.58906,0.112551,-0.314563,-0.0251327,0.323194,0.162168,0.000148952,0.00208603,6
6.59116,0.111886,-0.314563,-0.0219912,0.296326,0.102683,0.000149513,0.00208748,6
6.59326,0.111221,-0.314563,-0.0219912,0.291015,0.0795198,0.000573377,0.00208627,9
6.59536,0.110482,-0.311202,-0.0219912,0.265739,-0.00955982,0.000205746,0.00208493,3
6.59746,0.109965,-0.310082,-0.0219912,0.243917,-0.092446,0.000149503,0.00208558,6
6.59956,0.1093,-0.303359,-0.0219912,0.226109,-0.140043,0.000149363,0.00208702,6
6.60166,0.108708,-0.298317,-0.0188496,0.190018,-0.21699,0.000168207,0.00208612,6
6.60376,0.108043,-0.293275,-0.0188496,0.178288,-0.246971,0.000603843,0.00208753,9
6.60586,0.107304,-0.293275,-0.0188496,0.191479,-0.198339,0.000247211,0.00208415,3
6.60796,0.106787,-0.296636,-0.0188496,0.188071,-0.225664,0.000150795,0.0020851,6
6.61006,0.106196,-0.294956,-0.0188496,0.19148,-0.208526,0.000150856,0.00208552,6
6.61216,0.105604,-0.294956,-0.0188496,0.202266,-0.168713,0.00015884,0.002087,6
6.61426,0.105013,-0.294956,-0.0188496,0.222112,-0.093609,0.000598863,0.00208632,9
6.61636,0.1042,-0.292155,-0.0188496,0.253822,0.0369814,0.000207569,0.00208517,3
6.61846,0.103757,-0.293275,-0.0188496,0.257836,0.0469242,0.000149763,0.00208571,6
6.62056,0.103166,-0.292155,-0.015708,0.235275,0.00853407,0.000146788,0.00208608,6
6.62266,0.102501,-0.292155,-0.015708,0.227941,-0.0225061,0.00014783,0.00208743,6
6.62476,0.101909,-0.285432,-0.015708,0.235275,0.0281043,0.000577555,0.00208654,9
6.62686,0.101244,-0.270866,-0.015708,0.257836,0.166039,0.000199895,0.002085,3
6.62896,0.100801,-0.443414,-0.015708,0.253822,-0.473558,0.000149754,0.00208514,6
6.63106,0.10021,-0.265824,-0.015708,0.24609,0.134622,0.000155073,0.00208718,6
6.63316,0.0996924,-0.265824,-0.015708,0.23436,0.0870061,0.000149433,0.0020863,6
6.63526,0.0991012,-0.260782,-0.015708,0.219193,0.0439097,0.000569369,0.0020872,9
6.63736,0.0984361,-0.257421,-0.015708,0.201989,-0.0134527,0.000203141,0.00208388,3
6.63946,0.0980666,-0.252939,-0.015708,0.184993,-0.0648685,0.000155284,0.0020867,6
6.64156,0.0975493,-0.247897,-0.015708,0.171287,-0.101996,0.000149062,0.00208623,6
6.64366,0.097032,-0.239494,-0.015708,0.164796,-0.0988961,0.000149983,0.00208722,6
6.64576,0.0965147,-0.246217,-0.015708,0.170287,-0.10368,0.000548602,0.00208618,9
6.64786,0.0959235,-0.242855,-0.015708,0.149882,-0.173239,0.00019121,0.002085,3
6.64996,0.0954801,-0.233332,-0.015708,0.130082,-0.217666,0.000150265,0.00208579,6
6.65206,0.0950366,-0.236693,-0.015708,0.113971,-0.294194,0.000149573,0.00208724,6
6.65416,0.0945193,-0.22997,-0.015708,0.105193,-0.306065,0.000148221,0.00208621,6
6.65626,0.0940759,-0.22829,-0.015708,0.107954,-0.2909,0.000538353,0.00208732,9
6.65837,0.0934847,-0.22997,-0.015708,0.083535,-0.394278,0.000172785,0.00208685,3
6.66047,0.0931152,-0.231651,-0.015708,0.057316,-0.503841,0.000150755,0.0020855,6
6.66257,0.0925979,-0.235012,-0.015708,0.0309792,-0.620476,0.00014789,0.0020872,6
6.66467,0.0921545,-0.22829,-0.015708,0.00648679,-0.693282,0.00014774,0.00208659,6
6.66677,0.0916372,-0.233332,-0.015708,-0.0139184,-0.792874,0.000527764,0.00208727,9
6.66887,0.091046,-0.235012,-0.015708,-0.0277132,-0.854869,0.000162787,0.00208382,3
6.67097,0.0906026,-0.238374,-0.015708,-0.0320944,-0.885708,0.000160904,0.00208675,6
6.67307,0.0901592,-0.246217,-0.015708,-0.023978,-0.884031,0.000149684,0.00208064,6
6.67517,0.0896419,-0.244536,-0.015708,-0,-0.786497,0.000157849,0.00208737,6
6.67727,0.0891246,-0.25462,-0.015708,-0,-0.824792,0.00052061,0.00208617,9
6.67937,0.0884595,-0.251259,-0.015708,-0,-0.815144,0.000165362,0.00208484,3
6.68147,0.0880161,-0.256301,-0.015708,-0,-0.834979,0.00015375,0.00208568,6
6.68357,0.0874987,-0.25462,-0.015708,-0,-0.830844,0.00015918,0.00208713,6
6.68567,0.0869814,-0.25462,-0.015708,-0,-0.832769,0.000153269,0.00208583,6
6.68777,0.0863902,-0.262463,-0.015708,-0,-0.863257,0.00049854,0.00208707,9
6.68987,0.085799,-0.264144,-0.015708,-0,-0.871519,0.000157027,0.00208376,3
6.69197,0.0852817,-0.264144,-0.015708,-0,-0.873445,0.000160443,0.00208678,6
6.69407,0.0847644,-0.264144,-0.015708,-0,-0.875371,0.00015334,0.00208603,6
6.69617,0.0841732,-0.275348,-0.015708,-0,-0.917981,0.000145445,0.00208716,6
6.69827,0.0836559,-0.270866,-0.015708,-0,-0.903743,0.000485356,0.00208607,9
6.70037,0.0829908,-0.267505,-0.015708,-0,-0.894096,0.000170011,0.00208494,6
6.70247,0.0824735,-0.275348,-0.015708,-0,-0.924308,0.000151847,0.00208539,6
6.70457,0.0819562,-0.275348,-0.015708,-0,-0.926234,0.000161144,0.00208599,6
6.70667,0.081365,-0.277029,-0.015708,-0,-0.934496,0.000152819,0.00208718,6
6.70877,0.0807738,-0.277029,-0.015708,-0,-0.936697,0.000478464,0.00208602,9
6.71087,0.0801087,-0.278709,-0.015708,-0,-0.945234,0.00016435,0.00208495,6
6.71297,0.0795913,-0.288793,-0.015708,-0,-0.983529,0.000159711,0.00208555,6
6.71507,0.0790001,-0.287113,-0.0125664,-0.0239779,-1.02542,0.000148291,0.00208719,6
6.71717,0.0784089,-0.290474,-0.0125664,-0.0320943,-1.07136,0.000150646,0.00208612,6
6.71927,0.0777438,-0.294956,-0.0125664,-0.0277131,-1.07293,0.00047071,0.00208758,9
6.72137,0.0770048,-0.30504,-0.0125664,-0.0139183,-1.05832,0.000149824,0.00208409,6
6.72347,0.0764875,-0.30672,-0.0125664,0.00648686,-0.986823,0.000148721,0.00208696,6
6.72557,0.0758224,-0.308401,-0.0125664,0.0309792,-0.899959,0.000149993,0.00208618,6
6.72767,0.0752312,-0.310082,-0.0125664,0.057316,-0.805636,0.000156166,0.00208749,6
6.72977,0.07464,-0.194116,-0.0125664,0.0835349,-0.287467,0.000473725,0.00208644,9
6.73187,0.0737532,-0.308401,-0.0125664,0.107954,-0.607834,0.000150124,0.00208497,6
6.73397,0.0732359,-0.319605,-0.00942478,0.105193,-0.613275,0.000150505,0.00208554,6
6.73607,0.0725707,-0.314563,-0.00942478,0.113971,-0.563376,0.000154883,0.00208733,6
6.73817,0.0719056,-0.314563,-0.00942478,0.130082,-0.503097,0.000165042,0.00208613,6
6.74027,0.0712405,-0.317925,-0.00942478,0.149882,-0.440572,0.000506584,0.0020873,9
6.74237,0.0705015,-0.317925,-0.00942478,0.170287,-0.363841,0.000153671,0.00208401,3
6.74447,0.0699103,-0.317925,-0.00942478,0.188774,-0.294031,0.00015347,0.00208517,6
6.74657,0.0692452,-0.316244,-0.00628319,0.179403,-0.279299,0.000148611,0.00208738,6
6.74867,0.0685801,-0.317925,-0.00628319,0.180612,-0.28313,0.000147429,0.00208626,6
6.75077,0.067915,-0.316244,-0.00628319,0.188194,-0.250008,0.00051485,0.00208734,9
6.75287,0.067176,-0.314563,-0.00314159,0.17481,-0.251185,0.000174669,0.00208395,3
6.75497,0.0665848,-0.312883,-0.00314159,0.177774,-0.235779,0.000153771,0.00208665,6
6.75707,0.0659936,-0.316244,-0.00314159,0.19204,-0.194532,0.000149182,0.00208626,6
6.75917,0.0653285,-0.319605,-0.00314159,0.213685,-0.124822,0.000148962,0.00208737,6
6.76127,0.0646633,-0.314563,-0.00314159,0.239904,-0.00698694,0.000524448,0.00208628,9
6.76337,0.0638504,-0.311202,-0.00314159,0.269015,0.115503,0.000165032,0.00208523,3
6.76547,0.0633331,-0.310082,-0.00314159,0.300458,0.240093,0.000149693,0.00208573,6
6.76757,0.062668,-0.317925,-0.00314159,0.334793,0.343071,0.000149172,0.00208724,6
6.76967,0.0620768,-0.30504,-0.00314159,0.373703,0.538901,0.00015381,0.00208628,6
6.77177,0.0614117,-0.298317,-0,0.352528,0.525841,0.000499061,0.00208739,9
6.77387,0.0607466,-0.294956,-0,0.335087,0.467552,0.000161976,0.00208383,6
6.77597,0.0602293,-0.292155,-0,0.318856,0.412507,0.000146498,0.00208688,6
6.77807,0.0596381,-0.282071,-0,0.302434,0.382708,0.000154342,0.00208622,6
6.78017,0.0590469,-0.278709,-0,0.28554,0.326825,0.000617677,0.00208048,9
6.78227,0.0583079,-0.267505,-0,0.269015,0.300117,0.000221856,0.00208354,3
6.78437,0.0578645,-0.264144,-0,0.254822,0.255305,0.000159131,0.00208664,6
6.78647,0.0573472,-0.259102,-0,0.246044,0.237374,0.000153761,0.00208614,6
6.78857,0.0568298,-0.256301,-0,0.246887,0.248833,0.000145635,0.00208625,6
6.79067,0.0563125,-0.251259,-0,0.219193,0.157219,0.000350801,0.00208734,9
6.79277,0.0557213,-0.246217,-0,0.189463,0.0574004,0.00015296,0.00208388,6
6.79487,0.0552779,-0.244536,-0,0.161061,-0.0488179,0.000156286,0.00208686,6
6.79697,0.0547606,-0.241175,-0,0.138193,-0.127696,0.000148882,0.00208611,6
6.79907,0.0542433,-0.235012,-0,0.125904,-0.155263,0.000470248,0.00208747,9
6.80117,0.053726,-0.22829,-0,0.130082,-0.116669,0.000153099,0.00208343,6
6.80327,0.0532826,-0.235012,-0,0.113971,-0.205321,0.000153821,0.00208677,6
6.80537,0.0528392,-0.224928,-0,0.105193,-0.204793,0.000152258,0.00208603,6
6.80747,0.0523219,-0.231651,-0,0.107954,-0.220211,0.000600487,0.00208725,9
6.80957,0.0517307,-0.22997,-0,0.0835349,-0.311466,0.00019161,0.00208358,3
6.81167,0.0513612,-0.224928,-0,0.057316,-0.396783,0.000156646,0.00208657,6
6.81377,0.0509178,-0.22829,-0,0.0309792,-0.513143,0.000149152,0.00208612,6
6.81587,0.0504005,-0.226609,-0,0.00648684,-0.604408,0.000145566,0.00208736,6
6.81797,0.0499571,-0.224928,-0,-0.0139183,-0.679479,0.000315827,0.00208646,9
6.82007,0.0494397,-0.226609,-0,-0.0277132,-0.741199,0.000149874,0.00208498,6
6.82217,0.0489963,-0.226609,-0,-0.0320943,-0.759915,0.000151026,0.00208571,6
6.82427,0.0485529,-0.224928,-0,-0.023978,-0.723889,0.000145145,0.00208732,6
6.82637,0.0481095,-0.161623,-0,-0,-0.403826,0.000440414,0.00208578,9
6.82847,0.0475183,-0.22997,-0,-0,-0.652527,0.000159482,0.00208183,6
6.83057,0.0470749,-0.231651,-0,-0,-0.660239,0.000159521,0.00208701,6
6.83267,0.0466315,-0.22997,-0,-0,-0.655828,0.000152839,0.00208624,6
6.83477,0.0461142,-0.236693,-0,-0,-0.682,0.00055836,0.00208716,9
6.83687,0.045523,-0.224928,-0,-0,-0.64177,0.000173627,0.0020836,3
6.83897,0.0451535,-0.235012,-0,-0,-0.679515,0.000155273,0.00208677,6
6.84107,0.0447101,-0.231651,-0,-0,-0.669042,0.000166714,0.00208629,6
6.84317,0.0441928,-0.224928,-0,-0,-0.646722,0.000150324,0.00208735,6
6.84527,0.0437494,-0.233332,-0,-0,-0.67868,0.000286814,0.00208623,9
6.84737,0.0432321,-0.233332,-0,-0,-0.680606,0.000160624,0.00208481,6
6.84947,0.0427887,-0.22997,-0,-0,-0.670133,0.000152949,0.00208584,6
6.85157,0.0422714,-0.231651,-0,-0,-0.678121,0.000152498,0.00208724,6
6.85367,0.0418279,-0.231651,0.00314159,-0.023978,-0.725521,0.000468145,0.00208618,12
6.85577,0.0412367,-0.231651,0.00314159,-0.0320943,-0.759336,0.000195697,0.00208472,6
6.85787,0.0407933,-0.235012,0.00314159,-0.0277132,-0.756044,0.000149994,0.00208588,7
6.85997,0.0403499,-0.236693,0.00314159,-0.0139183,-0.710023,0.000146809,0.00208733,7
6.86207,0.0398326,-0.242855,0.00314159,0.00648684,-0.654693,0.000153179,0.00208627,7
6.86417,0.0393153,-0.246217,0.00314159,0.0309792,-0.57334,0.000560514,0.00208725,10
6.86627,0.0387241,-0.247897,0.00314159,0.057316,-0.479017,0.00021334,0.00208303,6
6.86837,0.0382807,-0.247897,0.00628319,0.059557,-0.42429,0.000159251,0.00208671,7
6.87047,0.0377634,-0.247897,0.00628319,0.0758595,-0.362715,0.000154612,0.00208585,7
6.87257,0.0372461,-0.244536,0.00628319,0.101458,-0.252808,0.000149262,0.00208639,7
6.87467,0.0367288,-0.244536,0.00628319,0.132147,-0.135196,0.000653644,0.00208743,10
6.87677,0.0361376,-0.251259,0.00628319,0.164282,-0.0364713,0.000311419,0.00208372,6
6.87887,0.0356942,-0.242855,0.00628319,0.194779,0.110978,0.000157277,0.0020851,7
6.88097,0.0351769,-0.247897,0.00942478,0.197138,0.147704,0.000155243,0.00208565,7
6.88307,0.0347335,-0.236693,0.00942478,0.209236,0.233585,0.000150084,0.00208715,7
6.88517,0.0342162,-0.236693,0.00942478,0.226306,0.298149,0.000147679,0.00208634,7
6.88727,0.0336988,-0.22997,0.00942478,0.244424,0.391042,0.000426739,0.00208743,13
6.88937,0.0331815,-0.222127,0.00942478,0.260506,0.480045,0.000156887,0.00208379,7
6.89147,0.032812,-0.226609,0.00942478,0.272309,0.508482,0.000150925,0.002087,7
6.89357,0.0322947,-0.217085,0.00942478,0.278432,0.564755,0.000151106,0.00207849,7
6.89567,0.0318513,-0.208682,0.00942478,0.278314,0.592953,0.000151176,0.00208715,7
6.89777,0.0314079,-0.207001,0.00942478,0.272236,0.573686,0.000502036,0.00208621,10
6.89987,0.0309645,-0.197477,0.00942478,0.261318,0.563857,0.000161745,0.00208474,6
6.90198,0.030595,-0.194116,0.00942478,0.247523,0.520871,0.000150344,0.00208553,7
6.90408,0.0302255,-0.192435,0.00942478,0.233654,0.471538,0.000150745,0.00208713,7
6.90618,0.029856,-0.181231,0.00942478,0.223357,0.470463,0.000154061,0.00208617,7
6.90828,0.0294865,-0.171147,0.00942478,0.221116,0.496727,0.000594836,0.00208744,10
6.91038,0.0290431,-0.164985,0.00942478,0.188774,0.391325,0.000266847,0.00208351,6
6.91248,0.0287475,-0.156581,0.00942478,0.152552,0.279441,0.000150395,0.00207506,7
6.91458,0.0284519,-0.151539,0.00942478,0.115253,0.151239,0.000155824,0.00208688,7
6.91668,0.0281563,-0.143696,0.00942478,0.0802406,0.0420482,0.000149373,0.00208627,7
6.91878,0.0278607,-0.143696,0.00942478,0.0514406,-0.0712328,0.000694207,0.00208733,10
6.92088,0.0274912,-0.135293,0.00942478,0.033338,-0.112813,0.000362081,0.00208371,6
6.92298,0.0272695,-0.138654,0.00942478,0.0309792,-0.134949,0.000153119,0.00208523,7
6.92508,0.0269739,-0.132492,0.00942478,0.00648685,-0.209226,0.000150114,0.0020858,7
6.92718,0.0267521,-0.130811,0.00942478,-0.0139183,-0.283471,0.000151266,0.00208727,7
6.92928,0.0264565,-0.132492,0.00942478,-0.0277132,-0.344366,0.00015321,0.00208625,7
6.93138,0.0261609,-0.130811,0.00942478,-0.0320943,-0.35647,0.000424275,0.00208746,13
6.93348,0.0258653,-0.119047,0.00942478,-0.0239779,-0.283525,0.000151206,0.00208373,7
6.93558,0.0256436,-0.12745,0.00942478,-0,-0.22126,0.000154111,0.00208688,7
6.93768,0.0254219,-0.122408,0.00942478,-0,-0.203901,0.000157527,0.00208593,7
6.93978,0.0251263,-0.122408,0.00942478,-0,-0.205001,0.000155173,0.00208724,7
6.94188,0.0249046,-0.122408,0.00942478,-0,-0.205827,0.000515752,0.00208602,10
6.94398,0.024609,-0.120727,0.00942478,-0,-0.200866,0.000182263,0.00208466,6
6.94608,0.0243873,-0.115685,0.00628319,0.023978,-0.137757,0.000150595,0.00208533,7
6.94818,0.0241656,-0.114565,0.00628319,0.0320944,-0.102926,0.000146388,0.00208705,7
6.95028,0.0239439,-0.112884,0.00628319,0.0277132,-0.114755,0.000145686,0.00208639,7
6.95238,0.0236483,-0.107842,0.00628319,0.0139184,-0.151404,0.000617368,0.00208733,10
6.95448,0.0234266,-0.106162,0.00628319,-0.00648679,-0.225649,0.000284359,0.00208353,6
6.95658,0.0232049,-0.1028,0.00314159,-0.00700117,-0.264004,0.000149152,0.00208408,7
6.95868,0.0230571,-0.099439,0.00314159,-0.0252216,-0.323402,0.000146498,0.00208686,7
6.96078,0.0228354,-0.10112,0.00314159,-0.0558217,-0.449481,0.000145897,0.00208607,7
6.96288,0.0226137,-0.0977584,0.00314159,-0.0940354,-0.587032,0.00070646,0.00208746,10
6.96498,0.022392,-0.0882346,0.00314159,-0.135658,-0.715634,0.0003726,0.00208374,6
6.96708,0.0222442,-0.0932766,0.00314159,-0.177044,-0.895575,0.000148982,0.00208513,7
6.96918,0.0220225,-0.0932766,0.00314159,-0.215111,-1.04468,0.00014821,0.00208571,7
6.97128,0.0218747,-0.0932766,0.00314159,-0.247335,-1.17074,0.000149122,0.00208705,7
6.97338,0.021653,-0.0966379,0.00314159,-0.271754,-1.27881,0.000146457,0.00208619,7
6.97548,0.0215791,-0.0165265,0.00314159,-0.286966,-1.04941,0.000501686,0.00208745,13
6.97758,0.0212096,-0.210363,0.00314159,-0.29213,-1.76999,0.000165252,0.0020836,7
6.97968,0.0209879,-0.114565,0.00314159,-0.286966,-1.40519,0.000153269,0.00208663,7
6.98178,0.0207662,-0.109523,-0,-0.247776,-1.28283,0.000146277,0.002086,6
6.98388,0.0204706,-0.129131,-0,-0.215241,-1.22792,0.000144645,0.00208714,6
6.98598,0.020175,-0.132492,-0,-0.187398,-1.13269,0.000305498,0.00208643,9
6.98808,0.0198794,-0.140335,-0,-0.163126,-1.06753,0.000150816,0.0020848,6
6.99018,0.0196577,-0.142016,-0,-0.142145,-0.992695,0.000145365,0.00208558,6
6.99228,0.0193621,-0.138654,-0,-0.125015,-0.914949,0.000141879,0.0020873,6
6.99438,0.0190665,-0.148738,-0,-0.113138,-0.906156,0.000435656,0.00208633,9
6.99648,0.0186969,-0.150419,-0,-0.108757,-0.896528,0.000148842,0.00207824,6
6.99858,0.0184013,-0.143696,-0,-0.114955,-0.897526,0.000151356,0.00208133,6
7.00068,0.0181057,-0.15322,-0,-0.135658,-1.01362,0.000147971,0.00208623,6
7.00278,0.0178101,-0.154901,-0,-0.132147,-1.0071,0.000559291,0.00208736,9
7.00488,0.0173667,-0.151539,-0,-0.130082,-0.988585,0.000175571,0.00208375,3
7.00698,0.017145,-0.158262,-0,-0.131706,-1.01998,0.000145806,0.00208674,6
7.00908,0.0167755,-0.161623,-0,-0.139822,-1.0651,0.000145616,0.00208625,6
7.01118,0.0164799,-0.166665,-0,-0.157795,-1.15439,0.00014254,0.00208733,6
7.01328,0.0161104,-0.171147,-0,-0.146065,-1.12624,0.000296882,0.0020864,9
7.01538,0.0157409,-0.174508,-0,-0.129171,-1.07393,0.000147259,0.00208489,6
7.01748,0.0153714,-0.174508,-0,-0.107954,-0.992661,0.000145255,0.00208595,6
7.01958,0.0150019,-0.17955,-0,-0.0835349,-0.917106,0.000147249,0.00208727,6
7.02168,0.0146324,-0.187394,-0,-0.057316,-0.844641,0.000402185,0.00208617,9
7.02378,0.014189,-0.186273,-0,-0.0309792,-0.739665,0.00014784,0.00208486,6
7.02588,0.0138195,-0.190755,-0,-0.00648684,-0.661803,0.000145696,0.00208575,6
7.02798,0.01345,-0.194116,-0,0.0139183,-0.59582,0.000146297,0.00208708,6
7.03008,0.0130066,-0.194116,0.00314159,0.00373521,-0.589487,0.000648174,0.00208607,10
7.03218,0.0124893,-0.190755,0.00314159,-0,-0.593839,0.000319093,0.00208486,6
7.03428,0.0121937,-0.200839,0.00314159,-0.00373521,-0.645858,0.000147349,0.00208389,7
7.03638,0.0118242,-0.200839,0.00314159,-0.0139183,-0.686898,0.000155514,0.00208703,7
7.03848,0.0113807,-0.194116,0.00314159,0.00648684,-0.584821,0.000149303,0.00208595,7
7.04058,0.0109373,-0.199158,0.00314159,0.0309792,-0.509255,0.000725625,0.00208616,10
7.04268,0.01042,-0.199158,0.00628319,0.0333381,-0.454344,0.000406493,0.00208485,6
7.04478,0.0100505,-0.202519,0.00628319,0.0514406,-0.397331,0.000148631,0.00208397,7
7.04688,0.00968103,-0.2042,0.00628319,0.0802406,-0.292587,0.000162717,0.00208666,7
7.04898,0.00931152,-0.199158,0.00628319,0.115253,-0.139401,0.00014805,0.00208592,7
7.05108,0.00886812,-0.200839,0.00628319,0.152552,-0.00182669,0.000144654,0.00208722,7
7.05318,0.00842471,-0.205321,0.00942478,0.164796,0.0757005,0.000504972,0.00208624,10
7.05528,0.00798131,-0.194116,0.00942478,0.189022,0.208823,0.000167435,0.00208465,6
7.05738,0.0076118,-0.194116,0.00942478,0.219622,0.326639,0.000146317,0.0020855,7
7.05948,0.0072423,-0.190755,0.00942478,0.251831,0.462844,0.000144614,0.00208714,7
7.06158,0.00679889,-0.189074,0.00942478,0.281723,0.58369,0.000145646,0.00208616,7
7.06368,0.00642938,-0.184592,0.00942478,0.306215,0.69388,0.000588925,0.00208738,10
7.06578,0.00598598,-0.17787,0.00942478,0.323065,0.782107,0.000256198,0.00208356,6
7.06788,0.00569037,-0.168346,0.00942478,0.33087,0.845757,0.000148671,0.00208518,7
7.06998,0.00539477,-0.164985,0.00942478,0.32907,0.849769,0.000146567,0.00208561,7
7.07208,0.00502527,-0.159943,0.00942478,0.317945,0.823245,0.000150484,0.00208721,7
7.07418,0.00472966,-0.15322,0.00942478,0.298617,0.771104,0.000678559,0.00208645,10
7.07628,0.00436016,-0.138654,0.00942478,0.273048,0.722665,0.000331926,0.00208483,6
7.07838,0.00413845,-0.132492,0.00942478,0.244041,0.631079,0.00014803,0.00208386,7
7.08048,0.00384285,-0.125769,0.00942478,0.215241,0.542044,0.000160283,0.002086,7
7.08258,0.00362115,-0.117366,0.0125664,0.167155,0.431873,0.000146878,0.00208697,7
7.08468,0.00339944,-0.114565,0.0125664,0.14495,0.354658,0.000145736,0.00208608,7
7.08678,0.00317774,-0.104481,0.0125664,0.107945,0.24606,0.000453337,0.00208729,13
7.08888,0.00288214,-0.0977584,0.0125664,0.0801172,0.160814,0.00015326,0.00208341,7
7.09098,0.00273434,-0.0932766,0.0125664,0.0623086,0.10706,0.000146317,0.00208668,7
7.09308,0.00258653,-0.0915959,0.0125664,0.0562009,0.0887811,0.000147208,0.00208626,7
7.09518,0.00236483,-0.0882346,0.0125664,0.0643173,0.131693,0.000145937,0.00208742,7
7.09728,0.00221703,-0.0848733,0.0125664,0.0900218,0.243389,0.000528165,0.00208649,10
7.09938,0.00199533,-0.0798313,0.0125664,0.0940355,0.276382,0.00018109,0.00208482,6
7.10148,0.00184752,-0.0770302,0.0125664,0.101458,0.314846,0.000146497,0.00208548,7
7.10358,0.00169972,-0.0753496,0.0125664,0.113971,0.369097,0.000146147,0.00208712,7
7.10568,0.00155192,-0.0736689,0.0125664,0.133817,0.451913,0.000149994,0.00208082,7
7.10778,0.00140412,-0.0635849,0.00942478,0.187778,0.65027,0.000641652,0.00208702,10
7.10988,0.00125632,-0.0624645,0.00942478,0.195895,0.685375,0.000297413,0.00208339,6
7.11198,0.00118242,-0.0557419,0.00942478,0.185508,0.66889,0.000149894,0.00208504,7
7.11408,0.00103461,-0.0456579,0.00942478,0.159983,0.605285,0.000155264,0.00208552,7
7.11618,0.000960713,-0.0394955,0.00942478,0.122684,0.481949,0.000157607,0.00208716,7
7.11828,0.000886812,-0.0327729,0.00942478,0.0769746,0.327875,0.000732287,0.00208613,10
7.12038,0.00081291,-0.0310922,0.00942478,0.0262189,0.13596,0.000403697,0.00208467,6
7.12248,0.000739011,-0.0215685,0.00942478,-0.0262188,-0.03422,0.000153971,0.00208397,7
7.12458,0.000739011,-0.0131652,0.00942478,-0.0769746,-0.201614,0.00014788,0.00208562,7
7.12668,0.000739011,-0.0165265,0.00942478,-0.122684,-0.391783,0.000145997,0.00208704,7
7.12878,0.000665109,-0.00364143,0.00942478,-0.159983,-0.490872,0.000145205,0.00208615,7
7.13088,0.000665109,-0.00196077,0.00628319,-0.16153,-0.538484,0.000493941,0.00208738,10
7.13298,0.000665109,-0.00364143,0.00628319,-0.1638,-0.553388,0.000134526,0.00208385,6
7.13508,0.000665109,-0.00700275,0.00628319,-0.160065,-0.550961,0.000103529,0.00208723,7
7.13718,0.000665109,-0.00700275,0.00314159,-0.119899,-0.442156,0.000104611,0.00208712,7
7.13928,0.000665109,-0.00700275,0.00314159,-0.120458,-0.444333,0.000102828,0.00208842,7
7.14138,0.000665109,-0.00700275,0.00314159,-0.132437,-0.490994,0.000587232,0.00208681,10
7.14348,0.000665109,-0.00980385,0.00314159,-0.151352,-0.574772,0.000239457,0.00208524,6
7.14558,0.000591208,-0.00868341,0.00314159,-0.173557,-0.657498,0.000106765,0.00208432,7
7.14768,0.000591208,-0.00532209,0.00314159,-0.196249,-0.733766,0.000103228,0.00208789,7
7.14978,0.000591208,-0.00364143,0.00314159,-0.217466,-0.810349,0.000135618,0.00208691,7
7.15188,0.000591208,-0.00868341,-0,-0.212109,-0.855313,0.000563068,0.0020882,9
7.15398,0.000591208,-0.00700275,-0,-0.219736,-0.878961,0.000143091,0.00208399,3
7.15608,0.000517307,-0.0131652,-0,-0.237545,-0.970829,0.000102828,0.00208735,6
7.15818,0.000517307,-0.0131652,-0,-0.263853,-1.0733,0.000105342,0.00208696,6
7.16028,0.000517307,-0.0165265,-0,-0.298099,-1.21882,0.000101275,0.00208835,6
7.16238,0.000443407,-0.0148458,-0,-0.340844,-1.37953,0.000283007,0.00208749,9
7.16448,0.000369505,-0.0215685,-0,-0.350287,-1.44084,0.000107286,0.00208413,6
7.16658,0.000369505,-0.0294115,-0,-0.349284,-1.46521,0.000102297,0.00208807,6
7.16868,0.000295604,-0.0394955,-0,-0.337554,-1.45617,0.000103058,0.00208721,6
7.17078,0.000221703,-0.0411762,-0,-0.315658,-1.37722,0.000406442,0.00208839,9
7.17288,7.39014e-05,-0.0506999,-0,-0.284998,-1.29269,0.000108769,0.00208383,6
7.17498,0,-0.0591032,-0,-0.247817,-1.17845,0.000102216,0.00208741,6
7.17708,-0.000147801,-0.0574225,-0.00314159,-0.18322,-0.968969,0.000102938,0.00208731,6
7.17918,-0.000295604,-0.0719882,-0.00314159,-0.134972,-0.834118,0.000102447,0.00208834,6
7.18128,-0.000443405,-0.0719882,-0.00314159,-0.104474,-0.715876,0.000313362,0.00208726,9
7.18338,-0.000591208,-0.0736689,-0.00314159,-0.0942504,-0.682664,0.000128034,0.00208549,6
7.18548,-0.000739009,-0.0736689,-0.00314159,-0.107945,-0.736555,0.000105422,0.00208669,6
7.18759,-0.000886812,-0.0703076,-0.00314159,-0.106839,-0.720674,0.000102347,0.00208823,6
7.18969,-0.00103461,-0.0736689,-0.00314159,-0.116873,-0.772433,0.000649996,0.00208716,6
7.19179,-0.00125632,-0.0703076,-0.00314159,-0.140851,-0.854533,0.000305138,0.00208543,3
7.19389,-0.00133022,-0.081512,-0.00314159,-0.138933,-0.887747,0.000106515,0.00208424,6
7.19599,-0.00147802,-0.0719882,-0.00314159,-0.135658,-0.841192,0.000102798,0.0020881,6
7.19809,-0.00162582,-0.081512,-0.00314159,-0.132147,-0.862414,0.000105823,0.00208693,6
7.20019,-0.00184752,-0.0753496,-0.00314159,-0.130082,-0.832971,0.00064624,0.0020882,6
7.20229,-0.00199533,-0.0831926,-0.00314159,-0.131706,-0.868133,0.00028483,0.0020843,3
7.20439,-0.00214313,-0.081512,-0.00314159,-0.139822,-0.894237,0.000122173,0.00208559,6
7.20649,-0.00236483,-0.0848733,-0.00314159,-0.157795,-0.977192,0.000102667,0.00208637,6
7.20859,-0.00251263,-0.0899153,-0.00314159,-0.146065,-0.950236,0.00010421,0.00208174,6
7.21069,-0.00273434,-0.0915959,-0.00314159,-0.129171,-0.891318,0.000642422,0.00208803,9
7.21279,-0.00295604,-0.099439,-0.00314159,-0.107954,-0.837786,0.000287735,0.0020841,3
7.21489,-0.00310384,-0.099439,-0.00314159,-0.0835349,-0.743221,0.00010415,0.00208547,6
7.21699,-0.00332554,-0.10112,-0.00314159,-0.057316,-0.647981,0.000104371,0.00208667,6
7.21909,-0.00354725,-0.104481,-0.00314159,-0.0309792,-0.558344,0.000104231,0.00208813,6
7.22119,-0.00376895,-0.1028,-0,-0.0304648,-0.503456,0.000599484,0.00208718,9
7.22329,-0.00399065,-0.106162,-0,-0.018176,-0.468537,0.00023517,0.00208516,3
7.22539,-0.00421235,-0.1028,-0,-0,-0.386441,0.000108568,0.00208415,6
7.22749,-0.00436016,-0.1028,-0,0.018176,-0.316193,0.00010379,0.00208776,6
7.22959,-0.00458186,-0.1028,-0,0.0304648,-0.269152,0.000105602,0.0020869,6
7.23169,-0.00480356,-0.099439,-0,0.0309792,-0.25585,0.000353135,0.00208826,9
7.23379,-0.00495136,-0.0473386,-0,0.057316,0.0340916,0.000106074,0.002084,6
7.23589,-0.00502527,-0.0652656,-0,0.0835349,0.0712872,0.000102537,0.00208803,6
7.23799,-0.00539477,-0.145377,-0,0.107954,-0.123904,0.000105673,0.00208701,6
7.24009,-0.00561647,-0.0899153,-0,0.129171,0.157944,0.000472633,0.0020885,9
7.24219,-0.00576428,-0.0770302,-0,0.146065,0.26967,0.000104551,0.00208401,6
7.24429,-0.00591208,-0.081512,-0,0.157795,0.298646,0.000101906,0.00208779,6
7.24639,-0.00605988,-0.0787109,-0,0.1638,0.331589,0.000105293,0.00208692,6
7.24849,-0.00620768,-0.0719882,-0,0.1638,0.355285,0.000578867,0.00208713,9
7.25059,-0.00642938,-0.0624645,-0,0.157795,0.365417,0.00018612,0.00208515,3
7.25269,-0.00650328,-0.0607838,-0,0.146065,0.325514,0.000123325,0.0020841,6
7.25479,-0.00665109,-0.0591032,-0,0.129171,0.26522,0.000103089,0.00208769,6
7.25689,-0.00672499,-0.0506999,-0,0.107954,0.212608,0.000105232,0.00208712,6
7.25899,-0.00687279,-0.0473386,-0,0.0835349,0.129066,0.000308634,0.00208839,9
7.26109,-0.00694669,-0.0394955,-0,0.057316,0.054951,0.000115201,0.00208389,6
7.26319,-0.00702059,-0.0378148,-0,0.0309792,-0.0418486,0.000102898,0.00208791,6
7.26529,-0.00709449,-0.0344535,-0,0.00648684,-0.125402,0.00010447,0.00208711,6
7.26739,-0.00716839,-0.0310922,-0,-0.0139183,-0.193036,0.000427791,0.00208825,9
7.26949,-0.00724229,-0.0266104,-0,-0.0277132,-0.23088,0.000125169,0.00208404,6
7.27159,-0.00724229,-0.0277309,-0,-0.0320943,-0.251986,0.000102236,0.00208792,6
7.27369,-0.0073162,-0.0249298,-0,-0.023978,-0.210544,0.00010419,0.00208715,6
7.27579,-0.0073901,-0.0198878,-0,-0,-0.099237,0.000549413,0.00208846,9
7.27789,-0.0073901,-0.0198878,-0,-0,-0.099237,0.000148431,0.00208382,3
7.27999,-0.007464,-0.0198878,-0,-0,-0.0995121,0.000104411,0.0020872,6
7.28209,-0.007464,-0.0215685,-0,-0,-0.105574,0.000105403,0.00208688,6
7.28419,-0.0075379,-0.0182071,-0,-0,-0.0937257,0.000105112,0.00208816,6
7.28629,-0.0075379,-0.00980385,-0,-0,-0.0634183,0.000315946,0.00208726,9
7.28839,-0.0076118,-0.0198878,-0,-0,-0.100062,0.00011496,0.00208512,6
7.29049,-0.0076118,-0.0114845,-0,-0,-0.0697549,0.000105783,0.00208618,6
7.29259,-0.0076118,-0.00980385,-0,-0,-0.0636934,0.000106154,0.00208706,6
7.29469,-0.0076857,-0.00700275,-0.00314159,0.023978,-0.00811628,0.000495535,0.00208834,9
7.29679,-0.0076857,-0.00532209,-0.00314159,0.0320943,0.0295597,0.000161205,0.00208417,3
7.29889,-0.0076857,-0.00028011,-0.00314159,0.0277132,0.0306789,0.000119628,0.00208542,6
7.30099,-0.0076857,-0.00532209,-0.00314159,0.0139183,-0.0412387,0.000104361,0.00208645,6
7.30309,-0.0076857,0.00140055,-0.00314159,-0.00648684,-0.096474,0.000102317,0.00208835,6
7.30519,-0.0076857,0.00308121,-0.00314159,-0.0309792,-0.185814,0.000478664,0.00208689,9
7.30729,-0.0076857,0.00476187,-0.00314159,-0.057316,-0.282339,0.00010409,0.00208497,6
7.30939,-0.0076857,-0.00028011,-0.00314159,-0.0835349,-0.40265,0.00010413,0.00208669,6
7.31149,-0.0076857,-0.00028011,-0.00314159,-0.107954,-0.497765,0.000102367,0.0020881,6
7.31359,-0.0076857,-0.00028011,-0.00314159,-0.129171,-0.580409,0.000104982,0.00208707,6
7.31569,-0.0076857,-0.00532209,-0.00314159,-0.146065,-0.664398,0.000464358,0.00208154,9
7.31779,-0.0076857,-0.00364143,-0.00314159,-0.157795,-0.704027,0.00015349,0.00208406,3
7.31989,-0.0076857,-0.00028011,-0.00314159,-0.1638,-0.715295,0.000118256,0.00208714,6
7.32199,-0.0076857,-0.00700275,-0.00314159,-0.1638,-0.739541,0.000106484,0.00208672,6
7.32409,-0.0076857,-0.00532209,-0.00314159,-0.157795,-0.710088,0.000102537,0.00208836,6
7.32619,-0.0077596,-0.00532209,-0.00314159,-0.146065,-0.664674,0.000452367,0.00208728,9
7.32829,-0.0077596,-0.00364143,-0.00314159,-0.129171,-0.592807,0.00010396,0.00208531,6
7.33039,-0.0077596,-0.00868341,-0.00314159,-0.107954,-0.528347,0.000106725,0.00208654,6
7.33249,-0.0077596,-0.00868341,-0.00314159,-0.0835349,-0.433232,0.00010413,0.00207524,6
7.33459,-0.0077596,-0.0131652,-0.00314159,-0.057316,-0.347269,0.000102317,0.00208833,6
7.33669,-0.0078335,-0.00980385,-0.00628319,-0.00700124,-0.187086,0.000487511,0.00208722,9
7.33879,-0.0078335,-0.0114845,-0.00628319,0.0256075,-0.0661314,0.000192652,0.00208524,3
7.34089,-0.0078335,-0.00700275,-0.00628319,0.0416315,0.0124485,0.000105632,0.00208426,6
7.34299,-0.0078335,-0.00364143,-0.00628319,0.0416315,0.0245715,0.000102607,0.00208787,6
7.34509,-0.0079074,-0.00700275,-0.00628319,0.0256075,-0.0502425,0.000105022,0.00208717,6
7.34719,-0.0079074,-0.00364143,-0.00628319,-0.00700124,-0.165136,0.000475809,0.00208835,9
7.34929,-0.0079074,0.00308121,-0.00628319,-0.057316,-0.336873,0.000106304,0.00207864,6
7.35139,-0.0079074,0.00644253,-0.00628319,-0.0835349,-0.426877,0.000102707,0.00208765,6
7.35349,-0.0079074,-0.00196077,-0.00628319,-0.107954,-0.5523,0.000105953,0.00208716,6
7.35559,-0.0078335,0.00308121,-0.00628319,-0.129171,-0.616484,0.000103839,0.00208826,6
7.35769,-0.0078335,0.00140055,-0.00942478,-0.122087,-0.642601,0.000485086,0.00208726,9
7.35979,-0.0079074,-0.00364143,-0.00942478,-0.125701,-0.675136,0.00019156,0.00208526,3
7.36189,-0.0079074,-0.00196077,-0.00942478,-0.136087,-0.709531,0.000107867,0.00208432,6
7.36399,-0.0079074,-0.00196077,-0.00942478,-0.149882,-0.763264,0.000102948,0.00208791,6
7.36609,-0.0079074,-0.00532209,-0.00942478,-0.164282,-0.831477,0.000103719,0.00208708,6
7.36819,-0.0079074,-0.00868341,-0.00942478,-0.177044,-0.893312,0.000474566,0.00208857,9
7.37029,-0.0079074,-0.00364143,-0.00942478,-0.186487,-0.911908,0.000104862,0.00208418,6
7.37239,-0.0079813,-0.0114845,-0.00942478,-0.191489,-0.959953,0.000109921,0.00208784,6
7.37449,-0.0079813,-0.00700275,-0.00942478,-0.191489,-0.943789,0.000102607,0.0020868,6
7.37659,-0.0079813,-0.0114845,-0.00942478,-0.186487,-0.94047,0.00010373,0.00208737,6
7.37869,-0.0080552,-0.0148458,-0.00942478,-0.177044,-0.916087,0.000471952,0.00208831,9
7.38079,-0.0080552,-0.0198878,-0.00942478,-0.164282,-0.88456,0.000152799,0.00208412,3
7.38289,-0.00812911,-0.0198878,-0.00942478,-0.149882,-0.828745,0.000102477,0.0020873,6
7.38499,-0.00812911,-0.0266104,-0.00942478,-0.136087,-0.799258,0.00010433,0.00208714,6
7.38709,-0.00820301,-0.0198878,-0.00942478,-0.125701,-0.734831,0.000102196,0.00208843,6
7.38919,-0.00827691,-0.0266104,-0.00942478,-0.122087,-0.745276,0.00049258,0.00208721,9
7.39129,-0.00827691,-0.0249298,-0.00942478,-0.129171,-0.766808,0.00010457,0.00208532,6
7.39339,-0.00835081,-0.0344535,-0.00942478,-0.107954,-0.718787,0.000105703,0.0020866,6
7.39549,-0.00842471,-0.0361342,-0.00942478,-0.0835349,-0.630008,0.000102617,0.002088,6
7.39759,-0.00849861,-0.0266104,-0.00942478,-0.057316,-0.493809,0.000106684,0.00208688,6
7.39969,-0.00857251,-0.0310922,-0.00942478,-0.0309792,-0.407661,0.000469727,0.00208822,9
7.40179,-0.00864641,-0.0327729,-0.00942478,-0.00648685,-0.318597,0.000149463,0.00208421,3
7.40389,-0.00864641,-0.0327729,-0.00942478,0.0139183,-0.239116,0.000103358,0.0020872,6
7.40599,-0.00872032,-0.0266104,-0.00942478,0.0277132,-0.163432,0.000106304,0.00208644,6
7.40809,-0.00879421,-0.0277309,-0.00942478,0.0320943,-0.150683,0.000106375,0.00208834,6
7.41019,-0.00886812,-0.0277309,-0.00942478,0.0239779,-0.182573,0.000461973,0.00208732,9
7.41229,-0.00886812,-0.0198878,-0.00942478,-0,-0.247683,0.000107786,0.00208516,6
7.41439,-0.00894202,-0.0232491,-0.00942478,-0,-0.260081,0.000107787,0.00208063,6
7.41649,-0.00894202,-0.0198878,-0.00942478,-0,-0.247958,0.000106415,0.00207915,6
7.41859,-0.00901592,-0.0148458,-0.00942478,-0,-0.230049,0.0001037,0.00208835,6
7.42069,-0.00908982,-0.0182071,-0.00942478,-0,-0.242447,0.000469548,0.00208699,9
7.42279,-0.00908982,-0.0165265,-0.00942478,-0,-0.236386,0.00016427,0.00208534,3
7.42489,-0.00908982,-0.0165265,-0.00942478,-0,-0.236386,0.000108879,0.0020862,6
7.42699,-0.00916372,-0.0198878,-0.00942478,-0,-0.248784,0.000104591,0.00208799,6
7.42909,-0.00916372,-0.0148458,-0.00942478,-0,-0.230599,0.000108117,0.00208693,6
7.43119,-0.00923762,-0.00980385,-0.00942478,-0,-0.21269,0.000476831,0.00208835,9
7.43329,-0.00923762,-0.00868341,-0.00942478,-0,-0.208649,0.000108448,0.00208406,6
7.43539,-0.00923762,-0.00364143,-0.00942478,-0,-0.190465,0.000105122,0.00208769,6
7.43749,-0.00923762,-0.00700275,-0.00942478,-0,-0.202587,0.000107706,0.00208699,6
7.43959,-0.00931152,-0.00980385,-0.00942478,-0,-0.212965,0.000103829,0.00208839,6
7.44169,-0.00931152,-0.00196077,-0.00942478,-0,-0.184678,0.000468676,0.00208734,9
7.44379,-0.00931152,-0.00196077,-0.00942478,-0,-0.184678,0.00014815,0.00208523,3
7.44589,-0.00931152,0.00140055,-0.00942478,-0,-0.172555,0.000108669,0.00208611,6
7.44799,-0.00931152,-0.00028011,-0.00942478,-0,-0.178617,0.000103609,0.00208787,6
7.45009,-0.00931152,-0.00028011,-0.00942478,-0,-0.178617,0.000105172,0.00208721,6
7.45219,-0.00931152,0.00308121,-0.00942478,-0,-0.166494,0.000462976,0.00208839,9
7.45429,-0.00931152,-0.00196077,-0.00942478,-0,-0.184678,0.000106635,0.00208397,6
7.45639,-0.00931152,-0.00028011,-0.00942478,-0,-0.178617,0.000126621,0.00208794,6
7.45849,-0.00931152,-0.00028011,-0.00942478,-0,-0.178617,0.000105913,0.00208683,6
7.46059,-0.00931152,0.00140055,-0.00942478,-0,-0.172555,0.000106674,0.00208726,6
7.4627,-0.00931152,0.00140055,-0.00942478,-0,-0.172555,0.000468766,0.00208849,9
7.4648,-0.00931152,-0.00196077,-0.00942478,-0,-0.184678,0.000149233,0.00208395,3
7.4669,-0.00931152,-0.00028011,-0.00942478,-0,-0.178617,0.000105192,0.00208727,6
7.469,-0.00931152,-0.00028011,-0.00942478,-0,-0.178617,0.000106594,0.0020872,6
7.4711,-0.00931152,-0.00196077,-0.00942478,-0,-0.184678,0.000104601,0.00208812,6
7.4732,-0.00931152,-0.00028011,-0.00942478,-0,-0.178617,0.000472623,0.00208696,9
7.4753,-0.00931152,-0.00196077,-0.00942478,-0,-0.184678,0.000106575,0.00208512,6
7.4774,-0.00931152,-0.00364143,-0.00942478,-0,-0.19074,0.000107146,0.00208659,6
7.4795,-0.00931152,-0.00028011,-0.00942478,-0,-0.178617,0.00010362,0.00208804,6
7.4816,-0.00931152,-0.00028011,-0.00942478,-0,-0.178617,0.000107066,0.00208722,6
7.4837,-0.00931152,-0.00028011,-0.00942478,-0,-0.178617,0.000477281,0.0020883,9
7.4858,-0.00931152,-0.00196077,-0.00942478,-0,-0.184678,0.000143402,0.00208406,3
7.4879,-0.00931152,-0.00364143,-0.00942478,-0,-0.19074,0.000104972,0.00208713,6
7.49,-0.00931152,-0.00028011,-0.00942478,-0,-0.178617,0.000122374,0.00208674,6
7.4921,-0.00931152,0.00308121,-0.00942478,-0,-0.166494,0.000105613,0.00208819,6
7.4942,-0.00931152,0.00140055,-0.00942478,-0,-0.172555,0.000470329,0.00208732,9
7.4963,-0.00931152,-0.00196077,-0.00942478,-0,-0.184678,0.000106985,0.00208511,6
7.4984,-0.00931152,-0.00028011,-0.00942478,-0,-0.178617,0.000107957,0.00208641,6
7.5005,-0.00931152,-0.00196077,-0.00942478,-0,-0.184678,0.000106755,0.00208012,6
7.5026,-0.00931152,-0.00196077,-0.00942478,-0,-0.184678,0.00010419,0.00208813,6
7.5047,-0.00931152,-0.00028011,-0.00942478,-0,-0.178617,0.000475098,0.00208718,9
7.5068,-0.00931152,-0.00028011,-0.00942478,-0,-0.178617,0.000141528,0.00208513,3
7.5089,-0.00931152,0.00140055,-0.00942478,-0,-0.172555,0.000107156,0.00208605,6
7.511,-0.00931152,-0.00532209,-0.00942478,-0,-0.196801,0.000104551,0.00208808,6
7.5131,-0.00931152,-0.00028011,-0.00942478,-0,-0.178617,0.000108067,0.00208693,6
7.5152,-0.00931152,0.00140055,-0.0125664,0.0239779,-0.126806,0.000495866,0.00208823,9
7.5173,-0.00931152,-0.00196077,-0.0125664,0.0320943,-0.107314,0.000105844,0.00208419,6
7.5194,-0.00931152,0.00140055,-0.0125664,0.0277131,-0.112256,0.000102447,0.00208775,6
7.5215,-0.00931152,-0.00028011,-0.0125664,0.0139183,-0.172051,0.000107026,0.00208027,6
7.5236,-0.00931152,-0.00364143,-0.0125664,-0.00648689,-0.263655,0.000116152,0.0020879,6
7.5257,-0.00931152,-0.00196077,-0.0125664,-0.0309793,-0.352995,0.000489904,0.00208726,9
7.5278,-0.00931152,-0.00364143,-0.0125664,-0.0573161,-0.461643,0.00013678,0.00208521,3
7.5299,-0.00931152,-0.00028011,-0.0125664,-0.083535,-0.551646,0.000107136,0.00208639,6
7.532,-0.00931152,-0.00028011,-0.0125664,-0.107954,-0.646762,0.000102267,0.00208809,6
7.5341,-0.00931152,-0.00364143,-0.0125664,-0.129171,-0.741529,0.00010419,0.00208696,6
7.5362,-0.00931152,0.00140055,-0.0125664,-0.146065,-0.789149,0.000498981,0.00208836,9
7.5383,-0.00931152,0.00140055,-0.0125664,-0.157795,-0.834839,0.000105012,0.00208408,3
7.5404,-0.00931152,-0.00364143,-0.0125664,-0.1638,-0.876415,0.000112345,0.00208776,6
7.5425,-0.00931152,-0.00532209,-0.0125664,-0.1638,-0.882476,0.000102677,0.00208706,6
7.5446,-0.00931152,-0.00364143,-0.0125664,-0.157795,-0.853024,0.000102888,0.00208731,6
7.5467,-0.00931152,-0.00532209,-0.0125664,-0.146065,-0.813395,0.000505563,0.00208824,9
7.5488,-0.00931152,-0.00980385,-0.0125664,-0.129171,-0.763754,0.000140105,0.00208418,3
7.5509,-0.00938542,-0.0131652,-0.0125664,-0.107954,-0.693508,0.000101785,0.00208727,6
7.553,-0.00938542,-0.0114845,-0.0125664,-0.083535,-0.592331,0.000103449,0.00208727,6
7.5551,-0.00945932,-0.0182071,-0.0125664,-0.0573161,-0.514726,0.000101496,0.00208846,6
7.5572,-0.00945932,-0.0182071,-0.0125664,-0.0309793,-0.41214,0.000500514,0.00208705,9
7.5593,-0.00953323,-0.0182071,-0.0125664,-0.00648688,-0.317013,0.000129867,0.00208532,3
7.5614,-0.00953323,-0.0232491,-0.0125664,0.0139183,-0.255717,0.000104831,0.00208639,6
7.5635,-0.00953323,-0.0232491,-0.0125664,0.0277132,-0.201983,0.000102197,0.00208833,6
7.5656,-0.00960713,-0.00868341,-0.0125664,0.0320943,-0.13266,0.000105984,0.00208704,6
7.5677,-0.00960713,-0.0131652,-0.0125664,0.023978,-0.180439,0.000514429,0.00208837,9
7.5698,-0.00968103,-0.00980385,-0.0125664,-0,-0.261989,0.000134015,0.00208408,3
7.5719,-0.00968103,-0.00868341,-0.0125664,-0,-0.257948,0.000105222,0.00208698,6
7.574,-0.00968103,-0.00868341,-0.0125664,-0,-0.257948,0.000108418,0.00208668,6
7.5761,-0.00968103,-0.00868341,-0.0125664,-0,-0.257948,0.000104241,0.00208824,6
7.5782,-0.00968103,-0.00700275,-0.00942478,-0.023978,-0.297636,0.00052013,0.0020872,9
7.5803,-0.00968103,-0.00028011,-0.00942478,-0.0320944,-0.305005,0.000137652,0.00208514,3
7.5824,-0.00968103,-0.00364143,-0.00942478,-0.0277132,-0.300062,0.000103238,0.00208625,6
7.5845,-0.00968103,-0.00532209,-0.00942478,-0.0139184,-0.252391,0.000103248,0.00207767,6
7.5866,-0.00968103,0.00140055,-0.00942478,0.0064868,-0.148664,0.000101195,0.00208841,6
7.5887,-0.00968103,-0.00364143,-0.00942478,0.0309792,-0.0714464,0.000514059,0.00208748,9
7.5908,-0.00968103,0.00140055,-0.00942478,0.057316,0.049324,0.000165753,0.00208533,3
7.5929,-0.00968103,-0.00028011,-0.00942478,0.0835349,0.145389,0.00012051,0.00208616,6
7.595,-0.00968103,-0.00532209,-0.00942478,0.107954,0.22232,0.000102457,0.00208818,6
7.5971,-0.00968103,0.00476187,-0.00942478,0.129171,0.341333,0.000104872,0.00208711,6
7.5992,-0.00968103,0.00308121,-0.00942478,0.146065,0.401076,0.000519859,0.00208835,9
7.6013,-0.00968103,-0.00196077,-0.00942478,0.157795,0.428582,0.00014783,0.00208412,3
7.6034,-0.00968103,0.00140055,-0.00942478,0.1638,0.464096,0.000103268,0.00208709,6
7.6055,-0.00968103,0.00308121,-0.00942478,0.1638,0.470157,0.000104231,0.0020872,6
7.6076,-0.00968103,0.00476187,-0.00942478,0.157795,0.452828,0.000101676,0.00208825,6
7.6097,-0.00968103,0.00644253,-0.00942478,0.146065,0.413199,0.000510292,0.00208722,9
7.6118,-0.00968103,0.00644253,-0.00942478,0.129171,0.347394,0.000145907,0.00208527,3
7.6139,-0.00968103,0.00140055,-0.00942478,0.107954,0.246566,0.000104611,0.00208652,6
7.616,-0.00968103,0.00644253,-0.00942478,0.0835349,0.169635,0.000101566,0.0020882,6
7.6181,-0.00960713,0.00476187,-0.00942478,0.057316,0.0617221,0.000116863,0.00208713,6
7.6202,-0.00960713,0.00644253,-0.00942478,0.0309792,-0.0348023,0.000518717,0.00208837,9
7.6223,-0.00960713,0.00812319,-0.00942478,0.00648685,-0.124142,0.000134506,0.00207829,3
7.6244,-0.00960713,0.00308121,-0.00942478,-0.0139183,-0.221808,0.000118887,0.0020872,6
7.6265,-0.00960713,0.00476187,-0.00942478,-0.0277132,-0.26948,0.000117515,0.00208667,6
7.6286,-0.00960713,0.00644253,-0.00942478,-0.0320943,-0.280483,0.00010406,0.00208714,6
7.6307,-0.00960713,0.00140055,-0.00942478,-0.023978,-0.267053,0.000511725,0.00208819,9
7.6328,-0.00960713,0.00140055,-0.00942478,-0,-0.173656,0.000139445,0.002084,3
7.6349,-0.00960713,-0.00364143,-0.00628319,-0.023978,-0.23759,0.000103119,0.00208712,6
7.637,-0.00960713,-0.00196077,-0.00628319,-0.0320944,-0.263143,0.000104591,0.00208649,6
7.6391,-0.00960713,-0.00364143,-0.00628319,-0.0277132,-0.252139,0.000101666,0.00208819,6
7.6412,-0.00960713,-0.00028011,-0.00628319,-0.0139184,-0.186283,0.000540187,0.00208744,9
7.6433,-0.00960713,0.00140055,-0.00628319,0.00648679,-0.10074,0.000155574,0.00208518,3
7.6454,-0.00960713,0.00308121,-0.00628319,0.0309792,0.000722651,0.000104831,0.00208622,6
7.6475,-0.00960713,0.00140055,-0.00628319,0.057316,0.0972471,0.000102046,0.00208821,6
7.6496,-0.00960713,-0.00028011,-0.00628319,0.0835349,0.193312,0.000103669,0.00208742,6
7.6517,-0.00960713,0.00308121,-0.00628319,0.107954,0.30055,0.000533083,0.00208838,9
7.6538,-0.00960713,-0.00028011,-0.00628319,0.129171,0.371072,0.000155293,0.00208415,3
7.6559,-0.00960713,-0.00028011,-0.00628319,0.146065,0.436877,0.000102617,0.00208724,6
7.658,-0.00960713,-0.00196077,-0.00628319,0.157795,0.476505,0.000104181,0.00208723,6
7.6601,-0.00960713,-0.00196077,-0.00628319,0.1638,0.499896,0.000116102,0.00208834,6
7.6622,-0.00960713,0.00140055,-0.00314159,0.139822,0.466269,0.000539154,0.00208707,9
7.6643,-0.00953323,0.00644253,-0.00314159,0.125701,0.429724,0.000196799,0.00208529,3
7.6664,-0.00953323,0.00308121,-0.00314159,0.118352,0.388976,0.000105051,0.00208435,6
7.6685,-0.00953323,0.00140055,-0.00314159,0.115253,0.370842,0.000107056,0.00207919,6
7.6706,-0.00953323,0.0109243,-0.00314159,0.114441,0.402028,0.000102457,0.00208822,6
7.6727,-0.00953323,0.00476187,-0.00314159,0.114514,0.380089,0.000529867,0.00208751,9
7.6748,-0.00945932,0.00812319,-0.00314159,0.114632,0.392946,0.000174999,0.00208526,3
7.6769,-0.00945932,0.0109243,-0.00314159,0.114514,0.402589,0.000107507,0.00208416,6
7.679,-0.00945932,0.00924363,-0.00314159,0.114441,0.396242,0.000102547,0.00208782,6
7.6811,-0.00945932,0.00812319,-0.00314159,0.115253,0.395364,0.00010435,0.00208714,6
7.6832,-0.00945932,0.00812319,-0.00314159,0.118352,0.407436,0.000524477,0.00208856,9
7.6853,-0.00938542,0.0109243,-0.00314159,0.125701,0.446438,0.000148792,0.0020842,3
7.6874,-0.00938542,0.0109243,-0.00314159,0.139822,0.501443,0.000102417,0.00208713,6
7.6895,-0.00938542,0.0126049,-0.00314159,0.1638,0.600903,0.00010428,0.00208717,6
7.6916,-0.00931152,0.0176469,-0.00314159,0.157795,0.595971,0.000101536,0.00208842,6
7.6937,-0.00931152,0.0159663,-0.00314159,0.146065,0.54422,0.000510913,0.00208735,9
7.6958,-0.00923762,0.0193276,-0.00314159,0.129171,0.490813,0.000149973,0.00208523,3
7.6979,-0.00923762,0.0210082,-0.00314159,0.107954,0.41423,0.000105322,0.00208632,6
7.7,-0.00916372,0.0226889,-0.00314159,0.0835349,0.325451,0.000103298,0.00208827,6
7.7021,-0.00908982,0.0243696,-0.00314159,0.057316,0.229661,0.000105432,0.00208696,6
7.7042,-0.00908982,0.0193276,-0.00314159,0.0309792,0.108891,0.000500484,0.00208835,9
7.7063,-0.00901592,0.0271707,-0.00314159,0.00648684,0.0420515,0.000104361,0.0020841,3
7.7084,-0.00894202,0.0193276,-0.00314159,-0.0139183,-0.0654416,0.000120751,0.00208795,6
7.7105,-0.00894202,0.0226889,-0.00314159,-0.0277132,-0.107052,0.000102968,0.00208689,6
7.7126,-0.00886812,0.0210082,-0.00314159,-0.0320943,-0.129903,0.000103078,0.00208748,6
7.7147,-0.00886812,0.0109243,-0.00314159,-0.023978,-0.134658,0.000485937,0.00208855,9
7.7168,-0.00886812,0.0126049,-0.00314159,-0,-0.0351984,0.000110261,0.00208412,3
7.7189,-0.00879421,0.00924363,-0.00314159,-0,-0.0470462,0.000105062,0.00208768,6
7.721,-0.00879421,0.00476187,-0.00314159,-0,-0.0632102,0.000105913,0.00208689,6
7.7231,-0.00879421,-0.00028011,-0.00314159,-0,-0.0813947,0.000105112,0.00208252,6
7.7252,-0.00879421,-0.00532209,-0,-0.023978,-0.145329,0.000416069,0.00208679,9
7.7273,-0.00879421,-0.00196077,-0,-0.0320943,-0.16482,0.000103359,0.00208504,6
7.7294,-0.00886812,-0.00364143,-0,-0.0277132,-0.154092,0.00012012,0.00208677,6
7.7315,-0.00886812,-0.00700275,-0,-0.0139183,-0.112482,0.000102397,0.00208805,6
7.7336,-0.00886812,-0.00028011,-0,0.00648683,-0.00875439,0.000535508,0.00208713,9
7.7357,-0.00886812,-0.00196077,-0,0.0309792,0.0805857,0.000114309,0.00208497,3
7.7378,-0.00886812,-0.00700275,-0,0.057316,0.164987,0.000104471,0.00208654,6
7.7399,-0.00886812,0.00140055,-0,0.0835349,0.297421,0.000101635,0.00208824,6
7.742,-0.00886812,0.00140055,-0,0.107954,0.392536,0.000105863,0.00208712,6
7.7441,-0.00886812,-0.00028011,-0,0.129171,0.469119,0.000269532,0.00208817,9
7.74621,-0.00886812,-0.00028011,-0,0.146065,0.534924,0.000105803,0.00208401,6
7.74831,-0.00886812,-0.00028011,-0,0.157795,0.580614,0.000103268,0.00208782,6
7.75041,-0.00886812,-0.00196077,-0,0.1638,0.597944,0.000103879,0.002087,6
7.75251,-0.00886812,-0.00364143,-0,0.1638,0.591882,0.0004385,0.00208698,9
7.75461,-0.00879421,-0.00028011,-0,0.157795,0.580889,0.00010368,0.00208506,6
7.75671,-0.00879421,0.00476187,-0,0.146065,0.553384,0.000105954,0.00208627,6
7.75881,-0.00879421,-0.00028011,-0,0.129171,0.469394,0.000101766,0.00208801,6
7.76091,-0.00879421,0.00644253,-0,0.107954,0.410996,0.000503008,0.00208746,9
7.76301,-0.00879421,0.00140055,0.00314159,0.059557,0.251947,0.000203552,0.00208508,6
7.76511,-0.00879421,0.00476187,0.00314159,0.0252217,0.130329,0.000108929,0.00208425,7
7.76721,-0.00879421,0.00140055,0.00314159,0.00326602,0.0326848,0.0001041,0.0020878,7
7.76931,-0.00879421,0.00644253,0.00314159,-0.00743148,0.00920085,0.00010453,0.00208704,7
7.77141,-0.00879421,0.00644253,0.00314159,-0.00743148,0.00920085,0.000595618,0.00208842,10
7.77351,-0.00872032,0.00308121,0.00314159,0.00326602,0.0390214,0.000251088,0.00208371,6
7.77561,-0.00872032,0.00140055,0.00314159,0.0252217,0.118481,0.000104842,0.00208549,7
7.77771,-0.00872032,0.00140055,0.00314159,0.059557,0.252222,0.000105693,0.00208657,7
7.77981,-0.00872032,-0.00700275,0.00314159,0.107954,0.410427,0.000103409,0.00208832,7
7.78191,-0.00872032,-0.00028011,0.00314159,0.129171,0.517318,0.000673329,0.00208741,10
7.78401,-0.00872032,-0.00196077,0.00314159,0.146065,0.577061,0.000353075,0.00208515,6
7.78611,-0.00872032,0.00308121,0.00628319,0.133817,0.595186,0.000107236,0.00208436,7
7.78821,-0.00872032,0.00476187,0.00628319,0.131706,0.593024,0.000103489,0.00208797,7
7.79031,-0.00872032,0.00644253,0.00628319,0.136087,0.61615,0.000108528,0.00208722,7
7.79241,-0.00872032,0.00140055,0.00628319,0.143877,0.628308,0.000119318,0.0020884,7
7.79451,-0.00872032,0.00476187,0.00628319,0.152552,0.674222,0.000431738,0.00208692,13
7.79661,-0.00872032,0.00476187,0.00628319,0.16015,0.703819,0.000107095,0.00208402,7
7.79871,-0.00864641,0.00924363,0.00942478,0.141292,0.69445,0.000120079,0.00208786,7
7.80081,-0.00864641,0.00924363,0.00942478,0.134976,0.669847,0.000107907,0.00208667,7
7.80291,-0.00864641,0.0126049,0.00942478,0.137557,0.692024,0.00010392,0.00208839,7
7.80501,-0.00857251,0.0142856,0.00942478,0.146232,0.732152,0.000535157,0.00208727,10
7.80711,-0.00857251,0.0142856,0.00942478,0.159039,0.782036,0.000203051,0.00208488,6
7.80921,-0.00849861,0.0226889,0.00942478,0.174856,0.874229,0.00010934,0.00208406,7
7.81131,-0.00849861,0.0260502,0.00942478,0.193403,0.958596,0.00010381,0.0020879,7
7.81341,-0.00842471,0.0260502,0.00942478,0.215241,1.04393,0.000104862,0.00208715,7
7.81551,-0.00835081,0.030532,0.00942478,0.241771,1.16371,0.000624801,0.0020883,10
7.81761,-0.00827691,0.035574,0.00942478,0.275236,1.31252,0.000322789,0.00208376,6
7.81971,-0.00820301,0.0338933,0.00942478,0.275236,1.30674,0.00010417,0.00208536,7
7.82181,-0.00812911,0.0439773,0.0125664,0.241771,1.26068,0.000104801,0.00208689,7
7.82391,-0.0080552,0.0501397,0.0125664,0.215241,1.17984,0.000103089,0.00208806,7
7.82601,-0.0079074,0.053501,0.0125664,0.193403,1.10745,0.000730955,0.00208728,10
7.82811,-0.0077596,0.0680667,0.0125664,0.174856,1.08829,0.000395001,0.00207945,6
7.83021,-0.0076118,0.0630247,0.0125664,0.159039,1.00904,0.000105282,0.00208423,7
7.83231,-0.0075379,0.0680667,0.0125664,0.146232,0.977619,0.000118546,0.00208799,7
7.83441,-0.0073901,0.0731087,0.0125664,0.137557,0.962562,0.000103869,0.00208692,7
7.83651,-0.00724229,0.0747893,0.0125664,0.134976,0.95912,0.000106995,0.00208712,7
7.83861,-0.00709449,0.0747893,0.0125664,0.141292,0.984273,0.000480667,0.00208857,10
7.84071,-0.00687279,0.0809518,0.0125664,0.16015,1.08078,0.000225091,0.00208412,6
7.84281,-0.00672499,0.0859937,0.0125664,0.152552,1.06992,0.000105322,0.00208537,7
7.84491,-0.00650328,0.0843131,0.0125664,0.143877,1.03089,0.000107717,0.00208662,7
7.84701,-0.00635548,0.0927164,0.0125664,0.136087,1.03141,0.000103018,0.00208797,7
7.84911,-0.00613378,0.094397,0.0125664,0.131706,1.02123,0.000568559,0.00208733,10
7.85121,-0.00591208,0.0988788,0.0125664,0.133817,1.04644,0.000232886,0.00208498,6
7.85331,-0.00576428,0.100559,0.0125664,0.146065,1.10076,0.000108248,0.00208437,7
7.85541,-0.00554257,0.107282,0.0125664,0.129171,1.06003,0.000103299,0.00208795,7
7.85751,-0.00524697,0.172268,0.0125664,0.107954,1.21286,0.00010426,0.00208736,7
7.85961,-0.00495136,0.0260502,0.0125664,0.083535,0.591496,0.000659334,0.00208829,10
7.86171,-0.00472966,0.116806,0.0125664,0.0573161,0.817515,0.000325244,0.0020839,6
7.86381,-0.00450796,0.123528,0.0125664,0.0309793,0.74,0.000104521,0.00208542,7
7.86591,-0.00428626,0.123528,0.0125664,0.00648688,0.645424,0.000104961,0.00208663,7
7.86801,-0.00406455,0.121848,0.0125664,-0.0139183,0.560706,0.000105352,0.00208774,7
7.87011,-0.00376895,0.131932,0.0125664,-0.0277132,0.544442,0.000114429,0.00208491,7
7.87221,-0.00354725,0.12689,0.0125664,-0.0320943,0.510018,0.000418094,0.00208829,13
7.87431,-0.00317774,0.12689,0.0125664,-0.023978,0.543008,0.000105202,0.00208399,7
7.87641,-0.00295604,0.131932,0.0125664,-0,0.655415,0.00011473,0.00208763,7
7.87851,-0.00273434,0.123528,0.0125664,-0,0.625933,0.000105282,0.00208645,7
7.88061,-0.00243873,0.133052,0.0125664,-0,0.661382,0.000108819,0.00208712,7
7.88271,-0.00214313,0.12857,0.0125664,-0,0.646318,0.000507687,0.00208819,10
7.88481,-0.00184752,0.139775,0.00942478,0.023978,0.733579,0.00019167,0.00208382,6
7.88691,-0.00155192,0.133052,0.00942478,0.0320944,0.742047,0.000104862,0.00208531,7
7.88901,-0.00133022,0.138094,0.00942478,0.0277132,0.743992,0.000106735,0.00208628,7
7.89111,-0.00103461,0.143136,0.00942478,0.0139184,0.709544,0.000102898,0.00208814,7
7.89321,-0.000739009,0.136414,0.00942478,-0.0064868,0.606917,0.000615243,0.00208731,10
7.89531,-0.000295604,0.148178,0.00942478,-0.0309792,0.555596,0.000272257,0.00208506,6
7.89741,-7.38998e-05,0.146497,0.00942478,-0.057316,0.447774,0.000107677,0.00208432,7
7.89951,0.000221703,0.149859,0.00942478,-0.0835349,0.358871,0.000102127,0.00208777,7
7.90161,0.000517307,0.150979,0.00942478,-0.107954,0.268897,0.000120129,0.0020872,7
7.90371,0.00081291,0.144817,0.00942478,-0.129171,0.165128,0.000694989,0.0020884,10
7.90581,0.00125632,0.146497,0.00942478,-0.146065,0.107035,0.00036155,0.0020839,6
7.90791,0.00147802,0.150979,0.00942478,-0.157795,0.0783342,0.000105212,0.00208534,7
7.91001,0.00177362,0.141455,0.00942478,-0.1638,0.021695,0.000106094,0.00208664,7
7.91211,0.00206923,0.146497,0.00942478,-0.1638,0.0409799,0.000103268,0.0020881,7
7.91421,0.00236483,0.141455,0.00942478,-0.157795,0.0472869,0.000104611,0.00208748,7
7.91631,0.00266044,0.134733,0.00942478,-0.146065,0.0698313,0.000444722,0.00208867,13
7.91841,0.00295604,0.133052,0.00942478,-0.129171,0.130675,0.000105673,0.00208401,7
7.92051,0.00325164,0.131932,0.00942478,-0.107954,0.210379,0.000105433,0.00208666,7
7.92261,0.00347335,0.133052,0.00942478,-0.0835349,0.31036,0.000102988,0.00208824,7
7.92471,0.00376895,0.130251,0.00942478,-0.057316,0.403485,0.000106244,0.00208698,7
7.92681,0.00406455,0.12857,0.00942478,-0.0309792,0.501109,0.000532984,0.00208841,10
7.92891,0.00436016,0.12857,0.00942478,-0.00648685,0.597611,0.000188304,0.00208399,6
7.93101,0.00458186,0.121848,0.00942478,0.0139183,0.653672,0.000107126,0.00207972,7
7.93311,0.00487746,0.130251,0.00942478,0.0277132,0.738813,0.000107166,0.00208656,7
7.93521,0.00509917,0.130251,0.00942478,0.0320943,0.756703,0.000117114,0.00208817,7
7.93731,0.00539477,0.131932,0.00942478,0.023978,0.732251,0.000621836,0.00208724,10
7.93941,0.00576428,0.138094,0.00942478,-0,0.662454,0.000281674,0.00208509,6
7.94151,0.00598598,0.138094,0.00942478,-0,0.663279,0.000111834,0.00208414,7
7.94361,0.00628158,0.139775,0.00942478,-0,0.670441,0.000106424,0.00208782,7
7.94571,0.00657719,0.143136,0.00942478,-0,0.683664,0.000107105,0.00208717,7
7.94781,0.00687279,0.144817,0.00942478,-0,0.690826,0.000726627,0.00208838,10
7.94991,0.0072423,0.146497,0.00942478,-0,0.698263,0.000362542,0.00208383,6
7.95201,0.007464,0.148178,0.00942478,-0,0.70515,0.000107245,0.00208546,7
7.95411,0.0077596,0.144817,0.00942478,-0,0.694127,0.000107146,0.00208643,7
7.95621,0.00805521,0.150979,0.00942478,-0,0.717453,0.000104601,0.00208816,7
7.95831,0.00842471,0.15266,0.00942478,-0,0.72489,0.000106284,0.00208711,7
7.96041,0.00872032,0.159383,0.00942478,-0,0.750236,0.000522974,0.00208832,13
7.96251,0.00908982,0.156021,0.00942478,-0,0.739489,0.000107646,0.0020837,7
7.96461,0.00938542,0.154341,0.00942478,-0,0.734528,0.000108128,0.00208645,7
7.96671,0.00968103,0.157702,0.00942478,-0,0.747751,0.000105483,0.00208834,7
7.96881,0.0100505,0.157702,0.00942478,-0,0.749127,0.000123966,0.00208711,7
7.97091,0.0103461,0.157702,0.00942478,-0,0.750227,0.000535668,0.00208817,10
7.97301,0.0107895,0.157702,0.00942478,-0,0.751878,0.000185669,0.00208393,6
7.97511,0.0110851,0.159383,0.00942478,-0,0.759039,0.000107867,0.00208534,7
7.97721,0.0113807,0.166105,0.00628319,0.023978,0.830136,0.000106885,0.00208633,7
7.97931,0.0117503,0.161063,0.00628319,0.0320944,0.844941,0.000102437,0.00208834,7
7.98141,0.0120459,0.166105,0.00628319,0.0277132,0.847161,0.000631383,0.00208727,10
7.98351,0.0125632,0.175629,0.00628319,0.0139184,0.829702,0.000289057,0.00208522,6
7.98561,0.0127849,0.170587,0.00628319,-0.00648679,0.732861,0.000107947,0.00208388,7
7.98771,0.0131544,0.175629,0.00628319,-0.0309792,0.65702,0.00010389,0.00208769,7
7.98981,0.0135239,0.168906,0.00628319,-0.057316,0.531563,0.000104531,0.00208708,7
7.99191,0.0138934,0.17731,0.00314159,-0.0595569,0.506869,0.000737897,0.00208821,7
7.99401,0.0143368,0.17731,0.00314159,-0.0758594,0.445019,0.000401844,0.00208418,6
7.99611,0.0147063,0.17899,0.00314159,-0.101458,0.352747,0.000104902,0.00208541,7
7.99821,0.0150019,0.173948,0.00314159,-0.132147,0.216124,0.000105162,0.00208643,7
8.00031,0.0153714,0.175629,0.00314159,-0.164282,0.0983901,0.000102336,0.00208827,7
8.00241,0.0157409,0.175629,0.00314159,-0.194779,-0.019027,0.000117033,0.00208704,7
8.00451,0.0161104,0.175629,0.00314159,-0.221116,-0.120238,0.000471651,0.00208687,10
8.00661,0.0165538,0.172268,0.00314159,-0.24133,-0.209446,0.000105814,0.00208497,7
8.00871,0.0168494,0.167786,0.00314159,-0.254019,-0.273934,0.000105743,0.00208663,7
8.01081,0.017145,0.167786,0.00314159,-0.258342,-0.289673,0.000102587,0.00208815,7
8.01291,0.0175145,0.162744,0.00314159,-0.254019,-0.289643,0.000105803,0.0020872,7
8.01501,0.0178101,0.156021,0.00314159,-0.24133,-0.263363,0.000549113,0.0020884,10
8.01712,0.0182535,0.148178,0.00314159,-0.221116,-0.211264,0.000206617,0.0020841,6
8.01922,0.0184752,0.146497,0.00314159,-0.194779,-0.113914,0.000104862,0.00208535,7
8.02132,0.0187708,0.146497,0.00314159,-0.164282,0.00597869,0.000107266,0.00208632,7
8.02342,0.0190665,0.136414,0.00314159,-0.132147,0.0958812,0.000102788,0.00208814,7
8.02552,0.0193621,0.131932,0.00314159,-0.101458,0.200356,0.00061935,0.00208727,10
8.02762,0.0196577,0.130251,0.00314159,-0.0758595,0.295104,0.000309705,0.00208514,6
8.02972,0.0199533,0.12689,0.00314159,-0.059557,0.347582,0.000108348,0.00208411,7
8.03182,0.020175,0.125209,0.00314159,-0.057316,0.351075,0.00010363,0.00208771,7
8.03392,0.0203967,0.125209,0.00314159,-0.0309792,0.454486,0.00010421,0.00208694,7
8.03602,0.0206923,0.12689,0.00314159,-0.00648684,0.557049,0.000698125,0.00208834,10
8.03812,0.0209879,0.125209,0.00314159,0.0139183,0.63157,0.000380505,0.00208392,6
8.04022,0.0212835,0.170587,0.00314159,0.0277132,0.850063,0.000108538,0.00207974,7
8.04232,0.0215791,0.0859937,0.00314159,0.0320943,0.563134,0.000106645,0.0020866,7
8.04442,0.0217269,0.123528,0.00314159,0.023978,0.667443,0.000110682,0.00208807,7
8.04652,0.0219486,0.121848,0.00314159,-0,0.568809,0.000106124,0.00208715,7
8.04862,0.0222442,0.121848,0.00314159,-0,0.569909,0.000442177,0.00208702,13
8.05072,0.0225398,0.120167,0.00314159,-0,0.564948,0.000108328,0.00208483,7
8.05282,0.0227615,0.12857,0.00314159,-0,0.596081,0.000108137,0.00208638,7
8.05492,0.0229832,0.12689,0.00628319,-0.023978,0.545095,0.000103469,0.00208806,7
8.05702,0.0232788,0.118486,0.00628319,-0.0320943,0.484273,0.000106054,0.00208692,7
8.05912,0.0235005,0.123528,0.00628319,-0.0277132,0.520348,0.000528655,0.00208814,10
8.06122,0.0237961,0.120167,0.00628319,-0.0139183,0.563059,0.000192542,0.00208398,6
8.06332,0.0240178,0.121848,0.00628319,0.00648685,0.649427,0.000105102,0.00208531,7
8.06542,0.0243134,0.118486,0.00628319,0.0309792,0.733806,0.000107437,0.00208649,7
8.06752,0.0245351,0.116806,0.00628319,0.057316,0.831156,0.000103188,0.00208828,7
8.06962,0.0247568,0.123528,0.00942478,0.059557,0.912604,0.00064064,0.00208718,10
8.07172,0.0251263,0.118486,0.00942478,0.0758595,0.959296,0.000313242,0.00208517,6
8.07382,0.025348,0.123528,0.00942478,0.101458,1.07801,0.000109409,0.00208422,7
8.07592,0.0255697,0.12857,0.00942478,0.132147,1.21656,0.000104431,0.00208777,7
8.07802,0.0258653,0.133052,0.00942478,0.164282,1.359,0.000105412,0.00208725,7
8.08012,0.026087,0.131932,0.00942478,0.194779,1.47457,0.000722459,0.0020884,10
8.08222,0.0264565,0.136414,0.00942478,0.221116,1.5947,0.000374774,0.00208397,6
8.08432,0.0267521,0.146497,0.00942478,0.24133,1.71091,0.000105432,0.00208529,7
8.08642,0.0270478,0.15266,0.00942478,0.254019,1.78366,0.00010426,0.00208669,7
8.08852,0.0273434,0.162744,0.00942478,0.258342,1.83796,0.000104791,0.00208714,7
8.09062,0.0277129,0.164425,0.00942478,0.254019,1.82856,0.000102657,0.00208844,7
8.09272,0.0280824,0.17731,0.00942478,0.24133,1.82698,0.000467013,0.00208714,10
8.09482,0.0285258,0.190195,0.00942478,0.221116,1.79637,0.000105102,0.00208507,7
8.09692,0.0288214,0.196917,0.00942478,0.194779,1.71913,0.000105412,0.00208672,7
8.09902,0.0292648,0.20364,0.00942478,0.164282,1.62623,0.000102346,0.00208801,7
8.10112,0.0297082,0.213164,0.00942478,0.132147,1.53706,0.000105463,0.00208688,7
8.10322,0.0301516,0.219886,0.00942478,0.101458,1.44342,0.000544935,0.00208812,10
8.10532,0.0307428,0.22941,0.00942478,0.0758595,1.38026,0.000227034,0.00208403,6
8.10742,0.0311123,0.239494,0.00942478,0.0595569,1.3545,0.000105663,0.00208534,7
8.10952,0.0316296,0.234452,0.00942478,0.057316,1.32952,0.000107566,0.00208641,7
8.11162,0.032073,0.242295,0.00942478,0.0309792,1.25687,0.000103008,0.00208814,7
8.11372,0.0325903,0.247337,0.00942478,0.00648685,1.18158,0.000633317,0.00208712,10
8.11582,0.0332554,0.252379,0.00942478,-0.0139183,1.12276,0.000289839,0.00208503,6
8.11792,0.0336988,0.256861,0.00942478,-0.0277132,1.08684,0.000108288,0.00208406,7
8.12002,0.0342162,0.25406,0.00942478,-0.0320943,1.0616,0.00010368,0.00207979,7
8.12212,0.0347335,0.261903,0.00942478,-0.0239779,1.12342,0.000104391,0.00208724,7
8.12422,0.0353247,0.270306,0.00942478,-0,1.24933,0.000746192,0.00208842,10
8.12632,0.0360637,0.266945,0.00628319,0.023978,1.28571,0.000721828,0.00207926,6
8.12842,0.0366549,0.273667,0.00628319,0.0320944,1.34377,0.000396644,0.00202336,7
8.13052,0.0370983,0.278149,0.00628319,0.0277132,1.34452,0.000368343,0.00205307,7
8.13262,0.0376895,0.276468,0.00314159,0.0378964,1.33267,0.000369605,0.00205521,7
8.13472,0.0382807,0.288233,0.00314159,0.0256075,1.32944,0.000102597,0.00208846,7
8.13682,0.038798,0.289914,0.00314159,-0.00326596,1.22496,0.00050403,0.00208696,10
8.13892,0.039537,0.294396,0.00314159,-0.0433977,1.08755,0.000137602,0.00208485,6
8.14102,0.0400543,0.301118,0.00314159,-0.0900217,0.932117,0.000110401,0.002086,7
8.14312,0.0407194,0.307841,-0,-0.114955,0.814072,0.000103098,0.00208802,6
8.14522,0.0413845,0.314003,-0,-0.154393,0.685157,0.000107576,0.00208653,6
8.14732,0.0420497,0.312323,-0,-0.201887,0.496575,0.000363393,0.00208207,9
8.14942,0.0427887,0.317364,-0,-0.25183,0.322972,0.00010945,0.00208381,6
8.15152,0.0433799,0.325768,-0,-0.299458,0.169964,0.000102337,0.00208783,6
8.15362,0.044045,0.320726,-0,-0.340844,-0.00695145,0.000107286,0.00208659,6
8.15572,0.0447101,0.317364,-0.00314159,-0.348928,-0.095734,0.000588855,0.00208815,9
8.15782,0.045523,0.319045,-0.00314159,-0.361306,-0.13486,0.00021902,0.0020839,3
8.15992,0.0460403,0.312323,-0.00314159,-0.373212,-0.203555,0.000106223,0.00208508,6
8.16202,0.0467054,0.312323,-0.00314159,-0.381001,-0.231422,0.000108468,0.00208617,6
8.16412,0.0472966,0.312323,-0.00314159,-0.382152,-0.233702,0.000102918,0.00208811,6
8.16622,0.0481095,0.460781,-0.00314159,-0.375261,0.331595,0.000576022,0.00208699,9
8.16832,0.0487007,0.296076,-0.00314159,-0.360049,-0.200976,0.00024682,0.00208512,3
8.17042,0.049218,0.291594,-0.00628319,-0.313379,-0.0810744,0.000105602,0.00208388,6
8.17252,0.0498093,0.288233,-0.00628319,-0.277052,0.0505012,0.000105964,0.00208624,6
8.17462,0.0504005,0.28151,-0.00628319,-0.250789,0.130756,0.000104601,0.00208795,6
8.17672,0.0509917,0.28151,-0.00942478,-0.211732,0.23744,0.000614993,0.00208669,9
8.17882,0.0517307,0.27983,-0.00942478,-0.202245,0.271083,0.000265895,0.00208504,3
8.18092,0.0521741,0.273667,-0.00942478,-0.222888,0.170101,0.000109019,0.00208405,6
8.18302,0.0526914,0.271987,-0.00942478,-0.23242,0.128838,0.000103949,0.00208782,6
8.18512,0.0532826,0.270306,-0.00942478,-0.254818,0.0377323,0.000108168,0.00208657,6
8.18722,0.0538738,0.268625,-0.00942478,-0.291485,-0.108952,0.000604594,0.00208819,9
8.18932,0.0545389,0.263583,-0.00942478,-0.30174,-0.164604,0.000259304,0.00208405,3
8.19142,0.0549823,0.265264,-0.00942478,-0.309841,-0.188446,0.000105773,0.00208527,6
8.19352,0.0554996,0.260222,-0.00942478,-0.317189,-0.23333,0.000108017,0.00208612,6
8.19562,0.0560169,0.25406,-0.00942478,-0.326309,-0.289153,0.000103118,0.00208792,6
8.19772,0.0565342,0.25574,-0.00942478,-0.340844,-0.337783,0.00060776,0.00208637,9
8.19982,0.0571994,0.25406,-0.0125664,-0.298099,-0.222516,0.000275664,0.00208504,3
8.20192,0.0576428,0.240614,-0.0125664,-0.263853,-0.135962,0.000107656,0.00208404,6
8.20402,0.0580862,0.240614,-0.0125664,-0.237545,-0.0318388,0.000103619,0.00208782,6
8.20612,0.0586035,0.236133,-0.0125664,-0.219736,0.02329,0.000108709,0.00208636,6
8.20822,0.0591208,0.227729,-0.0125664,-0.212109,0.0246177,0.000720586,0.00208819,9
8.21032,0.059712,0.222687,-0.0125664,-0.217466,-0.0122339,0.000287244,0.00208394,3
8.21242,0.0600815,0.221567,-0.0125664,-0.196249,0.0677448,0.00013144,0.00208519,6
8.21452,0.0605249,0.213164,-0.0125664,-0.173557,0.127478,0.000105432,0.0020859,6
8.21662,0.0609683,0.209802,-0.0125664,-0.151352,0.203498,0.000106664,0.00208674,6
8.21872,0.0614117,0.213164,-0.0125664,-0.132437,0.290947,0.000624971,0.00208812,9
8.22082,0.061929,0.209802,-0.0125664,-0.120458,0.327411,0.00029038,0.00208395,3
8.22292,0.0622985,0.208122,-0.0125664,-0.119899,0.324902,0.000105132,0.0020851,6
8.22502,0.062668,0.20476,-0.0125664,-0.136087,0.251099,0.000108689,0.00208598,6
8.22712,0.0631114,0.20476,-0.0125664,-0.131706,0.269814,0.000102907,0.00208783,6
8.22922,0.0635548,0.201959,-0.0125664,-0.133817,0.253139,0.000700128,0.00208673,9
8.23132,0.0640721,0.200279,-0.0125664,-0.146065,0.201295,0.000280322,0.00208511,3
8.23342,0.0644416,0.196917,-0.0125664,-0.129171,0.256353,0.000109099,0.00208396,6
8.23552,0.0648111,0.198598,-0.0125664,-0.107954,0.346434,0.000103008,0.00208757,6
8.23762,0.0651807,0.195237,-0.0125664,-0.083535,0.430802,0.000106574,0.00208659,6
8.23972,0.0656241,0.195237,-0.0125664,-0.0573161,0.534579,0.000102778,0.00208807,6
8.24182,0.0659936,0.193556,-0.0125664,-0.0309793,0.632479,0.00030121,0.0020868,9
8.24392,0.0665109,0.195237,-0.0125664,-0.00648688,0.735867,0.000106124,0.00208521,6
8.24602,0.0668804,0.195237,-0.0125664,0.0139183,0.816724,0.00010943,0.00208606,6
8.24812,0.0672499,0.193556,-0.0125664,0.0277132,0.865771,0.000103359,0.00208782,6
8.25022,0.0676933,0.193556,-0.0125664,0.0320943,0.884487,0.000697584,0.00208665,9
8.25232,0.0682106,0.200279,-0.0125664,0.023978,0.879044,0.000280802,0.00207934,3
8.25442,0.0685801,0.20364,-0.0125664,-0,0.799145,0.000108207,0.00208402,6
8.25652,0.0689496,0.20476,-0.00942478,-0.023978,0.758811,0.000108117,0.00208604,6
8.25863,0.069393,0.20476,-0.00942478,-0.0320944,0.728848,0.000103169,0.00208793,6
8.26073,0.0698364,0.209802,-0.00942478,-0.0277132,0.765748,0.000105963,0.00208684,6
8.26283,0.0702059,0.206441,-0.00942478,-0.0139184,0.808733,0.000315305,0.00208817,9
8.26493,0.0707232,0.213164,-0.00942478,0.0064868,0.914386,0.000109831,0.00208393,6
8.26702,0.0710927,0.208122,-0.00942478,0.0309792,0.992979,0.000103249,0.00208759,6
8.26912,0.0715361,0.208122,-0.00942478,0.057316,1.09722,0.00011003,0.00208661,6
8.27122,0.0719795,0.219886,-0.00942478,0.0835349,1.24342,0.000696041,0.00208809,6
8.27332,0.0725707,0.214844,-0.00942478,0.107954,1.32255,0.000307421,0.0020839,3
8.27542,0.0729403,0.219886,-0.00942478,0.129171,1.42476,0.000104731,0.00208503,6
8.27752,0.0733837,0.227729,-0.00942478,0.146065,1.5205,0.000108378,0.00208635,6
8.27962,0.0738271,0.231091,-0.00942478,0.157795,1.57996,0.00010405,0.00208773,6
8.28173,0.0743444,0.273667,-0.00942478,0.1638,1.75884,0.000108538,0.00208654,6
8.28383,0.0747878,0.146497,-0.00942478,0.1638,1.30184,0.000319724,0.00208817,9
8.28593,0.075379,0.242295,-0.00942478,0.157795,1.62615,0.000107797,0.00208385,6
8.28803,0.0758224,0.245656,-0.00942478,0.146065,1.59423,0.00010373,0.00208765,6
8.29013,0.0763397,0.25574,-0.00942478,0.129171,1.56672,0.000105803,0.00208678,6
8.29223,0.0769309,0.258541,-0.00942478,0.107954,1.49638,0.000102417,0.00208829,6
8.29433,0.0774482,0.266945,-0.00942478,0.0835349,1.4335,0.000310788,0.0020867,9
8.29643,0.0781133,0.271987,-0.00942478,0.057316,1.35204,0.000128024,0.00208502,6
8.29853,0.0786306,0.284872,-0.00942478,0.0309792,1.29785,0.000103679,0.00208601,6
8.30063,0.0792218,0.286552,-0.00942478,0.00648685,1.21071,0.000107466,0.00208662,6
8.30273,0.079813,0.288233,-0.00942478,-0.0139183,1.13949,0.000103559,0.00208826,6
8.30483,0.0804043,0.292715,-0.00942478,-0.0277132,1.10412,0.000310176,0.00208688,9
8.30693,0.0811433,0.301118,-0.0125664,-0.00811633,1.16586,0.000105542,0.00208508,6
8.30903,0.0816606,0.304479,-0.0125664,0.00811639,1.24314,0.000108297,0.00208602,6
8.31113,0.0823257,0.304479,-0.0125664,0.0277131,1.32195,0.000119568,0.00208639,6
8.31323,0.0829908,0.310642,-0.0125664,0.0139183,1.29292,0.000393218,0.00208565,6
8.31537,0.0837298,0.315684,-0.0125664,-0.00648689,1.23437,0.000502327,0.00212776,9
8.31747,0.0844688,0.324087,-0.0125664,-0.0309793,1.17203,0.000115351,0.00198434,6
8.31957,0.08506,0.320726,-0.0125664,-0.0573161,1.05952,0.000109129,0.00208693,6
8.32167,0.0856512,0.33025,-0.0125664,-0.083535,0.993942,0.000131831,0.00208569,6
8.32377,0.0863902,0.33193,-0.0125664,-0.107954,0.907639,0.000103599,0.00208815,6
8.32587,0.0871292,0.338653,-0.0125664,-0.129171,0.851992,0.00026838,0.00208674,9
8.32797,0.0878683,0.343695,-0.015708,-0.122087,0.852872,0.000103348,0.0020876,6
8.33007,0.0885334,0.349857,-0.015708,-0.125701,0.863498,0.000105773,0.00208686,6
8.33217,0.0892724,0.342014,-0.015708,-0.136087,0.797506,0.000103168,0.00208839,6
8.33427,0.0900114,0.351538,-0.015708,-0.149882,0.780872,0.00066266,0.002087,6
8.33637,0.0908982,0.349857,-0.015708,-0.164282,0.722021,0.000308323,0.00208515,3
8.33847,0.0914894,0.351538,-0.015708,-0.177044,0.680572,0.000105803,0.00208399,6
8.34057,0.0922284,0.363303,-0.015708,-0.186487,0.688973,0.000108137,0.0020862,6
8.34267,0.0929674,0.358261,-0.0188496,-0.167511,0.699807,0.000103569,0.00208814,6
8.34477,0.0937064,0.353219,-0.0188496,-0.159394,0.715987,0.000130348,0.00208661,6
8.34687,0.0944454,0.359941,-0.0219912,-0.134796,0.791151,0.000346593,0.00208817,9
8.34897,0.0953322,0.364423,-0.0219912,-0.131032,0.825279,0.00010966,0.00208414,6
8.35107,0.0959974,0.367784,-0.0219912,-0.143055,0.793042,0.00010416,0.00208775,6
8.35317,0.0967364,0.369465,-0.0219912,-0.166943,0.708811,0.000108147,0.00208638,6
8.35527,0.0974754,0.366104,-0.0251327,-0.175912,0.616854,0.000103219,0.00208817,6
8.35737,0.0982883,0.366104,-0.0251327,-0.20812,0.494423,0.000381757,0.00208694,9
8.35947,0.0991751,0.374507,-0.0251327,-0.259644,0.32734,0.000106635,0.00207941,6
8.36157,0.0998402,0.371146,-0.0251327,-0.327959,0.0515964,0.000108207,0.00208591,6
8.36367,0.100653,0.372826,-0.0251327,-0.36846,-0.0970734,0.000102968,0.00208812,6
8.36577,0.101392,0.201959,-0.0251327,-0.40148,-0.839194,0.000107446,0.00208657,6
8.36787,0.102205,0.371146,-0.0282743,-0.400519,-0.269884,0.000423673,0.00208835,9
8.36997,0.103092,0.364423,-0.0282743,-0.404015,-0.304445,0.000110251,0.00208395,6
8.37207,0.103757,0.361622,-0.0282743,-0.408323,-0.328851,0.000103519,0.0020878,6
8.37417,0.104496,0.358261,-0.0282743,-0.4112,-0.349429,0.000108168,0.00208646,6
8.37627,0.105235,0.348177,-0.0282743,-0.411805,-0.385404,0.000103239,0.00208803,6
8.37837,0.1059,0.335292,-0.0314159,-0.386721,-0.379342,0.000545386,0.00208699,9
8.38047,0.106787,0.33193,-0.0314159,-0.37775,-0.35322,0.000139124,0.00207578,6
8.38257,0.107304,0.33025,-0.0314159,-0.384892,-0.385175,0.00010424,0.00208735,6
8.38467,0.107969,0.322406,-0.0314159,-0.366345,-0.338742,0.000106995,0.00208662,6
8.38677,0.108708,0.319045,-0.0345575,-0.321548,-0.221271,0.000103169,0.00208828,6
8.38887,0.1093,0.307841,-0.0345575,-0.291182,-0.1412,0.000491478,0.00208658,9
8.39097,0.110112,0.315684,-0.0345575,-0.274125,-0.0434493,0.000105462,0.00208512,6
8.39307,0.11063,0.304479,-0.0345575,-0.270939,-0.0695226,0.000106595,0.00208631,6
8.39517,0.111221,0.299437,-0.0345575,-0.283866,-0.135858,0.000102717,0.00208792,6
8.39727,0.111886,0.294396,-0.0345575,-0.31683,-0.279968,0.000108087,0.00208687,6
8.39937,0.112477,0.292715,-0.0376991,-0.307977,-0.296992,0.000546107,0.00208832,9
8.40147,0.113216,0.289914,-0.0376991,-0.324488,-0.368658,0.000159582,0.00208421,3
8.40357,0.11366,0.284872,-0.0376991,-0.324281,-0.384386,0.000103779,0.00208725,6
8.40567,0.114251,0.27983,-0.0376991,-0.330493,-0.424566,0.000107907,0.00208663,6
8.40777,0.114842,0.274788,-0.0376991,-0.343685,-0.491934,0.000102497,0.00208823,6
8.40987,0.115433,0.266945,-0.0376991,-0.365819,-0.604234,0.000555735,0.00208715,9
8.41197,0.116098,0.270306,-0.0376991,-0.356774,-0.554406,0.000219661,0.00208517,3
8.41407,0.116542,0.252379,-0.0376991,-0.341371,-0.557412,0.000137181,0.00208411,6
8.41617,0.117059,0.250698,-0.0376991,-0.321571,-0.484424,0.00010411,0.00208764,6
8.41827,0.117576,0.245656,-0.0376991,-0.300458,-0.418445,0.000106875,0.00208675,6
8.42037,0.118094,0.236133,-0.0376991,-0.282237,-0.379896,0.000592642,0.00208814,9
8.42247,0.118685,0.234452,-0.0376991,-0.272236,-0.344799,0.00025717,0.00208407,3
8.42457,0.119054,0.226049,-0.0376991,-0.233417,-0.222525,0.000107887,0.00208417,6
8.42667,0.119498,0.221567,-0.0376991,-0.193403,-0.0811791,0.000103219,0.00208758,6
8.42877,0.119941,0.213164,-0.0376991,-0.15668,0.0332065,0.000106544,0.00208671,6
8.43087,0.120385,0.206441,-0.0376991,-0.128574,0.120089,0.000627075,0.00208768,9
8.43297,0.120902,0.20476,-0.0376991,-0.115253,0.167841,0.00028474,0.00208389,3
8.43507,0.121271,0.196917,-0.0376991,-0.0802405,0.277307,0.000105493,0.0020852,6
8.43717,0.121641,0.193556,-0.0376991,-0.0514405,0.37874,0.000106635,0.00208622,6
8.43927,0.122011,0.191875,-0.0376991,-0.0333379,0.444566,0.00010422,0.00208786,6
8.44137,0.122454,0.186833,-0.0376991,-0.0309792,0.43722,0.000653092,0.00208671,6
8.44347,0.122897,0.190195,-0.0376991,-0.00648671,0.546395,0.000318672,0.0020852,3
8.44557,0.123267,0.188514,-0.0376991,0.0139182,0.62119,0.000108017,0.00208397,6
8.44767,0.123562,0.184032,-0.0376991,0.0277131,0.65986,0.000127032,0.00208757,6
8.44977,0.124006,0.182352,-0.0376991,0.0320943,0.672514,0.000108629,0.00208656,6
8.45187,0.124375,0.190195,-0.0376991,0.0239778,0.670561,0.000104541,0.00208812,6
8.45397,0.124745,0.184032,-0.0345575,-0.0239782,0.510564,0.000367671,0.00208671,9
8.45607,0.125188,0.190195,-0.0345575,-0.0320945,0.502825,0.000106094,0.00208521,6
8.45817,0.125558,0.185713,-0.0345575,-0.0277134,0.505102,0.000108197,0.00208627,6
8.46027,0.126001,0.188514,-0.0345575,-0.0139186,0.570588,0.000103479,0.002088,6
8.46237,0.126371,0.190195,-0.0345575,0.00648659,0.657506,0.000108218,0.00208672,6
8.46447,0.12674,0.191875,-0.0345575,0.030979,0.760345,0.000429044,0.00207738,9
8.46657,0.127257,0.185713,-0.0345575,0.0573158,0.842631,0.000106474,0.00208521,6
8.46867,0.127701,0.345376,-0.0345575,0.0835347,1.52225,0.000108858,0.00208622,6
8.47077,0.127996,0.170587,-0.0345575,0.107954,0.988071,0.000103529,0.00208799,6
8.47287,0.128366,0.186833,-0.0345575,0.129171,1.13068,0.000108368,0.00208668,6
8.47497,0.128735,0.195237,-0.0345575,0.146065,1.22817,0.000391185,0.0020882,9
8.47707,0.129253,0.200279,-0.0314159,0.133817,1.24822,0.00010948,0.00208397,6
8.47917,0.129622,0.198598,-0.0314159,0.131706,1.23531,0.000103629,0.00208787,6
8.48127,0.129992,0.20476,-0.0314159,0.136087,1.27598,0.000107606,0.00208658,6
8.48337,0.130435,0.211483,-0.0314159,0.143877,1.33222,0.000105202,0.00208827,6
8.48547,0.130879,0.219886,-0.0314159,0.152552,1.39797,0.000435686,0.00208706,9
8.48757,0.13147,0.219886,-0.0314159,0.16015,1.42976,0.000105683,0.00208514,6
8.48967,0.131839,0.224368,-0.0314159,0.16527,1.46725,0.00010911,0.00208616,6
8.49177,0.132357,0.231091,-0.0314159,0.16707,1.50043,0.000103439,0.00208793,6
8.49387,0.1328,0.240614,-0.0314159,0.16527,1.52942,0.000106335,0.00208685,6
8.49597,0.133317,0.242295,-0.0314159,0.16015,1.51746,0.000424285,0.00208813,9
8.49807,0.133909,0.252379,-0.0314159,0.152552,1.52644,0.000108558,0.00208391,6
8.50017,0.134426,0.260222,-0.0314159,0.143877,1.52286,0.0001037,0.00208782,6
8.50227,0.134943,0.263583,-0.0314159,0.136087,1.50656,0.000106174,0.00208679,6
8.50437,0.13546,0.265264,-0.0314159,0.131706,1.49749,0.000113677,0.00208831,6
8.50647,0.136052,0.278149,-0.0314159,0.133817,1.55438,0.000440234,0.0020868,9
8.50857,0.136791,0.288233,-0.0314159,0.146065,1.64121,0.00010943,0.0020839,6
8.51067,0.137308,0.291594,-0.0314159,0.129171,1.58945,0.000103398,0.00208798,6
8.51277,0.137899,0.297757,-0.0345575,0.131932,1.57698,0.000105733,0.00208675,6
8.51487,0.13849,0.304479,-0.0345575,0.115629,1.53993,0.000102527,0.00208847,6
8.51698,0.139156,0.310642,-0.0345575,0.0850293,1.44544,0.000461813,0.00208683,9
8.51908,0.139968,0.315684,-0.0345575,0.0448975,1.31033,0.000106314,0.002085,6
8.52118,0.140486,0.320726,-0.0345575,-0,1.15556,0.000111353,0.00208645,6
8.52328,0.141225,0.33193,-0.0345575,-0.0448976,1.02384,0.00010415,0.00208791,6
8.52538,0.14189,0.335292,-0.0345575,-0.0850294,0.882115,0.000107667,0.00208667,6
8.52748,0.142555,0.340334,-0.0376991,-0.0916514,0.829334,0.000481499,0.00208806,9
8.52958,0.143442,0.340334,-0.0376991,-0.0998377,0.800748,0.000110181,0.00208399,6
8.53168,0.144033,0.346496,-0.0376991,-0.101458,0.818863,0.000103559,0.00208793,6
8.53378,0.144772,0.343695,-0.0376991,-0.132147,0.691974,0.000108058,0.00208657,6
8.53588,0.145511,0.349857,-0.0376991,-0.164282,0.591779,0.000103659,0.00208834,6
8.53798,0.14625,0.354899,-0.0376991,-0.19478,0.493922,0.000516142,0.00208712,9
8.54008,0.147063,0.351538,-0.0408407,-0.197138,0.427988,0.000156466,0.00208521,3
8.54218,0.147728,0.346496,-0.0408407,-0.209236,0.365159,0.000108347,0.00208592,6
8.54428,0.148467,0.354899,-0.0408407,-0.226306,0.331726,0.000102788,0.00208812,6
8.54638,0.149132,0.354899,-0.0408407,-0.244424,0.26363,0.000105653,0.00208667,6
8.54848,0.149871,0.351538,-0.0408407,-0.260506,0.191616,0.00055324,0.00207777,9
8.55058,0.150758,0.351538,-0.0439823,-0.248331,0.194691,0.00026251,0.00208527,3
8.55268,0.151423,0.346496,-0.0439823,-0.246338,0.186747,0.000108588,0.00208398,6
8.55478,0.152088,0.348177,-0.0471239,-0.226623,0.224429,0.000104431,0.00208773,6
8.55688,0.152827,0.346496,-0.0471239,-0.226223,0.222677,0.000106985,0.00208671,6
8.55898,0.153566,0.348177,-0.0471239,-0.240091,0.177469,0.000624029,0.00208802,9
8.56108,0.154453,0.200279,-0.0502655,-0.240606,-0.402292,0.000283408,0.00208397,3
8.56318,0.155044,0.345376,-0.0502655,-0.265363,0.0267832,0.000105652,0.00208516,6
8.56528,0.155709,0.348177,-0.0502655,-0.310158,-0.135121,0.000107356,0.0020864,6
8.56738,0.156448,0.343695,-0.0502655,-0.372468,-0.39124,0.000103248,0.00208808,6
8.56948,0.157113,0.336972,-0.0502655,-0.407967,-0.551286,0.000645479,0.00208647,9
8.57158,0.158,0.333611,-0.0502655,-0.43755,-0.675337,0.000320185,0.00207913,3
8.57368,0.158591,0.327448,-0.0502655,-0.459535,-0.780997,0.000107747,0.00208407,6
8.57578,0.159183,0.322406,-0.0502655,-0.473641,-0.851927,0.000103339,0.00208773,6
8.57788,0.159848,0.312323,-0.0534071,-0.457012,-0.868695,0.000107737,0.00208632,6
8.57998,0.160513,0.30616,-0.0534071,-0.45201,-0.86896,0.000102517,0.00208826,6
8.58208,0.161178,0.297757,-0.0534071,-0.459196,-0.924785,0.000309065,0.00208682,9
8.58418,0.161843,0.288233,-0.0534071,-0.43733,-0.871484,0.000119668,0.00208522,6
8.58628,0.16236,0.273667,-0.0534071,-0.410388,-0.817148,0.000110502,0.002086,6
8.58838,0.162878,0.273667,-0.0534071,-0.379772,-0.69597,0.000120751,0.00208802,6
8.59048,0.163469,0.265264,-0.0534071,-0.348287,-0.601435,0.000104922,0.0020867,6
8.59258,0.163986,0.25574,-0.0534071,-0.320136,-0.524207,0.000326597,0.00208665,9
8.59468,0.164577,0.249018,-0.0534071,-0.300928,-0.471432,0.000105883,0.00208524,6
8.59678,0.165021,0.236133,-0.0534071,-0.254186,-0.334186,0.000107486,0.00208639,6
8.59888,0.165538,0.232771,-0.0534071,-0.208374,-0.165938,0.000103579,0.00208808,6
8.60098,0.165982,0.227729,-0.0534071,-0.169098,-0.0294885,0.000655366,0.00208675,6
8.60308,0.166573,0.222687,-0.0534071,-0.143088,0.0558417,0.000292975,0.00208526,3
8.60518,0.166942,0.214844,-0.0534071,-0.138192,0.0479988,0.000108318,0.00208413,6
8.60728,0.167386,0.209802,-0.0534071,-0.119899,0.102722,0.000104181,0.00208782,6
8.60938,0.167829,0.211483,-0.0534071,-0.118352,0.11646,0.000117334,0.00208654,6
8.61148,0.168273,0.208122,-0.0534071,-0.0970765,0.188858,0.000649787,0.00208808,9
8.61358,0.16879,0.208122,-0.0534071,-0.0839759,0.241812,0.000321427,0.00208389,3
8.61568,0.169159,0.201959,-0.0534071,-0.0835348,0.22268,0.000105042,0.00208522,6
8.61778,0.169529,0.201959,-0.0534071,-0.0573161,0.326182,0.000108108,0.00208602,6
8.61988,0.169972,0.200279,-0.0534071,-0.0309792,0.424357,0.00012013,0.00208816,6
8.62198,0.170416,0.20364,-0.0534071,-0.00648689,0.533532,0.000626824,0.00208623,9
8.62408,0.170859,0.198598,-0.0534071,0.0139184,0.59648,0.000280102,0.00208511,3
8.62618,0.171229,0.198598,-0.0534071,0.0277129,0.651587,0.00010932,0.00208388,6
8.62828,0.171598,0.20364,-0.0534071,0.0320941,0.688212,0.000103118,0.00208786,6
8.63038,0.172041,0.195237,-0.0534071,0.023978,0.627942,0.000107997,0.00208651,6
8.63248,0.172485,0.200279,-0.0534071,-0,0.554379,0.000626284,0.00207769,9
8.63458,0.173002,0.198598,-0.0534071,-0,0.550243,0.00032308,0.002085,3
8.63668,0.173372,0.200279,-0.0534071,-0,0.55768,0.000111023,0.00208389,6
8.63878,0.173741,0.206441,-0.0534071,-0,0.581281,0.000106394,0.00208767,6
8.64088,0.174185,0.201959,-0.0534071,-0,0.566768,0.000110682,0.00208665,6
8.64298,0.174554,0.201959,-0.0534071,-0,0.568143,0.00061349,0.00208796,9
8.64508,0.175145,0.20476,-0.0534071,-0,0.580446,0.000270925,0.00208378,3
8.64718,0.175441,0.200279,-0.0534071,-0,0.565383,0.000107467,0.00208516,6
8.64928,0.175884,0.20364,-0.0534071,-0,0.579156,0.000110562,0.00208589,6
8.65138,0.176254,0.20364,-0.0534071,-0,0.580532,0.000105633,0.00208774,6
8.65348,0.176697,0.201959,-0.0534071,-0,0.576121,0.000634478,0.00208674,9
8.65558,0.177215,0.198598,-0.0534071,-0,0.565923,0.000321968,0.00208506,3
8.65768,0.177584,0.20476,-0.0534071,-0,0.589524,0.000111073,0.00208416,6
8.65978,0.177954,0.20364,-0.0534071,-0,0.586859,0.000106414,0.00208747,6
8.66188,0.178397,0.198598,-0.0534071,-0,0.570325,0.000110202,0.00208588,6
8.66398,0.17884,0.200279,-0.0534071,-0,0.578037,0.00060766,0.00208815,9
8.66608,0.179358,0.20364,-0.0534071,-0,0.592086,0.000260616,0.00208373,3
8.66818,0.179727,0.208122,-0.0534071,-0,0.609625,0.000107607,0.00208513,6
8.67028,0.180097,0.211483,-0.0534071,-0,0.623124,0.000110812,0.00208603,6
8.67238,0.180614,0.245656,-0.0534071,-0,0.748299,0.000146197,0.00208809,6
8.67448,0.180983,0.107282,-0.0534071,-0,0.250613,0.000592502,0.00208623,9
8.67658,0.181501,0.201959,-0.0534071,-0,0.594002,0.000320586,0.00208382,3
8.67868,0.18187,0.20364,-0.0534071,-0,0.601439,0.000106995,0.00208509,6
8.68078,0.182314,0.206441,-0.0565487,0.023978,0.658942,0.000106485,0.00208617,6
8.68288,0.182683,0.208122,-0.0565487,0.0320944,0.697993,0.000104351,0.0020817,6
8.68498,0.183127,0.211483,-0.0565487,0.0277132,0.694702,0.000612879,0.00208646,9
8.68708,0.183718,0.214844,-0.0565487,0.0139183,0.655292,0.000284319,0.00208524,3
8.68918,0.184087,0.219886,-0.0565487,-0.00648677,0.595371,0.00010924,0.00208411,6
8.69128,0.184531,0.219886,-0.0565487,-0.0309792,0.50162,0.00010428,0.00208776,6
8.69338,0.184974,0.214844,-0.0565487,-0.0573161,0.3825,0.000108027,0.00208645,6
8.69548,0.185418,0.218206,-0.0565487,-0.083535,0.294147,0.000631103,0.00208819,9
8.69758,0.186009,0.213164,-0.0565487,-0.107954,0.183048,0.000315315,0.00208401,3
8.69968,0.186378,0.218206,-0.0565487,-0.129171,0.119963,0.000105122,0.00208459,6
8.70178,0.186822,0.216525,-0.0565487,-0.146065,0.0497475,0.000108529,0.00208603,6
8.70388,0.187265,0.211483,-0.0565487,-0.157795,-0.0124762,0.000102698,0.002088,6
8.70598,0.187708,0.209802,-0.0565487,-0.1638,-0.0402788,0.000106434,0.00208694,6
8.70808,0.188078,0.206441,-0.0565487,-0.1638,-0.0510263,0.000317019,0.00208821,9
8.71018,0.188595,0.208122,-0.0565487,-0.157795,-0.0196476,0.000108108,0.00208405,6
8.71228,0.188965,0.198598,-0.0565487,-0.146065,-0.00693059,0.00010393,0.00208767,6
8.71438,0.189408,0.193556,-0.0565487,-0.129171,0.0423406,0.000106635,0.00208665,6
8.71648,0.189778,0.193556,-0.0565487,-0.107954,0.126361,0.000112095,0.0020827,6
8.71858,0.190221,0.190195,-0.0565487,-0.0835348,0.211003,0.000341314,0.0020883,9
8.72068,0.190591,0.186833,-0.0565487,-0.0573159,0.302383,0.000136529,0.00208414,6
8.72278,0.19096,0.185713,-0.0596903,-0.00700119,0.448053,0.000105402,0.00208787,6
8.72488,0.19133,0.184032,-0.0596903,0.0256074,0.570382,0.000108949,0.00208648,6
8.72698,0.191699,0.184032,-0.0596903,0.0416315,0.634174,0.00010398,0.00208826,6
8.72908,0.192069,0.17899,-0.0596903,0.0416316,0.617365,0.000395252,0.00208713,9
8.73118,0.192512,0.180671,-0.0596903,0.0256076,0.562661,0.000105693,0.00208524,6
8.73328,0.192882,0.185713,-0.0596903,-0.00700101,0.455206,0.000108018,0.00208612,6
8.73538,0.193251,0.184032,-0.0596903,-0.057316,0.254535,0.000104381,0.00208815,6
8.73748,0.193621,0.188514,-0.0596903,-0.0835349,0.169948,0.000106735,0.00208693,6
8.73958,0.194064,0.188514,-0.0596903,-0.107954,0.0764825,0.000412323,0.00208815,9
8.74168,0.194507,0.185713,-0.0596903,-0.129171,-0.0146138,0.000109981,0.00208384,6
8.74378,0.194803,0.186833,-0.0596903,-0.146065,-0.0752776,0.00010423,0.00208789,6
8.74588,0.195172,0.182352,-0.0596903,-0.157795,-0.135756,0.000107256,0.00208662,6
8.74798,0.195616,0.185713,-0.0596903,-0.1638,-0.145373,0.000103539,0.00208826,6
8.75008,0.195985,0.180671,-0.0596903,-0.1638,-0.162182,0.000447517,0.00208702,9
8.75218,0.196355,0.175629,-0.0596903,-0.157795,-0.1556,0.000105152,0.00208515,6
8.75428,0.196724,0.173948,-0.0596903,-0.146065,-0.114596,0.000107887,0.00208614,6
8.75638,0.19702,0.168906,-0.0596903,-0.129171,-0.0658754,0.000142741,0.00208807,6
8.75848,0.197389,0.164425,-0.0596903,-0.107954,0.0019809,0.00010394,0.00208684,6
8.76058,0.197759,0.162744,-0.0596903,-0.0835349,0.0924104,0.000465319,0.00208663,9
8.76268,0.198128,0.157702,-0.0596903,-0.057316,0.177728,0.000230481,0.00208511,3
8.76478,0.198424,0.159383,-0.0596903,-0.0309791,0.287476,0.000108177,0.00208416,6
8.76688,0.19872,0.149859,-0.0596903,-0.00648686,0.349629,0.00010393,0.00208772,6
8.76898,0.199015,0.149859,-0.0596903,0.0139184,0.430211,0.000107757,0.00208634,6
8.77108,0.199311,0.146497,-0.0596903,0.0277133,0.472922,0.000506285,0.00208828,9
8.77318,0.19968,0.143136,-0.0596903,0.0320942,0.479239,0.000139414,0.00208411,3
8.77528,0.199976,0.15266,-0.0596903,0.023978,0.483074,0.00010389,0.00208735,6
8.77738,0.200272,0.149859,-0.0596903,-0,0.380674,0.000110021,0.00208654,6
8.77948,0.200567,0.148178,-0.0596903,-0,0.375712,0.000105282,0.00208741,6
8.78158,0.200863,0.144817,-0.0596903,-0,0.36469,0.00053091,0.00208684,9
8.78368,0.201232,0.149859,-0.0596903,-0,0.38425,0.000234808,0.00208496,3
8.78578,0.201528,0.149859,-0.0596903,-0,0.38535,0.000112195,0.00208368,6
8.78788,0.201824,0.146497,-0.0596903,-0,0.374328,0.000106033,0.0020876,6
8.78998,0.202119,0.143136,-0.0596903,-0,0.363305,0.000137361,0.00208096,6
8.79208,0.202415,0.148178,-0.0596903,-0,0.38259,0.000559492,0.00208805,9
8.79418,0.202784,0.143136,-0.0596903,-0,0.365781,0.000231143,0.00208393,3
8.79628,0.20308,0.144817,-0.0596903,-0,0.372943,0.000107576,0.00208511,6
8.79838,0.203302,0.143136,-0.0596903,-0,0.367707,0.000108548,0.00208615,6
8.80048,0.203671,0.144817,-0.0596903,-0,0.375144,0.000119829,0.00208164,6
8.80259,0.203967,0.143136,-0.0596903,-0,0.370182,0.0005915,0.00208802,9
8.80469,0.204336,0.143136,-0.0596903,-0,0.371558,0.000252111,0.00208379,3
8.80679,0.204558,0.139775,-0.0596903,-0,0.36026,0.000107957,0.00208511,6
8.80889,0.20478,0.136414,-0.0596903,-0,0.348963,0.00010929,0.0020861,6
8.81099,0.205075,0.139775,-0.0596903,-0,0.362186,0.000105232,0.00208786,6
8.81309,0.205371,0.139775,-0.0596903,-0,0.363286,0.000613771,0.00208663,9
8.81519,0.20574,0.136414,-0.0596903,-0,0.352539,0.000281784,0.00208507,3
8.81729,0.205962,0.138094,-0.0596903,-0,0.359425,0.000110281,0.00208397,6
8.81939,0.206258,0.139775,-0.0596903,-0,0.366587,0.000105843,0.00208763,6
8.82149,0.206553,0.136414,-0.0596903,-0,0.355565,0.000109761,0.00208648,6
8.82359,0.206849,0.131932,-0.0596903,-0,0.340501,0.000659574,0.00208795,9
8.82569,0.207292,0.234452,-0.0596903,-0,0.711902,0.00029585,0.00208392,3
8.82779,0.20744,0.0210082,-0.0596903,-0,-0.057356,0.000108268,0.0020851,6
8.82989,0.207662,0.123528,-0.0596903,-0,0.31322,0.000111013,0.00208597,6
8.83199,0.207957,0.12857,-0.0596903,-0,0.332505,0.000106224,0.00208783,6
8.83409,0.208179,0.121848,-0.0596903,-0,0.309084,0.000108368,0.00208677,6
8.83619,0.208475,0.125209,-0.0596903,-0,0.322307,0.000363804,0.00208814,9
8.83829,0.20877,0.12857,-0.0596903,-0,0.335531,0.000108298,0.00208383,6
8.84039,0.208992,0.123528,-0.0596903,-0,0.318171,0.000124748,0.00208789,6
8.84249,0.209214,0.118486,-0.0596903,-0,0.300812,0.000106304,0.00208647,6
8.84459,0.209509,0.121848,-0.0596903,-0,0.314036,0.000108738,0.00208715,6
8.84669,0.209731,0.123528,-0.0596903,-0,0.320922,0.000348426,0.00208814,9
8.84879,0.210027,0.118486,-0.0596903,-0,0.303838,0.000110502,0.00208393,6
8.85089,0.210248,0.118486,-0.0596903,-0,0.304664,0.000106314,0.00208764,6
8.85299,0.21047,0.116806,-0.0596903,-0,0.299427,0.000108568,0.00208662,6
8.85509,0.210692,0.118486,-0.0596903,-0,0.306314,0.000105632,0.00208808,6
8.85719,0.210987,0.116806,-0.0565487,-0.0239779,0.255603,0.000420378,0.00208665,9
8.85929,0.211209,0.116806,-0.0565487,-0.0320943,0.224814,0.000106385,0.00208517,6
8.86139,0.211431,0.114005,-0.0565487,-0.0277132,0.232602,0.000107977,0.00208615,6
8.86349,0.211652,0.112324,-0.0565487,-0.0139183,0.281099,0.000103919,0.00208821,6
8.86559,0.211874,0.112324,-0.0565487,0.00648683,0.361406,0.000108549,0.00208649,6
8.86769,0.21217,0.110643,-0.0565487,0.0309792,0.451846,0.000434203,0.00208834,9
8.86979,0.212391,0.108963,-0.0565487,0.057316,0.549196,0.000108749,0.00208413,6
8.87189,0.212613,0.103921,-0.0565487,0.0835349,0.633963,0.000109209,0.00208698,6
8.87399,0.212835,0.103921,-0.0565487,0.107954,0.729904,0.000108458,0.00208635,6
8.87609,0.213057,0.107282,-0.0565487,0.129171,0.825496,0.0001042,0.00208816,6
8.87819,0.213278,0.114005,-0.0565487,0.146065,0.916373,0.000445273,0.00208692,9
8.88029,0.213574,0.112324,-0.0565487,0.157795,0.957101,0.000106084,0.00208512,6
8.88239,0.213722,0.114005,-0.0565487,0.1638,0.987104,0.000107216,0.00208601,6
8.88449,0.214017,0.120167,-0.0565487,0.1638,1.01043,0.000107406,0.00208664,6
8.88659,0.214239,0.12857,-0.0565487,0.157795,1.01817,0.000103369,0.00208842,6
8.88869,0.214535,0.12689,-0.0565487,0.146065,0.967521,0.000497208,0.00207897,9
8.89079,0.21483,0.130251,-0.0565487,0.129171,0.914938,0.000426989,0.00204987,6
8.89289,0.215126,0.133052,-0.0565487,0.107954,0.843498,0.000369906,0.00205437,6
8.89499,0.215421,0.138094,-0.0565487,0.0835352,0.767668,0.000367812,0.00206011,6
8.89709,0.215717,0.138094,-0.0565487,0.0573162,0.666642,0.000371308,0.00205694,6
8.89919,0.216013,0.143136,-0.0565487,0.0309791,0.583339,0.000825177,0.00205993,9
8.90129,0.216382,0.144817,-0.0565487,0.00648683,0.495375,0.000141348,0.00208381,3
8.90339,0.21653,0.148178,-0.0565487,-0.0139184,0.428567,0.000108228,0.0020803,6
8.90549,0.216899,0.141455,-0.0565487,-0.0277133,0.351963,0.000108258,0.0020863,6
8.90759,0.217195,0.144817,-0.0565487,-0.0320941,0.348122,0.000106214,0.00208782,6
8.90969,0.217491,0.144817,-0.0565487,-0.0239778,0.380837,0.000528906,0.00208658,9
8.91179,0.21786,0.141455,-0.0565487,-0,0.463487,0.000221915,0.00208481,3
8.91389,0.218082,0.143136,-0.0565487,-0,0.470374,0.000112405,0.00208349,6
8.91599,0.218377,0.138094,-0.0565487,-0,0.45329,0.00010953,0.00208736,6
8.91809,0.218673,0.139775,-0.0565487,-0,0.460451,0.000112906,0.00208628,6
8.92019,0.218969,0.144817,-0.0565487,-0,0.479736,0.000558971,0.00208779,9
8.92229,0.219338,0.139775,-0.0565487,-0,0.462927,0.000225331,0.00208338,3
8.92439,0.21956,0.139775,-0.0565487,-0,0.463753,0.000154552,0.0020847,6
8.92649,0.219855,0.143136,-0.0565487,-0,0.476976,0.000110311,0.00208571,6
8.92859,0.220151,0.136414,-0.0565487,-0,0.45383,0.000112025,0.00208647,6
8.93069,0.220447,0.143136,-0.0565487,-0,0.479177,0.000587823,0.00208756,9
8.93279,0.220816,0.141455,-0.0596903,0.0239779,0.52024,0.000267469,0.00208348,3
8.93489,0.221112,0.148178,-0.0596903,0.0320943,0.577201,0.00010946,0.00208454,6
8.93699,0.221333,0.149859,-0.0596903,0.0277131,0.567022,0.000109019,0.00208599,6
8.93909,0.221629,0.139775,-0.0596903,0.0139183,0.478021,0.000106825,0.00208775,6
8.94119,0.221998,0.148178,-0.0596903,-0.00648686,0.430222,0.00070132,0.00208678,9
8.94329,0.222368,0.146497,-0.0596903,-0.0309792,0.330135,0.000272948,0.00208471,3
8.94539,0.22259,0.148178,-0.0596903,-0.057316,0.234436,0.000110271,0.00208365,6
8.94749,0.222885,0.148178,-0.0596903,-0.0835349,0.13341,0.000106394,0.00208728,6
8.94959,0.223181,0.149859,-0.0596903,-0.107954,0.0454555,0.000108668,0.0020865,6
8.95169,0.22355,0.149859,-0.0596903,-0.129171,-0.0358133,0.000105994,0.00208768,6
8.95379,0.223846,0.148178,-0.0596903,-0.146065,-0.106579,0.000317751,0.00208652,9
8.95589,0.224142,0.143136,-0.0596903,-0.157795,-0.169354,0.00010908,0.00208469,6
8.95799,0.224437,0.139775,-0.0596903,-0.1638,-0.203767,0.000123255,0.0020856,6
8.96009,0.224733,0.138094,-0.0596903,-0.1638,-0.208728,0.000108508,0.00208738,6
8.96219,0.225028,0.133052,-0.0596903,-0.157795,-0.202421,0.000110962,0.00208634,6
8.96429,0.22525,0.131932,-0.0596903,-0.146065,-0.159947,0.000363063,0.00208784,9
8.96639,0.225546,0.123528,-0.0596903,-0.129171,-0.123349,0.000110041,0.00208339,6
8.96849,0.225767,0.120167,-0.0596903,-0.107954,-0.052002,0.000111384,0.00207788,6
8.97059,0.226063,0.114005,-0.0596903,-0.0835349,0.0219886,0.000107556,0.00208758,6
8.97269,0.226285,0.112324,-0.0596903,-0.057316,0.118879,0.000109279,0.00208692,6
8.97479,0.226506,0.105601,-0.0596903,-0.0309791,0.198045,0.000370647,0.0020877,9
8.97689,0.226728,0.0971981,-0.0628318,0.0174911,0.309713,0.000113097,0.00208352,6
8.97899,0.22695,0.100559,-0.0628318,0.0460127,0.433758,0.000106926,0.00208719,6
8.98109,0.227098,0.094397,-0.0628318,0.0554264,0.44875,0.000108538,0.0020867,6
8.98319,0.227319,0.100559,-0.0628318,0.0460125,0.435132,0.000106925,0.00208777,6
8.98529,0.227541,0.0971981,-0.0628318,0.0174911,0.31274,0.000406001,0.00208651,9
8.98739,0.227763,0.0971981,-0.0628318,-0.0309792,0.124766,0.0001095,0.00208467,6
8.98949,0.227984,0.10224,-0.0628318,-0.057316,0.0411895,0.000108719,0.00208601,6
8.99159,0.228132,0.0971981,-0.0628318,-0.0835349,-0.0785713,0.000106996,0.00208761,6
8.99369,0.228354,0.0910357,-0.0628318,-0.107954,-0.195087,0.000138793,0.00208642,6
8.99579,0.228576,0.0910357,-0.0628318,-0.129171,-0.276905,0.000444832,0.00208767,9
8.99789,0.228797,0.094397,-0.0628318,-0.146065,-0.329762,0.000111493,0.00208362,6
8.99999,0.228945,0.0893551,-0.0628318,-0.157795,-0.393086,0.000108328,0.00208724,6
9.00209,0.229093,0.0826324,-0.0628318,-0.1638,-0.440173,0.000111454,0.00208633,6
9.00419,0.229315,0.0798313,-0.0628318,-0.1638,-0.44945,0.000108468,0.00208757,6
9.00629,0.229463,0.0781507,-0.0628318,-0.157795,-0.431571,0.000435385,0.00208663,9
9.00839,0.22961,0.0619043,-0.0628318,-0.146065,-0.443925,0.000127853,0.00208467,6
9.01049,0.229758,0.0619043,-0.0628318,-0.129171,-0.377569,0.000110172,0.00207975,6
9.01259,0.229832,0.0551816,-0.0628318,-0.107954,-0.318896,0.000108889,0.00208639,6
9.01469,0.22998,0.0551816,-0.0628318,-0.0835349,-0.223231,0.000107016,0.00208778,6
9.01679,0.230054,0.0450977,-0.0628318,-0.057316,-0.157198,0.00043267,0.0020863,9
9.01889,0.230128,0.035574,-0.0628318,-0.0309791,-0.0886853,0.000110141,0.00208457,6
9.021,0.230202,0.0338933,-0.0628318,-0.00648683,0.000929318,0.00010968,0.00208591,6
9.0231,0.230275,0.030532,-0.0628318,0.0139182,0.0685623,0.000106945,0.00208723,6
9.0252,0.230349,0.0243696,-0.0628318,0.0277131,0.100345,0.000110151,0.00208649,6
9.0273,0.230423,0.0260502,-0.0628318,0.0320943,0.123747,0.000472703,0.0020878,9
9.0294,0.230423,0.0176469,-0.0628318,0.0239778,0.0618246,0.000111483,0.00208341,6
9.0315,0.230497,0.0210082,-0.0596903,-0.0239779,-0.064924,0.000108298,0.00208755,6
9.0336,0.230497,0.0176469,-0.0596903,-0.0320942,-0.108661,0.000110883,0.00208614,6
9.0357,0.230571,0.0159663,-0.0596903,-0.027713,-0.0973823,0.000106595,0.00208781,6
9.0378,0.230571,0.0126049,-0.0596903,-0.0139181,-0.055772,0.000497739,0.00208671,9
9.0399,0.230571,0.0126049,-0.0596903,0.00648698,0.023709,0.000133714,0.00208476,3
9.042,0.230645,0.00308121,-0.0596903,0.0309792,0.0850367,0.000111023,0.00208559,6
9.0441,0.230645,-0.00196077,-0.0596903,0.057316,0.169438,0.000107466,0.00208721,6
9.0462,0.230645,-0.00028011,-0.0596903,0.0835349,0.277626,0.000107727,0.00208673,6
9.0483,0.230645,-0.00364143,-0.0565487,0.0839758,0.314869,0.000592021,0.00208776,9
9.0504,0.230571,-0.00364143,-0.0565487,0.0970765,0.365623,0.000192732,0.00208331,3
9.0525,0.230571,-0.00196077,-0.0565487,0.118352,0.454555,0.00010999,0.00208329,6
9.0546,0.230571,-0.00364143,-0.0565487,0.143877,0.547916,0.000106585,0.00208726,6
9.0567,0.230571,0.00308121,-0.0534071,0.146309,0.629284,0.000108618,0.00208661,6
9.0588,0.230571,0.00140055,-0.0534071,0.162685,0.68701,0.000567877,0.00208772,9
9.0609,0.230645,0.00308121,-0.0534071,0.187398,0.789607,0.000235039,0.00208319,3
9.063,0.230645,0.00308121,-0.0534071,0.215682,0.899777,0.000110732,0.00208473,6
9.0651,0.230645,0.00644253,-0.0534071,0.243611,1.02069,0.000109991,0.00208596,6
9.0672,0.230645,0.00476187,-0.0534071,0.268104,1.11003,0.000107636,0.00208765,6
9.0693,0.230645,0.0159663,-0.0534071,0.286916,1.22372,0.00059152,0.00208628,9
9.0714,0.230719,0.0210082,-0.0534071,0.298646,1.28787,0.000232895,0.00208452,3
9.0735,0.230793,0.0210082,-0.0534071,0.302733,1.30406,0.000110842,0.00208312,6
9.0756,0.230793,0.0271707,-0.0534071,0.299458,1.31353,0.000108107,0.00208737,6
9.0777,0.230867,0.0322126,-0.0534071,0.289942,1.29492,0.000110672,0.0020864,6
9.0798,0.230941,0.0372546,-0.0502655,0.252169,1.2139,0.000579338,0.0020878,9
9.0819,0.231088,0.0450977,-0.0502655,0.228783,1.15164,0.000239137,0.00208132,3
9.084,0.231162,0.0501397,-0.0502655,0.220063,1.13614,0.000109109,0.00208469,6
9.0861,0.231236,0.0619043,-0.0502655,0.227412,1.20747,0.000111564,0.00208583,6
9.0882,0.231384,0.0551816,-0.0502655,0.209868,1.11544,0.000107316,0.00208765,6
9.0903,0.231458,0.0602236,-0.0502655,0.191129,1.06091,0.000588304,0.00208664,9
9.0924,0.23168,0.0680667,-0.0502655,0.171757,1.01456,0.000245548,0.00208461,3
9.0945,0.231753,0.071428,-0.0502655,0.153151,0.954487,0.000109269,0.00208345,6
9.0966,0.231901,0.0697474,-0.0502655,0.137556,0.888231,0.00013683,0.00208606,6
9.0987,0.232049,0.0731087,-0.0502655,0.128056,0.863897,0.000106885,0.00208763,6
9.1008,0.232271,0.0747893,-0.0502655,0.128574,0.872802,0.000577204,0.00208677,9
9.1029,0.232419,0.0809518,-0.0502655,0.143876,0.955184,0.000261237,0.00208462,3
9.105,0.232566,0.0781507,-0.0502655,0.136087,0.915289,0.000111204,0.00208348,6
9.1071,0.232714,0.0859937,-0.0502655,0.131706,0.927061,0.000108138,0.00208732,6
9.1092,0.232936,0.0859937,-0.0502655,0.133817,0.93611,0.0001095,0.00208654,6
9.1113,0.233084,0.0876744,-0.0502655,0.146065,0.99043,0.000592232,0.00208758,9
9.1134,0.233305,0.0843131,-0.0502655,0.129171,0.913327,0.000264773,0.00208331,3
9.1155,0.233527,0.0960777,-0.0534071,0.131932,0.919688,0.000108628,0.00208468,6
9.1176,0.233823,0.186833,-0.0534071,0.115629,1.18461,0.000110381,0.00207809,6
9.1197,0.23397,0.0159663,-0.0534071,0.085029,0.449716,0.000107566,0.00208741,6
9.1218,0.234118,0.0971981,-0.0534071,0.0448975,0.586919,0.000610355,0.00208644,9
9.1239,0.234414,0.110643,-0.0534071,-0,0.461629,0.000286954,0.00208386,3
9.126,0.234636,0.108963,-0.0534071,-0.0448975,0.28151,0.000112906,0.00208311,6
9.1281,0.234783,0.105601,-0.0534071,-0.0850292,0.113618,0.000107506,0.00208699,6
9.1302,0.235005,0.105601,-0.0534071,-0.115629,-0.00474831,0.000127573,0.00208238,6
9.1323,0.235227,0.108963,-0.0534071,-0.131932,-0.0553001,0.000604434,0.0020876,9
9.1344,0.235522,0.10224,-0.0534071,-0.129171,-0.0676926,0.000256668,0.00208321,3
9.1365,0.23567,0.0971981,-0.0534071,-0.146065,-0.151132,0.000113517,0.00207454,6
9.1386,0.235892,0.0971981,-0.0534071,-0.157795,-0.195997,0.000108158,0.00208692,6
9.1407,0.236114,0.094397,-0.0534071,-0.1638,-0.228664,0.00010975,0.00208653,6
9.1428,0.236261,0.0893551,-0.0534071,-0.1638,-0.246299,0.000585669,0.00208748,9
9.1449,0.236483,0.0809518,-0.0534071,-0.157795,-0.25239,0.000239327,0.00208321,3
9.147,0.236631,0.0843131,-0.0534071,-0.146065,-0.194027,0.00010997,0.00208458,6
9.1491,0.236779,0.0747893,-0.0565487,-0.105193,-0.11627,0.000109179,0.00208595,6
9.1512,0.237,0.0731087,-0.0565487,-0.0758595,-0.00724834,0.000107677,0.00208756,6
9.1533,0.237148,0.0697474,-0.0565487,-0.0558215,0.0592298,0.000625743,0.00208618,9
9.1554,0.237296,0.0647054,-0.0565487,-0.0433977,0.0899881,0.000272337,0.00208453,3
9.1575,0.23737,0.0619043,-0.0565487,-0.037466,0.103266,0.000110912,0.00208346,6
9.1596,0.237518,0.0568623,-0.0565487,-0.037466,0.0856313,0.000106364,0.002087,6
9.1617,0.237592,0.0568623,-0.0565487,-0.0433977,0.0628019,0.00010973,0.00208626,6
9.1638,0.237739,0.053501,-0.0565487,-0.0558219,0.00283476,0.000664453,0.00208783,9
9.1659,0.237887,0.0450977,-0.0565487,-0.0758595,-0.104972,0.000291883,0.00208343,3
9.168,0.237961,0.0501397,-0.0565487,-0.105193,-0.200771,0.000116944,0.00208473,6
9.1701,0.238035,0.0439773,-0.0565487,-0.146065,-0.381924,0.000118887,0.00208569,6
9.1722,0.238109,0.035574,-0.0565487,-0.157795,-0.457647,0.000106895,0.00208773,6
9.1743,0.238183,0.0372546,-0.0565487,-0.1638,-0.474702,0.000109209,0.00208659,6
9.1764,0.238257,0.0322126,-0.0565487,-0.1638,-0.492611,0.000326897,0.00208775,9
9.1785,0.238331,0.0288513,-0.0565487,-0.157795,-0.481067,0.000113858,0.00208319,6
9.1806,0.238405,0.0210082,-0.0565487,-0.146065,-0.463389,0.00010915,0.00208609,6
9.1827,0.238405,0.0193276,-0.0565487,-0.129171,-0.403645,0.000106454,0.00208771,6
9.1848,0.238478,0.0109243,-0.0565487,-0.107954,-0.351033,0.000116052,0.00208537,6
9.1869,0.238478,0.00140055,-0.0565487,-0.0835348,-0.290266,0.000347174,0.00208775,9
9.189,0.238478,-0.00532209,-0.0565487,-0.0573159,-0.212386,0.000111624,0.00208319,6
9.1911,0.238405,-0.00532209,-0.0565487,-0.0309792,-0.110075,0.000107536,0.00208666,6
9.1932,0.238405,-0.00700275,-0.0565487,-0.00648689,-0.0207353,0.000108288,0.00208634,6
9.1953,0.238405,-0.0131652,-0.0565487,0.0139183,0.0365207,0.000107015,0.00208754,6
9.1974,0.238405,-0.00868341,-0.0565487,0.0277132,0.106418,0.000377339,0.00208643,9
9.1995,0.238331,-0.00868341,-0.0565487,0.0320944,0.123208,0.00013708,0.00208454,6
9.2016,0.238331,-0.00700275,-0.0565487,0.0239782,0.0976557,0.000110411,0.00208596,6
9.2037,0.238331,-0.00196077,-0.0565487,-0,0.0224414,0.000113467,0.0020875,6
9.2058,0.238331,0.00308121,-0.0565487,-0,0.0406259,0.000113517,0.00208593,6
9.2079,0.238331,-0.00028011,-0.0565487,-0,0.0285029,0.000404178,0.00208757,9
9.21,0.238405,-0.00028011,-0.0565487,-0,0.028778,0.000120851,0.00208325,6
9.2121,0.238405,-0.00196077,-0.0565487,-0,0.0227165,0.000117204,0.00208705,6
9.2142,0.238405,-0.00028011,-0.0534071,-0.0239781,-0.0169721,0.000110332,0.0020861,6
9.2163,0.238405,-0.00532209,-0.0534071,-0.0320944,-0.066771,0.000107116,0.00208758,6
9.2184,0.238405,-0.00028011,-0.0534071,-0.0277132,-0.0315212,0.000477011,0.0020866,9
9.2205,0.238405,-0.00028011,-0.0534071,-0.0139184,0.0222118,0.000120761,0.00207704,6
9.2226,0.238405,0.00140055,-0.0534071,0.00648677,0.107755,0.000107436,0.00208727,6
9.2247,0.238405,-0.00028011,-0.0534071,0.0309792,0.197095,0.00010947,0.00208018,6
9.2268,0.238405,-0.00196077,-0.0534071,0.057316,0.293619,0.000106615,0.00208762,6
9.2289,0.238405,-0.00700275,-0.0534071,0.0835349,0.377561,0.000414467,0.00208656,9
9.231,0.238405,0.00140055,-0.0534071,0.107954,0.502984,0.000109851,0.00208448,6
9.2331,0.238405,0.00140055,-0.0534071,0.129171,0.585628,0.000133704,0.00208591,6
9.2352,0.238405,0.00140055,-0.0534071,0.146065,0.651433,0.000109109,0.00208748,6
9.2373,0.238405,-0.00028011,-0.0534071,0.157795,0.691061,0.000115561,0.00208615,6
9.2394,0.238405,0.00476187,-0.0534071,0.1638,0.732637,0.000475578,0.00208762,9
9.2415,0.238405,0.00476187,-0.0534071,0.1638,0.732637,0.000112495,0.00208333,6
9.2436,0.238405,0.00308121,-0.0534071,0.157795,0.703184,0.000107526,0.00208728,6
9.2457,0.238405,0.00812319,-0.0534071,0.146065,0.675679,0.000112816,0.00208622,6
9.2478,0.238478,0.0109243,-0.0534071,0.129171,0.620251,0.000106915,0.00208774,6
9.2499,0.238478,0.0126049,-0.0534071,0.107954,0.543669,0.000400952,0.00208657,9
9.252,0.238478,0.0176469,-0.0534071,0.0835349,0.466738,0.000109771,0.00208448,6
9.2541,0.238552,0.0159663,-0.0534071,0.057316,0.358825,0.00011491,0.0020857,6
9.2562,0.238626,0.0226889,-0.0534071,0.030979,0.28076,0.000107306,0.00208764,6
9.2583,0.238626,0.0210082,-0.0534071,0.00648689,0.179298,0.00010924,0.00208637,6
9.2604,0.2387,0.0210082,-0.0534071,-0.0139184,0.100091,0.000473454,0.00208782,9
9.2625,0.2387,0.0159663,-0.0534071,-0.0277133,0.0281733,0.000115621,0.00208316,6
9.2646,0.238774,0.0260502,-0.0534071,-0.0320943,0.0477526,0.000110211,0.00208593,6
9.2667,0.238774,0.0159663,-0.0534071,-0.023978,0.042998,0.000132111,0.00208763,6
9.2688,0.238848,0.00924363,-0.0534071,-0,0.112425,0.00012018,0.00208654,6
9.2709,0.238848,0.00644253,-0.0534071,-0,0.102323,0.000380305,0.00208706,9
9.273,0.238848,0.00308121,-0.0534071,-0,0.0901996,0.000123866,0.00208313,6
9.2751,0.238848,0.00140055,-0.0534071,-0,0.0841381,0.000111674,0.00208693,6
9.27721,0.238848,-0.00532209,-0.0534071,-0,0.0598922,0.000119628,0.00208636,6
9.27931,0.238848,0.00140055,-0.0534071,-0,0.0841381,0.000111563,0.00208738,6
9.28141,0.238848,-0.00364143,-0.0534071,-0,0.0659537,0.000370457,0.00208624,9
9.28351,0.238848,-0.00196077,-0.0534071,-0,0.0720152,0.000112906,0.00208423,6
9.28561,0.238848,-0.00532209,-0.0534071,-0,0.0598922,0.000116021,0.00208583,6
9.28771,0.238848,-0.00700275,-0.0534071,-0,0.0538307,0.000109661,0.00208747,6
9.28981,0.238848,0.00140055,-0.0534071,-0,0.0841381,0.000119317,0.0020863,6
9.29191,0.238848,-0.00532209,-0.0534071,-0,0.0598922,0.000358955,0.00208748,9
9.29401,0.238848,-0.00196077,-0.0534071,-0,0.0720152,0.0001206,0.00208327,6
9.29611,0.238848,-0.00028011,-0.0534071,-0,0.0780766,0.00010967,0.00208707,6
9.29821,0.238848,0.00140055,-0.0534071,-0,0.0841381,0.000113096,0.00208598,6
9.30031,0.238848,0.00140055,-0.0534071,-0,0.0841381,0.000133474,0.00208758,6
9.30241,0.238848,-0.00196077,-0.0534071,-0,0.0720152,0.000347645,0.00208643,9
9.30451,0.238848,0.00140055,-0.0534071,-0,0.0841381,0.000122904,0.0020831,6
9.30661,0.238848,-0.00196077,-0.0534071,-0,0.0720152,0.000115,0.00208649,6
9.30871,0.238848,0.00140055,-0.0534071,-0,0.0841381,0.000117315,0.00208638,6
9.31081,0.238848,-0.00028011,-0.0534071,-0,0.0780766,0.000110221,0.00208767,6
9.31291,0.238848,0.00140055,-0.0534071,-0,0.0841381,0.000351362,0.0020862,9
9.31501,0.238848,-0.00364143,-0.0534071,-0,0.0659537,0.000118807,0.00208418,6
9.31711,0.238848,-0.00196077,-0.0534071,-0,0.0720152,0.000111944,0.00208578,6
9.31921,0.238848,-0.00364143,-0.0534071,-0,0.0659537,0.000109881,0.00208744,6
9.32131,0.238848,-0.00364143,-0.0534071,-0,0.0659537,0.00012032,0.00208589,6
9.32341,0.238848,-0.00364143,-0.0534071,-0,0.0659537,0.0003343,0.00208774,9
9.32551,0.238848,-0.00196077,-0.0534071,-0,0.0720152,0.000122464,0.00208317,6
9.32761,0.238848,0.00308121,-0.0534071,-0,0.0901996,0.00010984,0.00208695,6
9.32971,0.238848,0.00308121,-0.0534071,-0,0.0901996,0.00012043,0.00208606,6
9.33181,0.238848,0.00308121,-0.0534071,-0,0.0901996,0.000109941,0.00208756,6
9.33391,0.238848,0.00644253,-0.0534071,-0,0.102323,0.00032891,0.00208069,9
9.33601,0.238848,0.00140055,-0.0534071,-0,0.0841381,0.000112576,0.00208443,6
9.33811,0.238848,0.00140055,-0.0534071,-0,0.0841381,0.000122414,0.00208554,6
9.34021,0.238848,-0.00028011,-0.0534071,-0,0.0780766,0.000111013,0.00208754,6
9.34231,0.238848,-0.00196077,-0.0534071,-0,0.0720152,0.000673099,0.0020866,6
9.34441,0.238848,-0.00364143,-0.0534071,-0,0.0659537,0.000327838,0.00208435,3
9.34651,0.238848,-0.00196077,-0.0534071,-0,0.0720152,0.000120069,0.00208324,6
9.34861,0.238848,0.00476187,-0.0534071,-0,0.0962611,0.000116182,0.00208545,6
9.35071,0.238848,-0.00196077,-0.0534071,-0,0.0720152,0.00010979,0.00208752,6
9.35281,0.238848,0.00308121,-0.0534071,-0,0.0901996,0.000655978,0.00208658,6
9.35491,0.238848,-0.00196077,-0.0534071,-0,0.0720152,0.000294939,0.0020826,3
9.35701,0.238848,0.00140055,-0.0534071,-0,0.0841381,0.000116102,0.00208311,6
9.35911,0.238848,0.00140055,-0.0534071,-0,0.0841381,0.00010952,0.00208684,6
9.36121,0.238848,-0.00196077,-0.0534071,-0,0.0720152,0.000110652,0.00208651,6
9.36331,0.238848,-0.00028011,-0.0534071,-0,0.0780766,0.000652,0.00208765,9
9.36541,0.238848,-0.00028011,-0.0534071,-0,0.0780766,0.000289088,0.00208284,3
9.36751,0.238848,-0.00028011,-0.0534071,-0,0.0780766,0.000128495,0.00208447,6
9.36961,0.238848,-0.00028011,-0.0534071,-0,0.0780766,0.000113958,0.00208606,6
9.37171,0.238848,-0.00028011,-0.0534071,-0,0.0780766,0.000110372,0.0020874,6
9.37381,0.238848,0.00308121,-0.0534071,-0,0.0901996,0.000633306,0.00208638,9
9.37591,0.238848,-0.00196077,-0.0534071,-0,0.0720152,0.000288056,0.00208444,3
9.37801,0.238848,0.00140055,-0.0534071,-0,0.0841381,0.000115351,0.00208319,6
9.38011,0.238848,-0.00196077,-0.0534071,-0,0.0720152,0.000113026,0.00208608,6
9.38221,0.238848,-0.00028011,-0.0534071,-0,0.0780766,0.000113066,0.00208635,6
9.38431,0.238848,-0.00364143,-0.0534071,-0,0.0659537,0.000627846,0.00208747,9
9.38641,0.238848,-0.00532209,-0.0534071,-0,0.0598922,0.000283518,0.00208312,3
9.38851,0.238848,-0.00196077,-0.0534071,-0,0.0720152,0.00012055,0.0020757,6
9.39061,0.238848,-0.00700275,-0.0534071,-0,0.0538307,0.000112796,0.00208723,6
9.39271,0.238848,-0.00028011,-0.0534071,-0,0.0780766,0.000118296,0.0020864,6
9.39481,0.238848,-0.00196077,-0.0534071,-0,0.0720152,0.000619631,0.00208764,9
9.39691,0.238848,-0.00028011,-0.0534071,-0,0.0780766,0.000264152,0.0020832,3
9.39901,0.238848,-0.00700275,-0.0534071,-0,0.0538307,0.000111804,0.0020844,6
9.40111,0.238848,0.00140055,-0.0565487,0.023978,0.129888,0.000127252,0.00208559,6
9.40321,0.238848,-0.00028011,-0.0565487,0.0320944,0.155441,0.000108558,0.00208745,6
9.40531,0.238848,-0.00028011,-0.0565487,0.0277132,0.138376,0.000633056,0.00208655,9
9.40741,0.238848,-0.00196077,-0.0565487,0.0139183,0.0785811,0.000297994,0.00208449,3
9.40951,0.238848,-0.00196077,-0.0565487,-0.00648677,-0.000899958,0.000119047,0.00208336,6
9.41161,0.238848,-0.00196077,-0.0565487,-0.0309792,-0.0963015,0.000111383,0.00208715,6
9.41371,0.238848,-0.00196077,-0.0565487,-0.0573161,-0.198888,0.000124928,0.00208649,6
9.41581,0.238848,-0.00196077,-0.0565487,-0.083535,-0.301014,0.000108158,0.00208705,6
9.41791,0.238848,-0.00364143,-0.0565487,-0.107954,-0.402191,0.000316007,0.00208647,9
9.42001,0.238848,-0.00196077,-0.0565487,-0.129171,-0.478774,0.000117574,0.0020844,6
9.42211,0.238848,0.00140055,-0.0596903,-0.122087,-0.486706,0.000121011,0.00208585,6
9.42421,0.238774,-0.00028011,-0.0596903,-0.125701,-0.507118,0.000107456,0.00208732,6
9.42631,0.238774,-0.00532209,-0.0596903,-0.136087,-0.565759,0.000110321,0.00208613,6
9.42841,0.238774,-0.00700275,-0.0596903,-0.149882,-0.625554,0.000370517,0.00208791,9
9.43051,0.238774,-0.00700275,-0.0596903,-0.164282,-0.681644,0.000111634,0.00208325,6
9.43261,0.238774,-0.00980385,-0.0596903,-0.177044,-0.741458,0.000116222,0.00208596,6
9.43471,0.2387,-0.0148458,-0.0596903,-0.186487,-0.796698,0.000129226,0.00208765,6
9.43681,0.2387,-0.0182071,-0.0596903,-0.191489,-0.828303,0.000119498,0.00208634,6
9.43891,0.238626,-0.0215685,-0.0596903,-0.191489,-0.840702,0.000398537,0.00208751,9
9.44101,0.238552,-0.0232491,-0.0596903,-0.186487,-0.827556,0.000121652,0.0020773,6
9.44311,0.238552,-0.0266104,-0.0596903,-0.177044,-0.802899,0.000108377,0.00208723,6
9.44521,0.238478,-0.0361342,-0.0596903,-0.164282,-0.787811,0.000108959,0.00208632,6
9.44731,0.238405,-0.0394955,-0.0596903,-0.149882,-0.744118,0.000107326,0.00208771,6
9.44941,0.238331,-0.0456579,-0.0596903,-0.136087,-0.712885,0.000458528,0.00208643,9
9.45151,0.238183,-0.0411762,-0.0596903,-0.125701,-0.656815,0.000109229,0.00208451,6
9.45361,0.238109,-0.0428568,-0.0596903,-0.122087,-0.649076,0.000108699,0.00208615,6
9.45571,0.238035,-0.0473386,-0.0596903,-0.129171,-0.693109,0.000106865,0.00208765,6
9.45781,0.237887,-0.0523805,-0.0596903,-0.107954,-0.629199,0.000110763,0.00208658,6
9.45991,0.237813,-0.0540612,-0.0596903,-0.0835349,-0.54042,0.000445344,0.00208762,9
9.46201,0.237666,-0.0574225,-0.0596903,-0.057316,-0.450966,0.000111394,0.0020832,6
9.46411,0.237592,-0.0540612,-0.0596903,-0.0309791,-0.336532,0.000107476,0.00208722,6
9.46621,0.237444,-0.0624645,-0.0596903,-0.00648686,-0.271989,0.000110552,0.00208624,6
9.46831,0.237296,-0.0591032,-0.0596903,0.0139184,-0.180934,0.000107246,0.00208751,6
9.47041,0.237222,-0.0607838,-0.0596903,0.0277133,-0.133538,0.000499442,0.00208653,9
9.47251,0.237074,-0.0540612,-0.0596903,0.0320942,-0.0927775,0.000121111,0.00208318,6
9.47461,0.237,-0.0557419,-0.0596903,0.023978,-0.130728,0.000107716,0.00208716,6
9.47671,0.236853,-0.0557419,-0.0596903,-0,-0.224676,0.000113647,0.00208643,6
9.47881,0.236779,-0.0490192,-0.0596903,-0,-0.200705,0.000109551,0.00208747,6
9.48091,0.236631,-0.0456579,-0.0596903,-0,-0.189132,0.000513167,0.00208639,9
9.48301,0.236557,-0.0445375,-0.0596903,-0,-0.185367,0.000148741,0.00208441,3
9.48511,0.236483,-0.0473386,-0.0596903,-0,-0.195744,0.000120139,0.0020852,6
9.48721,0.236335,-0.0445375,-0.0596903,-0,-0.186192,0.000110181,0.00208709,6
9.48931,0.236261,-0.0411762,-0.0596903,-0,-0.174344,0.000113277,0.00208606,6
9.49141,0.236188,-0.0456579,-0.0596903,-0,-0.190783,0.000545396,0.00208766,9
9.49351,0.236114,-0.0428568,-0.0596903,-0,-0.180956,0.00016447,0.00208337,3
9.49561,0.23604,-0.0378148,-0.0596903,-0,-0.163046,0.000110372,0.00208596,6
9.49771,0.235966,-0.0411762,-0.0596903,-0,-0.175444,0.000119598,0.00208593,6
9.49981,0.235818,-0.0445375,-0.0596903,-0,-0.188118,0.000107927,0.00208753,6
9.50191,0.235744,-0.0411762,-0.0596903,-0,-0.17627,0.000574149,0.00208656,9
9.50401,0.23567,-0.0378148,-0.0596903,-0,-0.164422,0.000241842,0.00208436,3
9.50611,0.235596,-0.0294115,-0.0596903,-0,-0.13439,0.000116152,0.00208321,6
9.50821,0.235522,-0.0394955,-0.0596903,-0,-0.171034,0.000111293,0.00208687,6
9.51031,0.235448,-0.0327729,-0.0596903,-0,-0.147063,0.000111724,0.0020865,6
9.51241,0.235375,-0.0310922,-0.0628318,0.023978,-0.0955264,0.000622196,0.00208753,9
9.51451,0.235301,-0.0327729,-0.0628318,0.0320943,-0.0702486,0.000262459,0.00208324,3
9.51661,0.235301,-0.0294115,-0.0628318,0.0277131,-0.075191,0.000115561,0.00208339,6
9.51871,0.235227,-0.0277309,-0.0628318,0.0139182,-0.123138,0.000108047,0.00208731,6
9.52081,0.235153,-0.0277309,-0.0628318,-0.00648689,-0.202894,0.000109119,0.00208659,6
9.52291,0.235079,-0.0266104,-0.0628318,-0.0309792,-0.294529,0.000620984,0.00208758,9
9.52501,0.235079,-0.0249298,-0.0628318,-0.057316,-0.391054,0.000271926,0.00208343,3
9.52711,0.235005,-0.0249298,-0.0628318,-0.0835349,-0.493455,0.00010919,0.00208473,6
9.52921,0.234931,-0.0232491,-0.0628318,-0.107954,-0.582784,0.000111724,0.00208582,6
9.53131,0.234931,-0.0232491,-0.0628318,-0.129171,-0.665428,0.000107447,0.00208762,6
9.53341,0.234857,-0.0249298,-0.0628318,-0.146065,-0.73757,0.000636262,0.00208639,9
9.53551,0.234783,-0.0215685,-0.0628318,-0.157795,-0.771412,0.000346993,0.00208451,3
9.53761,0.234783,-0.0277309,-0.0628318,-0.1638,-0.817028,0.000129357,0.00208343,6
9.53971,0.234709,-0.0277309,-0.0628318,-0.1638,-0.817303,0.000108559,0.00208708,6
9.54182,0.234636,-0.0277309,-0.0628318,-0.157795,-0.794187,0.000112525,0.00208622,6
9.54392,0.234562,-0.0310922,-0.0628318,-0.146065,-0.760895,0.000670805,0.00208771,9
9.54602,0.234488,-0.0327729,-0.0659734,-0.105193,-0.655677,0.000316248,0.00207698,3
9.54812,0.234414,-0.0361342,-0.0659734,-0.0758593,-0.553817,0.00010962,0.00208453,6
9.55022,0.234414,-0.0361342,-0.0659734,-0.0558217,-0.475767,0.000111864,0.00208573,6
9.55232,0.234266,-0.0411762,-0.0659734,-0.0433977,-0.446108,0.000107596,0.00208764,6
9.55442,0.234192,-0.0411762,-0.0659734,-0.0374659,-0.423278,0.000108027,0.00208652,6
9.55652,0.234118,-0.0361342,-0.0659734,-0.037466,-0.40537,0.000347334,0.00208539,9
9.55862,0.234044,-0.0344535,-0.0659734,-0.0433978,-0.422688,0.000109921,0.0020847,6
9.56072,0.23397,-0.0131652,-0.0659734,-0.0558218,-0.394578,0.000109209,0.00208166,6
9.56282,0.23397,-0.00532209,-0.0659734,-0.0758595,-0.444341,0.000106454,0.00208752,6
9.56492,0.23397,-0.00532209,-0.0659734,-0.105193,-0.5586,0.0001148,0.00208639,6
9.56702,0.233897,-0.0652656,-0.0659734,-0.146065,-0.93427,0.000348968,0.00208735,9
9.56912,0.233675,-0.0848733,-0.0659734,-0.157795,-1.0515,0.000111063,0.00208318,6
9.57122,0.233527,-0.0506999,-0.0659734,-0.1638,-0.952194,0.000127413,0.00208717,6
9.57332,0.233453,-0.0445375,-0.0659734,-0.1638,-0.930244,0.00011505,0.00208595,6
9.57542,0.233379,-0.0490192,-0.0659734,-0.157795,-0.923291,0.000107937,0.00208764,6
9.57752,0.233231,-0.0523805,-0.0659734,-0.146065,-0.890275,0.000358335,0.00208661,9
9.57962,0.233158,-0.0574225,-0.0659734,-0.129171,-0.842929,0.00010922,0.00208448,6
9.58172,0.23301,-0.0624645,-0.0659734,-0.107954,-0.77902,0.000111995,0.00208592,6
9.58382,0.232862,-0.0652656,-0.0659734,-0.083535,-0.694557,0.000107577,0.0020875,6
9.58592,0.232714,-0.0686269,-0.0659734,-0.0573161,-0.605104,0.000109049,0.00208659,6
9.58802,0.232566,-0.0719882,-0.0659734,-0.0309792,-0.515191,0.000364506,0.00208757,9
9.59012,0.232419,-0.0736689,-0.0659734,-0.00648689,-0.426401,0.000117034,0.0020832,6
9.59222,0.232271,-0.0686269,-0.0659734,0.0139184,-0.329286,0.000108177,0.002087,6
9.59432,0.232123,-0.0736689,-0.0659734,0.0277133,-0.294287,0.00010903,0.00208651,6
9.59642,0.231975,-0.0753496,-0.0659734,0.0320942,-0.283834,0.000117224,0.00208759,6
9.59852,0.231827,-0.0669463,-0.069115,0.047956,-0.239941,0.000391134,0.00208661,9
9.60062,0.23168,-0.0686269,-0.069115,0.0320943,-0.308336,0.000111724,0.00208332,6
9.60272,0.231532,-0.0669463,-0.069115,0.0277131,-0.31989,0.000106414,0.0020872,6
9.60482,0.231384,-0.0624645,-0.069115,0.0139183,-0.35801,0.000108939,0.00208643,6
9.60692,0.231236,-0.0686269,-0.069115,-0.00648701,-0.460267,0.00010957,0.00208759,6
9.60902,0.231162,-0.0669463,-0.069115,-0.0309794,-0.549882,0.000411922,0.0020864,9
9.61112,0.231014,-0.0591032,-0.069115,-0.0573162,-0.624731,0.000131961,0.00208394,6
9.61322,0.230867,-0.0669463,-0.069115,-0.0835352,-0.755695,0.000110131,0.00208612,6
9.61532,0.230719,-0.0624645,-0.069115,-0.107954,-0.835197,0.000107216,0.00208742,6
9.61742,0.230571,-0.0686269,-0.069115,-0.129171,-0.940617,0.000111183,0.00208628,6
9.61952,0.230423,-0.0686269,-0.0722566,-0.122088,-0.961223,0.00044871,0.00208755,9
9.62162,0.230275,-0.0686269,-0.0722566,-0.125701,-0.975848,0.000111915,0.00208335,6
9.62372,0.230128,-0.0753496,-0.0722566,-0.136087,-1.0411,0.000107637,0.00208729,6
9.62582,0.22998,-0.0798313,-0.0722566,-0.149882,-1.11155,0.00011487,0.00207856,6
9.62792,0.229832,-0.0831926,-0.0722566,-0.164282,-1.18031,0.000107286,0.00208753,6
9.63002,0.22961,-0.0848733,-0.0722566,-0.177045,-1.23691,0.000474747,0.00208649,9
9.63212,0.229389,-0.0915959,-0.0722566,-0.186487,-1.29876,0.00010995,0.00208429,6
9.63422,0.229241,-0.106162,-0.0722566,-0.191489,-1.37133,0.000110882,0.00208573,6
9.63632,0.229019,-0.106162,-0.0722566,-0.191489,-1.37215,0.000106124,0.00208754,6
9.63842,0.228797,-0.107842,-0.0722566,-0.186487,-1.35956,0.000107707,0.00208639,6
9.64052,0.228576,-0.120727,-0.0722566,-0.177044,-1.37007,0.000529577,0.00208491,9
9.64262,0.228206,-0.124089,-0.0722566,-0.164281,-1.33386,0.000244026,0.00208446,3
9.64472,0.227984,-0.133612,-0.0722566,-0.149882,-1.31294,0.000118717,0.00208311,6
9.64682,0.227763,-0.135293,-0.0722566,-0.136087,-1.2661,0.000108007,0.00208744,6
9.64892,0.227467,-0.142016,-0.0722566,-0.125701,-1.25098,0.000111053,0.0020864,6
9.65102,0.227172,-0.143696,-0.0722566,-0.122087,-1.24407,0.000545146,0.00208159,9
9.65312,0.226802,-0.151539,-0.0722566,-0.129171,-1.30133,0.000204955,0.00208317,3
9.65522,0.226506,-0.158262,-0.0722566,-0.107954,-1.24403,0.000109921,0.00208441,6
9.65732,0.226211,-0.156581,-0.0722566,-0.0835348,-1.14395,0.000115381,0.00208568,6
9.65942,0.225841,-0.168346,-0.0722566,-0.0573159,-1.08563,0.000108287,0.00208734,6
9.66152,0.225472,-0.174508,-0.0722566,-0.0309793,-1.00665,0.000572596,0.00208674,9
9.66362,0.225028,-0.171147,-0.0722566,-0.00648654,-0.900772,0.000241501,0.00208452,3
9.66572,0.224733,-0.181231,-0.0722566,0.0139183,-0.858761,0.000116803,0.00208335,6
9.66782,0.224363,-0.174508,-0.0722566,0.0277132,-0.782157,0.000107616,0.00208728,6
9.66992,0.223994,-0.17787,-0.0722566,0.0320944,-0.778591,0.000109871,0.00208624,6
9.67202,0.223624,-0.176189,-0.0722566,0.0239781,-0.805519,0.000620723,0.00208765,9
9.67412,0.223181,-0.182912,-0.0722566,-0,-0.924814,0.000285963,0.00208324,3
9.67622,0.222811,-0.182912,-0.0722566,-0,-0.926189,0.000112185,0.00208455,6
9.67832,0.222516,-0.184592,-0.069115,-0.0239776,-0.979099,0.000116753,0.00208588,6
9.68042,0.222072,-0.190755,-0.069115,-0.0320939,-1.03459,0.000119628,0.00208749,6
9.68252,0.221703,-0.189074,-0.069115,-0.0277128,-1.01284,0.00065155,0.00208648,6
9.68462,0.221186,-0.190755,-0.0659734,-0.0378959,-1.01284,0.000325013,0.00208337,3
9.68672,0.220816,-0.197477,-0.0659734,-0.0256072,-0.990597,0.000110392,0.00208464,6
9.68882,0.220447,-0.202519,-0.0659734,0.00326633,-0.89769,0.000110312,0.00208611,6
9.69092,0.220077,-0.205321,-0.0659734,0.0433982,-0.752849,0.000107897,0.00208746,6
9.69302,0.219634,-0.207001,-0.0659734,0.0900221,-0.578953,0.000114248,0.00208614,6
9.69512,0.21919,-0.210363,-0.0659734,0.138933,-0.40221,0.000352264,0.00208773,9
9.69722,0.218673,-0.213724,-0.0659734,0.186487,-0.231029,0.000115281,0.00208328,6
9.69932,0.218303,-0.217085,-0.0659734,0.2296,-0.0765959,0.000112445,0.00208729,6
9.70142,0.21786,-0.212043,-0.0659734,0.265749,0.0807429,0.000110822,0.00208639,6
9.70352,0.217417,-0.208682,-0.0659734,0.292972,0.197252,0.000107767,0.00208779,6
9.70562,0.216973,-0.207001,-0.0628318,0.285888,0.221718,0.000396965,0.0020866,9
9.70772,0.216456,-0.2042,-0.0628318,0.283496,0.220579,0.00010965,0.0020844,6
9.70982,0.216086,-0.202519,-0.0628318,0.282152,0.220031,0.000113076,0.00208593,6
9.71192,0.215717,-0.195797,-0.0628318,0.279053,0.230829,0.000107577,0.00208721,6
9.71402,0.215274,-0.192435,-0.0628318,0.272236,0.214748,0.00010942,0.00208656,6
9.71612,0.214904,-0.184592,-0.0628318,0.26058,0.196256,0.000430556,0.00208773,9
9.71822,0.214461,-0.181231,-0.0628318,0.243804,0.141383,0.000109821,0.00208306,6
9.72032,0.214165,-0.17955,-0.0628318,0.222468,0.0632398,0.000107477,0.00208719,6
9.72242,0.213795,-0.168346,-0.0628318,0.197976,0.00687366,0.000107988,0.00208607,6
9.72452,0.213426,-0.166665,-0.0628318,0.172569,-0.0874058,0.000108838,0.00208657,6
9.72662,0.21313,-0.163304,-0.0628318,0.149331,-0.166897,0.000402835,0.00208753,9
9.72872,0.212687,-0.161623,-0.0628318,0.132188,-0.229262,0.000111574,0.00208295,6
9.73082,0.212465,-0.154901,-0.0628318,0.125904,-0.230317,0.000106755,0.00208718,6
9.73292,0.212096,-0.154901,-0.0628318,0.136087,-0.192028,0.000109921,0.00208654,6
9.73502,0.2118,-0.154901,-0.0628318,0.125701,-0.233586,0.000106594,0.00208755,6
9.73712,0.211505,-0.154901,-0.0628318,0.122087,-0.248761,0.000411672,0.00208629,9
9.73922,0.211135,-0.151539,-0.0628318,0.129171,-0.210421,0.000109139,0.00208447,6
9.74132,0.210839,-0.145377,-0.0628318,0.107954,-0.27194,0.000111464,0.00208585,6
9.74342,0.210544,-0.145377,-0.0628318,0.0835348,-0.368156,0.000132211,0.00208758,6
9.74552,0.210248,-0.143696,-0.0628318,0.0573159,-0.465321,0.000115501,0.00208623,6
9.74762,0.209953,-0.147058,-0.0628318,0.0309792,-0.581131,0.000424355,0.0020877,9
9.74972,0.209583,-0.143696,-0.0628318,0.00648671,-0.665785,0.000115872,0.00208346,6
9.75182,0.209288,-0.145377,-0.0628318,-0.0139183,-0.752428,0.000107636,0.00208706,6
9.75392,0.208992,-0.145377,-0.0628318,-0.0277132,-0.807261,0.000114238,0.00208609,6
9.75602,0.208696,-0.148738,-0.0628318,-0.0320944,-0.83755,0.000108498,0.00208174,6
9.75812,0.208401,-0.151539,-0.0628318,-0.0239781,-0.817139,0.000439903,0.00208642,9
9.76022,0.208031,-0.151539,-0.0628318,-0,-0.725116,0.000112676,0.00208441,6
9.76232,0.207736,-0.151539,-0.0628318,-0,-0.726216,0.000121783,0.00208548,6
9.76442,0.20744,-0.138654,-0.0628318,-0,-0.680845,0.000129136,0.00208737,6
9.76652,0.207144,-0.265824,-0.0628318,-0,-1.1406,0.000108979,0.00208646,6
9.76862,0.206775,-0.158262,-0.0628318,-0,-0.754038,0.000455722,0.00208647,9
9.77072,0.206405,-0.158262,-0.0628318,-0,-0.755414,0.000110943,0.00208442,6
9.77282,0.20611,-0.164985,-0.0628318,-0,-0.78076,0.000114689,0.00208602,6
9.77493,0.205814,-0.161623,-0.0628318,-0,-0.769737,0.000109981,0.00208752,6
9.77703,0.205445,-0.161623,-0.0628318,-0,-0.771113,0.000135067,0.00208631,6
9.77913,0.205075,-0.164985,-0.0628318,-0,-0.784611,0.000465881,0.00208781,9
9.78123,0.204706,-0.163304,-0.0628318,-0,-0.779925,0.000123806,0.00208309,6
9.78333,0.20441,-0.164985,-0.0628318,-0,-0.787087,0.00011527,0.00208726,6
9.78543,0.204114,-0.164985,-0.0628318,-0,-0.788188,0.000121262,0.00208611,6
9.78753,0.203745,-0.171147,-0.0628318,-0,-0.811788,0.00010966,0.00208752,6
9.78963,0.203375,-0.169466,-0.0628318,-0,-0.807102,0.00047636,0.00208653,9
9.79173,0.202932,-0.171147,-0.0628318,-0,-0.814815,0.000112356,0.00208441,6
9.79383,0.202636,-0.174508,-0.0628318,-0,-0.828038,0.000122424,0.00208553,6
9.79593,0.202267,-0.17955,-0.0628318,-0,-0.847598,0.000109841,0.00208753,6
9.79803,0.201897,-0.17955,-0.0628318,-0,-0.848973,0.000110972,0.0020867,6
9.80013,0.201528,-0.181231,-0.0628318,-0,-0.85641,0.000486568,0.00208752,9
9.80223,0.201085,-0.187394,-0.0628318,-0,-0.880286,0.000117614,0.00208307,6
9.80433,0.200789,-0.184592,-0.0628318,-0,-0.871284,0.000110512,0.00208696,6
9.80643,0.200419,-0.195797,-0.0628318,-0,-0.91307,0.000109841,0.00208624,6
9.80853,0.199976,-0.190755,-0.0628318,-0,-0.896536,0.000112957,0.00208661,6
9.81063,0.199607,-0.194116,-0.0628318,-0,-0.910034,0.000528044,0.00208768,9
9.81273,0.199089,-0.199158,-0.0628318,-0,-0.930144,0.000134977,0.00208323,3
9.81483,0.19872,-0.2042,-0.0628318,-0,-0.949704,0.000112135,0.00208685,6
9.81693,0.19835,-0.207001,-0.0628318,-0,-0.961182,0.000115942,0.00208615,6
9.81903,0.197907,-0.208682,-0.0628318,-0,-0.968894,0.000112065,0.00208771,6
9.82113,0.197463,-0.213724,-0.0628318,-0,-0.988729,0.000518537,0.00208634,9
9.82323,0.196946,-0.208682,-0.0628318,-0,-0.97247,0.000154583,0.00208441,3
9.82533,0.196577,-0.217085,-0.0628318,-0,-1.00415,0.00012041,0.00208541,6
9.82743,0.196133,-0.220446,-0.0628318,-0,-1.01793,0.000115942,0.00208765,6
9.82953,0.195616,-0.223248,-0.0628318,-0,-1.02995,0.000113618,0.00208637,6
9.83163,0.195172,-0.222127,-0.0628318,-0,-1.02756,0.000532252,0.00208735,9
9.83373,0.194581,-0.22997,-0.0628318,-0,-1.05805,0.000159862,0.00208308,3
9.83583,0.194212,-0.233332,-0.0628318,-0,-1.07155,0.000109721,0.00208645,6
9.83793,0.193694,-0.235012,-0.0628318,-0,-1.07954,0.000112626,0.00208596,6
9.84003,0.193251,-0.235012,-0.0628318,-0,-1.08119,0.000109089,0.00208764,6
9.84213,0.192734,-0.235012,-0.0628318,-0,-1.08311,0.000544825,0.00208652,9
9.84423,0.192143,-0.241175,-0.0628318,-0,-1.10754,0.000226914,0.00208397,3
9.84633,0.191699,-0.242855,-0.0628318,-0,-1.11525,0.000113256,0.00208339,6
9.84843,0.191256,-0.242855,-0.0628318,-0,-1.1169,0.000133143,0.0020871,6
9.85053,0.190665,-0.247897,-0.0628318,-0,-1.13729,0.000114479,0.00208615,6
9.85263,0.190147,-0.25462,-0.0628318,-0,-1.16346,0.000561245,0.00208643,9
9.85473,0.189482,-0.259102,-0.0628318,-0,-1.1821,0.00021358,0.00208431,3
9.85683,0.189039,-0.256301,-0.0628318,-0,-1.17365,0.000121262,0.00208317,6
9.85893,0.188521,-0.260782,-0.0628318,-0,-1.19174,0.000110301,0.00208711,6
9.86103,0.188004,-0.265824,-0.0628318,-0,-1.21185,0.000114569,0.0020866,6
9.86313,0.187413,-0.267505,-0.0628318,-0,-1.22011,0.000579317,0.00208756,9
9.86523,0.186748,-0.275348,-0.0596903,-0.0239779,-1.29662,0.000234038,0.00208321,3
9.86733,0.18623,-0.277029,-0.0596903,-0.0320942,-1.33622,0.00011507,0.0020845,6
9.86943,0.185713,-0.290474,-0.0596903,-0.027713,-1.36958,0.000112546,0.00207972,6
9.87153,0.185048,-0.294956,-0.0596903,-0.0139181,-1.33448,0.000107065,0.00208736,6
9.87363,0.184457,-0.298317,-0.0596903,0.00648698,-1.26932,0.000610745,0.00208656,9
9.87573,0.183644,-0.308401,-0.0596903,0.0309792,-1.21332,0.000283437,0.00208447,3
9.87783,0.183127,-0.312883,-0.0565487,0.0333381,-1.17457,0.000128154,0.00208337,6
9.87993,0.182535,-0.317925,-0.0565487,0.0514406,-1.12445,0.000108048,0.00208707,6
9.88203,0.18187,-0.316244,-0.0565487,0.0802406,-1.00868,0.000111294,0.00208634,6
9.88413,0.181205,-0.321286,-0.0565487,0.115253,-0.892962,0.000107115,0.00208775,6
9.88623,0.180466,-0.394675,-0.0534071,0.128574,-1.06086,0.000327238,0.00208666,9
9.88833,0.179801,-0.317925,-0.0534071,0.15668,-0.677053,0.000125549,0.00208452,6
9.89043,0.179136,-0.321286,-0.0534071,0.193403,-0.54861,0.000108238,0.00208562,6
9.89253,0.178471,-0.324647,-0.0534071,0.233417,-0.407349,0.000109019,0.00208646,6
9.89463,0.177806,-0.322967,-0.0534071,0.272236,-0.252557,0.000106945,0.00208784,6
9.89673,0.177141,-0.317925,-0.0534071,0.306215,-0.104492,0.000316408,0.00208662,9
9.89883,0.176402,-0.314563,-0.0534071,0.332552,0.00746554,0.00010969,0.00208456,6
9.90093,0.17581,-0.319605,-0.0502655,0.325306,0.00650328,0.000121752,0.00208579,6
9.90303,0.175145,-0.308401,-0.0502655,0.323194,0.0362127,0.000106705,0.00208726,6
9.90513,0.17448,-0.308401,-0.0502655,0.322574,0.0313202,0.000110451,0.00208629,6
9.90723,0.173889,-0.30672,-0.0502655,0.320921,0.0287422,0.000341774,0.00208766,9
9.90933,0.17315,-0.292155,-0.0502655,0.316834,0.0626042,0.000116603,0.00208342,6
9.91143,0.172633,-0.296636,-0.0502655,0.310032,0.0180214,0.000124548,0.00208725,6
9.91353,0.172041,-0.293275,-0.0502655,0.301357,-0.00584839,0.000111363,0.00208624,6
9.91563,0.171376,-0.294956,-0.0502655,0.29277,-0.0478311,0.000108448,0.0020877,6
9.91773,0.170785,-0.287113,-0.0471239,0.263379,-0.0885823,0.000376568,0.0020869,9
9.91983,0.17012,-0.282071,-0.0471239,0.257226,-0.0968377,0.00010943,0.00208455,6
9.92193,0.169603,-0.283751,-0.0471239,0.232792,-0.2,0.000112606,0.00208558,6
9.92403,0.169012,-0.285432,-0.0471239,0.213493,-0.283435,0.000106915,0.00208756,6
9.92613,0.16842,-0.283751,-0.0471239,0.199889,-0.332563,0.000108548,0.00208658,6
9.92823,0.167829,-0.28039,-0.0439823,0.169686,-0.392639,0.000403326,0.00208787,9
9.93033,0.167164,-0.282071,-0.0439823,0.165525,-0.417382,0.000109369,0.00208329,6
9.93243,0.166647,-0.28039,-0.0439823,0.187968,-0.325828,0.000140356,0.00208747,6
9.93453,0.166129,-0.277029,-0.0439823,0.195493,-0.286321,0.000108178,0.00208605,6
9.93663,0.165538,-0.283751,-0.0439823,0.211517,-0.250351,0.000109019,0.00208674,6
9.93873,0.164947,-0.277029,-0.0439823,0.236601,-0.130601,0.000429705,0.00208794,9
9.94083,0.164282,-0.282071,-0.0439823,0.272427,-0.0117142,0.000121452,0.00208304,6
9.94293,0.163765,-0.274228,-0.0439823,0.278314,0.0375798,0.000108168,0.0020871,6
9.94503,0.163173,-0.28039,-0.0439823,0.278241,0.012868,0.000108829,0.00208655,6
9.94713,0.162582,-0.275348,-0.0439823,0.273048,0.00862236,0.000110411,0.0020876,6
9.94923,0.162065,-0.265824,-0.0439823,0.264417,0.00742703,0.00045406,0.00208646,9
9.95133,0.1614,-0.262463,-0.0408407,0.230893,-0.0658562,0.000110702,0.0020844,6
9.95343,0.160956,-0.260782,-0.0408407,0.215681,-0.120698,0.000112446,0.00208588,6
9.95553,0.160439,-0.257421,-0.0408407,0.219622,-0.0951535,0.000108839,0.00208734,6
9.95763,0.159922,-0.25462,-0.0408407,0.201192,-0.158761,0.000116392,0.00208611,6
9.95973,0.159404,-0.249578,-0.0408407,0.183531,-0.211295,0.000509951,0.00208712,9
9.96183,0.158739,-0.247897,-0.0408407,0.166637,-0.273514,0.000151597,0.00208337,3
9.96393,0.15837,-0.240054,-0.0408407,0.151352,-0.306142,0.000108358,0.00208653,6
9.96603,0.157852,-0.236693,-0.0408407,0.139357,-0.342667,0.000111734,0.00208615,6
9.96813,0.157335,-0.240054,-0.0408407,0.133176,-0.380792,0.000107586,0.00208749,6
9.97023,0.156892,-0.233332,-0.0408407,0.136172,-0.346525,0.000608602,0.00208664,9
9.97233,0.156227,-0.231651,-0.0408407,0.152552,-0.279137,0.000220252,0.00208467,3
9.97443,0.155857,-0.233332,-0.0408407,0.143877,-0.320366,0.000118747,0.0020767,6
9.97653,0.155414,-0.236693,-0.0408407,0.136087,-0.364481,0.000108408,0.00208612,6
9.97863,0.154896,-0.22997,-0.0408407,0.131706,-0.359226,0.000107636,0.00208746,6
9.98073,0.154453,-0.226609,-0.0408407,0.133817,-0.34053,0.000595297,0.00208639,9
9.98283,0.153862,-0.360501,-0.0408407,0.146065,-0.777921,0.00023541,0.00208446,3
9.98493,0.153492,-0.217085,-0.0408407,0.129171,-0.327856,0.000112055,0.00208341,6
9.98703,0.153049,-0.218766,-0.0408407,0.107954,-0.418211,0.000108588,0.00208699,6
9.98913,0.152606,-0.220446,-0.0408407,0.0835349,-0.521039,0.00010939,0.00208658,6
9.99123,0.152162,-0.220446,-0.0408407,0.057316,-0.624816,0.000603702,0.00208315,9
9.99333,0.151571,-0.217085,-0.0408407,0.0309793,-0.71748,0.000263952,0.00208353,3
9.99543,0.151201,-0.217085,-0.0408407,0.00648656,-0.814258,0.0001099,0.00208461,6
9.99753,0.150758,-0.220446,-0.0408407,-0.0139183,-0.907511,0.000110552,0.00208595,6
9.99963,0.150315,-0.218766,-0.0408407,-0.0277131,-0.956834,0.000107096,0.0020875,6
10.0017,0.149871,-0.224928,-0.0408407,-0.0320943,-0.997775,0.000648674,0.0020865,9
10.0038,0.149206,-0.22997,-0.0408407,-0.0239781,-0.986822,0.000288466,0.00208413,3
10.0059,0.148837,-0.233332,-0.0408407,-0,-0.906922,0.000121492,0.00208327,6
10.008,0.148393,-0.239494,-0.0408407,-0,-0.930798,0.000110142,0.00208671,6
10.0101,0.147876,-0.238374,-0.0408407,-0,-0.928682,0.000117985,0.00208567,6
10.0122,0.147359,-0.244536,-0.0408407,-0,-0.952833,0.000108839,0.00208705,6
10.0143,0.146841,-0.242855,-0.0408407,-0,-0.948698,0.000349098,0.00208531,9
10.0239,0.14625,-0.246217,-0.0408407,-0,-0.963021,0.000466792,0.000586461,36
10.026,0.143442,-0.259102,-0.0408407,-0,-1.01995,0.000431318,0.00202854,0
10.0281,0.14322,-0.262463,-0.0408407,-0,-1.03289,0.000923927,0.00205851,9
10.0302,0.142555,-0.265824,-0.0408407,-0,-1.04749,0.000590748,0.00204764,3
10.0323,0.142112,-0.267505,-0.0408407,-0,-1.05521,0.00037818,0.00205192,6
10.0344,0.141594,-0.267505,-0.0408407,-0,-1.05713,0.000336334,0.00202977,6
10.0365,0.141003,-0.272547,-0.0408407,-0,-1.07752,0.000357012,0.00205706,6
10.0386,0.140486,-0.275348,-0.0408407,-0,-1.08954,0.000675023,0.00208307,9
10.0407,0.139821,-0.275348,-0.0408407,-0,-1.09202,0.000304406,0.00208324,3
10.0428,0.139303,-0.277029,-0.0408407,-0,-1.10001,0.000112144,0.00208402,6
10.0449,0.138786,-0.285432,-0.0408407,-0,-1.13224,0.000111604,0.00208551,6
10.047,0.138195,-0.287113,-0.0408407,-0,-1.1405,0.000108658,0.00208744,6
10.0491,0.137604,-0.293275,-0.0408407,-0,-1.16493,0.000113367,0.00208626,6
10.0512,0.137012,-0.294956,-0.0408407,-0,-1.17319,0.000352042,0.00208737,9
10.0533,0.136273,-0.296636,-0.0376991,-0.0239783,-1.22775,0.000110692,0.00208288,6
10.0554,0.135756,-0.30672,-0.0376991,-0.0320946,-1.29766,0.000131801,0.00208672,6
10.0575,0.135091,-0.301678,-0.0376991,-0.0277135,-1.26489,0.000112706,0.00208552,6
10.0596,0.134426,-0.312883,-0.0376991,-0.0139186,-1.25404,0.000107747,0.00208749,6
10.0617,0.133761,-0.317925,-0.0376991,0.00648654,-1.19522,0.000391966,0.0020864,9
10.0638,0.133022,-0.322967,-0.0376991,0.0309789,-1.12076,0.000116683,0.00208424,6
10.0659,0.132431,-0.334171,-0.0376991,0.0573157,-1.06078,0.000117204,0.00208553,6
10.068,0.131692,-0.334171,-0.0376991,0.0835345,-0.961405,0.000108258,0.00208746,6
10.0701,0.131026,-0.344255,-0.0376991,0.107953,-0.905134,0.000108999,0.00208631,6
10.0722,0.130287,-0.347056,-0.0376991,0.129171,-0.835343,0.000434493,0.00208745,9
10.0743,0.129401,-0.348737,-0.0345575,0.122087,-0.824651,0.00010951,0.0020831,6
10.0764,0.128809,-0.35714,-0.0345575,0.1257,-0.843084,0.000121061,0.00208684,6
10.0785,0.12807,-0.348737,-0.0345575,0.136086,-0.775072,0.000107686,0.00208591,6
10.0806,0.127331,-0.461341,-0.0345575,0.149881,-1.13021,0.000108337,0.00208632,6
10.0827,0.126592,-0.353779,-0.0345575,0.164281,-0.688934,0.000459309,0.00208736,9
10.0848,0.125706,-0.353779,-0.0314159,0.153066,-0.688273,0.000114699,0.00208333,6
10.0869,0.125114,-0.353779,-0.0314159,0.154392,-0.685307,0.000107907,0.00208652,6
10.089,0.124375,-0.352098,-0.0314159,0.163775,-0.645449,0.000129065,0.00208628,6
10.0911,0.123636,-0.353779,-0.0314159,0.17757,-0.600527,0.000119047,0.00208075,6
10.0932,0.122823,-0.362182,-0.0282743,0.168996,-0.619612,0.000506916,0.00208594,9
10.0953,0.122011,-0.35714,-0.0282743,0.175929,-0.577446,0.00015335,0.00208432,3
10.0974,0.121345,-0.355459,-0.0282743,0.193885,-0.503921,0.000114179,0.00208518,6
10.0995,0.120606,-0.353779,-0.0282743,0.219499,-0.400841,0.000107657,0.00208735,6
10.1016,0.119867,-0.355459,-0.0282743,0.250528,-0.28879,0.000110912,0.00208632,6
10.1037,0.119128,-0.360501,-0.0251327,0.261873,-0.217886,0.000571453,0.00208725,9
10.1058,0.118242,-0.35714,-0.0251327,0.293374,-0.0863624,0.00023515,0.00208304,3
10.1079,0.117576,-0.350417,-0.0251327,0.342788,0.127881,0.00010937,0.00208417,6
10.11,0.116911,-0.347056,-0.0251327,0.365789,0.227124,0.000111433,0.00208534,6
10.1121,0.116172,-0.345936,-0.0251327,0.382993,0.295424,0.000106695,0.00208723,6
10.1142,0.115507,-0.342574,-0.0251327,0.392155,0.34076,0.000661067,0.00208656,9
10.1163,0.114547,-0.339213,-0.0251327,0.392155,0.349307,0.000298505,0.00208428,3
10.1184,0.113955,-0.337532,-0.0251327,0.382993,0.317478,0.00010961,0.00208297,6
10.1205,0.113364,-0.329129,-0.0251327,0.365789,0.278574,0.000108819,0.00207442,6
10.1226,0.112699,-0.322967,-0.0219912,0.31881,0.162979,0.000106604,0.00208734,6
10.1247,0.112034,-0.322967,-0.0219912,0.285257,0.029812,0.000133184,0.00208644,6
10.1268,0.111295,-0.322967,-0.0219912,0.266254,-0.0469606,0.000294718,0.00208599,9
10.1289,0.11063,-0.311202,-0.0219912,0.264322,-0.0145293,0.000112375,0.00208297,6
10.131,0.110039,-0.317925,-0.0188496,0.215925,-0.181841,0.000107807,0.00208683,6
10.1331,0.109373,-0.30672,-0.0188496,0.186283,-0.259371,0.0001096,0.00208594,6
10.1352,0.108708,-0.299998,-0.0188496,0.174553,-0.28329,0.000640019,0.00208708,9
10.1373,0.107969,-0.303359,-0.0188496,0.181296,-0.271897,0.000292214,0.00208289,3
10.1394,0.107378,-0.303359,-0.0188496,0.208476,-0.168228,0.000109019,0.00208454,6
10.1415,0.106787,-0.299998,-0.015708,0.191994,-0.174858,0.000108909,0.00208584,6
10.1436,0.106196,-0.30672,-0.015708,0.196508,-0.183721,0.000107015,0.00208712,6
10.1457,0.105531,-0.301678,-0.015708,0.220618,-0.0741018,0.000643355,0.00208616,9
10.1478,0.104792,-0.298317,-0.015708,0.264322,0.105506,0.000298765,0.00208417,3
10.1499,0.1042,-0.301678,-0.015708,0.28554,0.173827,0.000110722,0.00208313,6
10.152,0.103683,-0.298317,-0.015708,0.307126,0.268106,0.000107276,0.00208701,6
10.1541,0.103018,-0.293275,-0.015708,0.329082,0.369336,0.00010966,0.00208594,6
10.1562,0.102427,-0.298317,-0.015708,0.352528,0.440278,0.000638486,0.00208762,9
10.1583,0.101688,-0.285432,-0.015708,0.379708,0.589868,0.000293175,0.00208312,3
10.1604,0.101244,-0.218766,-0.015708,0.370501,0.792794,0.000128195,0.0020844,6
10.1625,0.100653,-0.33249,-0.015708,0.349446,0.298421,0.000109179,0.00208528,6
10.1646,0.100062,-0.259102,-0.015708,0.317945,0.438204,0.000108758,0.00208609,6
10.1667,0.0995446,-0.252939,-0.015708,0.278241,0.303849,0.000614452,0.00208763,9
10.1688,0.0989534,-0.244536,-0.015708,0.233417,0.15736,0.000276635,0.00208319,3
10.1709,0.09851,-0.240054,-0.015708,0.187398,-0.00737802,0.00010929,0.0020844,6
10.173,0.0980666,-0.235012,-0.015708,0.14495,-0.156185,0.000109821,0.00208532,6
10.1751,0.0975493,-0.22997,-0.015708,0.11168,-0.269519,0.000106615,0.00208731,6
10.1772,0.097032,-0.22997,-0.015708,0.0940356,-0.340172,0.00064042,0.00208615,9
10.1793,0.0965147,-0.226609,-0.015708,0.0558217,-0.478823,0.000261979,0.00208432,3
10.1814,0.0960713,-0.22829,-0.015708,0.0252217,-0.605727,0.000111083,0.00208323,6
10.1835,0.0956279,-0.220446,-0.015708,0.00700124,-0.650062,0.000108117,0.00208694,6
10.1856,0.0951844,-0.224928,-0.015708,0.00648679,-0.669881,0.000110602,0.0020862,6
10.1877,0.094741,-0.223248,-0.015708,-0.0139184,-0.744951,0.000586651,0.00208738,9
10.1898,0.0941498,-0.233332,-0.015708,-0.0277132,-0.837254,0.00025197,0.00208322,3
10.1919,0.0937064,-0.226609,-0.015708,-0.0320944,-0.831724,0.00013666,0.00208454,6
10.194,0.093263,-0.233332,-0.015708,-0.023978,-0.826006,0.000111634,0.00208577,6
10.1961,0.0927457,-0.238374,-0.015708,-0,-0.752718,0.000113247,0.00208123,6
10.1982,0.0923023,-0.242855,-0.015708,-0,-0.770532,0.00063568,0.00208554,9
10.2003,0.0916372,-0.247897,-0.015708,-0,-0.791192,0.000253833,0.00208368,3
10.2024,0.0911938,-0.249578,-0.015708,-0,-0.798905,0.000112575,0.00208311,6
10.2045,0.0907504,-0.251259,-0.015708,-0,-0.806616,0.000114109,0.00208533,6
10.2066,0.0901592,-0.25462,-0.015708,-0,-0.82094,0.000109691,0.00208729,6
10.2087,0.0896419,-0.256301,-0.015708,-0,-0.828927,0.000563118,0.00208632,9
10.2108,0.0889768,-0.260782,-0.015708,-0,-0.847567,0.000225181,0.0020842,3
10.2129,0.0885334,-0.259102,-0.015708,-0,-0.843156,0.000115681,0.00208289,6
10.215,0.0880161,-0.257421,-0.015708,-0,-0.83902,0.000110181,0.0020869,6
10.2171,0.0874987,-0.264144,-0.015708,-0,-0.865192,0.000112435,0.00208588,6
10.2192,0.0869075,-0.259102,-0.015708,-0,-0.849208,0.000546758,0.00208729,9
10.2213,0.0862424,-0.267505,-0.015708,-0,-0.881992,0.000216345,0.00208292,3
10.2234,0.085799,-0.265824,-0.015708,-0,-0.877581,0.000112105,0.00208441,6
10.2255,0.0852817,-0.267505,-0.015708,-0,-0.885568,0.000144333,0.00208567,6
10.2276,0.0846905,-0.277029,-0.015708,-0,-0.922117,0.000115961,0.00208731,6
10.2297,0.0841732,-0.267505,-0.015708,-0,-0.889694,0.000531981,0.00208608,9
10.2318,0.0834342,-0.277029,-0.015708,-0,-0.926794,0.000193493,0.00208424,3
10.2339,0.0829908,-0.274228,-0.015708,-0,-0.918342,0.000114318,0.00208303,6
10.236,0.0823996,-0.277029,-0.015708,-0,-0.930645,0.000111163,0.00208689,6
10.2381,0.0818084,-0.28039,-0.0125664,-0.0239779,-0.990718,0.000112004,0.00208586,6
10.2402,0.0812172,-0.28039,-0.0125664,-0.0320943,-1.02453,0.000631322,0.00208751,9
10.2423,0.0805521,-0.287113,-0.0125664,-0.0277131,-1.03419,0.000166925,0.00208315,3
10.2444,0.0800347,-0.288793,-0.0125664,-0.0139183,-0.988444,0.00012557,0.00208632,6
10.2465,0.0794435,-0.290474,-0.0125664,0.00648686,-0.917225,0.000107917,0.00208578,6
10.2486,0.0788523,-0.298317,-0.0125664,0.0309792,-0.852311,0.000107937,0.00208626,6
10.2507,0.0781872,-0.308401,-0.0125664,0.057316,-0.78857,0.000554102,0.00208762,9
10.2528,0.0774482,-0.308401,-0.0125664,0.0835349,-0.689195,0.000221064,0.00208307,3
10.2549,0.076857,-0.316244,-0.0125664,0.107954,-0.624567,0.000110111,0.0020844,6
10.257,0.0762658,-0.311202,-0.0125664,0.129171,-0.525939,0.00010924,0.00208544,6
10.2591,0.0756007,-0.314563,-0.0125664,0.146065,-0.474733,0.00012563,0.00208738,6
10.2612,0.0749356,-0.311202,-0.00942478,0.133817,-0.465146,0.000633928,0.00208624,9
10.2633,0.0741227,-0.43221,-0.00942478,0.131706,-0.912822,0.000225301,0.00208423,3
10.2654,0.0736054,-0.308401,-0.00942478,0.136087,-0.451153,0.000112045,0.00208314,6
10.2675,0.0729403,-0.314563,-0.00942478,0.143877,-0.445512,0.000107647,0.00208707,6
10.2696,0.072349,-0.312883,-0.00942478,0.152552,-0.40786,0.0001092,0.00208606,6
10.2717,0.0716839,-0.314563,-0.00942478,0.16015,-0.386801,0.000554823,0.00208757,9
10.2738,0.070871,-0.316244,-0.00942478,0.16527,-0.375947,0.000221354,0.00208314,3
10.2759,0.0703537,-0.310082,-0.00628319,0.143092,-0.394385,0.000113558,0.00208457,6
10.278,0.0696886,-0.316244,-0.00628319,0.133176,-0.457712,0.00010928,0.00208568,6
10.2801,0.0690235,-0.314563,-0.00628319,0.132437,-0.457003,0.000107106,0.00208738,6
10.2822,0.0684323,-0.311202,-0.00314159,0.114656,-0.468694,0.000624942,0.00208608,9
10.2843,0.0676194,-0.314563,-0.00314159,0.118269,-0.469768,0.00026821,0.00208443,3
10.2864,0.0671021,-0.30672,-0.00314159,0.139353,-0.361282,0.000109339,0.00208306,6
10.2885,0.066437,-0.314563,-0.00314159,0.175104,-0.252791,0.000110823,0.00208559,6
10.2906,0.0658458,-0.310082,-0.00314159,0.223839,-0.0489964,0.000107136,0.00208736,6
10.2927,0.0651807,-0.312883,-0.00314159,0.284998,0.17665,0.000575701,0.00208624,9
10.2948,0.0643677,-0.308401,-0.00314159,0.315658,0.309213,0.000269672,0.00208438,3
10.2969,0.0637765,-0.301678,-0.00314159,0.337554,0.416546,0.000112976,0.00208326,6
10.299,0.0631853,-0.303359,-0.00314159,0.349284,0.453973,0.000108548,0.00208711,6
10.3011,0.0625941,-0.298317,-0.00314159,0.350287,0.473866,0.00010929,0.00208621,6
10.3032,0.061929,-0.288793,-0,0.316867,0.423208,0.000505172,0.00208146,9
10.3053,0.0612639,-0.283751,-0,0.289983,0.334199,0.000113057,0.00208274,6
10.3074,0.0607466,-0.285432,-0,0.268234,0.241497,0.000107156,0.00208692,6
10.3095,0.0601554,-0.278709,-0,0.25134,0.197737,0.000108338,0.00208626,6
10.3116,0.0595642,-0.270866,-0,0.240141,0.180204,0.000633076,0.00208772,9
10.3137,0.0588991,-0.270866,-0,0.236601,0.163939,0.000254434,0.00208286,3
10.3158,0.0584557,-0.269186,-0,0.243803,0.196402,0.000110061,0.00208391,6
10.3179,0.0579384,-0.256301,-0,0.222468,0.157845,0.000110472,0.00208025,6
10.32,0.0574211,-0.262463,-0,0.197976,0.0382919,0.000107015,0.00208725,6
10.3221,0.0568298,-0.256301,-0,0.172569,-0.0406471,0.000353706,0.0020864,9
10.3242,0.0562386,-0.246217,-0,0.149331,-0.0969931,0.000108819,0.00208412,6
10.3263,0.0557952,-0.247897,-0,0.132188,-0.171482,0.00010936,0.00208572,6
10.3284,0.0552779,-0.241175,-0,0.125904,-0.173637,0.000152458,0.00208749,6
10.3305,0.0547606,-0.242855,-0,0.136087,-0.14196,0.000478033,0.00208622,9
10.3326,0.0542433,-0.241175,-0,0.125701,-0.17828,0.000113007,0.00208315,6
10.3347,0.0537999,-0.238374,-0,0.122087,-0.183904,0.000108608,0.00208715,6
10.3368,0.0532826,-0.236693,-0,0.129171,-0.152175,0.00010917,0.00208636,6
10.3389,0.0528392,-0.22997,-0,0.107954,-0.212224,0.000608522,0.00208744,9
10.341,0.0521741,-0.233332,-0,0.0835349,-0.321938,0.000220012,0.00208319,3
10.3431,0.0518046,-0.233332,-0,0.057316,-0.42544,0.000110482,0.0020842,6
10.3452,0.0513612,-0.233332,-0,0.0309792,-0.529677,0.000110452,0.0020856,6
10.3473,0.0508439,-0.235012,-0,0.00648684,-0.633065,0.000107215,0.00208723,6
10.3494,0.0503266,-0.22997,-0,-0.0139183,-0.696288,0.000325024,0.0020863,9
10.3515,0.0498093,-0.236693,-0,-0.0277132,-0.776192,0.0001095,0.00208423,6
10.3536,0.0493658,-0.240054,-0,-0.0320943,-0.807031,0.000110322,0.00208551,6
10.3557,0.0488485,-0.240054,-0,-0.023978,-0.777342,0.000107075,0.00208772,6
10.3578,0.0484051,-0.235012,-0,-0,-0.667411,0.000455122,0.00208636,9
10.3599,0.0478878,-0.269186,-0,-0,-0.792586,0.000112806,0.00208426,6
10.362,0.0473705,-0.238374,-0,-0,-0.683385,0.000136269,0.00208581,6
10.3641,0.0468532,-0.244536,-0,-0,-0.707536,0.000112585,0.00208707,6
10.3662,0.0463359,-0.241175,-0,-0,-0.697339,0.000615754,0.00208129,9
10.3683,0.0457447,-0.244536,-0,-0,-0.711662,0.000168518,0.00208426,3
10.3704,0.0453752,-0.241175,0.00314159,-0.023978,-0.746665,0.000109871,0.0020853,7
10.3725,0.0448579,-0.238374,0.00314159,-0.0320943,-0.770102,0.000113066,0.00208097,7
10.3746,0.0443406,-0.244536,0.00314159,-0.0277132,-0.777188,0.000107997,0.00208748,7
10.3767,0.0438972,-0.241175,0.00314159,-0.0139183,-0.712983,0.000621354,0.00208574,10
10.3788,0.0432321,-0.241175,0.00314159,0.00648684,-0.635977,0.000258081,0.00208409,6
10.3809,0.0427887,-0.247897,0.00314159,0.0309792,-0.566472,0.000114749,0.00208309,7
10.383,0.0423453,-0.244536,0.00314159,0.057316,-0.453414,0.000108659,0.00208698,7
10.3851,0.0418279,-0.249578,0.00314159,0.0835349,-0.371397,0.00010978,0.00208608,7
10.3872,0.0413106,-0.242855,0.00628319,0.0839759,-0.299712,0.000692053,0.00208763,10
10.3893,0.0406455,-0.246217,0.00628319,0.0970767,-0.263281,0.000363173,0.00208297,6
10.3914,0.0402021,-0.244536,0.00628319,0.118352,-0.176,0.000112996,0.00208427,7
10.3935,0.0397587,-0.247897,0.00628319,0.143877,-0.09035,0.000118276,0.00208567,7
10.3956,0.0392414,-0.239494,0.00628319,0.170287,0.040904,0.000114239,0.00208713,7
10.3977,0.0387241,-0.247897,0.00942478,0.170801,0.0583227,0.000136239,0.00208609,7
10.3998,0.0382807,-0.241175,0.00942478,0.183017,0.128499,0.000464669,0.00208718,13
10.4019,0.0376895,-0.233332,0.00942478,0.201887,0.228087,0.000121752,0.00208303,7
10.404,0.0372461,-0.235012,0.00942478,0.223207,0.303418,0.00010914,0.00208699,7
10.4061,0.0368027,-0.22997,0.00942478,0.243612,0.399433,0.000112706,0.00208602,7
10.4082,0.0362854,-0.233332,0.00942478,0.260579,0.451476,0.000107937,0.0020874,7
10.4103,0.035842,-0.220446,0.00942478,0.272427,0.542446,0.000559722,0.00208657,10
10.4124,0.0352508,-0.218766,0.00942478,0.278314,0.569238,0.000233476,0.0020842,6
10.4145,0.0348813,-0.213724,0.00942478,0.278241,0.585761,0.000111363,0.00208316,7
10.4166,0.0344379,-0.213724,0.00942478,0.273048,0.563882,0.000111634,0.00207997,7
10.4187,0.0340683,-0.200839,0.00942478,0.264417,0.57536,0.000107617,0.00208706,7
10.4208,0.0336249,-0.199158,0.00942478,0.254872,0.542591,0.000631624,0.00208656,10
10.4229,0.0331076,-0.186273,0.00942478,0.247776,0.559498,0.000294168,0.00208423,6
10.425,0.032812,-0.17955,0.00942478,0.247335,0.580926,0.000112265,0.00208339,7
10.4271,0.0324425,-0.176189,0.00942478,0.215111,0.466156,0.000107336,0.00208702,7
10.4292,0.0321469,-0.168346,0.00942478,0.177044,0.345066,0.000110021,0.00208637,7
10.4313,0.0317774,-0.164985,0.00942478,0.135658,0.194607,0.000736515,0.00208713,10
10.4334,0.031334,-0.156581,0.00942478,0.0940355,0.0611388,0.000404759,0.0020832,6
10.4355,0.0310384,-0.154901,0.00942478,0.0558217,-0.0827483,0.000111574,0.00208453,7
10.4376,0.0308167,-0.150419,0.00942478,0.0252217,-0.186602,0.000111093,0.00208583,7
10.4397,0.0304472,-0.147058,0.00942478,0.00700124,-0.246826,0.000107857,0.00208721,7
10.4418,0.0301516,-0.142016,0.00942478,0.00648685,-0.231745,0.000111915,0.00208604,7
10.4439,0.029856,-0.140335,0.00942478,-0.0139183,-0.306265,0.000461723,0.00208748,13
10.446,0.0295604,-0.138654,0.00942478,-0.0277132,-0.355037,0.000112375,0.00208319,7
10.4481,0.0293387,-0.133612,0.00942478,-0.0320943,-0.354743,0.000108699,0.0020869,7
10.4502,0.0290431,-0.132492,0.00942478,-0.0239779,-0.320188,0.000111353,0.00208604,7
10.4523,0.0287475,-0.135293,0.00942478,-0,-0.237993,0.000111243,0.00208764,7
10.4544,0.0284519,-0.130811,0.00942478,-0,-0.22293,0.00055303,0.00208624,10
10.4565,0.0281563,-0.130811,0.00942478,-0,-0.22403,0.000228558,0.00208276,6
10.4586,0.0279346,-0.132492,0.00942478,-0,-0.230917,0.000112526,0.00208445,7
10.4607,0.027639,-0.125769,0.00942478,-0,-0.207771,0.000113187,0.00208579,7
10.4628,0.0274173,-0.125769,0.00942478,-0,-0.208596,0.000110592,0.00208706,7
10.4649,0.0271217,-0.12745,0.00942478,-0,-0.215758,0.000646711,0.00208613,10
10.467,0.0268261,-0.120727,0.00628319,0.023978,-0.146863,0.000317951,0.00208417,6
10.4691,0.0266044,-0.114565,0.00628319,0.0320944,-0.0938482,0.000112736,0.0020832,7
10.4712,0.0263826,-0.115685,0.00628319,0.0277132,-0.11578,0.00010943,0.0020869,7
10.4733,0.0261609,-0.117366,0.00628319,0.0139184,-0.1764,0.000111694,0.00208564,7
10.4754,0.0259392,-0.111204,0.00628319,-0.00648679,-0.234481,0.000731806,0.00208741,10
10.4775,0.0256436,-0.1028,0.00628319,-0.0309792,-0.300675,0.000398127,0.00208278,6
10.4796,0.0254958,-0.106162,0.00628319,-0.057316,-0.415934,0.000111934,0.00208438,7
10.4817,0.0252741,-0.10112,0.00314159,-0.0595569,-0.454952,0.000112505,0.00208537,7
10.4838,0.0250524,-0.10112,0.00314159,-0.0758594,-0.519278,0.000108418,0.00208717,7
10.4859,0.0248307,-0.099439,0.00314159,-0.101458,-0.613751,0.000110251,0.00208635,7
10.488,0.024609,-0.099439,0.00314159,-0.132147,-0.734115,0.000509541,0.00208753,10
10.4901,0.0243873,-0.0966379,0.00314159,-0.164282,-0.850009,0.000139485,0.00208306,6
10.4922,0.0242395,-0.1028,0.00314159,-0.194779,-0.991577,0.000108568,0.00208673,7
10.4943,0.0240178,-0.104481,0.00314159,-0.221116,-1.10105,0.000110201,0.0020859,7
10.4964,0.0237961,-0.106162,0.00314159,-0.24133,-1.18667,0.000116222,0.00208748,7
10.4985,0.0235744,-0.117366,0.00314159,-0.254019,-1.27733,0.000554132,0.00208618,10
10.5006,0.0232788,-0.119047,0.00314159,-0.258342,-1.30133,0.000269723,0.00208284,6
10.5027,0.0230571,-0.119047,0.00314159,-0.254019,-1.28532,0.000112015,0.00208438,7
10.5048,0.0227615,-0.125769,0.00314159,-0.24133,-1.26124,0.000111724,0.00208581,7
10.5069,0.0225398,-0.130811,0.00314159,-0.221116,-1.20151,0.00010959,0.00208711,7
10.509,0.0222442,-0.135293,-0,-0.170801,-1.07044,0.000609153,0.00208642,10
10.5111,0.0218747,-0.138654,-0,-0.132187,-0.933535,0.00023005,0.00208413,3
10.5132,0.021653,-0.142016,-0,-0.104434,-0.838377,0.000111244,0.00208321,6
10.5153,0.0215052,-0.0445375,-0,-0.0875395,-0.421556,0.000107537,0.00208686,6
10.5174,0.0210618,-0.176189,-0,-0.0823463,-0.877795,0.000110332,0.00208618,6
10.5195,0.0207662,-0.145377,-0,-0.0905362,-0.799669,0.000328129,0.00208749,9
10.5216,0.0203967,-0.148738,-0,-0.114632,-0.907025,0.000111994,0.00207701,6
10.5237,0.020175,-0.145377,-0,-0.114514,-0.895268,0.000107056,0.00208683,6
10.5258,0.0198055,-0.148738,-0,-0.114441,-0.90848,0.000111264,0.00208609,6
10.5279,0.0195099,-0.151539,-0,-0.115253,-0.922845,0.000459038,0.00208734,9
10.53,0.0191403,-0.15322,-0,-0.118352,-0.942355,0.000111273,0.00208305,6
10.5321,0.0189186,-0.148738,-0,-0.125701,-0.95564,0.000106645,0.00208685,6
10.5342,0.018623,-0.15322,-0,-0.139822,-1.02791,0.000136509,0.00208281,6
10.5363,0.0182535,-0.148738,-0,-0.1638,-1.10652,0.000577014,0.00208745,9
10.5384,0.017884,-0.158262,-0,-0.157795,-1.11885,0.000159121,0.00208303,3
10.5405,0.0175884,-0.156581,-0,-0.146065,-1.0682,0.000111914,0.00207606,6
10.5426,0.0172928,-0.164985,-0,-0.129171,-1.0338,0.000107316,0.00208708,6
10.5447,0.0169233,-0.166665,-0,-0.107954,-0.958597,0.000110191,0.00208646,6
10.5468,0.0165538,-0.174508,-0,-0.0835349,-0.893144,0.000307732,0.00208774,9
10.5489,0.0161843,-0.17787,-0,-0.057316,-0.804516,0.000111193,0.00208318,6
10.551,0.0158148,-0.181231,-0,-0.0309792,-0.715429,0.000107205,0.00208702,6
10.5531,0.0154453,-0.181231,-0,-0.00648684,-0.621403,0.000110411,0.00208595,6
10.5552,0.0150758,-0.184592,0.00314159,-0.0100597,-0.601169,0.000503739,0.00208745,9
10.5573,0.0146324,-0.186273,0.00314159,-0.00438114,-0.586763,0.000140647,0.00208325,6
10.5594,0.0142629,-0.182912,0.00314159,0.00438114,-0.541885,0.000108468,0.00208667,7
10.5615,0.0138934,-0.184592,0.00314159,0.0100597,-0.527203,0.000110672,0.00208581,7
10.5636,0.0135239,-0.186273,0.00314159,0.00648684,-0.548557,0.000106995,0.00208727,7
10.5657,0.0131544,-0.187394,0.00314159,0.0309792,-0.458572,0.000574088,0.00208638,10
10.5678,0.0126371,-0.186273,0.00314159,0.057316,-0.35387,0.000267178,0.00208423,6
10.5699,0.0122676,-0.194116,0.00314159,0.0835349,-0.281406,0.000114268,0.00208312,7
10.572,0.0118981,-0.192435,0.00628319,0.0839759,-0.227355,0.000109029,0.00208702,7
10.5741,0.0115286,-0.194116,0.00628319,0.0970767,-0.183762,0.000110983,0.00208603,7
10.5762,0.011159,-0.187394,0.00628319,0.118352,-0.0780212,0.000670504,0.00208767,10
10.5783,0.0106417,-0.187394,0.00628319,0.143877,0.0194762,0.000325785,0.00208279,6
10.5804,0.0103461,-0.184592,0.00628319,0.170287,0.131351,0.000122434,0.00208452,7
10.5825,0.00997663,-0.184592,0.00628319,0.194779,0.225377,0.000108679,0.00208569,7
10.5846,0.00960713,-0.181231,0.00628319,0.215111,0.315319,0.0001096,0.00208622,7
10.5867,0.00923762,-0.174508,0.00628319,0.2296,0.394626,0.000108889,0.0020874,7
10.5888,0.00886812,-0.172828,0.00942478,0.213147,0.382873,0.000428943,0.00208624,13
10.5909,0.00842471,-0.168346,0.00942478,0.205031,0.365772,0.000110191,0.00208435,7
10.593,0.00812911,-0.164985,0.00942478,0.201887,0.364549,0.000110832,0.00208579,7
10.5951,0.0078335,-0.159943,0.00942478,0.201193,0.37893,0.000108038,0.00208719,7
10.5972,0.007464,-0.150419,0.00942478,0.201266,0.412189,0.000111614,0.00208612,7
10.5993,0.00716839,-0.148738,0.00942478,0.201266,0.41715,0.000531982,0.00208743,10
10.6014,0.00679889,-0.145377,0.00942478,0.201193,0.427611,0.000172475,0.00208302,6
10.6035,0.00657719,-0.135293,0.00942478,0.201887,0.465858,0.000137632,0.0020864,7
10.6056,0.00628158,-0.12745,0.00942478,0.20503,0.50529,0.000112696,0.00208601,7
10.6077,0.00605988,-0.125769,0.00942478,0.213147,0.542141,0.00010925,0.0020874,7
10.6098,0.00576428,-0.117366,0.00942478,0.2296,0.635435,0.000609893,0.00208635,10
10.6119,0.00546867,-0.117366,0.00942478,0.215111,0.577898,0.000274621,0.00208417,6
10.614,0.00524697,-0.111204,0.00942478,0.194779,0.520103,0.000114399,0.00208302,7
10.6161,0.00509917,-0.1028,0.00942478,0.170287,0.454459,0.00010994,0.0020869,7
10.6182,0.00487746,-0.0932766,0.00942478,0.143877,0.38511,0.00010971,0.00208631,7
10.6203,0.00465576,-0.0932766,0.00942478,0.118352,0.284862,0.000686965,0.00208747,10
10.6224,0.00443406,-0.0831926,0.00942478,0.0970766,0.237535,0.00038885,0.00208276,6
10.6245,0.00428626,-0.0831926,0.00942478,0.0839758,0.185955,0.000112445,0.00208324,7
10.6266,0.00413845,-0.0770302,0.00942478,0.0835349,0.205913,0.000108398,0.00208704,7
10.6287,0.00399065,-0.0736689,0.00942478,0.057316,0.115359,0.000111173,0.00207995,7
10.6308,0.00384285,-0.0719882,0.00942478,0.0309792,0.0182844,0.000108267,0.002087,7
10.6329,0.00369505,-0.0686269,0.00942478,0.00648685,-0.0655441,0.000440284,0.00208631,13
10.635,0.00354725,-0.0652656,0.00942478,-0.0139183,-0.133452,0.000111193,0.00208403,7
10.6371,0.00339944,-0.0624645,0.00942478,-0.0277132,-0.177633,0.000138473,0.00208561,7
10.6392,0.00332554,-0.0540612,0.00942478,-0.0320943,-0.164666,0.00010983,0.00208729,7
10.6413,0.00317774,-0.0557419,0.00942478,-0.0239779,-0.139663,0.000116172,0.00208621,7
10.6434,0.00310384,-0.0540612,0.00942478,-0,-0.0404793,0.000522515,0.0020875,10
10.6455,0.00295604,-0.0506999,0.00942478,-0,-0.0289065,0.00017514,0.00208279,6
10.6476,0.00288214,-0.0473386,0.00942478,-0,-0.0170586,0.000112306,0.00208618,7
10.6497,0.00273434,-0.0490192,0.00628319,0.023978,0.0220796,0.000112916,0.00208535,7
10.6518,0.00266044,-0.0394955,0.00628319,0.0320944,0.0877674,0.000108227,0.00208743,7
10.6539,0.00258653,-0.0456579,0.00628319,0.0277132,0.0482017,0.000618961,0.00208648,10
10.656,0.00251263,-0.0344535,0.00628319,0.0139184,0.0346033,0.000289629,0.00208418,6
10.6581,0.00243873,-0.0344535,0.00628319,-0.00648679,-0.045153,0.000119087,0.00208308,7
10.6602,0.00236483,-0.0310922,0.00314159,-0.00700117,-0.0829569,0.000107666,0.00208723,7
10.6623,0.00229093,-0.0310922,0.00314159,-0.0252216,-0.154204,0.0001098,0.0020861,7
10.6644,0.00229093,-0.0249298,0.00314159,-0.0558217,-0.25117,0.000728741,0.0020876,10
10.6665,0.00221703,-0.0266104,0.00314159,-0.0940354,-0.406355,0.000376006,0.00208288,6
10.6686,0.00214313,-0.0148458,0.00314159,-0.135658,-0.526325,0.000112175,0.00208326,7
10.6707,0.00214313,-0.00980385,0.00314159,-0.177044,-0.669347,0.000135136,0.00208706,7
10.6728,0.00206923,-0.0198878,0.00314159,-0.215111,-0.854267,0.000110401,0.00208628,7
10.6749,0.00206923,-0.0165265,0.00314159,-0.247335,-0.967662,0.000108839,0.00208765,7
10.677,0.00206923,-0.0114845,-0,-0.247776,-0.998843,0.000412583,0.00208636,10
10.6791,0.00199533,-0.0266104,-0,-0.254872,-1.08131,0.00010948,0.00208385,6
10.6812,0.00192143,-0.0198878,-0,-0.264417,-1.09452,0.000108798,0.00208572,6
10.6833,0.00192143,-0.0232491,-0,-0.273048,-1.14026,0.000106414,0.0020875,6
10.6854,0.00184752,-0.0266104,-0,-0.278241,-1.17289,0.00053098,0.00208592,9
10.6875,0.00177362,-0.0378148,-0,-0.278314,-1.21386,0.000109399,0.00208406,3
10.6896,0.00169972,-0.0378148,-0,-0.272427,-1.1912,0.000109941,0.00208583,6
10.6917,0.00162582,-0.0378148,-0,-0.260579,-1.14533,0.000106735,0.00208734,6
10.6938,0.00147802,-0.0490192,-0,-0.243612,-1.1202,0.000660326,0.00208615,6
10.6959,0.00140412,-0.0557419,-0,-0.223206,-1.06524,0.000270514,0.00208418,3
10.698,0.00125632,-0.0607838,-0,-0.201887,-1.00093,0.000111022,0.00208308,6
10.7001,0.00118242,-0.0624645,-0,-0.183017,-0.933762,0.000107135,0.00208683,6
10.7022,0.00103461,-0.0686269,-0,-0.170801,-0.908957,0.000110061,0.00208584,6
10.7043,0.000886812,-0.0719882,-0,-0.170287,-0.919626,0.000381246,0.0020874,9
10.7064,0.000665109,-0.0703076,-0,-0.143877,-0.811518,0.000141478,0.00208295,6
10.7085,0.000591208,-0.0719882,-0,-0.118352,-0.718431,0.000111974,0.00208561,6
10.7106,0.000443407,-0.0770302,-0,-0.0970767,-0.654296,0.000107517,0.00208733,6
10.7127,0.000221703,-0.0753496,-0,-0.0839758,-0.59803,0.000504371,0.00208602,9
10.7148,7.39014e-05,-0.0787109,-0,-0.0835349,-0.608986,0.000108999,0.00207681,6
10.7169,-7.38998e-05,-0.0787109,-0,-0.057316,-0.507409,0.000112035,0.00208514,6
10.719,-0.000221703,-0.0770302,-0,-0.0309792,-0.399312,0.000106775,0.00208714,6
10.7211,-0.000369504,-0.0753496,-0,-0.00648684,-0.298399,0.000707622,0.00208618,9
10.7232,-0.000591208,-0.0736689,-0,0.0139183,-0.213682,0.000266226,0.00208398,3
10.7253,-0.000739009,-0.0753496,-0,0.0277132,-0.16656,0.000113778,0.00208308,6
10.7274,-0.000886812,-0.0703076,-0,0.0320943,-0.131861,0.000107016,0.00208695,6
10.7295,-0.000960712,-0.0719882,-0,0.023978,-0.169812,0.000110221,0.00208594,6
10.7316,-0.00110851,-0.0652656,-0,-0,-0.239514,0.000384663,0.00208776,9
10.7337,-0.00125632,-0.0591032,-0,-0,-0.217839,0.000115421,0.0020769,6
10.7358,-0.00140412,-0.0607838,-0,-0,-0.22445,0.00010944,0.00208681,6
10.7379,-0.00155192,-0.0591032,-0,-0,-0.218939,0.000110752,0.00208632,6
10.74,-0.00162582,-0.0591032,-0,-0,-0.219214,0.000543833,0.00208743,9
10.7421,-0.00177362,-0.0607838,-0,-0,-0.225826,0.000113988,0.00208276,6
10.7442,-0.00184752,-0.0506999,-0,-0,-0.189732,0.000110372,0.00208702,6
10.7463,-0.00199533,-0.0557419,-0,-0,-0.208467,0.000111473,0.00208627,6
10.7484,-0.00206923,-0.0523805,-0,-0,-0.196619,0.000596269,0.00208342,9
10.7505,-0.00221703,-0.0473386,-0,-0,-0.178985,0.000287495,0.00208298,3
10.7526,-0.00229093,-0.0506999,-0,-0,-0.191383,0.000130619,0.00208297,6
10.7547,-0.00243873,-0.0506999,-0,-0,-0.191933,0.000110281,0.00208704,6
10.7568,-0.00251263,-0.0473386,-0,-0,-0.180085,0.000111514,0.00208635,6
10.7589,-0.00258653,-0.0523805,-0,-0,-0.198545,0.000327297,0.00208757,9
10.761,-0.00273434,-0.0473386,-0,-0,-0.18091,0.000114399,0.00208316,6
10.7631,-0.00280824,-0.0456579,-0,-0,-0.175124,0.000110451,0.00208688,6
10.7652,-0.00288214,-0.0456579,-0,-0,-0.175399,0.000111414,0.00208583,6
10.7673,-0.00295604,-0.0445375,-0,-0,-0.171633,0.000486107,0.00208741,9
10.7694,-0.00310384,-0.0394955,-0,-0,-0.153999,0.00011485,0.00208287,6
10.7715,-0.00317774,-0.0344535,-0.00314159,0.023978,-0.0903398,0.000107857,0.002087,6
10.7736,-0.00325164,-0.0456579,-0.00314159,0.0320943,-0.0994103,0.000140246,0.00208597,6
10.7757,-0.00332554,-0.0361342,-0.00314159,0.0277132,-0.0824022,0.000108478,0.00208752,6
10.7778,-0.00332554,-0.0310922,-0.00314159,0.0139183,-0.117951,0.000402565,0.00208632,9
10.7799,-0.00339944,-0.0294115,-0.00314159,-0.00648684,-0.191646,0.00010954,0.00208437,6
10.782,-0.00347335,-0.0182071,-0.00314159,-0.0309792,-0.246912,0.000109811,0.00208551,6
10.7841,-0.00354725,-0.0249298,-0.00314159,-0.057316,-0.374019,0.000107747,0.0020872,6
10.7862,-0.00354725,-0.0131652,-0.00314159,-0.0835349,-0.433716,0.000111113,0.00208613,6
10.7883,-0.00354725,-0.0198878,-0.00314159,-0.107954,-0.553077,0.000386426,0.00208763,9
10.7904,-0.00362115,-0.0165265,-0.00314159,-0.129171,-0.623873,0.000110462,0.00208304,6
10.7925,-0.00362115,-0.0148458,-0.00314159,-0.146065,-0.683617,0.000112776,0.00208565,6
10.7946,-0.00369505,-0.0148458,-0.00314159,-0.157795,-0.729582,0.000107726,0.00208731,6
10.7967,-0.00369505,-0.0182071,-0.00314159,-0.1638,-0.765096,0.000108679,0.00208218,6
10.7988,-0.00369505,-0.0148458,-0.00314159,-0.1638,-0.752973,0.000378912,0.00208752,9
10.8009,-0.00376895,-0.0148458,-0.00314159,-0.157795,-0.729857,0.000112054,0.00208319,6
10.803,-0.00376895,-0.0198878,-0.00314159,-0.146065,-0.702351,0.000106595,0.00208681,6
10.8051,-0.00384285,-0.0232491,-0.00628319,-0.105193,-0.603195,0.00010964,0.00208634,6
10.8072,-0.00384285,-0.0249298,-0.00628319,-0.0758595,-0.494998,0.000107616,0.0020874,6
10.8093,-0.00391675,-0.0198878,-0.00628319,-0.0558217,-0.399038,0.000387829,0.00208652,9
10.8114,-0.00399065,-0.0232491,-0.00628319,-0.0433977,-0.363043,0.000110011,0.00208436,6
10.8135,-0.00399065,-0.0249298,-0.00628319,-0.037466,-0.345999,0.000110963,0.00208576,6
10.8156,-0.00406455,-0.0232491,-0.00628319,-0.0374661,-0.340213,0.000107937,0.00208742,6
10.8177,-0.00413845,-0.0182071,-0.00628319,-0.0433977,-0.345408,0.00010953,0.00208628,6
10.8198,-0.00413845,-0.0198878,-0.00628319,-0.0558217,-0.399863,0.000376708,0.00208747,9
10.8219,-0.00421235,-0.0215685,-0.00628319,-0.0758595,-0.48425,0.000112115,0.00208313,6
10.824,-0.00421235,-0.0198878,-0.00628319,-0.105193,-0.592447,0.000107396,0.00208722,6
10.8261,-0.00428626,-0.0165265,-0.00628319,-0.146065,-0.739802,0.000108989,0.00208611,6
10.8282,-0.00428626,-0.0148458,-0.00628319,-0.157795,-0.779431,0.000106434,0.00208758,6
10.8303,-0.00428626,-0.0114845,-0.00942478,-0.139822,-0.744949,0.0004769,0.00208641,9
10.8324,-0.00436016,-0.0165265,-0.00942478,-0.131706,-0.731794,0.000117575,0.00208438,6
10.8345,-0.00436016,-0.0148458,-0.00942478,-0.130082,-0.719407,0.000108459,0.00208567,6
10.8366,-0.00443406,-0.0182071,-0.00942478,-0.132147,-0.739848,0.000110382,0.00208617,6
10.8387,-0.00443406,-0.0182071,-0.00942478,-0.135658,-0.753524,0.000108218,0.0020815,6
10.8408,-0.00450796,-0.0198878,-0.00942478,-0.138933,-0.772618,0.000399729,0.00208618,9
10.8429,-0.00458186,-0.0249298,-0.00942478,-0.140851,-0.798548,0.000138593,0.00208435,6
10.845,-0.00458186,-0.0232491,-0.00942478,-0.140851,-0.792487,0.000112907,0.00208549,6
10.8471,-0.00465576,-0.0266104,-0.00942478,-0.138933,-0.797414,0.000107707,0.00208727,6
10.8492,-0.00472966,-0.0266104,-0.00942478,-0.135658,-0.784932,0.00010953,0.0020862,6
10.8513,-0.00472966,-0.0277309,-0.00942478,-0.132147,-0.775297,0.00047658,0.00208744,9
10.8534,-0.00480356,-0.0277309,-0.00942478,-0.130082,-0.767529,0.000112666,0.00208316,6
10.8555,-0.00487746,-0.0327729,-0.00942478,-0.131706,-0.792314,0.000108859,0.00208711,6
10.8576,-0.00495136,-0.0361342,-0.00942478,-0.139822,-0.836326,0.00010958,0.00208621,6
10.8597,-0.00495136,-0.00532209,-0.00942478,-0.157795,-0.795206,0.000107446,0.00208748,6
10.8618,-0.00502527,-0.00532209,-0.00942478,-0.146065,-0.749791,0.000400641,0.0020865,9
10.8639,-0.00502527,-0.0523805,-0.00942478,-0.129171,-0.853708,0.00010964,0.00208434,6
10.866,-0.00517307,-0.081512,-0.00942478,-0.107954,-0.87668,0.00010978,0.00208575,6
10.8681,-0.00539477,-0.0932766,-0.00942478,-0.0835349,-0.82482,0.000107937,0.00208713,6
10.8702,-0.00546867,-0.0490192,-0.00942478,-0.057316,-0.563349,0.000108388,0.00208621,6
10.8723,-0.00561647,-0.0490192,-0.00942478,-0.0309792,-0.461314,0.000473845,0.00208746,9
10.8744,-0.00569037,-0.0523805,-0.00942478,-0.00648685,-0.37831,0.000110442,0.00208326,6
10.8765,-0.00583818,-0.0506999,-0.00942478,0.0139183,-0.293318,0.000138313,0.00208589,6
10.8786,-0.00591208,-0.0506999,-0.00942478,0.0277132,-0.23986,0.000108428,0.00208741,6
10.8807,-0.00598598,-0.0540612,-0.00942478,0.0320943,-0.235193,0.000112024,0.00208631,6
10.8828,-0.00613378,-0.0490192,-0.00942478,0.0239779,-0.249173,0.000403747,0.00208655,9
10.8849,-0.00620768,-0.0428568,-0.00942478,-0,-0.32062,0.000114599,0.00208323,6
10.887,-0.00628158,-0.0411762,-0.00942478,-0,-0.314834,0.000111143,0.00208667,6
10.8891,-0.00635548,-0.0394955,-0.00942478,-0,-0.309047,0.000112866,0.00208582,6
10.8912,-0.00642938,-0.0344535,-0.00942478,-0,-0.291138,0.000109851,0.00208719,6
10.8933,-0.00650328,-0.0378148,-0.00942478,-0,-0.303536,0.00047617,0.00208615,9
10.8954,-0.00665109,-0.0344535,-0.00942478,-0,-0.291963,0.000113266,0.00208408,6
10.8975,-0.00665109,-0.0344535,-0.00942478,-0,-0.291963,0.000112385,0.00208572,6
10.8996,-0.00672499,-0.0394955,-0.00942478,-0,-0.310423,0.00010977,0.00208733,6
10.9017,-0.00679889,-0.0327729,-0.00942478,-0,-0.286452,0.000114108,0.00208609,6
10.9038,-0.00687279,-0.0277309,-0.00942478,-0,-0.268543,0.000402675,0.00208715,9
10.9059,-0.00694669,-0.0344535,-0.00942478,-0,-0.293064,0.000114629,0.00208289,6
10.908,-0.00702059,-0.0266104,-0.00942478,-0,-0.265052,0.000111594,0.00208693,6
10.9101,-0.00709449,-0.0294115,-0.00942478,-0,-0.27543,0.000142089,0.00208594,6
10.9122,-0.00716839,-0.0294115,-0.00942478,-0,-0.275705,0.000110682,0.00208712,6
10.9143,-0.00716839,-0.0310922,-0.00942478,-0,-0.281766,0.000474746,0.00208645,9
10.9164,-0.00724229,-0.0266104,-0.00942478,-0,-0.265877,0.000160193,0.0020842,6
10.9185,-0.0073162,-0.0249298,-0.00942478,-0,-0.260091,0.000110832,0.00208465,6
10.9206,-0.0073162,-0.0232491,-0.00942478,-0,-0.254029,0.000114559,0.00208592,6
10.9227,-0.0073901,-0.0266104,-0.00942478,-0,-0.266427,0.00010976,0.00208727,6
10.9248,-0.007464,-0.0198878,-0.00942478,-0,-0.242457,0.000402606,0.0020864,9
10.9269,-0.007464,-0.0198878,-0.00942478,-0,-0.242457,0.000112816,0.00208417,6
10.929,-0.0075379,-0.0148458,-0.00942478,-0,-0.224547,0.000114819,0.00208523,6
10.9311,-0.0075379,-0.0182071,-0.00942478,-0,-0.23667,0.00010954,0.00208697,6
10.9332,-0.0075379,-0.0131652,-0.00942478,-0,-0.218486,0.000110843,0.00208568,6
10.9353,-0.0076118,-0.0131652,-0.00942478,-0,-0.218761,0.000473073,0.00208761,9
10.9374,-0.0076118,-0.0114845,-0.00942478,-0,-0.212699,0.000115271,0.00208284,6
10.9395,-0.0076118,-0.00980385,-0.00942478,-0,-0.206638,0.000110292,0.00208678,6
10.9416,-0.0076857,-0.00980385,-0.00942478,-0,-0.206913,0.000112175,0.00208009,6
10.9437,-0.0076857,-0.00532209,-0.00942478,-0,-0.190749,0.000134876,0.00208716,6
10.9458,-0.0076857,-0.00868341,-0.00942478,-0,-0.202872,0.000406472,0.00208599,9
10.9479,-0.0076857,-0.00196077,-0.00942478,-0,-0.178626,0.000113898,0.00208416,6
10.95,-0.0076857,-0.00364143,-0.00942478,-0,-0.184688,0.000113296,0.00208562,6
10.9521,-0.0076857,0.00476187,-0.00942478,-0,-0.15438,0.000111063,0.00208709,6
10.9542,-0.0076857,0.00308121,-0.00942478,-0,-0.160442,0.000110893,0.00208626,6
10.9563,-0.0076857,-0.00028011,-0.00942478,-0,-0.172565,0.000476109,0.00208745,9
10.9584,-0.0076857,-0.00196077,-0.00942478,-0,-0.178626,0.000112756,0.00208306,6
10.9605,-0.0076857,0.00140055,-0.00942478,-0,-0.166503,0.000112886,0.00208575,6
10.9626,-0.0076857,-0.00028011,-0.0125664,0.0239779,-0.126815,0.000107607,0.00208714,6
10.9647,-0.0076857,-0.00364143,-0.0125664,0.0320943,-0.107324,0.000111053,0.00208622,6
10.9668,-0.0076857,-0.00196077,-0.0125664,0.0277131,-0.118327,0.000419406,0.00208744,9
10.9689,-0.0076857,0.00140055,-0.0125664,0.0139183,-0.159937,0.000110572,0.00208326,6
10.971,-0.0076857,0.00308121,-0.0125664,-0.00648689,-0.233357,0.000108008,0.00208683,6
10.9731,-0.0076857,-0.00028011,-0.0125664,-0.0309793,-0.340882,0.000110211,0.00208586,6
10.9752,-0.0076857,-0.00028011,-0.0125664,-0.0573161,-0.443468,0.000107046,0.00208731,6
10.9773,-0.0076857,0.00140055,-0.0125664,-0.083535,-0.539533,0.000479045,0.00208666,9
10.9794,-0.0076857,-0.00364143,-0.0125664,-0.107954,-0.652833,0.000110262,0.00208405,6
10.9815,-0.0076857,-0.00028011,-0.0125664,-0.129171,-0.723354,0.000111253,0.00208539,6
10.9836,-0.0076857,-0.00196077,-0.0125664,-0.146065,-0.79522,0.000108238,0.00208713,6
10.9857,-0.0076857,-0.00196077,-0.0125664,-0.157795,-0.84091,0.00010979,0.00208634,6
10.9878,-0.0076857,-0.00196077,-0.0125664,-0.1638,-0.864301,0.000430857,0.00208747,9
10.9899,-0.0077596,-0.00532209,-0.0125664,-0.1638,-0.876699,0.000113377,0.00208285,6
10.992,-0.0077596,-0.00980385,-0.0125664,-0.157795,-0.869472,0.000107826,0.00208699,6
10.9941,-0.0077596,-0.00868341,-0.0125664,-0.146065,-0.819741,0.000109119,0.00208615,6
10.9962,-0.0077596,-0.0148458,-0.0125664,-0.129171,-0.776161,0.000107286,0.00208751,6
10.9983,-0.0078335,-0.0182071,-0.0125664,-0.107954,-0.705915,0.000462214,0.00208645,9
11.0004,-0.0078335,-0.0148458,-0.0125664,-0.083535,-0.598677,0.000122002,0.00208403,6
11.0025,-0.0078335,-0.0131652,-0.0125664,-0.0573161,-0.490489,0.000107536,0.00208547,6
11.0046,-0.0079074,-0.0215685,-0.0125664,-0.0309793,-0.418486,0.000108709,0.00208624,6
11.0067,-0.0079813,-0.0198878,-0.0125664,-0.00648688,-0.317298,0.000107276,0.00208737,6
11.0088,-0.0079813,-0.0148458,-0.0125664,0.0139183,-0.219632,0.000436437,0.00208639,9
11.0109,-0.0080552,-0.0215685,-0.0125664,0.0277132,-0.19042,0.000108709,0.00208428,6
11.013,-0.0080552,-0.0148458,-0.0125664,0.0320943,-0.149109,0.000128304,0.00208404,6
11.0151,-0.0080552,-0.00868341,-0.0125664,0.023978,-0.158498,0.000108628,0.00208683,6
11.0172,-0.0080552,-0.00868341,-0.0125664,-0,-0.251896,0.000122714,0.00208581,6
11.0193,-0.00812911,-0.00700275,-0.0125664,-0,-0.246109,0.000467854,0.00208682,9
11.0214,-0.00812911,-0.00364143,-0.0125664,-0,-0.233986,0.000122043,0.00208292,6
11.0235,-0.00812911,-0.00196077,-0.0125664,-0,-0.227925,0.000112876,0.00208649,6
11.0256,-0.00812911,0.00140055,-0.0125664,-0,-0.215802,0.000113147,0.00208575,6
11.0277,-0.00812911,0.00308121,-0.0125664,-0,-0.20974,0.00010959,0.0020874,6
11.0298,-0.00812911,0.00476187,-0.0125664,-0,-0.203679,0.00043825,0.00208628,9
11.0319,-0.00812911,0.00140055,-0.0125664,-0,-0.215802,0.00011996,0.00208386,6
11.034,-0.00812911,-0.00196077,-0.0125664,-0,-0.227925,0.000116302,0.00208511,6
11.0361,-0.00812911,0.00140055,-0.0125664,-0,-0.215802,0.000110462,0.00208702,6
11.0382,-0.00812911,0.00308121,-0.0125664,-0,-0.20974,0.000119779,0.00208589,6
11.0403,-0.00812911,0.00140055,-0.0125664,-0,-0.215802,0.000464017,0.0020874,9
11.0424,-0.00812911,-0.00028011,-0.0125664,-0,-0.221863,0.000113006,0.00208277,6
11.0445,-0.00812911,-0.00196077,-0.0125664,-0,-0.227925,0.000122684,0.00207763,6
11.0466,-0.00812911,-0.00028011,-0.0125664,-0,-0.221863,0.000130108,0.00208665,6
11.0487,-0.00812911,-0.00364143,-0.0125664,-0,-0.233986,0.000113046,0.00208589,6
11.0508,-0.00812911,-0.00028011,-0.0125664,-0,-0.221863,0.000446015,0.00208722,9
11.0529,-0.00812911,-0.00196077,-0.0125664,-0,-0.227925,0.000115911,0.00208272,6
11.055,-0.00812911,0.00308121,-0.0125664,-0,-0.20974,0.000111274,0.00208651,6
11.0571,-0.00812911,0.00476187,-0.0125664,-0,-0.203679,0.000111794,0.00208581,6
11.0592,-0.00812911,-0.00028011,-0.0125664,-0,-0.221863,0.000109971,0.00208729,6
11.0613,-0.00812911,0.00140055,-0.0125664,-0,-0.215802,0.0004596,0.00208613,9
11.0634,-0.00812911,0.00308121,-0.0125664,-0,-0.20974,0.00011475,0.00208366,6
11.0655,-0.00812911,-0.00532209,-0.0125664,-0,-0.240048,0.000117404,0.00208541,6
11.0676,-0.00812911,-0.00196077,-0.0125664,-0,-0.227925,0.000110322,0.00208718,6
11.0697,-0.00812911,-0.00196077,-0.0125664,-0,-0.227925,0.000113508,0.00208606,6
11.0718,-0.00812911,-0.00364143,-0.0125664,-0,-0.233986,0.000454089,0.00208735,9
11.0739,-0.00812911,-0.00028011,-0.0125664,-0,-0.221863,0.000120941,0.002083,6
11.076,-0.00812911,0.00140055,-0.0125664,-0,-0.215802,0.000109641,0.00208652,6
11.0781,-0.00812911,-0.00196077,-0.0125664,-0,-0.227925,0.000113527,0.00208573,6
11.0802,-0.00812911,-0.00028011,-0.0125664,-0,-0.221863,0.000127903,0.00208717,6
11.0823,-0.00812911,0.00140055,-0.0125664,-0,-0.215802,0.000464528,0.00208596,9
11.0844,-0.00812911,0.00308121,-0.0125664,-0,-0.20974,0.000141748,0.002084,6
11.0865,-0.00812911,-0.00028011,-0.0125664,-0,-0.221863,0.000110872,0.0020855,6
11.0886,-0.00812911,-0.00196077,-0.0125664,-0,-0.227925,0.000125359,0.00208602,6
11.0907,-0.00812911,-0.00196077,-0.0125664,-0,-0.227925,0.000110832,0.00208703,6
11.0928,-0.00812911,-0.00532209,-0.0125664,-0,-0.240048,0.000464197,0.00208595,9
11.0949,-0.00812911,-0.00196077,-0.0125664,-0,-0.227925,0.000112616,0.00208403,6
11.097,-0.00812911,-0.00196077,-0.0125664,-0,-0.227925,0.000112225,0.00208557,6
11.0991,-0.00812911,-0.00364143,-0.0125664,-0,-0.233986,0.000114689,0.00208671,6
11.1012,-0.00812911,-0.00028011,-0.0125664,-0,-0.221863,0.000119027,0.00208599,6
11.1033,-0.00812911,0.00308121,-0.0125664,-0,-0.20974,0.000462985,0.0020871,9
11.1054,-0.00812911,0.00140055,-0.0125664,-0,-0.215802,0.00012061,0.00208284,6
11.1075,-0.00812911,0.00140055,-0.0125664,-0,-0.215802,0.000109429,0.0020866,6
11.1096,-0.00812911,0.00140055,-0.0125664,-0,-0.215802,0.000113176,0.00208608,6
11.1117,-0.00812911,0.00140055,-0.0125664,-0,-0.215802,0.000109109,0.00208722,6
11.1138,-0.00812911,0.00308121,-0.0125664,-0,-0.20974,0.000484545,0.00208643,9
11.1159,-0.00812911,0.00140055,-0.0125664,-0,-0.215802,0.000113518,0.00208391,6
11.118,-0.00812911,-0.00364143,-0.0125664,-0,-0.233986,0.00011501,0.00208526,6
11.1201,-0.00812911,-0.00028011,-0.0125664,-0,-0.221863,0.000109931,0.00208721,6
11.1222,-0.00812911,0.00308121,-0.0125664,-0,-0.20974,0.00011511,0.00208628,6
11.1243,-0.00812911,-0.00196077,-0.0125664,-0,-0.227925,0.000474857,0.00208723,9
11.1264,-0.00812911,-0.00028011,-0.0125664,-0,-0.221863,0.000111894,0.00208293,6
11.1285,-0.00812911,-0.00196077,-0.0125664,-0,-0.227925,0.00012091,0.00208555,6
11.1306,-0.00812911,-0.00196077,-0.0125664,-0,-0.227925,0.000145085,0.002087,6
11.1327,-0.00812911,-0.00364143,-0.0125664,-0,-0.233986,0.000114449,0.00208538,6
11.1348,-0.00812911,0.00476187,-0.0125664,-0,-0.203679,0.000485487,0.0020874,9
11.1369,-0.00812911,-0.00028011,-0.0125664,-0,-0.221863,0.000138283,0.00208271,6
11.139,-0.00812911,-0.00700275,-0.0125664,-0,-0.246109,0.000110702,0.0020868,6
11.1411,-0.00812911,-0.00196077,-0.0125664,-0,-0.227925,0.000112025,0.00208598,6
11.1432,-0.00812911,0.00140055,-0.0125664,-0,-0.215802,0.00010953,0.00208752,6
11.1453,-0.00812911,0.00308121,-0.0125664,-0,-0.20974,0.000477352,0.00208597,9
11.1474,-0.00812911,0.00476187,-0.0125664,-0,-0.203679,0.000122604,0.00208394,6
11.1495,-0.00812911,-0.00196077,-0.0125664,-0,-0.227925,0.000117104,0.00208545,6
11.1516,-0.00812911,-0.00028011,-0.0125664,-0,-0.221863,0.000112526,0.00208087,6
11.1537,-0.00812911,0.00140055,-0.0125664,-0,-0.215802,0.000114339,0.002086,6
11.1558,-0.00812911,-0.00028011,-0.0125664,-0,-0.221863,0.000489013,0.00208726,9
11.1579,-0.00812911,-0.00028011,-0.0125664,-0,-0.221863,0.000121713,0.00208278,6
11.16,-0.00812911,-0.00196077,-0.0125664,-0,-0.227925,0.000110772,0.00208679,6
11.1621,-0.00812911,-0.00028011,-0.0125664,-0,-0.221863,0.000114088,0.00208567,6
11.1642,-0.00812911,-0.00532209,-0.0125664,-0,-0.240048,0.000116382,0.00208682,6
11.1663,-0.00812911,-0.00028011,-0.0125664,-0,-0.221863,0.000485416,0.0020866,9
11.1684,-0.00812911,0.00308121,-0.0125664,-0,-0.20974,0.000126772,0.00207035,6
11.1705,-0.00812911,-0.00028011,-0.0125664,-0,-0.221863,0.000111293,0.00208531,6
11.1726,-0.00812911,-0.00196077,-0.0125664,-0,-0.227925,0.000117134,0.00208581,6
11.1747,-0.00812911,0.00308121,-0.0125664,-0,-0.20974,0.000113527,0.0020873,6
11.1768,-0.00812911,-0.00028011,-0.0125664,-0,-0.221863,0.000479195,0.00208618,9
11.1789,-0.00812911,0.00308121,-0.0125664,-0,-0.20974,0.000112836,0.00207956,6
11.181,-0.00812911,-0.00364143,-0.0125664,-0,-0.233986,0.000130719,0.00208565,6
11.1831,-0.00812911,0.00308121,-0.0125664,-0,-0.20974,0.000116813,0.00208694,6
11.1852,-0.00812911,-0.00364143,-0.0125664,-0,-0.233986,0.000119969,0.00208591,6
11.1873,-0.00812911,-0.00028011,-0.0125664,-0,-0.221863,0.000485306,0.00208725,9
11.1894,-0.00812911,-0.00028011,-0.0125664,-0,-0.221863,0.000122323,0.00208279,6
11.1915,-0.00812911,0.00140055,-0.0125664,-0,-0.215802,0.000117354,0.00208687,6
11.1936,-0.00812911,-0.00028011,-0.0125664,-0,-0.221863,0.000113577,0.00208552,6
11.1957,-0.00812911,0.00140055,-0.0125664,-0,-0.215802,0.000110492,0.00208735,6
11.1978,-0.00812911,-0.00028011,-0.0125664,-0,-0.221863,0.000490165,0.00208624,9
11.1999,-0.00812911,-0.00196077,-0.0125664,-0,-0.227925,0.000112235,0.00208408,3
11.202,-0.00812911,0.00140055,-0.00942478,-0.023978,-0.261552,0.000111393,0.00208544,6
11.2041,-0.00812911,0.00140055,-0.00942478,-0.0320944,-0.293166,0.000107176,0.00208702,6
11.2062,-0.00812911,0.00140055,-0.00942478,-0.0277132,-0.276101,0.000112005,0.00208558,6
11.2083,-0.00812911,0.00140055,-0.00942478,-0.0139184,-0.222368,0.000517405,0.00208752,9
11.2104,-0.00812911,-0.00196077,-0.00942478,0.0064868,-0.15501,0.000141107,0.00208288,3
11.2125,-0.00812911,0.00644253,-0.00942478,0.0309792,-0.0293005,0.000110322,0.00208525,6
11.2146,-0.00812911,0.00140055,-0.00942478,0.057316,0.055101,0.000124177,0.00208734,6
11.2167,-0.00812911,-0.00028011,-0.00942478,0.0835349,0.151166,0.000108558,0.00208625,6
11.2188,-0.00812911,-0.00364143,-0.00942478,0.107954,0.234158,0.000511264,0.00208725,9
11.2209,-0.00812911,0.00140055,-0.00942478,0.129171,0.334987,0.000134035,0.00208304,3
11.223,-0.00812911,-0.00028011,-0.00942478,0.146065,0.39473,0.000109109,0.00208647,6
11.2251,-0.0080552,0.00644253,-0.00942478,0.157795,0.464941,0.000111103,0.00208587,6
11.2272,-0.0080552,-0.00196077,-0.00942478,0.1638,0.458025,0.000107105,0.00208318,6
11.2293,-0.0080552,0.00476187,-0.00942478,0.1638,0.482271,0.00051489,0.00208624,9
11.2314,-0.0080552,0.00644253,-0.00942478,0.157795,0.464941,0.000138103,0.00208408,3
11.2335,-0.0080552,0.00476187,-0.00942478,0.146065,0.41319,0.000110502,0.00208522,6
11.2356,-0.0080552,0.0142856,-0.00942478,0.129171,0.381733,0.000106645,0.00208723,6
11.2377,-0.0079813,0.00924363,-0.00942478,0.107954,0.28118,0.000110952,0.00208614,6
11.2398,-0.0079813,0.0109243,-0.00942478,0.0835349,0.192126,0.000521532,0.00208748,9
11.2419,-0.0079813,0.00924363,-0.00942478,0.057316,0.0839381,0.00013184,0.00208284,3
11.244,-0.0079074,0.00812319,-0.00628319,0.00700125,-0.0681633,0.000108057,0.00208669,6
11.2461,-0.0079074,0.0126049,-0.00628319,-0.0256075,-0.179015,0.000111523,0.00208568,6
11.2482,-0.0079074,0.00924363,-0.00628319,-0.0416315,-0.253554,0.00012563,0.00208726,6
11.2503,-0.0079074,0.00924363,-0.00628319,-0.0416315,-0.253554,0.000557087,0.00208617,9
11.2524,-0.0078335,0.00140055,-0.00628319,-0.0256075,-0.21915,0.000176863,0.00206996,3
11.2545,-0.0078335,0.00140055,-0.00628319,0.00700125,-0.0921342,0.000112586,0.00208497,6
11.2566,-0.0078335,-0.00532209,-0.00628319,0.057316,0.0796035,0.000113277,0.00207965,6
11.2587,-0.0078335,0.00140055,-0.00628319,0.0835349,0.205976,0.000108418,0.00208722,6
11.2608,-0.0078335,-0.00868341,-0.00628319,0.107954,0.264722,0.000542641,0.00208622,9
11.2629,-0.0078335,-0.00196077,-0.00628319,0.129171,0.371612,0.000207509,0.00208416,3
11.265,-0.0078335,0.00140055,-0.00628319,0.146065,0.449541,0.000112145,0.0020832,6
11.2671,-0.0078335,0.00476187,-0.00628319,0.157795,0.507353,0.000107657,0.00208712,6
11.2692,-0.0078335,0.00308121,-0.00628319,0.1638,0.524683,0.000111754,0.0020858,6
11.2713,-0.0078335,0.00476187,-0.00314159,0.139822,0.484995,0.000561134,0.00208733,9
11.2734,-0.0078335,0.0109243,-0.00314159,0.125701,0.452215,0.000210364,0.00208298,3
11.2755,-0.0078335,0.00476187,-0.00314159,0.118352,0.401365,0.00012044,0.00208436,6
11.2776,-0.0078335,0.00812319,-0.00314159,0.115253,0.401416,0.000110753,0.00208549,6
11.2797,-0.0078335,0.00924363,-0.00314159,0.114441,0.402294,0.000108077,0.00208682,6
11.2818,-0.0077596,0.0109243,-0.00314159,0.114514,0.408917,0.000550084,0.00208633,9
11.2839,-0.0077596,0.00924363,-0.00314159,0.114632,0.403314,0.00016433,0.00208425,3
11.286,-0.0077596,0.00644253,-0.00314159,0.114514,0.392753,0.000111764,0.00208498,6
11.2881,-0.0077596,0.00644253,-0.00314159,0.114441,0.392466,0.000108068,0.00208716,6
11.2902,-0.0076857,0.0109243,-0.00314159,0.115253,0.412068,0.000111293,0.0020862,6
11.2923,-0.0076857,0.0126049,-0.00314159,0.118352,0.430202,0.000530058,0.00208728,9
11.2944,-0.0076857,0.0109243,-0.00314159,0.125701,0.452765,0.000130929,0.00208307,3
11.2965,-0.0076118,0.00924363,-0.00314159,0.139822,0.501984,0.000110051,0.00208558,6
11.2986,-0.0076118,0.00812319,-0.00314159,0.1638,0.591341,0.000107577,0.00208723,6
11.3007,-0.0076118,0.0109243,-0.00314159,0.157795,0.578052,0.000121482,0.00208577,6
11.3028,-0.0076118,0.00812319,-0.00314159,0.146065,0.52226,0.000508899,0.00208708,9
11.3049,-0.0075379,0.0109243,-0.00314159,0.129171,0.466833,0.000123205,0.00208266,3
11.307,-0.0075379,0.00924363,-0.00314159,0.107954,0.378127,0.000108869,0.00208672,6
11.3091,-0.0075379,0.0109243,-0.00314159,0.0835349,0.289073,0.00010997,0.00208576,6
11.3112,-0.007464,0.0159663,-0.00314159,0.057316,0.205406,0.000106595,0.00208767,6
11.3133,-0.007464,0.0109243,-0.00314159,0.0309792,0.0846357,0.000494093,0.00208613,9
11.3154,-0.0073901,0.0109243,-0,-0.0174911,-0.0562405,0.000110812,0.00208425,6
11.3175,-0.0073901,0.00812319,-0,-0.0460127,-0.177439,0.000128184,0.00208547,6
11.3196,-0.0073901,0.00644253,-0,-0.0554264,-0.220168,0.000108909,0.00208708,6
11.3217,-0.0073162,0.0109243,-0,-0.0460127,-0.167061,0.000648004,0.00208591,9
11.3238,-0.0073162,0.00476187,-0,-0.0174911,-0.0781908,0.000252621,0.00208404,3
11.3259,-0.0073162,0.00140055,-0,0.0309792,0.0984856,0.000116683,0.00208287,6
11.328,-0.0073162,0.00140055,-0,0.057316,0.201072,0.000107697,0.0020869,6
11.3301,-0.0073162,-0.00364143,-0,0.0835349,0.285014,0.000110683,0.00208547,6
11.3322,-0.0073901,-0.00700275,-0,0.107954,0.367731,0.000398758,0.00208718,9
11.3343,-0.0073901,-0.00028011,-0,0.129171,0.474621,0.00010955,0.00208272,6
11.3364,-0.0073901,-0.00028011,-0,0.146065,0.540426,0.000127683,0.002073,6
11.3385,-0.0073901,0.00476187,-0,0.157795,0.6043,0.000106584,0.00208589,6
11.3406,-0.0073162,0.00308121,-0,0.1638,0.621905,0.000519369,0.00208626,9
11.3427,-0.0073162,0.00140055,-0,0.1638,0.615844,0.000109941,0.00207837,6
11.3448,-0.0073162,-0.00028011,-0,0.157795,0.586391,0.000113948,0.00208521,6
11.3469,-0.0073162,0.00476187,-0,0.146065,0.558886,0.000107126,0.00208721,6
11.349,-0.0073162,0.00812319,-0,0.129171,0.505204,0.00062988,0.00208524,9
11.3511,-0.0073162,0.00644253,-0,0.107954,0.416498,0.000266727,0.0020839,3
11.3532,-0.00724229,0.00924363,-0,0.0835349,0.33176,0.0001204,0.00208278,6
11.3553,-0.00724229,0.0159663,-0,0.057316,0.25388,0.000108999,0.00208675,6
11.3574,-0.00724229,0.0109243,0.00314159,0.00700123,0.0873594,0.000120701,0.00208599,7
11.3595,-0.00716839,0.00812319,0.00314159,-0.0256075,-0.0494839,0.000527614,0.00208739,10
11.3616,-0.00716839,0.00812319,0.00314159,-0.0416315,-0.1119,0.000195557,0.00207703,6
11.3637,-0.00716839,0.00476187,0.00314159,-0.0416315,-0.124023,0.000110322,0.00208423,7
11.3658,-0.00716839,0.00812319,0.00314159,-0.0256075,-0.0494839,0.000120199,0.00208547,7
11.3679,-0.00709449,0.00476187,0.00314159,0.00700123,0.0656842,0.000107947,0.00208722,7
11.37,-0.00709449,-0.00028011,0.00314159,0.057316,0.243484,0.000605836,0.00208634,10
11.3721,-0.00716839,-0.00364143,0.00314159,0.0835349,0.333212,0.000263701,0.00208394,6
11.3742,-0.00716839,-0.00196077,0.00314159,0.107954,0.434389,0.000119288,0.00208316,7
11.3763,-0.00716839,-0.00028011,0.00314159,0.129171,0.523094,0.000116502,0.0020868,7
11.3784,-0.00716839,-0.00028011,0.00628319,0.122087,0.54315,0.000108698,0.00208599,7
11.3805,-0.00716839,0.00140055,0.00628319,0.125701,0.563287,0.000705127,0.00208638,10
11.3826,-0.00716839,-0.00028011,0.00628319,0.136087,0.597681,0.000368152,0.00208379,6
11.3847,-0.00709449,0.00476187,0.00628319,0.149882,0.669874,0.000133473,0.00208284,7
11.3868,-0.00709449,0.00308121,0.00628319,0.164282,0.719903,0.000110041,0.00208701,7
11.3889,-0.00709449,0.00476187,0.00628319,0.177044,0.775676,0.000110321,0.00208619,7
11.391,-0.00709449,0.00812319,0.00942478,0.162509,0.77883,0.000111634,0.00208761,7
11.3931,-0.00709449,0.0126049,0.00942478,0.159394,0.782862,0.000468205,0.00208575,13
11.3952,-0.00702059,0.0176469,0.00942478,0.163776,0.818387,0.000114679,0.00208374,7
11.3973,-0.00694669,0.0226889,0.00942478,0.172569,0.871097,0.000111213,0.00208553,7
11.3994,-0.00694669,0.0193276,0.00942478,0.183531,0.901674,0.000108618,0.00208732,7
11.4015,-0.00687279,0.0271707,0.00942478,0.195261,0.975926,0.000115561,0.00208047,7
11.4036,-0.00679889,0.0322126,0.00942478,0.207198,1.04088,0.000558039,0.00208759,10
11.4057,-0.00672499,0.0271707,0.00942478,0.219622,1.07137,0.000221695,0.00208297,6
11.4078,-0.00665109,0.0389353,0.00942478,0.233654,1.16873,0.000115421,0.00208437,7
11.4099,-0.00657719,0.0406159,0.00942478,0.251258,1.24364,0.000113878,0.00208563,7
11.412,-0.00650328,0.0439773,0.00942478,0.275236,1.34943,0.00011522,0.00208713,7
11.4141,-0.00642938,0.0450977,0.0125664,0.241771,1.27104,0.000656369,0.00208631,10
11.4162,-0.00628158,0.0602236,0.0125664,0.215241,1.22281,0.000335643,0.0020841,6
11.4183,-0.00613378,0.0630247,0.0125664,0.193403,1.1484,0.000111083,0.00208316,7
11.4204,-0.00598598,0.0697474,0.0125664,0.174856,1.10095,0.000151737,0.00208062,7
11.4225,-0.00591208,0.0680667,0.0125664,0.159039,1.03356,0.000108829,0.00208707,7
11.4246,-0.00569037,0.0747893,0.0125664,0.146232,1.00874,0.000749468,0.00208622,7
11.4267,-0.00554257,0.0781507,0.0125664,0.137557,0.987624,0.000406582,0.0020844,6
11.4288,-0.00539477,0.0843131,0.0125664,0.134976,1.00035,0.000119167,0.00208318,7
11.4309,-0.00509917,0.15266,0.0125664,0.141292,1.27255,0.00010945,0.00208706,7
11.433,-0.00495136,0.0126049,0.0125664,0.16015,0.841432,0.000118125,0.00208619,7
11.4351,-0.00487746,0.094397,0.0125664,0.152552,1.1071,0.000108879,0.00208741,7
11.4372,-0.00465576,0.0927164,0.0125664,0.143877,1.06808,0.000521603,0.00208647,10
11.4393,-0.00443406,0.094397,0.0125664,0.136087,1.04462,0.000140046,0.00208407,6
11.4414,-0.00421235,0.100559,0.0125664,0.131706,1.05061,0.000111884,0.00208522,7
11.4435,-0.00406455,0.100559,0.0125664,0.133817,1.05938,0.000108849,0.00208706,7
11.4456,-0.00384285,0.108963,0.0125664,0.146065,1.13822,0.000111744,0.00208599,7
11.4477,-0.00354725,0.108963,0.0125664,0.129171,1.07352,0.000586451,0.00208753,10
11.4498,-0.00325164,0.114005,0.0125664,0.107954,1.01016,0.000258952,0.00208301,6
11.4519,-0.00302994,0.120167,0.0125664,0.083535,0.938091,0.000110822,0.00208425,7
11.454,-0.00280824,0.123528,0.0125664,0.0573161,0.848913,0.000130638,0.00208542,7
11.4561,-0.00258653,0.130251,0.0125664,0.0309793,0.771398,0.000109119,0.00208709,7
11.4582,-0.00229093,0.130251,0.0125664,0.00648688,0.677097,0.000691823,0.00208615,10
11.4603,-0.00192142,0.139775,0.0125664,-0.0139183,0.63334,0.000417021,0.00208413,6
11.4624,-0.00169972,0.136414,0.0125664,-0.0277132,0.568309,0.000110922,0.00208297,7
11.4645,-0.00140412,0.136414,0.0125664,-0.0320943,0.552344,0.000119458,0.00207953,7
11.4666,-0.00110851,0.139775,0.0125664,-0.023978,0.597182,0.000107827,0.00208701,7
11.4687,-0.00081291,0.139775,0.00942478,0.023978,0.73743,0.000110442,0.00208645,7
11.4708,-0.000517307,0.144817,0.00942478,0.0320944,0.788329,0.000448599,0.00208735,13
11.4729,-0.000221703,0.146497,0.00942478,0.0277132,0.778426,0.00012066,0.0020828,7
11.475,7.39014e-05,0.148178,0.00942478,0.0139184,0.731855,0.000109079,0.00208665,7
11.4771,0.000369505,0.146497,0.00942478,-0.0064868,0.647412,0.000114579,0.00208599,7
11.4792,0.000739011,0.150979,0.00942478,-0.0309792,0.56955,0.000107517,0.00208749,7
11.4813,0.00103461,0.154341,0.00942478,-0.057316,0.480187,0.00053673,0.00208632,10
11.4834,0.00140412,0.154341,0.00942478,-0.0835349,0.379436,0.000205275,0.0020841,6
11.4855,0.00169972,0.159383,0.00942478,-0.107954,0.303606,0.000118988,0.00208314,7
11.4876,0.00199533,0.154341,0.00942478,-0.129171,0.203878,0.000124868,0.00208683,7
11.4897,0.00236483,0.156021,0.00942478,-0.146065,0.14551,0.000113216,0.00208621,7
11.4918,0.00266044,0.15266,0.00942478,-0.157795,0.0887971,0.000626734,0.00208732,10
11.4939,0.00310384,0.150979,0.00942478,-0.1638,0.0609952,0.000282887,0.00208276,6
11.496,0.00332554,0.15266,0.00942478,-0.1638,0.0678819,0.000116734,0.00208429,7
11.4981,0.00362115,0.156021,0.00942478,-0.157795,0.104496,0.000120319,0.00208519,7
11.5002,0.00391675,0.149859,0.00942478,-0.146065,0.129061,0.000107647,0.00208709,7
11.5023,0.00428626,0.148178,0.00942478,-0.129171,0.19018,0.000703604,0.00208629,10
11.5044,0.00465576,0.138094,0.00942478,-0.107954,0.237831,0.000343617,0.0020687,6
11.5065,0.00487746,0.134733,0.00942478,-0.0835349,0.321648,0.000111865,0.00208427,7
11.5086,0.00509917,0.136414,0.00942478,-0.057316,0.430662,0.000110882,0.00208583,7
11.5107,0.00539477,0.136414,0.00942478,-0.0309792,0.534348,0.000108047,0.00208727,7
11.5128,0.00569037,0.136414,0.00942478,-0.00648685,0.63085,0.000114309,0.00208549,7
11.5149,0.00598598,0.134733,0.00628319,0.0378963,0.75112,0.000476811,0.00208729,13
11.517,0.00635548,0.134733,0.00628319,0.0598075,0.837843,0.000120219,0.00208294,7
11.5191,0.00657719,0.143136,0.00628319,0.0598075,0.868976,0.000111804,0.00208697,7
11.5213,0.00687279,0.141455,0.00628319,0.0378963,0.778667,0.000112575,0.00208589,7
11.5234,0.00716839,0.148178,0.00628319,-0.00648679,0.631134,0.000126551,0.00208729,7
11.5255,0.007464,0.149859,0.00628319,-0.0309792,0.542895,0.000553551,0.00208608,10
11.5276,0.0078335,0.154341,0.00628319,-0.057316,0.457848,0.000217306,0.00208419,6
11.5297,0.00812911,0.156021,0.00628319,-0.0835349,0.362883,0.000121682,0.00208303,7
11.5318,0.00842471,0.149859,0.00628319,-0.107954,0.246643,0.000108408,0.00208685,7
11.5339,0.00872032,0.154341,0.00628319,-0.129171,0.181263,0.000110041,0.00208607,7
11.536,0.00908982,0.156021,0.00628319,-0.146065,0.122895,0.000666026,0.00208746,10
11.5381,0.00945933,0.150979,0.00628319,-0.157795,0.0603962,0.000304125,0.00208278,6
11.5402,0.00975493,0.149859,0.00628319,-0.1638,0.0340646,0.000110642,0.00208443,7
11.5423,0.0100505,0.146497,0.00628319,-0.1638,0.023042,0.000111654,0.00208563,7
11.5444,0.0103461,0.141455,0.00628319,-0.157795,0.0293488,0.000113647,0.00208708,7
11.5465,0.0106417,0.141455,0.00628319,-0.146065,0.0761392,0.000727128,0.00208609,10
11.5486,0.0110112,0.136414,0.00628319,-0.129171,0.125135,0.000382288,0.00208291,6
11.5507,0.0112329,0.133052,0.00628319,-0.107954,0.196482,0.000118927,0.00208443,7
11.5528,0.0114547,0.131932,0.00628319,-0.0835349,0.288381,0.000110422,0.00208558,7
11.5549,0.0117503,0.12689,0.00628319,-0.057316,0.373424,0.000108007,0.00208731,7
11.557,0.0120459,0.130251,0.00628319,-0.0309792,0.489233,0.000135338,0.00208614,7
11.5591,0.0122676,0.12689,0.00628319,-0.00648681,0.573337,0.000463987,0.00208753,13
11.5612,0.0125632,0.12689,0.00314159,0.0378963,0.699668,0.000121041,0.00208285,6
11.5633,0.0127849,0.125209,0.00314159,0.0598075,0.77978,0.000108819,0.00208685,7
11.5654,0.0130805,0.125209,0.00314159,0.0598075,0.78088,0.00012049,0.00208598,7
11.5675,0.0133761,0.130251,0.00314159,0.0378963,0.714817,0.000121632,0.00208156,7
11.5696,0.0135978,0.131932,0.00314159,-0.00648682,0.548825,0.00055302,0.00208646,10
11.5717,0.0139673,0.131932,0.00314159,-0.0309792,0.454799,0.000229519,0.00208421,6
11.5738,0.014189,0.136414,0.00314159,-0.057316,0.369202,0.000122634,0.00208302,7
11.5759,0.0144846,0.134733,0.00314159,-0.0835349,0.262114,0.000109109,0.00208698,7
11.578,0.0147802,0.134733,0.00314159,-0.107954,0.168099,0.000110371,0.00208606,7
11.5801,0.0150758,0.133052,0.00314159,-0.129171,0.0804942,0.000709266,0.00208742,10
11.5822,0.0154453,0.134733,0.00314159,-0.146065,0.0221262,0.000291692,0.0020827,6
11.5843,0.015667,0.131932,0.00314159,-0.157795,-0.0328409,0.000110181,0.00208433,7
11.5864,0.0158887,0.131932,0.00314159,-0.1638,-0.0554067,0.000111914,0.0020893,7
11.5885,0.0161843,0.130251,0.00314159,-0.1638,-0.0603678,0.000123987,0.00208597,7
11.5906,0.016406,0.123528,0.00314159,-0.157795,-0.0603974,0.000711539,0.00208747,10
11.5927,0.0167755,0.121848,0.00314159,-0.146065,-0.0193935,0.000366249,0.00208312,6
11.5948,0.0169233,0.116806,0.00314159,-0.129171,0.0287772,0.000111043,0.00208444,7
11.5969,0.017145,0.110643,0.00628319,-0.131932,0.0442715,0.000111543,0.00208575,7
11.599,0.0173667,0.108963,0.00628319,-0.115629,0.102536,0.000107917,0.00208727,7
11.6011,0.0175884,0.103921,0.00628319,-0.0850292,0.204369,0.00011503,0.00208623,7
11.6032,0.0178101,0.100559,0.00628319,-0.0448975,0.34939,0.000464619,0.00208721,13
11.6053,0.0180318,0.0960777,0.00628319,-0,0.508934,0.000124027,0.00208286,7
11.6074,0.0182535,0.0971981,0.00628319,0.0448975,0.688683,0.000108859,0.00208665,7
11.6095,0.0184013,0.0960777,0.00628319,0.0850292,0.841512,0.000116593,0.00208115,7
11.6116,0.018623,0.0960777,0.00628319,0.115629,0.961529,0.000107266,0.00208731,7
11.6137,0.0188447,0.0988788,0.00628319,0.131932,1.03596,0.000541048,0.00208618,10
11.6158,0.0190665,0.103921,0.00942478,0.105193,0.998463,0.0002352,0.00208408,6
11.6179,0.0192882,0.107282,0.00942478,0.113971,1.0456,0.000119017,0.00208307,7
11.62,0.0195099,0.107282,0.00942478,0.130082,1.10918,0.000108788,0.00208697,7
11.6221,0.0197316,0.115125,0.00942478,0.149882,1.21542,0.00010958,0.00208626,7
11.6242,0.0199533,0.116806,0.00942478,0.170287,1.30179,0.000642643,0.00208759,10
11.6263,0.0202489,0.123528,0.00942478,0.188774,1.39914,0.000328509,0.00208281,6
11.6284,0.0204706,0.131932,0.00942478,0.203381,1.48717,0.000125229,0.00208405,7
11.6305,0.0207662,0.133052,0.00942478,0.212706,1.52864,0.00011508,0.00208579,7
11.6326,0.0210618,0.136414,0.00942478,0.215908,1.55433,0.000136519,0.0020862,7
11.6347,0.0214313,0.258541,0.00942478,0.212706,1.9837,0.000737036,0.00208755,10
11.6368,0.0217269,0.143136,0.00942478,0.203381,1.53226,0.000392026,0.0020829,6
11.6389,0.0220225,0.154341,0.00942478,0.188774,1.51687,0.000113036,0.0020845,7
11.641,0.0222442,0.161063,0.00942478,0.170287,1.46993,0.000110392,0.00208574,7
11.6431,0.0226137,0.164425,0.0125664,0.125904,1.3582,0.000107657,0.00208722,7
11.6452,0.0229832,0.172268,0.0125664,0.0979875,1.27913,0.000120801,0.00208611,7
11.6473,0.0233527,0.173948,0.0125664,0.0862575,1.24087,0.000505163,0.00208735,10
11.6494,0.0237961,0.17899,0.0125664,0.0912747,1.28025,0.000154352,0.00208326,6
11.6515,0.0240917,0.180671,0.0125664,0.114441,1.37765,0.000108769,0.00208635,7
11.6536,0.0244612,0.190195,0.0125664,0.114514,1.41366,0.000112195,0.00208579,7
11.6557,0.0249046,0.190195,0.0125664,0.114632,1.41577,0.000108077,0.00208746,7
11.6578,0.0252741,0.198598,0.0125664,0.114514,1.44699,0.000587423,0.00208217,10
11.6599,0.0257914,0.200279,0.0125664,0.114441,1.45469,0.000268881,0.00208407,6
11.662,0.0261609,0.206441,0.0125664,0.115253,1.48146,0.000122264,0.00208315,7
11.6641,0.0266044,0.209802,0.0125664,0.118352,1.5073,0.00010913,0.00208697,7
11.6662,0.0270478,0.214844,0.0125664,0.125701,1.55576,0.000110462,0.00208586,7
11.6683,0.0274912,0.222687,0.00942478,0.1638,1.68645,0.000696322,0.00208753,10
11.6704,0.0280824,0.226049,0.00942478,0.195895,1.82579,0.000392287,0.00208306,6
11.6725,0.0285258,0.240614,0.00942478,0.185508,1.83952,0.000124858,0.00208301,7
11.6746,0.0289692,0.239494,0.00942478,0.159983,1.7377,0.000110572,0.00208096,7
11.6767,0.0294865,0.247337,0.00942478,0.122684,1.62263,0.000109841,0.00208604,7
11.6788,0.0300038,0.261903,0.00942478,0.0769746,1.49904,0.000108208,0.0020876,7
11.6809,0.030595,0.268625,0.00942478,0.0262189,1.32779,0.000449652,0.0020863,13
11.683,0.0312601,0.278149,0.00942478,-0.0262188,1.16036,0.000110652,0.00208406,7
11.6851,0.0317774,0.278149,0.00942478,-0.0769746,0.964583,0.000110963,0.0020854,7
11.6872,0.0323686,0.286552,0.00628319,-0.0987062,0.864795,0.000107697,0.00208723,7
11.6893,0.0329598,0.292715,0.00628319,-0.127889,0.77555,0.000113117,0.00208607,7
11.6914,0.033551,0.291594,0.00314159,-0.133817,0.702971,0.000575941,0.00208738,10
11.6935,0.0343639,0.296076,0.00314159,-0.149882,0.659586,0.00030664,0.00208291,6
11.6956,0.0348813,0.304479,0.00314159,-0.166552,0.626887,0.000111263,0.00208447,7
11.6977,0.0354725,0.301118,0.00314159,-0.174856,0.584619,0.000116051,0.00208533,7
11.6998,0.0361376,0.312323,0.00314159,-0.209868,0.491128,0.000108508,0.00208741,7
11.7019,0.0367288,0.304479,-0,-0.219707,0.379068,0.000609604,0.00208655,10
11.704,0.0375417,0.302799,-0,-0.241129,0.29259,0.000219201,0.00208416,3
11.7061,0.038059,0.302799,-0,-0.268528,0.187795,0.000113768,0.00208292,6
11.7082,0.0386502,0.30616,-0,-0.297417,0.0895918,0.000108278,0.00208667,6
11.7103,0.0393153,0.299437,-0,-0.324432,-0.037408,0.000108999,0.00208594,6
11.7124,0.0399065,0.302799,-0,-0.347331,-0.11228,0.000397105,0.00208745,9
11.7145,0.0406455,0.296076,-0,-0.364993,-0.20257,0.000112095,0.00208273,6
11.7166,0.0411628,0.296076,-0,-0.377417,-0.249037,0.000113587,0.00208572,6
11.7187,0.041754,0.289914,-0.00314159,-0.361747,-0.255673,0.000106945,0.00208744,6
11.7208,0.0424192,0.291594,-0.00314159,-0.360065,-0.240583,0.000592963,0.00208613,9
11.7229,0.0431582,0.27983,-0.00314159,-0.372371,-0.328197,0.000251239,0.0020842,3
11.725,0.0436016,0.28151,-0.00314159,-0.356583,-0.258987,0.000113117,0.00208299,6
11.7271,0.0441928,0.278149,-0.00314159,-0.335557,-0.187011,0.000107255,0.0020869,6
11.7292,0.0447101,0.266945,-0.00314159,-0.309294,-0.123196,0.000111003,0.00208607,6
11.7313,0.0453013,0.268625,-0.00314159,-0.278914,0.00339939,0.000593694,0.00208736,9
11.7334,0.0459664,0.261903,-0.00628319,-0.222683,0.15301,0.000246861,0.00208283,3
11.7355,0.0464098,0.260222,-0.00628319,-0.183804,0.300038,0.00010956,0.00208443,6
11.7376,0.0469271,0.25406,-0.00628319,-0.163399,0.359219,0.00010947,0.00208559,6
11.7397,0.0474444,0.250698,-0.00628319,-0.16399,0.346718,0.000106965,0.00208738,6
11.7418,0.0481095,0.399157,-0.00942478,-0.165526,0.830997,0.000614142,0.00208649,9
11.7439,0.0486268,0.242295,-0.00942478,-0.169686,0.250978,0.000260235,0.00208406,3
11.746,0.0489963,0.242295,-0.00942478,-0.19989,0.134706,0.000111623,0.0020832,6
11.7481,0.0495136,0.245656,-0.00942478,-0.213493,0.0957666,0.000107446,0.00208714,6
11.7502,0.050031,0.243976,-0.00942478,-0.232793,0.0164575,0.000108888,0.00208595,6
11.7523,0.0505483,0.242295,-0.00942478,-0.257227,-0.0828537,0.000614662,0.00208732,9
11.7544,0.0511395,0.242295,-0.00942478,-0.287357,-0.198014,0.000258352,0.00208299,3
11.7565,0.0515829,0.232771,-0.00942478,-0.324865,-0.376811,0.000113507,0.00207878,6
11.7586,0.0520263,0.231091,-0.00942478,-0.32907,-0.397602,0.000107436,0.00208701,6
11.7607,0.0524697,0.231091,-0.00942478,-0.32395,-0.376009,0.000110973,0.00208623,6
11.7628,0.052987,0.226049,-0.00942478,-0.310347,-0.339281,0.000636542,0.00208747,9
11.7649,0.0535782,0.216525,-0.00942478,-0.289942,-0.291947,0.000255687,0.00208295,3
11.767,0.0538738,0.213164,-0.00942478,-0.265258,-0.206823,0.00010949,0.00208454,6
11.7691,0.0543172,0.209802,-0.00942478,-0.23966,-0.117586,0.000111844,0.00208539,6
11.7712,0.0547606,0.198598,-0.00942478,-0.217352,-0.0694531,0.000108148,0.00208696,6
11.7733,0.0551301,0.193556,-0.00942478,-0.203381,-0.0318434,0.000617208,0.00208616,9
11.7754,0.0556474,0.185713,-0.00942478,-0.16015,0.110186,0.000259183,0.00208432,3
11.7775,0.055943,0.180671,-0.00942478,-0.114441,0.271148,0.000117825,0.00208326,6
11.7796,0.0563125,0.17731,-0.00942478,-0.0696166,0.434997,0.000107276,0.00208682,6
11.7817,0.056682,0.17899,-0.00942478,-0.0296028,0.598293,0.000110061,0.00208033,6
11.7838,0.0570516,0.175629,-0.00942478,0.0011151,0.707197,0.000609122,0.00208728,9
11.7859,0.057495,0.17731,-0.00942478,0.0174911,0.778696,0.000270845,0.00208305,3
11.788,0.0578645,0.175629,-0.00942478,0.0139183,0.760094,0.000108878,0.00208437,6
11.7901,0.0581601,0.175629,-0.00942478,0.0277132,0.814927,0.000108639,0.00208572,6
11.7922,0.0585296,0.17899,-0.00942478,0.0320943,0.845491,0.000107186,0.00208705,6
11.7943,0.0588991,0.17899,-0.00942478,0.0239779,0.815252,0.00060792,0.00208626,9
11.7964,0.0594164,0.188514,-0.00942478,-0,0.758128,0.000283798,0.00208436,3
11.7985,0.059712,0.185713,-0.00942478,-0,0.749126,0.000115441,0.00208311,6
11.8006,0.0600815,0.188514,-0.00942478,-0,0.760604,0.000116352,0.00208545,6
11.8027,0.0605249,0.196917,-0.00942478,-0,0.792562,0.000110061,0.00208702,6
11.8048,0.0608944,0.193556,-0.00628319,-0.023978,0.736064,0.000639428,0.00208608,9
11.8069,0.0614117,0.200279,-0.00628319,-0.0320944,0.730622,0.000274422,0.00208425,3
11.809,0.0617812,0.198598,-0.00628319,-0.0277132,0.743001,0.000111915,0.00208311,6
11.8111,0.0621507,0.191875,-0.00628319,-0.0139184,0.773863,0.000107537,0.0020869,6
11.8132,0.0625941,0.20364,-0.00628319,0.00648679,0.897426,0.000110762,0.00208599,6
11.8153,0.0629636,0.206441,-0.00628319,0.0309792,1.00431,0.000634228,0.00208749,9
11.8174,0.0634809,0.20364,-0.00628319,0.057316,1.09871,0.000270163,0.00208298,3
11.8195,0.0638504,0.209802,-0.00628319,0.0835349,1.22444,0.00010928,0.00208442,6
11.8216,0.0642938,0.206441,-0.00628319,0.107954,1.30908,0.000111243,0.00208564,6
11.8237,0.0647372,0.209802,-0.00628319,0.129171,1.4055,0.000106785,0.00208725,6
11.8258,0.0651807,0.214844,-0.00628319,0.146065,1.49114,0.00062418,0.00208645,9
11.8279,0.0657719,0.227729,-0.00628319,0.157795,1.5855,0.000275654,0.00208419,3
11.83,0.0661414,0.227729,-0.00628319,0.1638,1.61027,0.000134776,0.00208329,6
11.8321,0.0665848,0.234452,-0.00628319,0.1638,1.63617,0.00010966,0.00208684,6
11.8342,0.0671021,0.237813,-0.00628319,0.157795,1.62683,0.000109961,0.0020859,6
11.8363,0.0676194,0.243976,-0.00628319,0.146065,1.60529,0.000619581,0.00208764,9
11.8384,0.0682845,0.25406,-0.00628319,0.129171,1.57833,0.000272177,0.00208309,3
11.8405,0.0687279,0.261903,-0.00628319,0.107954,1.52562,0.000129917,0.00208252,6
11.8426,0.0692452,0.260222,-0.00628319,0.0835349,1.42637,0.000112145,0.00208673,6
11.8447,0.0697625,0.273667,-0.00628319,0.057316,1.37466,0.00010995,0.00208592,6
11.8468,0.0703537,0.274788,-0.00628319,0.0309792,1.27832,0.000618921,0.00208756,9
11.8489,0.0710927,0.286552,-0.00628319,0.00648681,1.22809,0.00025697,0.00208311,3
11.851,0.07161,0.286552,-0.00628319,-0.0139183,1.15054,0.000110502,0.00208437,6
11.8531,0.0721273,0.291594,-0.00628319,-0.0277132,1.11692,0.00010933,0.0020856,6
11.8552,0.0727925,0.294396,-0.00628319,-0.0320944,1.11243,0.000106876,0.00208718,6
11.8573,0.0733837,0.297757,-0.00942478,-0,1.20412,0.000635671,0.00208611,9
11.8594,0.0741966,0.299437,-0.00942478,0.0320943,1.33822,0.000273469,0.00208423,3
11.8615,0.0747139,0.193556,-0.00942478,0.0277132,0.941204,0.000110562,0.00208284,6
11.8636,0.0753051,0.304479,-0.00942478,0.0139183,1.28973,0.000107045,0.00208695,6
11.8657,0.0759702,0.310642,-0.00942478,-0.00648686,1.23495,0.000128043,0.00208582,6
11.8678,0.0766353,0.309521,-0.0125664,-0.00700125,1.18373,0.00064024,0.00208744,9
11.8699,0.0774482,0.315684,-0.0125664,-0.0252217,1.13801,0.000285432,0.00208316,3
11.872,0.0779655,0.322406,-0.0125664,-0.0558217,1.04499,0.000110091,0.00208434,6
11.8741,0.0786306,0.33025,-0.0125664,-0.0940355,0.926907,0.000112305,0.00208559,6
11.8762,0.0792957,0.328569,-0.0125664,-0.135658,0.761196,0.000106645,0.00208708,6
11.8783,0.0800347,0.335292,-0.0125664,-0.177044,0.626986,0.000643104,0.0020864,9
11.8804,0.0809216,0.335292,-0.0125664,-0.215111,0.482011,0.000379844,0.00208429,3
11.8825,0.0815128,0.342014,-0.0125664,-0.247335,0.382941,0.000113146,0.00208298,6
11.8846,0.082104,0.342014,-0.0125664,-0.271754,0.290026,0.000115632,0.00208529,6
11.8867,0.082843,0.340334,-0.015708,-0.262988,0.273212,0.000108838,0.00208147,6
11.8888,0.083582,0.336972,-0.015708,-0.260036,0.27534,0.000642553,0.00208621,9
11.8909,0.0844688,0.343695,-0.015708,-0.259253,0.305937,0.000288717,0.00208437,3
11.893,0.08506,0.340334,-0.015708,-0.257836,0.301534,0.000110692,0.00208324,6
11.8951,0.0856512,0.333611,-0.015708,-0.253822,0.295123,0.000107837,0.00208678,6
11.8972,0.0863902,0.33193,-0.015708,-0.24609,0.321929,0.000108969,0.0020862,6
11.8993,0.0870553,0.33193,-0.0188496,-0.210382,0.415844,0.000664844,0.00208746,6
11.9014,0.0879422,0.335292,-0.0188496,-0.187098,0.521963,0.000376567,0.00208308,3
11.9035,0.0886073,0.335292,-0.0188496,-0.174276,0.574384,0.000110572,0.0020842,6
11.9056,0.0891985,0.335292,-0.0188496,-0.171074,0.589056,0.00010954,0.00208573,6
11.9077,0.0898636,0.328569,-0.0219912,-0.153796,0.586941,0.000107626,0.00208741,6
11.9098,0.0906026,0.33193,-0.0219912,-0.163681,0.563309,0.000110802,0.00208624,6
11.9119,0.0912677,0.333611,-0.0219912,-0.19989,0.430808,0.000318001,0.00208743,9
11.914,0.0920806,0.342014,-0.0219912,-0.219498,0.387763,0.000111023,0.00208288,6
11.9161,0.0926718,0.338653,-0.0219912,-0.244522,0.280368,0.000107506,0.00208686,6
11.9182,0.0934108,0.336972,-0.0219912,-0.274121,0.161767,0.000109991,0.00208598,6
11.9203,0.0940759,0.335292,-0.0251327,-0.284596,0.0697303,0.000106915,0.00208751,6
11.9224,0.0948149,0.335292,-0.0251327,-0.317189,-0.0544743,0.000376337,0.00208653,9
11.9245,0.0956279,0.336972,-0.0251327,-0.327576,-0.0858432,0.000118637,0.00207331,6
11.9266,0.0962191,0.33025,-0.0251327,-0.336369,-0.142139,0.000108087,0.00208694,6
11.9287,0.0968842,0.324087,-0.0251327,-0.341326,-0.181198,0.000108107,0.00208623,6
11.9308,0.0975493,0.322406,-0.0251327,-0.341326,-0.184784,0.000108018,0.00208763,6
11.9329,0.0982144,0.319045,-0.0251327,-0.336369,-0.175122,0.000389952,0.00208615,9
11.935,0.0989534,0.314003,-0.0251327,-0.327576,-0.156305,0.00010993,0.00208439,6
11.9371,0.0995446,0.310642,-0.0251327,-0.31719,-0.12577,0.000110212,0.00208558,6
11.9392,0.10021,0.309521,-0.0282743,-0.284596,-0.0480276,0.000107627,0.00208725,6
11.9413,0.100801,0.302799,-0.0282743,-0.274121,-0.0292703,0.000122454,0.00208568,6
11.9434,0.101466,0.218206,-0.0282743,-0.244523,-0.216599,0.000451885,0.00208707,9
11.9455,0.102131,0.292715,-0.0282743,-0.219498,0.152076,0.000111995,0.00208306,6
11.9476,0.102648,0.289914,-0.0282743,-0.19989,0.220277,0.000108057,0.00208705,6
11.9497,0.10324,0.283191,-0.0282743,-0.187659,0.245873,0.000123496,0.00208634,6
11.9518,0.103831,0.27983,-0.0282743,-0.18589,0.242842,0.000107256,0.00208733,6
11.9539,0.104422,0.276468,-0.0282743,-0.198788,0.182681,0.000472233,0.00208662,9
11.956,0.105087,0.278149,-0.0282743,-0.188194,0.23248,0.000111213,0.00207855,6
11.9581,0.105604,0.273667,-0.0282743,-0.180612,0.247779,0.000112365,0.00208554,6
11.9602,0.106122,0.274788,-0.0314159,-0.155425,0.304202,0.000108027,0.00208707,6
11.9623,0.106713,0.271987,-0.0314159,-0.15668,0.291413,0.000108518,0.0020863,6
11.9644,0.107304,0.270306,-0.0314159,-0.142574,0.342498,0.0005095,0.00208753,9
11.9665,0.107969,0.273667,-0.0314159,-0.135963,0.382845,0.000127392,0.00208311,3
11.9686,0.108413,0.266945,-0.0314159,-0.136569,0.357892,0.000114229,0.00208561,6
11.9707,0.109004,0.266945,-0.0314159,-0.14495,0.327447,0.000109229,0.00208719,6
11.9728,0.109521,0.266945,-0.0314159,-0.162509,0.260977,0.000108688,0.00208608,6
11.9749,0.110112,0.268625,-0.0314159,-0.191489,0.156359,0.000499612,0.00208751,9
11.977,0.110778,0.268625,-0.0314159,-0.191489,0.158835,0.000111483,0.00208269,6
11.9791,0.111221,0.270306,-0.0314159,-0.186487,0.186029,0.000107696,0.00208701,6
11.9812,0.111812,0.260222,-0.0314159,-0.177044,0.188642,0.000109701,0.00208624,6
11.9833,0.112329,0.263583,-0.0314159,-0.164282,0.252402,0.000107456,0.00208729,6
11.9854,0.112921,0.258541,-0.0314159,-0.149882,0.292509,0.000504281,0.00208628,9
11.9875,0.113512,0.25406,-0.0314159,-0.136087,0.332279,0.000133303,0.00208441,3
11.9896,0.113955,0.25406,-0.0314159,-0.125701,0.374386,0.00010984,0.00208552,6
11.9917,0.114547,0.25574,-0.0314159,-0.122087,0.396723,0.000106955,0.00208723,6
11.9938,0.115064,0.256861,-0.0314159,-0.129171,0.375097,0.000111784,0.00208003,6
11.9959,0.115581,0.252379,-0.0345575,-0.0839757,0.489253,0.000539595,0.00208728,9
11.998,0.116172,0.250698,-0.0345575,-0.0514405,0.612122,0.000163879,0.00208309,3
12.0001,0.116616,0.249018,-0.0345575,-0.0296028,0.692772,0.000108118,0.00208617,6
12.0022,0.117133,0.249018,-0.0345575,-0.0170609,0.74355,0.000129467,0.00208566,6
12.0043,0.11765,0.245656,-0.0345575,-0.0129737,0.749273,0.000107346,0.00208736,6
12.0064,0.118168,0.247337,-0.0345575,-0.0170609,0.74134,0.000544684,0.00208625,9
12.0085,0.118833,0.261903,-0.0345575,-0.029603,0.747495,0.000262981,0.00208037,3
12.0106,0.119276,0.252379,-0.0345575,-0.0514407,0.629736,0.000108999,0.00208441,6
12.0127,0.119793,0.256861,-0.0345575,-0.083976,0.521096,0.000108959,0.0020855,6
12.0148,0.120311,0.25574,-0.0345575,-0.129171,0.342939,0.000107516,0.002087,6
12.0169,0.120828,0.258541,-0.0345575,-0.146065,0.289162,0.000560373,0.002086,9
12.019,0.121493,0.256861,-0.0345575,-0.157795,0.239886,0.000207369,0.00208426,3
12.0211,0.121937,0.256861,-0.0345575,-0.1638,0.218146,0.000111123,0.00208314,6
12.0232,0.122454,0.25574,-0.0345575,-0.1638,0.21603,0.000106985,0.0020864,6
12.0253,0.122971,0.25406,-0.0345575,-0.157795,0.235286,0.000111544,0.00208575,6
12.0274,0.123489,0.247337,-0.0345575,-0.146065,0.258655,0.000560494,0.00208741,9
12.0295,0.124154,0.252379,-0.0345575,-0.129171,0.345121,0.00026832,0.00208303,3
12.0316,0.124597,0.250698,-0.0376991,-0.0839759,0.469104,0.0001092,0.00208433,6
12.0337,0.125114,0.249018,-0.0376991,-0.0514407,0.591698,0.000110792,0.00208539,6
12.0358,0.125632,0.243976,-0.0376991,-0.0296028,0.660501,0.000123616,0.00208734,6
12.0379,0.126149,0.247337,-0.0376991,-0.0170609,0.723402,0.000608772,0.00208632,9
12.04,0.12674,0.250698,-0.0376991,-0.0129737,0.753646,0.000260957,0.00207994,3
12.0421,0.127184,0.245656,-0.0376991,-0.0170609,0.721192,0.000120009,0.00208296,6
12.0442,0.127775,0.278149,-0.0376991,-0.0296028,0.791728,0.000108138,0.00208673,6
12.0463,0.128218,0.25406,-0.0376991,-0.0514405,0.621437,0.000108588,0.00208622,6
12.0484,0.128735,0.243976,-0.0376991,-0.0839757,0.460264,0.0006405,0.00208741,9
12.0505,0.129401,0.25406,-0.0376991,-0.129171,0.323067,0.000292334,0.00208323,3
12.0526,0.129844,0.252379,-0.0376991,-0.146065,0.252851,0.000112105,0.00208315,6
12.0547,0.130287,0.250698,-0.0376991,-0.157795,0.20275,0.000107897,0.00208677,6
12.0568,0.130879,0.250698,-0.0376991,-0.1638,0.18156,0.000108368,0.00208625,6
12.0589,0.131396,0.245656,-0.0376991,-0.1638,0.165301,0.000106284,0.00208731,6
12.061,0.131913,0.245656,-0.0376991,-0.157795,0.190618,0.000344108,0.00208631,9
12.0631,0.132431,0.243976,-0.0376991,-0.146065,0.232172,0.00010965,0.00208421,6
12.0652,0.132874,0.236133,-0.0376991,-0.129171,0.27134,0.000109981,0.00208557,6
12.0673,0.133391,0.234452,-0.0376991,-0.107954,0.349848,0.000107155,0.0020871,6
12.0694,0.133909,0.236133,-0.0376991,-0.0835348,0.452951,0.000111523,0.00208641,6
12.0715,0.134352,0.232771,-0.0376991,-0.0573159,0.544605,0.000369084,0.00208749,9
12.0736,0.134943,0.231091,-0.0376991,-0.0309792,0.64333,0.000112806,0.00208302,6
12.0757,0.135387,0.22941,-0.0376991,-0.00648671,0.734321,0.000108488,0.00208676,6
12.0778,0.13583,0.232771,-0.0376991,0.0139182,0.827575,0.000112827,0.00208605,6
12.0799,0.136347,0.239494,-0.0376991,0.0277131,0.90748,0.000107727,0.00208748,6
12.082,0.136791,0.237813,-0.0376991,0.0320943,0.920134,0.000401854,0.00208628,9
12.0841,0.137382,0.239494,-0.0376991,0.0239778,0.896782,0.000116784,0.00208439,6
12.0862,0.137825,0.243976,-0.0376991,-0,0.821199,0.000115411,0.00208544,6
12.0883,0.138343,0.243976,-0.0376991,-0,0.823124,0.000114299,0.00208681,6
12.0904,0.13886,0.252379,-0.0376991,-0,0.855358,0.000111183,0.00208612,6
12.0925,0.139377,0.252379,-0.0376991,-0,0.857283,0.000439101,0.00208551,9
12.0946,0.140042,0.25406,-0.0376991,-0,0.865821,0.000140386,0.00208421,3
12.0967,0.140486,0.256861,-0.0376991,-0,0.877574,0.000112756,0.00208515,6
12.0988,0.141003,0.261903,-0.0376991,-0,0.897684,0.000110181,0.0020874,6
12.1009,0.141594,0.266945,-0.0376991,-0,0.918069,0.000120831,0.00208016,6
12.103,0.142112,0.268625,-0.0376991,-0,0.926056,0.000462835,0.00208688,9
12.1051,0.142777,0.271987,-0.0376991,-0,0.940655,0.000141348,0.00208285,6
12.1072,0.143294,0.268625,-0.0376991,-0,0.930458,0.000111734,0.00208676,6
12.1093,0.143885,0.274788,-0.0376991,-0,0.954884,0.000114899,0.00208583,6
12.1114,0.144403,0.276468,-0.0376991,-0,0.962871,0.000109881,0.00208729,6
12.1135,0.144994,0.27983,-0.0376991,-0,0.977195,0.000511224,0.00208632,9
12.1156,0.145733,0.27983,-0.0376991,-0,0.979946,0.000138222,0.00208421,3
12.1177,0.146176,0.292715,-0.0376991,-0,1.02807,0.000121932,0.0020849,6
12.1198,0.146841,0.284872,-0.0408407,0.0239778,1.04801,0.000107927,0.00208701,6
12.1219,0.147432,0.291594,-0.0408407,0.0320941,1.10607,0.00010966,0.00208635,6
12.124,0.148024,0.292715,-0.0408407,0.0277129,1.09524,0.000582614,0.0020876,9
12.1261,0.148763,0.296076,-0.0408407,0.0139181,1.05638,0.000216104,0.00208286,3
12.1282,0.14928,0.297757,-0.0408407,-0.00648707,0.98489,0.000108879,0.00208435,6
12.1303,0.149871,0.304479,-0.0408407,-0.0309794,0.915935,0.000108879,0.00208562,6
12.1324,0.150536,0.30616,-0.0408407,-0.0573162,0.821887,0.00012588,0.00208718,6
12.1345,0.151201,0.304479,-0.0408407,-0.083535,0.716175,0.000605256,0.00208609,9
12.1366,0.152014,0.312323,-0.0439823,-0.0839759,0.698122,0.000269352,0.00208268,3
12.1387,0.152532,0.315684,-0.0439823,-0.0970766,0.661142,0.000130949,0.00208441,6
12.1408,0.153197,0.319045,-0.0439823,-0.118352,0.59287,0.000110422,0.00208573,6
12.1429,0.153862,0.315684,-0.0471239,-0.119899,0.529549,0.0001153,0.00208699,6
12.145,0.154527,0.17731,-0.0471239,-0.138193,-0.0382945,0.000649807,0.00208606,6
12.1471,0.15534,0.312323,-0.0471239,-0.167066,0.339204,0.000306099,0.00208432,3
12.1492,0.155931,0.324087,-0.0502655,-0.177215,0.296656,0.000110662,0.00208317,6
12.1513,0.156522,0.317364,-0.0502655,-0.203993,0.170307,0.000108709,0.00208692,6
12.1534,0.157187,0.314003,-0.0502655,-0.240391,0.0188835,0.000113908,0.00208592,6
12.1555,0.157852,0.312323,-0.0502655,-0.280523,-0.141022,0.000107637,0.0020874,6
12.1576,0.158444,0.314003,-0.0502655,-0.319622,-0.285056,0.000324703,0.00208646,9
12.1597,0.159183,0.314003,-0.0502655,-0.354044,-0.416386,0.000110071,0.0020844,6
12.1618,0.159774,0.30616,-0.0502655,-0.381267,-0.548509,0.000111203,0.00208552,6
12.1639,0.160365,0.302799,-0.0502655,-0.399888,-0.630962,0.000107456,0.00208725,6
12.166,0.16103,0.299437,-0.0502655,-0.409626,-0.678541,0.000108669,0.00208642,6
12.1681,0.161621,0.291594,-0.0534071,-0.387345,-0.665487,0.000375245,0.00208772,9
12.1702,0.16236,0.28151,-0.0534071,-0.374847,-0.650425,0.000110362,0.00208298,6
12.1723,0.162878,0.284872,-0.0534071,-0.371853,-0.624713,0.000125139,0.00208679,6
12.1744,0.163469,0.28151,-0.0534071,-0.379482,-0.664352,0.000109139,0.002086,6
12.1765,0.163986,0.268625,-0.0534071,-0.356774,-0.620447,0.00010964,0.00208234,6
12.1786,0.164577,0.260222,-0.0534071,-0.327707,-0.535333,0.000353075,0.0020875,9
12.1807,0.165169,0.252379,-0.0534071,-0.293403,-0.427798,0.000111173,0.00208327,6
12.1828,0.165612,0.249018,-0.0534071,-0.256104,-0.292984,0.00010917,0.00208687,6
12.1849,0.166129,0.239494,-0.0534071,-0.219174,-0.181559,0.00010984,0.00208615,6
12.187,0.166573,0.231091,-0.0534071,-0.187098,-0.0852779,0.000107697,0.00208763,6
12.1891,0.16709,0.22941,-0.0534071,-0.165485,-0.00522564,0.000340361,0.00208624,9
12.1912,0.167607,0.232771,-0.0534071,-0.161061,0.0260547,0.000108899,0.00208417,6
12.1933,0.168051,0.221567,-0.0534071,-0.138192,0.0763712,0.00010974,0.00208559,6
12.1954,0.168494,0.216525,-0.0534071,-0.125904,0.107704,0.000107456,0.00208715,6
12.1975,0.168938,0.218206,-0.0534071,-0.130082,0.0991419,0.000111073,0.002086,6
12.1996,0.169381,0.216525,-0.0534071,-0.113971,0.157486,0.00033437,0.00208743,9
12.2017,0.169898,0.211483,-0.0534071,-0.105193,0.175418,0.000110192,0.00208318,6
12.2038,0.170268,0.208122,-0.0534071,-0.107954,0.153916,0.000107957,0.00208677,6
12.2059,0.170711,0.20364,-0.0534071,-0.0835348,0.234519,0.000130669,0.002086,6
12.208,0.171155,0.20476,-0.0534071,-0.0573161,0.342336,0.00010988,0.0020873,6
12.2101,0.171524,0.201959,-0.0534071,-0.0309792,0.436195,0.000314244,0.00207997,9
12.2122,0.172041,0.198598,-0.0534071,-0.00648689,0.521399,0.000110351,0.0020842,6
12.2143,0.172411,0.200279,-0.0534071,0.0139184,0.608318,0.000113157,0.00208554,6
12.2164,0.172854,0.201959,-0.0534071,0.0277129,0.669762,0.000113367,0.00208738,6
12.2185,0.173224,0.20364,-0.0534071,0.0320941,0.694264,0.000661598,0.00208626,6
12.2206,0.173815,0.196917,-0.0534071,0.023978,0.640606,0.000303184,0.00208321,3
12.2227,0.174111,0.208122,-0.0534071,-0,0.588718,0.000113046,0.00208431,6
12.2248,0.174554,0.200279,-0.0534071,-0,0.562082,0.000113938,0.00208559,6
12.2269,0.174924,0.20364,-0.0534071,-0,0.57558,0.000110292,0.00208696,6
12.229,0.175367,0.206441,-0.0534071,-0,0.587333,0.00065177,0.00208587,9
12.2311,0.175884,0.20476,-0.0534071,-0,0.583197,0.000294648,0.00208397,3
12.2332,0.176254,0.201959,-0.0534071,-0,0.57447,0.000114148,0.00208285,6
12.2353,0.176623,0.196917,-0.0534071,-0,0.557661,0.000110231,0.00208692,6
12.2374,0.177067,0.20364,-0.0534071,-0,0.583558,0.000119659,0.00208596,6
12.2395,0.17751,0.200279,-0.0534071,-0,0.573085,0.000644637,0.00208704,9
12.2416,0.178027,0.20476,-0.0534071,-0,0.591175,0.00028503,0.00208302,3
12.2437,0.178397,0.201959,-0.0534071,-0,0.582448,0.000112827,0.00208423,6
12.2458,0.178766,0.200279,-0.0534071,-0,0.577762,0.000115361,0.00208541,6
12.2479,0.17921,0.20364,-0.0534071,-0,0.591535,0.000110822,0.00208744,6
12.25,0.179653,0.209802,-0.0534071,-0,0.615411,0.000632585,0.00208633,9
12.2521,0.180171,0.20476,-0.0534071,-0,0.599153,0.000289418,0.00208412,3
12.2542,0.180614,0.260222,-0.0534071,-0,0.800832,0.000116753,0.00208281,6
12.2563,0.180983,0.0798313,-0.0534071,-0,0.151608,0.000110021,0.00208664,6
12.2584,0.181427,0.208122,-0.0565487,0.023978,0.661702,0.000108759,0.00208612,6
12.2605,0.181796,0.20364,-0.0565487,0.0320944,0.678528,0.000636883,0.00207216,9
12.2626,0.182388,0.20364,-0.0565487,0.0277132,0.663664,0.00030662,0.00208402,3
12.2647,0.182757,0.20476,-0.0565487,0.0139183,0.615347,0.000111183,0.00208304,6
12.2668,0.183127,0.20364,-0.0565487,-0.00648677,0.5332,0.000107196,0.00208705,6
12.2689,0.18357,0.208122,-0.0565487,-0.0309792,0.455613,0.000110522,0.00208602,6
12.271,0.184013,0.213164,-0.0565487,-0.0573161,0.372862,0.000106465,0.00208752,6
12.2731,0.184457,0.213164,-0.0565487,-0.083535,0.272386,0.000330794,0.00208635,9
12.2752,0.184974,0.213164,-0.0565487,-0.107954,0.179197,0.000126071,0.00208441,6
12.2773,0.185344,0.211483,-0.0565487,-0.129171,0.0918663,0.000112085,0.00208533,6
12.2794,0.185787,0.213164,-0.0565487,-0.146065,0.0337733,0.000107206,0.0020874,6
12.2815,0.18623,0.211483,-0.0565487,-0.157795,-0.0163276,0.000108628,0.00208648,6
12.2836,0.186674,0.20364,-0.0565487,-0.1638,-0.0663556,0.00035063,0.00208724,9
12.2857,0.187117,0.20364,-0.0565487,-0.1638,-0.064705,0.000113497,0.00208283,6
12.2878,0.187487,0.196917,-0.0565487,-0.157795,-0.064184,0.000108328,0.00208686,6
12.2899,0.18793,0.193556,-0.0565487,-0.146065,-0.0289664,0.000110592,0.00208615,6
12.292,0.1883,0.191875,-0.0565487,-0.129171,0.0321527,0.000107236,0.00208747,6
12.2941,0.188743,0.190195,-0.0565487,-0.107954,0.110386,0.000385684,0.00208624,9
12.2962,0.189186,0.185713,-0.0565487,-0.0835348,0.190988,0.00010934,0.0020842,6
12.2983,0.189482,0.184032,-0.0565487,-0.0573159,0.288154,0.00010934,0.00208567,6
12.3004,0.189852,0.180671,-0.0596903,-0.00700119,0.425742,0.000131921,0.00208723,6
12.3025,0.190221,0.17899,-0.0596903,0.0256074,0.548071,0.000108639,0.00208561,6
12.3046,0.190591,0.180671,-0.0596903,0.0416315,0.617925,0.00043817,0.0020863,9
12.3067,0.191034,0.17731,-0.0596903,0.0416316,0.607453,0.000109129,0.0020842,6
12.3088,0.19133,0.17899,-0.0596903,0.0256076,0.552198,0.000127152,0.00208551,6
12.3109,0.191699,0.17899,-0.0596903,-0.00700101,0.426558,0.000107837,0.00208725,6
12.313,0.192069,0.184032,-0.0596903,-0.057316,0.250134,0.000110311,0.0020864,6
12.3151,0.192438,0.180671,-0.0596903,-0.0835349,0.137259,0.000452156,0.00208735,9
12.3172,0.192882,0.180671,-0.0596903,-0.107954,0.0437939,0.000113487,0.00208297,6
12.3193,0.193251,0.17731,-0.0596903,-0.129171,-0.0495978,0.000109369,0.00208113,6
12.3214,0.193621,0.17731,-0.0596903,-0.146065,-0.114027,0.000110171,0.00208544,6
12.3235,0.19399,0.172268,-0.0596903,-0.157795,-0.176526,0.000107316,0.00208721,6
12.3256,0.194286,0.168906,-0.0596903,-0.1638,-0.21094,0.000485356,0.0020863,9
12.3277,0.194729,0.162744,-0.0596903,-0.1638,-0.231514,0.00010946,0.00208416,6
12.3298,0.195025,0.167786,-0.0596903,-0.157795,-0.188839,0.0001098,0.00208574,6
12.3319,0.195394,0.161063,-0.0596903,-0.146065,-0.166019,0.000107567,0.00208727,6
12.334,0.19569,0.154341,-0.0596903,-0.129171,-0.12336,0.000110973,0.00208633,6
12.3361,0.196059,0.15266,-0.0596903,-0.107954,-0.0454011,0.00051996,0.00208737,9
12.3382,0.196429,0.146497,-0.0596903,-0.0835349,0.0288643,0.000146086,0.0020829,3
12.3403,0.19665,0.144817,-0.0596903,-0.057316,0.125755,0.000107636,0.0020863,6
12.3424,0.196946,0.141455,-0.0596903,-0.0309791,0.217318,0.000108929,0.00208581,6
12.3445,0.197242,0.141455,-0.0596903,-0.00648686,0.31382,0.000128214,0.00208209,6
12.3466,0.197537,0.136414,-0.0596903,0.0139184,0.376218,0.000539846,0.00208739,9
12.3487,0.197907,0.136414,-0.0596903,0.0277133,0.431326,0.000205986,0.00208312,3
12.3508,0.198128,0.138094,-0.0596903,0.0320942,0.455277,0.000110342,0.00208434,6
12.3529,0.198424,0.134733,-0.0596903,0.023978,0.412641,0.000110231,0.00208578,6
12.355,0.19872,0.133052,-0.0596903,-0,0.314282,0.000110121,0.00208706,6
12.3571,0.198941,0.139775,-0.0596903,-0,0.339353,0.00064079,0.00208586,9
12.3592,0.199311,0.134733,-0.0596903,-0,0.322544,0.000231232,0.00208419,3
12.3613,0.199533,0.136414,-0.0596903,-0,0.329431,0.000121482,0.00208331,6
12.3634,0.199828,0.133052,-0.0596903,-0,0.318408,0.000110602,0.00208657,6
12.3655,0.200124,0.133052,-0.0596903,-0,0.319509,0.000122083,0.00208589,6
12.3676,0.200419,0.131932,-0.0596903,-0,0.316568,0.000606207,0.00208734,9
12.3697,0.200715,0.12689,-0.0596903,-0,0.299484,0.00024669,0.0020831,3
12.3718,0.200937,0.12857,-0.0596903,-0,0.306371,0.00012045,0.00208409,6
12.3739,0.201232,0.12857,-0.0596903,-0,0.307471,0.000117474,0.00208539,6
12.376,0.201454,0.12857,-0.0565487,-0.0239779,0.262547,0.000107486,0.00208725,6
12.3781,0.20175,0.12689,-0.0565487,-0.0320943,0.225971,0.000666737,0.00208657,9
12.3802,0.202119,0.131932,-0.0565487,-0.0277132,0.262596,0.000319404,0.00208421,3
12.3823,0.202341,0.12689,-0.0565487,-0.0139183,0.29897,0.000111824,0.00208296,6
12.3844,0.202563,0.12857,-0.0565487,0.00648683,0.385338,0.000118466,0.00208678,6
12.3865,0.202784,0.125209,-0.0565487,0.0309792,0.469442,0.000108048,0.00208615,6
12.3886,0.20308,0.116806,-0.0565487,0.057316,0.542821,0.000110512,0.00208643,6
12.3907,0.203302,0.120167,-0.0565487,0.0835349,0.657896,0.000326867,0.00208745,9
12.3928,0.203597,0.118486,-0.0565487,0.107954,0.74805,0.000111794,0.00208289,6
12.3949,0.203819,0.125209,-0.0565487,0.129171,0.855765,0.000107436,0.00208681,6
12.397,0.204114,0.121848,-0.0565487,0.146065,0.910548,0.000108838,0.00208629,6
12.3991,0.204336,0.125209,-0.0565487,0.157795,0.969185,0.000106855,0.00208746,6
12.4012,0.204632,0.12857,-0.0565487,0.1638,1.0058,0.000341264,0.00208608,9
12.4033,0.204927,0.12857,-0.0565487,0.1638,1.0069,0.000108969,0.0020843,6
12.4054,0.205149,0.139775,-0.0534071,0.133817,0.978995,0.00010925,0.00208566,6
12.4075,0.205445,0.134733,-0.0534071,0.113971,0.884607,0.000107496,0.00208725,6
12.4096,0.20574,0.143136,-0.0534071,0.101458,0.867274,0.00010986,0.00208619,6
12.4117,0.206036,0.146497,-0.0534071,0.0940357,0.851587,0.000382498,0.00208744,9
12.4138,0.206405,0.150979,-0.0534071,0.090022,0.853493,0.000111263,0.00208325,6
12.4159,0.206701,0.15266,-0.0534071,0.0882955,0.85393,0.000107877,0.00208697,6
12.418,0.206997,0.149859,-0.0534071,0.0882951,0.844926,0.000112165,0.00208592,6
12.4201,0.20744,0.156021,-0.0534071,0.0900218,0.875528,0.0001098,0.00208718,6
12.4222,0.207662,0.15266,-0.0534071,0.0940353,0.879864,0.00036136,0.00208617,9
12.4243,0.208031,0.154341,-0.0534071,0.101458,0.916211,0.000110212,0.00208431,6
12.4264,0.208327,0.157702,-0.0534071,0.113971,0.978176,0.000110271,0.00208532,6
12.4285,0.208622,0.157702,-0.0534071,0.133817,1.05658,0.000112856,0.00208626,6
12.4306,0.208992,0.157702,-0.0534071,0.1638,1.17474,0.00010942,0.00208107,6
12.4327,0.209288,0.162744,-0.0534071,0.1638,1.19403,0.000350871,0.00208417,9
12.4348,0.209731,0.166105,-0.0534071,0.157795,1.18441,0.000108769,0.00208431,6
12.4369,0.210027,0.170587,-0.0534071,0.146065,1.15599,0.000120089,0.00208546,6
12.439,0.210396,0.175629,-0.0534071,0.129171,1.10974,0.00010958,0.00208722,6
12.4411,0.210766,0.184032,-0.0534071,0.107954,1.05878,0.000108759,0.00208653,6
12.4432,0.211135,0.185713,-0.0534071,0.0835349,0.971102,0.000346122,0.00208734,9
12.4453,0.211578,0.182352,-0.0565487,0.081294,0.904252,0.000111483,0.00208316,6
12.4474,0.211948,0.193556,-0.0565487,0.0630734,0.875066,0.00011504,0.00208638,6
12.4495,0.212317,0.191875,-0.0565487,0.0342001,0.757914,0.00010962,0.00208602,6
12.4516,0.212761,0.195237,-0.0565487,-0,0.638473,0.000112095,0.00208752,6
12.4537,0.213204,0.20364,-0.0596903,-0.0102222,0.582966,0.000418414,0.00208574,9
12.4558,0.213648,0.196917,-0.0596903,-0.0309791,0.479519,0.000112426,0.00208432,6
12.4579,0.214017,0.20476,-0.0596903,-0.0535809,0.421144,0.000110221,0.00208539,6
12.46,0.214461,0.206441,-0.0596903,-0.0696166,0.366394,0.000107797,0.00208728,6
12.4621,0.214904,0.20476,-0.0596903,-0.114441,0.187387,0.000112546,0.0020859,6
12.4642,0.215274,0.196917,-0.0596903,-0.16015,-0.0175703,0.000442879,0.00208746,9
12.4663,0.215791,0.196917,-0.0596903,-0.203381,-0.184036,0.000110001,0.00208296,6
12.4684,0.21616,0.20364,-0.0596903,-0.24133,-0.306231,0.000128043,0.00208692,6
12.4705,0.216604,0.201959,-0.0628318,-0.247776,-0.383399,0.000111554,0.00208438,6
12.4726,0.216973,0.193556,-0.0628318,-0.260877,-0.463361,0.000109039,0.00208633,6
12.4747,0.217417,0.190195,-0.0628318,-0.276147,-0.533312,0.000475659,0.00208755,9
12.4768,0.21786,0.188514,-0.0628318,-0.289942,-0.591456,0.000113257,0.00208317,6
12.4789,0.218156,0.17899,-0.0628318,-0.299458,-0.661771,0.000108247,0.00208708,6
12.481,0.218525,0.17731,-0.0628318,-0.302733,-0.679213,0.000128294,0.0020863,6
12.4831,0.218895,0.170587,-0.0628318,-0.298646,-0.686164,0.000108318,0.00208741,6
12.4852,0.219264,0.161063,-0.0628318,-0.286916,-0.673447,0.000528245,0.00208629,9
12.4873,0.219634,0.150979,-0.0628318,-0.268104,-0.635165,0.000110421,0.00208448,6
12.4894,0.219929,0.148178,-0.0628318,-0.243611,-0.548765,0.000110992,0.00208557,6
12.4915,0.220225,0.146497,-0.0628318,-0.215681,-0.444934,0.000108568,0.00208737,6
12.4936,0.220447,0.139775,-0.0628318,-0.187398,-0.358185,0.000111714,0.00208607,6
12.4957,0.220742,0.130251,-0.0628318,-0.162685,-0.295173,0.000516183,0.00208765,9
12.4978,0.221038,0.125209,-0.0659734,-0.122331,-0.20272,0.000146578,0.00208344,3
12.4999,0.22126,0.118486,-0.0659734,-0.111782,-0.185052,0.000108689,0.00208627,6
12.502,0.221481,0.110643,-0.0659734,-0.0906384,-0.130156,0.000112706,0.00208575,6
12.5041,0.221777,0.108963,-0.0659734,-0.0831583,-0.10598,0.000108227,0.00208729,6
12.5062,0.221998,0.103921,-0.0659734,-0.0904626,-0.151791,0.000533304,0.00208622,9
12.5083,0.22222,0.10224,-0.0659734,-0.114514,-0.250712,0.000182413,0.00208425,3
12.5104,0.222442,0.100559,-0.0659734,-0.114632,-0.256407,0.000108598,0.00208464,6
12.5125,0.22259,0.100559,-0.0659734,-0.114514,-0.255397,0.000110451,0.00208113,6
12.5146,0.222811,0.0927164,-0.0659734,-0.114441,-0.282573,0.000133233,0.00208708,6
12.5167,0.222959,0.0876744,-0.0659734,-0.115253,-0.303371,0.000545316,0.00208628,9
12.5188,0.223181,0.0826324,-0.0659734,-0.118352,-0.332802,0.000167536,0.00208417,3
12.5209,0.223329,0.0809518,-0.0628318,-0.149679,-0.412687,0.000111003,0.00208537,6
12.523,0.223477,0.07647,-0.0628318,-0.171917,-0.514922,0.000108549,0.00208704,6
12.5251,0.223624,0.0697474,-0.0628318,-0.191514,-0.61495,0.000109069,0.00208594,6
12.5272,0.223772,0.0647054,-0.0628318,-0.171713,-0.555459,0.000567807,0.00208731,9
12.5293,0.22392,0.0602236,-0.0628318,-0.139578,-0.445902,0.000226884,0.00208335,3
12.5314,0.223994,0.048459,-0.0628318,-0.0981916,-0.32685,0.000110191,0.00208433,6
12.5335,0.224142,0.048459,-0.0628318,-0.0506378,-0.14107,0.000109931,0.00208556,6
12.5356,0.224216,0.0406159,-0.0628318,-0,0.0281597,0.000111804,0.00208095,6
12.5377,0.224289,0.0271707,-0.0628318,0.0506378,0.177185,0.000584047,0.00208615,9
12.5398,0.224363,0.0243696,-0.0628318,0.0981919,0.352588,0.000237244,0.00208443,3
12.5419,0.224363,0.0193276,-0.0628318,0.139578,0.49561,0.000111142,0.0020832,6
12.544,0.224437,0.0243696,-0.0628318,0.171713,0.639241,0.000107546,0.00208687,6
12.5461,0.224437,0.0126049,-0.0628318,0.191514,0.673935,0.000110301,0.00208616,6
12.5482,0.224511,0.0226889,-0.0628318,0.195895,0.727644,0.000601138,0.00208705,9
12.5503,0.224511,0.0193276,-0.0628318,0.181773,0.660515,0.000252982,0.00208314,3
12.5524,0.224585,0.0226889,-0.0628318,0.146065,0.533825,0.000135277,0.0020843,6
12.5545,0.224659,0.0288513,-0.0628318,0.129171,0.490521,0.000108488,0.00208521,6
12.5566,0.224733,0.030532,-0.0596903,0.083976,0.368464,0.000108879,0.00208636,6
12.5587,0.224807,0.030532,-0.0596903,0.0514406,0.242008,0.000638106,0.00208743,9
12.5608,0.224881,0.0338933,-0.0596903,0.0296028,0.169345,0.000293035,0.00208303,3
12.5629,0.224955,0.0338933,-0.0596903,0.017061,0.120768,0.000108959,0.00208446,6
12.565,0.224955,0.0288513,-0.0596903,0.0129736,0.0866626,0.000109851,0.00208565,6
12.5671,0.225028,0.030532,-0.0596903,0.0170609,0.10892,0.000106875,0.00208738,6
12.5692,0.225102,0.0288513,-0.0596903,0.0296027,0.151986,0.000659223,0.0020861,6
12.5713,0.225176,0.0210082,-0.0596903,0.0514404,0.209035,0.000317029,0.00208436,3
12.5734,0.225176,0.0271707,-0.0565487,0.0599976,0.31224,0.000111033,0.0020834,6
12.5755,0.22525,0.0142856,-0.0565487,0.0970765,0.410472,0.000107166,0.00208698,6
12.5776,0.22525,0.0176469,-0.0565487,0.118352,0.505465,0.000110071,0.00208612,6
12.5797,0.225324,0.0176469,-0.0565487,0.143877,0.605163,0.000106024,0.00208745,6
12.5818,0.225324,0.0126049,-0.0534071,0.146309,0.644101,0.000383961,0.00208662,9
12.5839,0.225398,0.0210082,-0.0534071,0.162685,0.73847,0.000134856,0.00208434,6
12.586,0.225398,0.0193276,-0.0534071,0.187398,0.82867,0.000112335,0.00208551,6
12.5881,0.225472,0.0210082,-0.0534071,0.215682,0.945176,0.000108458,0.00208739,6
12.5902,0.225472,0.0243696,-0.0534071,0.243611,1.06609,0.000108668,0.00208624,6
12.5923,0.225546,0.0210082,-0.0534071,0.268104,1.14964,0.000420157,0.00208735,9
12.5944,0.22562,0.0372546,-0.0534071,0.286916,1.28179,0.000109911,0.00208303,6
12.5965,0.225694,0.0288513,-0.0534071,0.298646,1.29745,0.000111393,0.00207874,6
12.5986,0.225767,0.0406159,-0.0534071,0.302733,1.35607,0.000107597,0.0020875,6
12.6007,0.225841,0.0450977,-0.0534071,0.299458,1.35975,0.000108298,0.0020866,6
12.6028,0.225989,0.048459,-0.0534071,0.289942,1.33536,0.000369054,0.00208738,9
12.6049,0.226137,0.058543,-0.0534071,0.276147,1.31855,0.000112866,0.00208296,6
12.607,0.226211,0.0619043,-0.0534071,0.260877,1.27147,0.000107937,0.00208678,6
12.6091,0.226359,0.07647,-0.0534071,0.247776,1.27352,0.000108188,0.00208622,6
12.6112,0.226506,0.0747893,-0.0534071,0.24133,1.2429,0.000107767,0.00208737,6
12.6133,0.226654,0.0843131,-0.0534071,0.203381,1.12998,0.000417132,0.00208594,9
12.6154,0.226876,0.0843131,-0.0534071,0.16015,0.962415,0.000110542,0.00208425,6
12.6175,0.227024,0.0927164,-0.0534071,0.114441,0.815227,0.000133584,0.00208568,6
12.6196,0.227245,0.0960777,-0.0534071,0.0696165,0.653579,0.000109741,0.00208723,6
12.6217,0.227467,0.0960777,-0.0534071,0.0296026,0.498544,0.000111033,0.00208633,6
12.6238,0.227689,0.0971981,-0.0534071,-0.00111508,0.38376,0.000353976,0.00208741,9
12.6259,0.227911,0.0988788,-0.0534071,-0.0174911,0.32686,0.000111483,0.00208325,6
12.628,0.228058,0.0988788,-0.0534071,-0.0139184,0.341326,0.000108167,0.00208674,6
12.6301,0.22828,0.0971981,-0.0534071,-0.0277133,0.282357,0.000111584,0.00208589,6
12.6322,0.228502,0.0971981,-0.0534071,-0.0320943,0.266117,0.000108147,0.00208692,6
12.6343,0.22865,0.0927164,-0.0534071,-0.023978,0.282118,0.000415028,0.00208643,9
12.6364,0.228871,0.0910357,-0.0534071,-0,0.37028,0.000147299,0.00208431,6
12.6385,0.229093,0.094397,-0.0534071,-0,0.383228,0.000111283,0.00208497,6
12.6406,0.229241,0.0859937,-0.0534071,-0,0.353471,0.00011514,0.0020859,6
12.6427,0.229463,0.0927164,-0.0534071,-0,0.378542,0.000113076,0.0020806,6
12.6448,0.22961,0.0910357,-0.0534071,-0,0.373031,0.000331806,0.00208609,9
12.6469,0.229832,0.0910357,-0.0534071,-0,0.373856,0.000113006,0.00208418,6
12.649,0.22998,0.0893551,-0.0534071,-0,0.368344,0.000112416,0.00208552,6
12.6511,0.230202,0.0859937,-0.0534071,-0,0.357047,0.000111023,0.00208731,6
12.6532,0.230349,0.0893551,-0.0534071,-0,0.36972,0.000661518,0.0020861,6
12.6553,0.230571,0.0859937,-0.0534071,-0,0.358422,0.000318081,0.00208424,3
12.6574,0.230793,0.094397,-0.0534071,-0,0.389555,0.000115782,0.00208307,6
12.6595,0.230941,0.0876744,-0.0534071,-0,0.365859,0.000110983,0.00208657,6
12.6616,0.231088,0.0927164,-0.0534071,-0,0.384594,0.000111333,0.00208624,6
12.6637,0.23131,0.0893551,-0.0534071,-0,0.373296,0.000660927,0.0020871,6
12.6658,0.231532,0.0910357,-0.0534071,-0,0.380183,0.000297834,0.00208303,3
12.6679,0.23168,0.0910357,-0.0534071,-0,0.380733,0.000111955,0.00208436,6
12.67,0.231901,0.0893551,-0.0534071,-0,0.375497,0.000114779,0.00208566,6
12.6721,0.232049,0.0893551,-0.0534071,-0,0.376047,0.000109269,0.00208734,6
12.6742,0.232271,0.0859937,-0.0534071,-0,0.364749,0.00065174,0.0020859,9
12.6763,0.232492,0.0876744,-0.0534071,-0,0.371636,0.000299337,0.00208425,3
12.6784,0.23264,0.0876744,-0.0534071,-0,0.372186,0.000112045,0.00208302,6
12.6805,0.232788,0.0826324,-0.0534071,-0,0.354552,0.000121241,0.00208545,6
12.6826,0.232936,0.0876744,-0.0534071,-0,0.373287,0.000110191,0.00208719,6
12.6847,0.233158,0.0809518,-0.0534071,-0,0.349866,0.000661418,0.0020863,9
12.6868,0.233379,0.07647,-0.0534071,-0,0.334528,0.000293636,0.00208411,3
12.6889,0.233527,0.0798313,-0.0534071,-0,0.347201,0.000116242,0.00208299,6
12.691,0.233675,0.116806,-0.0534071,-0,0.481103,0.000110732,0.00208689,6
12.6931,0.23397,0.144817,-0.0565487,0.023978,0.628978,0.00010942,0.00208585,6
12.6952,0.23397,0.0109243,-0.0565487,0.0320944,0.177695,0.000661187,0.0020873,6
12.6973,0.234192,0.071428,-0.0565487,0.0277132,0.379668,0.000311249,0.00208317,3
12.6994,0.234266,0.0747893,-0.0565487,0.0139183,0.338333,0.00010976,0.00208457,6
12.7015,0.234414,0.071428,-0.0565487,-0.00648677,0.247279,0.000109089,0.00208586,6
12.7036,0.234562,0.066386,-0.0565487,-0.0309792,0.134243,0.000106704,0.00208716,6
12.7057,0.234709,0.0697474,-0.0565487,-0.0573161,0.0443303,0.000108037,0.00208645,6
12.7078,0.234857,0.0630247,-0.0565487,-0.083535,-0.0814921,0.000331996,0.00208762,9
12.7099,0.235005,0.0680667,-0.0596903,-0.0839758,-0.112123,0.000114519,0.00208297,6
12.712,0.235153,0.066386,-0.0596903,-0.0970767,-0.168664,0.000107286,0.00208684,6
12.7141,0.235227,0.058543,-0.0596903,-0.118352,-0.279546,0.000110152,0.00208597,6
12.7162,0.235375,0.058543,-0.0596903,-0.143877,-0.378419,0.000107617,0.00208731,6
12.7183,0.235448,0.048459,-0.0596903,-0.170287,-0.517385,0.000405451,0.00208607,9
12.7204,0.235596,0.0467784,-0.0596903,-0.19478,-0.618298,0.000125278,0.00208444,6
12.7225,0.23567,0.0439773,-0.0596903,-0.215111,-0.70732,0.00010936,0.00208547,6
12.7246,0.235744,0.0338933,-0.0596903,-0.2296,-0.799851,0.0001203,0.00208599,6
12.7267,0.235818,0.030532,-0.0596903,-0.237125,-0.841009,0.000108989,0.00208725,6
12.7288,0.235892,0.0243696,-0.0596903,-0.237125,-0.862959,0.00039972,0.00208642,9
12.7309,0.235892,0.0159663,-0.0596903,-0.2296,-0.863956,0.00010973,0.00208438,6
12.733,0.235966,0.00476187,-0.0596903,-0.215111,-0.847655,0.000115912,0.00208529,6
12.7351,0.235966,-0.00364143,-0.0596903,-0.194779,-0.798767,0.000106615,0.00208719,6
12.7372,0.235966,-0.00532209,-0.0596903,-0.170287,-0.709428,0.000111493,0.00208622,6
12.7393,0.235892,-0.0114845,-0.0596903,-0.143877,-0.629056,0.000443069,0.00208747,9
12.7414,0.235892,-0.0165265,-0.0596903,-0.118352,-0.547817,0.000120209,0.00208317,6
12.7435,0.235892,-0.0182071,-0.0596903,-0.0970767,-0.471008,0.000107857,0.0020869,6
12.7456,0.235818,-0.0131652,-0.0596903,-0.0839758,-0.402068,0.0001148,0.00208579,6
12.7477,0.235818,-0.0182071,-0.0596903,-0.0835349,-0.418536,0.000107917,0.00208704,6
12.7498,0.235744,-0.0165265,-0.0596903,-0.057316,-0.310623,0.000458448,0.00208632,9
12.7519,0.23567,-0.0249298,-0.0596903,-0.0309791,-0.238619,0.000112215,0.00207813,6
12.754,0.23567,-0.0182071,-0.0565487,-0.0304648,-0.164722,0.000126681,0.00208565,6
12.7561,0.235596,-0.0198878,-0.0565487,-0.0181759,-0.123191,0.00010934,0.00208715,6
12.7582,0.235596,-0.0165265,-0.0565487,-0,-0.04027,0.000122393,0.00208593,6
12.7603,0.235522,-0.0198878,-0.0565487,0.0181759,0.0181299,0.000519959,0.00208705,9
12.7624,0.235522,-0.0131652,-0.0565487,0.0304648,0.0902431,0.000128404,0.00208317,3
12.7645,0.235522,-0.0131652,-0.0565487,0.0309792,0.0922467,0.000114169,0.00208529,6
12.7666,0.235448,-0.0114845,-0.0534071,0.033338,0.154869,0.000108197,0.00208721,6
12.7687,0.235448,-0.00700275,-0.0534071,0.0514406,0.241545,0.000117174,0.00208641,6
12.7708,0.235448,-0.00700275,-0.0534071,0.0802405,0.353726,0.000537913,0.00208763,9
12.7729,0.235448,-0.00364143,-0.0534071,0.115253,0.502226,0.000156606,0.00208277,3
12.775,0.235375,-0.00868341,-0.0534071,0.152552,0.629053,0.000108268,0.00208638,6
12.7771,0.235375,-0.00196077,-0.0534071,0.188774,0.79439,0.000108909,0.00208617,6
12.7792,0.235375,0.00308121,-0.0534071,0.221116,0.938552,0.000107397,0.00208732,6
12.7813,0.235375,0.00644253,-0.0534071,0.247335,1.0528,0.000516634,0.00208628,9
12.7834,0.235448,0.00308121,-0.0534071,0.265749,1.11268,0.000152419,0.00208417,3
12.7855,0.235448,0.00644253,-0.0534071,0.275236,1.16175,0.000109399,0.00208522,6
12.7876,0.235448,0.0109243,-0.0534071,0.275236,1.17792,0.000131921,0.00208726,6
12.7897,0.235522,0.0176469,-0.0534071,0.265749,1.16549,0.000111584,0.00208628,6
12.7918,0.235522,0.0243696,-0.0534071,0.247335,1.11801,0.000517294,0.00208765,9
12.7939,0.235596,0.0322126,-0.0534071,0.221116,1.04444,0.000147669,0.00208312,3
12.796,0.23567,0.0260502,-0.0534071,0.188774,0.896514,0.000108228,0.00208645,6
12.7981,0.235744,0.0422966,-0.0534071,0.152552,0.814293,0.000110522,0.00208606,6
12.8002,0.235818,0.0439773,-0.0534071,0.115252,0.675343,0.000108288,0.00208716,6
12.8023,0.235892,0.048459,-0.0534071,0.0802404,0.555404,0.000508879,0.00208647,9
12.8044,0.23604,0.0467784,-0.0534071,0.0514406,0.437714,0.000150525,0.00208436,3
12.8065,0.236114,0.0422966,-0.0534071,0.033338,0.351312,0.000107927,0.00208553,6
12.8086,0.236188,0.0422966,-0.0534071,0.030979,0.342399,0.000109039,0.00208617,6
12.8107,0.236261,0.0422966,-0.0534071,0.00648689,0.247273,0.000111734,0.00208728,6
12.8128,0.236409,0.0501397,-0.0534071,-0.0139184,0.196629,0.000495424,0.00208633,9
12.8149,0.236483,0.0389353,-0.0534071,-0.0277133,0.102761,0.00010956,0.00208426,6
12.817,0.236557,0.0450977,-0.0534071,-0.0320943,0.108197,0.000111173,0.00208551,6
12.8191,0.236631,0.0389353,-0.0534071,-0.023978,0.117861,0.000106965,0.00208708,6
12.8212,0.236779,0.0406159,-0.0534071,-0,0.21787,0.000112786,0.00208627,6
12.8233,0.236853,0.0372546,-0.0534071,-0,0.206022,0.000493662,0.00208739,9
12.8254,0.236927,0.035574,-0.0534071,-0,0.200236,0.000116793,0.00208289,6
12.8275,0.237,0.030532,-0.0534071,-0,0.182327,0.000111123,0.00208672,6
12.8296,0.237,0.030532,-0.0534071,-0,0.182327,0.000113016,0.00208588,6
12.8317,0.237074,0.030532,-0.0534071,-0,0.182602,0.00010967,0.0020873,6
12.8338,0.237148,0.0271707,-0.0534071,-0,0.170754,0.000479145,0.00208621,9
12.8359,0.237222,0.0260502,-0.0534071,-0,0.166988,0.000112806,0.00208419,6
12.838,0.237296,0.030532,-0.0534071,-0,0.183427,0.000113938,0.00208558,6
12.8401,0.23737,0.0260502,-0.0534071,-0,0.167538,0.000110461,0.00208666,6
12.8422,0.23737,0.0271707,-0.0534071,-0,0.171579,0.000112956,0.00208598,6
12.8443,0.237444,0.0243696,-0.0534071,-0,0.161752,0.000467744,0.00208734,9
12.8464,0.237518,0.0226889,-0.0534071,-0,0.155965,0.000112145,0.00208297,6
12.8485,0.237518,0.0193276,-0.0565487,0.023978,0.189592,0.000110472,0.00208574,6
12.8506,0.237592,0.0210082,-0.0565487,0.0320944,0.227543,0.000107506,0.00208736,6
12.8527,0.237592,0.0142856,-0.0565487,0.0277132,0.186232,0.000108869,0.00208616,6
12.8548,0.237666,0.0142856,-0.0565487,0.0139183,0.132774,0.000504922,0.00208753,9
12.8569,0.237666,0.0142856,-0.0565487,-0.00648677,0.0532928,0.000131179,0.00208291,6
12.859,0.237666,0.0126049,-0.0565487,-0.0309792,-0.0481702,0.000112676,0.00208695,6
12.8611,0.237739,0.00812319,-0.0565487,-0.0573161,-0.166645,0.000110372,0.00207978,6
12.8632,0.237739,0.00476187,-0.0565487,-0.083535,-0.280895,0.000107356,0.00208718,6
12.8653,0.237739,0.00476187,-0.0565487,-0.107954,-0.37601,0.000516232,0.00208618,9
12.8674,0.237739,-0.00028011,-0.0565487,-0.129171,-0.476839,0.000165573,0.00208417,3
12.8695,0.237739,-0.00532209,-0.0565487,-0.146065,-0.560828,0.000110732,0.00208514,6
12.8716,0.237739,-0.00532209,-0.0565487,-0.157795,-0.606518,0.000107336,0.00208738,6
12.8737,0.237739,-0.00532209,-0.0565487,-0.1638,-0.62991,0.000110562,0.00208624,6
12.8758,0.237666,-0.0131652,-0.0565487,-0.1638,-0.658472,0.00055874,0.00208735,9
12.8779,0.237666,-0.0131652,-0.0565487,-0.157795,-0.63508,0.000201909,0.0020832,3
12.88,0.237592,-0.0165265,-0.0565487,-0.146065,-0.601788,0.000113497,0.00208432,6
12.8821,0.237592,-0.0198878,-0.0565487,-0.129171,-0.548106,0.000112846,0.00208526,6
12.8842,0.237518,-0.0249298,-0.0565487,-0.107954,-0.483921,0.000107527,0.00208696,6
12.8863,0.237444,-0.0294115,-0.0565487,-0.0835348,-0.405245,0.000573508,0.00208647,9
12.8884,0.23737,-0.0327729,-0.0565487,-0.0573159,-0.315516,0.000292454,0.00208441,3
12.8905,0.23737,-0.0294115,-0.0565487,-0.0309792,-0.200808,0.000130037,0.00208315,6
12.8926,0.237296,-0.0310922,-0.0565487,-0.00648689,-0.111743,0.000110222,0.00208568,6
12.8947,0.237222,-0.0294115,-0.0565487,0.0139183,-0.0264753,0.000108408,0.00208743,6
12.8968,0.237148,-0.0277309,-0.0565487,0.0277132,0.0330445,0.000602861,0.00208638,9
12.8989,0.237074,-0.0277309,-0.0565487,0.0320944,0.0498347,0.000256519,0.00208431,3
12.901,0.237,-0.0310922,-0.0565487,0.0239782,0.00582257,0.000119949,0.00208341,6
12.9031,0.237,-0.0232491,-0.0565487,-0,-0.0592892,0.000111734,0.00208677,6
12.9052,0.236927,-0.0182071,-0.0565487,-0,-0.0413797,0.000112175,0.00208607,6
12.9073,0.236927,-0.0198878,-0.0565487,-0,-0.0474413,0.000631413,0.00208697,9
12.9094,0.236853,-0.0148458,-0.0565487,-0,-0.0295319,0.000294368,0.00208292,3
12.9115,0.236853,-0.0131652,-0.0565487,-0,-0.0234704,0.000112405,0.00208429,6
12.9136,0.236779,-0.0148458,-0.0565487,-0,-0.0298069,0.000112435,0.00208548,6
12.9157,0.236779,-0.00868341,-0.0565487,-0,-0.00758154,0.000110542,0.00208727,6
12.9178,0.236779,-0.00868341,-0.0565487,-0,-0.00758154,0.000645819,0.0020862,9
12.9199,0.236779,-0.00364143,-0.0565487,-0,0.010603,0.000308212,0.00208392,3
12.922,0.236779,-0.00196077,-0.0565487,-0,0.0166644,0.000113617,0.0020832,6
12.9241,0.236779,0.00644253,-0.0565487,-0,0.0469718,0.000129076,0.00208686,6
12.9262,0.236779,0.00476187,-0.0565487,-0,0.0409104,0.000121942,0.00208569,6
12.9283,0.236779,0.00140055,-0.0565487,-0,0.0287874,0.000111423,0.00208728,6
12.9304,0.236779,0.00140055,-0.0565487,-0,0.0287874,0.000327818,0.00208586,9
12.9325,0.236779,0.00140055,-0.0565487,-0,0.0287874,0.000123655,0.00207616,6
12.9346,0.236779,-0.00364143,-0.0565487,-0,0.010603,0.000110011,0.0020867,6
12.9367,0.236779,-0.00196077,-0.0565487,-0,0.0166644,0.000116332,0.0020862,6
12.9388,0.236779,-0.00196077,-0.0565487,-0,0.0166644,0.000108698,0.00208729,6
12.9409,0.236779,0.00140055,-0.0565487,-0,0.0287874,0.000364015,0.00208601,9
12.943,0.236779,-0.00028011,-0.0565487,-0,0.0227259,0.000112004,0.0020841,6
12.9451,0.236779,0.00308121,-0.0565487,-0,0.0348488,0.000111454,0.00208566,6
12.9472,0.236779,0.00140055,-0.0565487,-0,0.0287874,0.000109931,0.00208704,6
12.9493,0.236779,-0.00028011,-0.0565487,-0,0.0227259,0.000116373,0.00208588,6
12.9514,0.236779,0.00476187,-0.0565487,-0,0.0409104,0.00038349,0.00208729,9
12.9535,0.236779,-0.00196077,-0.0596903,0.0239779,0.0624138,0.000110972,0.00208289,6
12.9556,0.236779,-0.00364143,-0.0596903,0.0320943,0.0879669,0.000107887,0.00208681,6
12.9577,0.236779,0.00308121,-0.0596903,0.0277131,0.0951476,0.000130207,0.00208587,6
12.9598,0.236779,0.00140055,-0.0596903,0.0139183,0.0353532,0.000108017,0.0020874,6
12.9619,0.236779,0.00140055,-0.0596903,-0.00648686,-0.0441281,0.000425687,0.00208659,9
12.964,0.236779,-0.00196077,-0.0596903,-0.0309792,-0.151653,0.000110071,0.0020843,6
12.9661,0.236779,0.00140055,-0.0596903,-0.057316,-0.242116,0.000112645,0.00207962,6
12.9682,0.236779,-0.00028011,-0.0596903,-0.0835349,-0.350304,0.000107376,0.00208685,6
12.9703,0.236779,-0.00028011,-0.0596903,-0.107954,-0.44542,0.000109029,0.0020861,6
12.9724,0.236779,-0.00028011,-0.0596903,-0.129171,-0.528064,0.000463637,0.00208728,9
12.9745,0.236779,0.00140055,-0.0596903,-0.146065,-0.587808,0.000162267,0.00208284,3
12.9766,0.236779,-0.00196077,-0.0596903,-0.157795,-0.64562,0.00010993,0.00208486,6
12.9787,0.236779,-0.00364143,-0.0596903,-0.1638,-0.675072,0.000107877,0.00208719,6
12.9808,0.236779,-0.00532209,-0.0596903,-0.1638,-0.681134,0.000108478,0.00208622,6
12.9829,0.236705,-0.00700275,-0.0596903,-0.157795,-0.66408,0.000485045,0.00208763,9
12.985,0.236705,-0.0165265,-0.0596903,-0.146065,-0.652738,0.000110802,0.00208317,6
12.9871,0.236705,-0.0148458,-0.0596903,-0.129171,-0.580872,0.000107085,0.0020871,6
12.9892,0.236631,-0.00980385,-0.0596903,-0.107954,-0.480318,0.000108518,0.00208624,6
12.9913,0.236631,-0.0232491,-0.0596903,-0.0835349,-0.433694,0.000121211,0.0020875,6
12.9934,0.236557,-0.0215685,-0.0596903,-0.057316,-0.325781,0.000521402,0.00208625,9
12.9955,0.236483,-0.0266104,-0.0628318,-0.00700119,-0.195905,0.000167055,0.00208416,3
12.9976,0.236483,-0.0277309,-0.0628318,0.0256074,-0.0729301,0.00010983,0.00208526,6
12.9997,0.236409,-0.0215685,-0.0628318,0.0416315,0.0114366,0.000108238,0.00208722,6
13.0018,0.236409,-0.0249298,-0.0628318,0.0416315,-0.00068632,0.000111594,0.00208606,6
13.0039,0.236335,-0.0182071,-0.0628318,0.0256073,-0.0391322,0.000555284,0.00208695,9
13.006,0.236261,-0.0232491,-0.0628318,-0.00700122,-0.184607,0.000197862,0.00208303,3
13.0081,0.236261,-0.0148458,-0.0628318,-0.057316,-0.350283,0.00010985,0.00208445,6
13.0102,0.236188,-0.0198878,-0.0628318,-0.0835349,-0.470869,0.000111283,0.00208548,6
13.0123,0.236188,-0.0165265,-0.0628318,-0.107954,-0.553861,0.000107637,0.00208722,6
13.0144,0.236188,-0.0131652,-0.0628318,-0.129171,-0.624382,0.00055331,0.00208624,9
13.0165,0.236114,-0.0131652,-0.0628318,-0.146065,-0.690463,0.000215904,0.00208293,3
13.0186,0.236114,-0.0215685,-0.0628318,-0.157795,-0.76646,0.000110031,0.00208426,6
13.0207,0.23604,-0.0198878,-0.0628318,-0.1638,-0.784064,0.000109881,0.00208562,6
13.0228,0.23604,-0.0198878,-0.0628318,-0.1638,-0.784064,0.000107306,0.00208694,6
13.0249,0.235966,-0.0249298,-0.0628318,-0.157795,-0.779133,0.000570492,0.00208639,9
13.027,0.235892,-0.0249298,-0.0628318,-0.146065,-0.733718,0.000253342,0.00208413,3
13.0291,0.235892,-0.0294115,-0.0628318,-0.129171,-0.684077,0.000111865,0.00208326,6
13.0312,0.235818,-0.0266104,-0.0628318,-0.107954,-0.591606,0.00010926,0.00208683,6
13.0333,0.235744,-0.0344535,-0.0628318,-0.0835349,-0.525053,0.000113958,0.0020858,6
13.0354,0.23567,-0.0394955,-0.0628318,-0.057316,-0.441386,0.000582293,0.00208721,9
13.0375,0.235596,-0.0294115,-0.0628318,-0.0309791,-0.302706,0.000241351,0.00208296,3
13.0396,0.235522,-0.0327729,-0.0628318,-0.00648683,-0.219703,0.00010967,0.00208447,6
13.0417,0.235448,-0.0378148,-0.0628318,0.0139182,-0.158681,0.000111233,0.00208556,6
13.0438,0.235375,-0.0344535,-0.0628318,0.0277131,-0.0931004,0.000108508,0.00208733,6
13.0459,0.235301,-0.0361342,-0.0628318,0.0320943,-0.0823716,0.000600035,0.00208629,9
13.048,0.235227,-0.0344535,-0.0628318,0.0239778,-0.1082,0.000247402,0.00208431,3
13.0501,0.235153,-0.0277309,-0.0628318,-0,-0.177627,0.000123636,0.00208279,6
13.0522,0.235079,-0.0294115,-0.0628318,-0,-0.183963,0.000111073,0.00208665,6
13.0543,0.235079,-0.0277309,-0.0628318,-0,-0.177902,0.000111244,0.00208596,6
13.0564,0.235005,-0.0249298,-0.0628318,-0,-0.168074,0.000614442,0.00208716,9
13.0585,0.234931,-0.0277309,-0.0628318,-0,-0.178452,0.000263592,0.00208285,3
13.0606,0.234857,-0.0249298,-0.0628318,-0,-0.168624,0.00013118,0.00208306,6
13.0627,0.234857,-0.0232491,-0.0628318,-0,-0.162563,0.000110892,0.00208665,6
13.0648,0.234783,-0.0266104,-0.0628318,-0,-0.174961,0.000112055,0.00208588,6
13.0669,0.234783,-0.0165265,-0.0659734,0.0239781,-0.0928421,0.000660065,0.00208719,6
13.069,0.234709,-0.0215685,-0.0659734,0.0320944,-0.0796872,0.000291732,0.00208311,3
13.0711,0.234636,-0.0148458,-0.0659734,0.0277133,-0.0727814,0.000110923,0.00207798,6
13.0732,0.234636,-0.0165265,-0.0659734,0.0139184,-0.132576,0.00010962,0.00208576,6
13.0753,0.234636,-0.00868341,-0.0659734,-0.00648677,-0.183771,0.000108248,0.0020874,6
13.0774,0.234562,-0.00980385,-0.0659734,-0.0309792,-0.283488,0.000648775,0.00208608,9
13.0795,0.234562,-0.00980385,-0.0659734,-0.0573159,-0.386074,0.00031768,0.00208442,3
13.0816,0.234562,-0.0114845,-0.0659734,-0.0835348,-0.494262,0.000110332,0.00208326,6
13.0837,0.234562,-0.00532209,-0.0659734,-0.107954,-0.567152,0.000107446,0.00208681,6
13.0858,0.234488,-0.00700275,-0.0659734,-0.129171,-0.656133,0.000110963,0.00208578,6
13.0879,0.234488,-0.0114845,-0.0659734,-0.146065,-0.738102,0.000106374,0.00208765,6
13.09,0.234488,-0.00532209,-0.0659734,-0.157795,-0.761566,0.000312782,0.00208634,9
13.0921,0.234414,-0.0148458,-0.0659734,-0.1638,-0.819581,0.00010963,0.00208414,6
13.0942,0.234414,-0.0182071,-0.0659734,-0.1638,-0.831704,0.000137281,0.00208509,6
13.0963,0.234414,-0.0165265,-0.0659734,-0.157795,-0.802251,0.000107947,0.0020873,6
13.0984,0.23434,-0.0215685,-0.069115,-0.122087,-0.729271,0.000108839,0.00208629,6
13.1005,0.23434,-0.0249298,-0.069115,-0.0970765,-0.643975,0.000361901,0.00208588,9
13.1026,0.234266,-0.0215685,-0.0722566,-0.0562627,-0.520799,0.00010955,0.00208408,6
13.1047,0.234192,-0.0294115,-0.0722566,-0.0375224,-0.476364,0.000109871,0.00208543,6
13.1068,0.234118,-0.0232491,-0.0722566,-0.0360899,-0.448834,0.000107216,0.00208712,6
13.1089,0.234118,-0.0277309,-0.0722566,-0.0480402,-0.511546,0.000111785,0.00208585,6
13.111,0.234044,-0.0310922,-0.0722566,-0.0702899,-0.610611,0.000409829,0.00208742,9
13.1131,0.23397,-0.00532209,-0.0722566,-0.100596,-0.63599,0.000110893,0.0020832,6
13.1152,0.23397,-0.00532209,-0.0722566,-0.137557,-0.779958,0.000107607,0.00208686,6
13.1173,0.23397,-0.00532209,-0.0722566,-0.180612,-0.947664,0.000112436,0.00208593,6
13.1194,0.233897,-0.0719882,-0.0722566,-0.230041,-1.38091,0.000107096,0.00208723,6
13.1215,0.233749,-0.086554,-0.0722566,-0.286966,-1.65573,0.000443189,0.00208649,9
13.1236,0.233527,-0.0473386,-0.0753982,-0.285887,-1.55856,0.000110312,0.00208396,6
13.1257,0.233453,-0.0506999,-0.0753982,-0.289501,-1.58504,0.000112265,0.00208509,6
13.1278,0.233305,-0.0635849,-0.0753982,-0.293882,-1.64912,0.000129947,0.00208732,6
13.1299,0.233158,-0.0669463,-0.0753982,-0.295947,-1.66984,0.000113177,0.00208643,6
13.132,0.23301,-0.0753496,-0.0753982,-0.293453,-1.69098,0.000518738,0.00208758,9
13.1341,0.232862,-0.081512,-0.0753982,-0.284998,-1.68083,0.000111253,0.00208284,3
13.1362,0.23264,-0.0966379,-0.0753982,-0.270022,-1.67787,0.000108138,0.00208675,6
13.1383,0.232419,-0.104481,-0.0753982,-0.248805,-1.62434,0.000125499,0.00207669,6
13.1404,0.232197,-0.109523,-0.0753982,-0.222468,-1.54076,0.000120009,0.00208697,6
13.1425,0.231975,-0.119047,-0.0753982,-0.192974,-1.46105,0.000532001,0.00208612,9
13.1446,0.23168,-0.12745,-0.0753982,-0.163126,-1.3762,0.000163809,0.00208293,3
13.1467,0.231458,-0.132492,-0.0753982,-0.136569,-1.29176,0.000108007,0.00208623,6
13.1488,0.231162,-0.138654,-0.0753982,-0.117787,-1.24193,0.00010966,0.00208619,6
13.1509,0.230867,-0.147058,-0.0753982,-0.112109,-1.25122,0.000108207,0.00208757,6
13.153,0.230571,-0.147058,-0.0753982,-0.125701,-1.30526,0.000567476,0.00208603,9
13.1551,0.230202,-0.15322,-0.0753982,-0.122087,-1.31479,0.000227606,0.00208402,3
13.1572,0.229906,-0.158262,-0.0753982,-0.129171,-1.36167,0.000121472,0.00208303,6
13.1593,0.22961,-0.163304,-0.0753982,-0.107954,-1.29831,0.000107407,0.00208693,6
13.1614,0.229241,-0.169466,-0.0753982,-0.0835348,-1.22679,0.000111073,0.00208596,6
13.1635,0.228871,-0.172828,-0.0753982,-0.0573159,-1.13816,0.00010976,0.00208735,6
13.1656,0.228502,-0.17787,-0.0722566,-0.0549569,-1.10089,0.000283768,0.00208647,9
13.1677,0.228132,-0.17787,-0.0722566,-0.038581,-1.03848,0.000116262,0.00208427,6
13.1698,0.227763,-0.187394,-0.0722566,-0.0137948,-0.977654,0.000111945,0.00208556,6
13.1719,0.227393,-0.184592,-0.0722566,0.013795,-0.861461,0.000108147,0.00208752,6
13.174,0.22695,-0.195797,-0.0722566,0.0385808,-0.806977,0.000661228,0.00208025,9
13.1761,0.226433,-0.194116,-0.0722566,0.054957,-0.739054,0.000299397,0.00208421,3
13.1782,0.226137,-0.197477,-0.0722566,0.0573156,-0.74309,0.000111534,0.00208297,6
13.1803,0.225767,-0.202519,-0.069115,0.0595567,-0.706272,0.000107566,0.00208678,6
13.1824,0.225324,-0.207001,-0.069115,0.0758594,-0.660585,0.000108017,0.0020862,6
13.1845,0.224881,-0.2042,-0.069115,0.101458,-0.552424,0.000110071,0.00208642,6
13.1866,0.224437,-0.202519,-0.0659734,0.108169,-0.474224,0.000363023,0.00208748,9
13.1887,0.223994,-0.202519,-0.0659734,0.132187,-0.382319,0.000116022,0.00208322,6
13.1908,0.223624,-0.207001,-0.0659734,0.167066,-0.264,0.000107667,0.00208709,6
13.1929,0.223181,-0.200839,-0.0659734,0.207198,-0.0871055,0.000113518,0.00208577,6
13.195,0.222738,-0.210363,-0.0659734,0.247817,0.0351114,0.000107165,0.00208741,6
13.1971,0.222294,-0.205321,-0.0659734,0.284998,0.196473,0.000388289,0.00208635,9
13.1992,0.221851,-0.2042,-0.0659734,0.315658,0.318287,0.000111443,0.00208418,6
13.2013,0.221481,-0.197477,-0.0659734,0.337554,0.426446,0.000110241,0.0020857,6
13.2034,0.221038,-0.194116,-0.0659734,0.349284,0.482608,0.000108057,0.00208718,6
13.2055,0.220668,-0.184592,-0.0628318,0.326309,0.473741,0.000111995,0.00208628,6
13.2076,0.220299,-0.186273,-0.0628318,0.30875,0.397909,0.000403227,0.00208751,9
13.2097,0.219855,-0.176189,-0.0628318,0.294364,0.376589,0.000112115,0.00208273,6
13.2118,0.21956,-0.176189,-0.0628318,0.282029,0.327442,0.000107566,0.00208693,6
13.2139,0.21919,-0.172828,-0.0628318,0.271745,0.298133,0.000111885,0.00208602,6
13.216,0.218821,-0.169466,-0.0628318,0.264634,0.281182,0.000107827,0.00208743,6
13.2181,0.218525,-0.158262,-0.0628318,0.262938,0.313886,0.000407243,0.0020865,9
13.2202,0.218156,-0.148738,-0.0628318,0.270022,0.374453,0.00010925,0.0020842,6
13.2223,0.21786,-0.148738,-0.0628318,0.246887,0.283237,0.000113027,0.00208521,6
13.2244,0.217564,-0.150419,-0.0628318,0.219193,0.168203,0.00011509,0.0020871,6
13.2265,0.217269,-0.143696,-0.0628318,0.189463,0.0755446,0.000107666,0.00208623,6
13.2286,0.216973,-0.140335,-0.0628318,0.161061,-0.0240614,0.000417442,0.00208633,9
13.2307,0.216678,-0.133612,-0.0628318,0.138193,-0.0899909,0.000133905,0.00208447,6
13.2328,0.216382,-0.125769,-0.0628318,0.125904,-0.110671,0.000112406,0.00208551,6
13.2349,0.21616,-0.120727,-0.0628318,0.130082,-0.0770396,0.000108017,0.00208724,6
13.237,0.215865,-0.124089,-0.0628318,0.113971,-0.153018,0.000112295,0.00208609,6
13.2391,0.215643,-0.117366,-0.0628318,0.105193,-0.163788,0.000431187,0.00208749,9
13.2412,0.215347,-0.117366,-0.0628318,0.107954,-0.154134,0.000122804,0.00208316,6
13.2433,0.215126,-0.114565,-0.0628318,0.0835348,-0.239973,0.000108258,0.0020867,6
13.2454,0.214904,-0.112884,-0.0628318,0.0573159,-0.336863,0.000111383,0.00208598,6
13.2475,0.214682,-0.117366,-0.0628318,0.0309792,-0.456438,0.000107587,0.00208742,6
13.2496,0.214461,-0.107842,-0.0628318,0.00648671,-0.518317,0.000451925,0.00208656,9
13.2517,0.214165,-0.112884,-0.0628318,-0.0139183,-0.617083,0.000109459,0.00208423,6
13.2538,0.214017,-0.112884,-0.0628318,-0.0277132,-0.671366,0.000111374,0.00208559,6
13.2559,0.213722,-0.109523,-0.0628318,-0.0320944,-0.677409,0.000107126,0.00208732,6
13.258,0.2135,-0.109523,-0.0628318,-0.0239781,-0.64662,0.000108629,0.00208621,6
13.2601,0.213278,-0.115685,-0.0628318,-0,-0.576272,0.000528184,0.0020873,9
13.2622,0.212983,-0.119047,-0.0628318,-0,-0.589496,0.000370577,0.0020433,6
13.2643,0.212761,-0.112884,-0.0628318,-0,-0.568095,0.000402635,0.002057,6
13.2664,0.212539,-0.111204,-0.0659734,0.0239781,-0.517109,0.000411562,0.00205392,6
13.2685,0.212317,-0.112884,-0.0659734,0.0320944,-0.492382,0.000363714,0.00203662,6
13.2706,0.212022,-0.115685,-0.0659734,0.0277133,-0.52065,0.000753256,0.00205706,9
13.2727,0.2118,-0.112884,-0.0659734,0.0139184,-0.565106,0.000105232,0.0020841,3
13.2748,0.211578,-0.117366,-0.0659734,-0.00648677,-0.661576,0.000102257,0.0020875,6
13.2769,0.211357,-0.115685,-0.0659734,-0.0309792,-0.751742,0.000102888,0.00208694,6
13.279,0.211135,-0.115685,-0.0659734,-0.0573159,-0.855153,0.000101946,0.00208809,6
13.2811,0.210913,-0.114565,-0.0659734,-0.0835348,-0.954064,0.00054214,0.0020813,9
13.2832,0.210618,-0.114565,-0.0659734,-0.107954,-1.05028,0.000139545,0.00208506,3
13.2853,0.210396,-0.120727,-0.0659734,-0.129171,-1.15597,0.00010401,0.00208615,6
13.2874,0.210174,-0.119047,-0.0659734,-0.146065,-1.21654,0.000102437,0.00208793,6
13.2895,0.209879,-0.124089,-0.0659734,-0.157795,-1.28152,0.000108207,0.00208671,6
13.2916,0.209657,-0.12745,-0.0659734,-0.1638,-1.31786,0.00052032,0.0020883,9
13.2937,0.209288,-0.138654,-0.0659734,-0.1638,-1.35964,0.00014814,0.00208391,3
13.2958,0.209066,-0.135293,-0.0659734,-0.157795,-1.32495,0.000102617,0.00208695,6
13.2979,0.20877,-0.147058,-0.0659734,-0.146065,-1.32279,0.000105332,0.00208678,6
13.3,0.208475,-0.151539,-0.0659734,-0.129171,-1.27425,0.000117815,0.00208814,6
13.3021,0.208105,-0.150419,-0.0659734,-0.107954,-1.18894,0.000547901,0.00208689,9
13.3042,0.207736,-0.161623,-0.0659734,-0.083535,-1.13561,0.000189256,0.00208512,3
13.3063,0.20744,-0.15322,-0.0659734,-0.0573161,-1.00428,0.000105282,0.00208413,6
13.3084,0.207144,-0.270866,-0.0659734,-0.0309792,-1.3271,0.000125049,0.0020874,6
13.3105,0.206775,-0.174508,-0.0659734,-0.00648689,-0.885548,0.000102217,0.00208658,6
13.3126,0.206405,-0.17955,-0.0659734,0.0139184,-0.825626,0.000529287,0.00208717,9
13.3147,0.205962,-0.181231,-0.0659734,0.0277133,-0.779605,0.000207268,0.00208512,3
13.3168,0.205592,-0.181231,-0.0659734,0.0320942,-0.763916,0.000107476,0.00208394,6
13.3189,0.205223,-0.17787,-0.0659734,0.023978,-0.784783,0.000102768,0.00208771,6
13.321,0.204853,-0.184592,-0.0659734,-0,-0.903802,0.000107086,0.0020869,6
13.3231,0.204484,-0.182912,-0.0659734,-0,-0.899116,0.000562207,0.0020878,9
13.3252,0.204041,-0.182912,-0.0659734,-0,-0.900767,0.00021383,0.00208381,3
13.3273,0.203671,-0.189074,-0.0659734,-0,-0.924368,0.000111744,0.00208525,6
13.3294,0.203302,-0.184592,-0.0659734,-0,-0.909579,0.000107286,0.00208637,6
13.3315,0.202932,-0.192435,-0.0659734,-0,-0.939242,0.000106274,0.00208742,6
13.3336,0.202489,-0.195797,-0.0659734,-0,-0.953015,0.000582624,0.00208677,9
13.3357,0.201971,-0.195797,-0.0659734,-0,-0.954941,0.000219902,0.00208493,3
13.3378,0.201676,-0.202519,-0.0659734,-0,-0.980287,0.000108949,0.00208409,6
13.3399,0.201232,-0.200839,-0.0659734,-0,-0.975876,0.000105502,0.00208743,6
13.342,0.200863,-0.205321,-0.0659734,-0,-0.993416,0.000110652,0.00208649,6
13.3441,0.200419,-0.208682,-0.0659734,-0,-1.00719,0.000585229,0.0020878,9
13.3462,0.199828,-0.215404,-0.0659734,-0,-1.03364,0.000229369,0.00208391,3
13.3483,0.199459,-0.213724,-0.0659734,-0,-1.02895,0.000106575,0.00208525,6
13.3504,0.199015,-0.224928,-0.0659734,-0,-1.07101,0.000106194,0.00208606,6
13.3525,0.198572,-0.220446,-0.0659734,-0,-1.0565,0.000105713,0.00208683,6
13.3546,0.198128,-0.235012,-0.0659734,-0,-1.11068,0.000584337,0.002088,9
13.3567,0.197463,-0.235012,-0.0659734,-0,-1.11316,0.000238966,0.00208369,3
13.3588,0.197094,-0.231651,-0.0659734,-0,-1.10241,0.000113528,0.00208478,6
13.3609,0.19665,-0.241175,-0.0659734,-0,-1.13841,0.000106144,0.00208635,6
13.363,0.196133,-0.242855,-0.0659734,-0,-1.14639,0.00010424,0.00208769,6
13.3651,0.195616,-0.247897,-0.0659734,-0,-1.1665,0.000598332,0.00208672,9
13.3672,0.194951,-0.25462,-0.0659734,-0,-1.19323,0.000265465,0.00208491,3
13.3693,0.194507,-0.256301,-0.0628318,-0.023978,-1.24669,0.000108298,0.00208386,6
13.3714,0.19399,-0.256301,-0.0628318,-0.0320944,-1.28023,0.00010386,0.00208753,6
13.3735,0.193473,-0.257421,-0.0628318,-0.0277133,-1.26913,0.000105994,0.00208658,6
13.3756,0.192882,-0.262463,-0.0628318,-0.0139184,-1.23578,0.000632855,0.00208816,9
13.3777,0.192216,-0.272547,-0.0628318,0.00648677,-1.19515,0.000276394,0.00208394,3
13.3798,0.191699,-0.275348,-0.0628318,0.0309792,-1.11177,0.000107256,0.00208498,6
13.3819,0.191182,-0.278709,-0.0628318,0.0573161,-1.02323,0.000106434,0.0020863,6
13.384,0.190591,-0.283751,-0.0628318,0.083535,-0.941493,0.000101526,0.00208791,6
13.3861,0.189999,-0.287113,-0.0628318,0.107954,-0.860702,0.000636924,0.00208679,9
13.3882,0.189186,-0.290474,-0.0628318,0.129171,-0.793207,0.000316357,0.00208505,3
13.3903,0.188743,-0.290474,-0.0628318,0.146065,-0.729052,0.000105783,0.00207839,6
13.3924,0.188152,-0.285432,-0.0628318,0.157795,-0.667378,0.000114589,0.00208731,6
13.3945,0.187561,-0.288793,-0.0628318,0.1638,-0.658311,0.000102126,0.00208691,6
13.3966,0.186969,-0.290474,-0.0628318,0.1638,-0.666573,0.000653564,0.00208717,6
13.3987,0.186157,-0.293275,-0.0596903,0.133817,-0.748843,0.000304927,0.00208518,3
13.4008,0.185639,-0.294956,-0.0596903,0.113971,-0.834134,0.000123426,0.00208406,6
13.4029,0.185122,-0.292155,-0.0596903,0.101458,-0.874697,0.00010412,0.00208756,6
13.405,0.184531,-0.292155,-0.0596903,0.0940356,-0.905809,0.000104551,0.00208681,6
13.4071,0.183866,-0.296636,-0.0565487,0.0660437,-0.985833,0.000102618,0.00208809,6
13.4092,0.183274,-0.303359,-0.0565487,0.0562007,-1.05062,0.00043835,0.00208684,9
13.4113,0.182535,-0.30504,-0.0565487,0.060582,-1.04237,0.0001097,0.0020851,6
13.4134,0.181944,-0.310082,-0.0565487,0.0761033,-1.00229,0.000107096,0.0020861,6
13.4155,0.181353,-0.310082,-0.0534071,0.0765442,-0.955129,0.000104742,0.00208766,6
13.4176,0.180836,-0.154901,-0.0534071,0.100342,-0.30468,0.000112566,0.00208692,6
13.4197,0.180023,-0.308401,-0.0534071,0.143573,-0.692931,0.000378531,0.00208747,9
13.4218,0.179284,-0.317925,-0.0534071,0.203433,-0.496866,0.000105894,0.00208398,6
13.4239,0.178693,-0.312883,-0.0534071,0.278241,-0.189497,0.000102226,0.00208758,6
13.426,0.178101,-0.310082,-0.0534071,0.32395,-0.00354855,0.000105884,0.00208679,6
13.4281,0.177436,-0.30672,-0.0534071,0.361176,0.151099,0.000101927,0.00208793,6
13.4302,0.176771,-0.30504,-0.0502655,0.363417,0.211061,0.00043772,0.00208709,9
13.4323,0.176032,-0.301678,-0.0502655,0.368831,0.24152,0.000104551,0.002085,6
13.4344,0.175515,-0.298317,-0.0502655,0.373212,0.268782,0.000104952,0.00208373,6
13.4365,0.174924,-0.293275,-0.0502655,0.373477,0.285798,0.000110031,0.00208666,6
13.4386,0.174332,-0.285432,-0.0502655,0.367663,0.289239,0.000103179,0.00208818,6
13.4407,0.173741,-0.285432,-0.0502655,0.35493,0.23744,0.000414928,0.00208729,9
13.4428,0.173076,-0.275348,-0.0502655,0.335557,0.195874,0.000105202,0.00208487,6
13.4449,0.172559,-0.274228,-0.0502655,0.310947,0.102127,0.000106906,0.00208137,6
13.447,0.172041,-0.264144,-0.0502655,0.283622,0.0301359,0.000102157,0.00208808,6
13.4491,0.17145,-0.267505,-0.0502655,0.257227,-0.087,0.00010404,0.0020868,6
13.4512,0.170933,-0.257421,-0.0502655,0.236527,-0.133183,0.000456213,0.00208797,9
13.4533,0.170268,-0.256301,-0.0471239,0.203433,-0.212877,0.000107987,0.00208385,6
13.4554,0.169824,-0.25462,-0.0471239,0.161308,-0.37255,0.000107997,0.00208727,6
13.4575,0.169307,-0.252939,-0.0471239,0.134972,-0.470999,0.000107326,0.00208587,6
13.4596,0.16879,-0.251259,-0.0471239,0.126385,-0.500308,0.000106484,0.00208768,6
13.4617,0.168273,-0.25462,-0.0471239,0.138633,-0.466649,0.000419115,0.00208659,9
13.4638,0.167607,-0.247897,-0.0471239,0.132437,-0.469016,0.000106595,0.00208749,6
13.4659,0.167164,-0.259102,-0.0471239,0.133175,-0.508198,0.000106845,0.00208681,6
13.468,0.166647,-0.252939,-0.0471239,0.143092,-0.449273,0.000105493,0.00208787,6
13.4701,0.166129,-0.25462,-0.0471239,0.16527,-0.370874,0.000122244,0.00208656,6
13.4722,0.165612,-0.256301,-0.0471239,0.16015,-0.398802,0.000432339,0.0020848,9
13.4743,0.164947,-0.25462,-0.0471239,0.152552,-0.424814,0.000106364,0.00208488,6
13.4764,0.164504,-0.252939,-0.0471239,0.143877,-0.454194,0.000119989,0.00208783,6
13.4785,0.163986,-0.256301,-0.0471239,0.136087,-0.498585,0.000106605,0.00208591,6
13.4806,0.163469,-0.256301,-0.0471239,0.131706,-0.517576,0.000110733,0.00208684,6
13.4827,0.162952,-0.25462,-0.0471239,0.133817,-0.505215,0.00044333,0.00208697,9
13.4848,0.162287,-0.249578,-0.0471239,0.146065,-0.441801,0.000116653,0.00208654,6
13.4869,0.161843,-0.249578,-0.0471239,0.129171,-0.509256,0.000105543,0.0020865,6
13.489,0.161326,-0.247897,-0.0471239,0.107954,-0.587765,0.000106765,0.00208566,6
13.4911,0.160809,-0.249578,-0.0471239,0.0835347,-0.690867,0.000105203,0.00208771,6
13.4932,0.160291,-0.249578,-0.0471239,0.0573159,-0.794918,0.000463286,0.00208658,9
13.4953,0.1597,-0.247897,-0.0471239,0.0309792,-0.893643,0.000116223,0.00208157,6
13.4974,0.159257,-0.247897,-0.0471239,0.00648698,-0.990695,0.000107045,0.00208491,6
13.4995,0.158739,-0.251259,-0.0471239,-0.0139183,-1.08423,0.000105182,0.00208792,6
13.5016,0.158222,-0.252939,-0.0471239,-0.0277132,-1.14595,0.000107727,0.00208668,6
13.5037,0.157705,-0.262463,-0.0471239,-0.0320944,-1.19929,0.000504882,0.00208685,9
13.5058,0.15704,-0.264144,-0.0471239,-0.0239779,-1.17621,0.000137832,0.00208652,3
13.5079,0.156596,-0.262463,-0.0439823,-0.0239779,-1.12415,0.000108769,0.00208762,6
13.51,0.156005,-0.269186,-0.0439823,-0.0320942,-1.18221,0.00011481,0.00208675,6
13.5121,0.155488,-0.275348,-0.0439823,-0.0277131,-1.1893,0.000111434,0.00208509,6
13.5142,0.154896,-0.272547,-0.0439823,-0.0139183,-1.12766,0.000530028,0.002084,9
13.5163,0.154305,-0.142016,-0.0439823,0.00648692,-0.579605,0.000208771,0.002087,3
13.5184,0.153714,-0.310082,-0.0439823,0.0309793,-1.09255,0.000116683,0.0020863,6
13.5205,0.153123,-0.28039,-0.0439823,0.0573162,-0.885081,0.000114629,0.00208669,6
13.5226,0.152532,-0.283751,-0.0408407,0.059557,-0.843028,0.000105162,0.00208762,6
13.5247,0.15194,-0.28039,-0.0408407,0.0758595,-0.769605,0.000572856,0.00208673,9
13.5268,0.151201,-0.287113,-0.0408407,0.101458,-0.696892,0.000230701,0.0020875,3
13.5289,0.150758,-0.287113,-0.0408407,0.132147,-0.579004,0.000112155,0.00208647,6
13.531,0.150167,-0.283751,-0.0408407,0.164282,-0.443911,0.000119969,0.0020878,6
13.5331,0.149576,-0.288793,-0.0408407,0.19478,-0.345504,0.000106604,0.00208658,6
13.5352,0.148984,-0.287113,-0.0408407,0.221116,-0.239057,0.000617107,0.00208767,9
13.5373,0.148245,-0.288793,-0.0408407,0.24133,-0.169133,0.000302142,0.00208658,3
13.5394,0.147728,-0.283751,-0.0408407,0.254019,-0.103449,0.000128395,0.00208747,6
13.5415,0.147211,-0.28039,-0.0408407,0.258342,-0.0764131,0.000106505,0.00208386,6
13.5436,0.14662,-0.277029,-0.0408407,0.254019,-0.0833307,0.000112837,0.00208753,6
13.5457,0.146028,-0.28039,-0.0376991,0.217352,-0.192829,0.000115992,0.0020861,6
13.5478,0.145437,-0.272547,-0.0376991,0.189022,-0.277093,0.000303124,0.0020879,9
13.5499,0.144846,-0.272547,-0.0376991,0.167066,-0.364814,0.000112355,0.00208619,6
13.552,0.144255,-0.270866,-0.0376991,0.150364,-0.426013,0.000117965,0.00208759,6
13.5541,0.143737,-0.269186,-0.0376991,0.138634,-0.467567,0.000114188,0.00208675,6
13.5562,0.143146,-0.272547,-0.0376991,0.132437,-0.506028,0.000110401,0.00208671,6
13.5583,0.142629,-0.265824,-0.0376991,0.133175,-0.480832,0.000349719,0.00208713,9
13.5604,0.141964,-0.272547,-0.0376991,0.143092,-0.468927,0.000126802,0.00208768,6
13.5625,0.141446,-0.270866,-0.0376991,0.16527,-0.378405,0.000106915,0.00208659,6
13.5646,0.140929,-0.270866,-0.0376991,0.16015,-0.400272,0.000108207,0.00208714,6
13.5667,0.140338,-0.270866,-0.0376991,0.152551,-0.432071,0.000105352,0.00208487,6
13.5688,0.139747,-0.270866,-0.0376991,0.143877,-0.468062,0.000377009,0.00208688,9
13.5709,0.139156,-0.277029,-0.0376991,0.136087,-0.522831,0.000116522,0.00208762,6
13.573,0.138638,-0.269186,-0.0376991,0.131706,-0.513535,0.000129897,0.00208681,6
13.5751,0.138047,-0.270866,-0.0376991,0.133817,-0.513574,0.000108969,0.00208788,6
13.5772,0.137456,-0.272547,-0.0376991,0.146065,-0.474128,0.000115441,0.00208675,6
13.5793,0.136938,-0.275348,-0.0376991,0.129171,-0.551961,0.000408256,0.00208788,9
13.5814,0.136273,-0.270866,-0.0376991,0.107954,-0.620917,0.000121552,0.00208648,6
13.5835,0.135756,-0.265824,-0.0376991,0.0835348,-0.699773,0.000106594,0.00208493,6
13.5856,0.135239,-0.272547,-0.0376991,0.0573159,-0.828071,0.000114589,0.00208665,6
13.5877,0.134648,-0.269186,-0.0376991,0.0309792,-0.920734,0.000110812,0.0020856,6
13.5898,0.134056,-0.275348,-0.0376991,0.00648671,-1.04056,0.00044876,0.00208679,9
13.5919,0.133391,-0.275348,-0.0376991,-0.0139182,-1.12252,0.000106585,0.00208641,6
13.594,0.132874,-0.282071,-0.0376991,-0.0277131,-1.20242,0.000119409,0.00208689,6
13.5961,0.132357,-0.285432,-0.0376991,-0.0320943,-1.23354,0.000112606,0.00208782,6
13.5982,0.131765,-0.287113,-0.0376991,-0.0239778,-1.21019,0.000107086,0.00208708,6
13.6003,0.1311,-0.293275,-0.0376991,-0,-1.14149,0.000488071,0.00208575,9
13.6024,0.130361,-0.301678,-0.0376991,-0,-1.17455,0.00020286,0.00207978,3
13.6045,0.129844,-0.308401,-0.0345575,-0.0239782,-1.24647,0.000118687,0.00208627,6
13.6066,0.129253,-0.308401,-0.0345575,-0.0320945,-1.28028,0.000122724,0.00208779,6
13.6087,0.128588,-0.311202,-0.0345575,-0.0277134,-1.2758,0.00011478,0.00208542,6
13.6108,0.127923,-0.312883,-0.0345575,-0.0139186,-1.2306,0.000524919,0.00208787,9
13.6129,0.12711,-0.360501,-0.0345575,0.00648659,-1.32589,0.000177164,0.00208632,3
13.615,0.126592,-0.324647,-0.0345575,0.030979,-1.1031,0.000121412,0.00208745,6
13.6171,0.125927,-0.324647,-0.0345575,0.0573158,-1.00299,0.000113166,0.00208572,6
13.6192,0.125262,-0.328009,-0.0314159,0.0595567,-0.961213,0.000106895,0.00208795,6
13.6213,0.124523,-0.328009,-0.0314159,0.0758593,-0.900463,0.000540978,0.00208674,9
13.6234,0.12371,-0.328009,-0.0314159,0.101458,-0.80378,0.000203692,0.00208727,3
13.6255,0.123119,-0.339213,-0.0314159,0.132147,-0.726852,0.000119007,0.00208635,6
13.6276,0.122454,-0.337532,-0.0282743,0.140304,-0.643845,0.000108078,0.00208565,6
13.6297,0.121789,-0.340894,-0.0282743,0.162685,-0.571266,0.000121251,0.00208685,6
13.6318,0.12105,-0.334171,-0.0282743,0.193403,-0.430119,0.000578978,0.00208633,9
13.6339,0.120163,-0.339213,-0.0282743,0.227412,-0.319136,0.000236822,0.0020867,3
13.636,0.119572,-0.339213,-0.0282743,0.260506,-0.19243,0.000112596,0.00208748,6
13.6381,0.118907,-0.337532,-0.0282743,0.289321,-0.0766041,0.000114659,0.00208608,6
13.6402,0.118242,-0.337532,-0.0251327,0.287357,-0.0390826,0.000122393,0.00207764,6
13.6423,0.117503,-0.334171,-0.0251327,0.292771,-0.00862353,0.000635821,0.00208685,9
13.6444,0.11669,-0.326328,-0.0251327,0.301357,0.0500821,0.00029047,0.00208755,3
13.6465,0.116098,-0.329129,-0.0251327,0.310032,0.0715704,0.000128424,0.00208632,6
13.6486,0.115433,-0.322967,-0.0251327,0.316834,0.117814,0.000112726,0.0020862,6
13.6507,0.114768,-0.328009,-0.0251327,0.320921,0.113073,0.000105763,0.00208752,6
13.6528,0.114103,-0.322967,-0.0251327,0.322574,0.13522,0.000106704,0.00208683,6
13.6549,0.113438,-0.311202,-0.0251327,0.323194,0.177592,0.000304075,0.00208769,9
13.657,0.112699,-0.308401,-0.0251327,0.325306,0.193167,0.000116132,0.00208641,6
13.6591,0.112182,-0.312883,-0.0219912,0.308574,0.157553,0.000105963,0.0020876,6
13.6612,0.111517,-0.303359,-0.0219912,0.274121,0.0552249,0.000113127,0.00208636,6
13.6633,0.110851,-0.303359,-0.0219912,0.244522,-0.0625413,0.000105633,0.00208768,6
13.6654,0.11026,-0.301678,-0.0219912,0.219498,-0.156153,0.000332598,0.00208693,9
13.6675,0.109521,-0.298317,-0.0219912,0.19989,-0.22316,0.000113588,0.00208742,6
13.6696,0.109004,-0.292155,-0.0219912,0.187659,-0.2505,0.000111042,0.00208672,6
13.6717,0.108413,-0.290474,-0.0219912,0.18589,-0.25353,0.000116964,0.00208527,6
13.6738,0.107748,-0.292155,-0.0219912,0.198788,-0.211829,0.000112335,0.00208474,6
13.6759,0.107156,-0.290474,-0.0188496,0.164216,-0.29498,0.000390543,0.00208799,9
13.678,0.106491,-0.287113,-0.0188496,0.148517,-0.346484,0.000116903,0.00208633,6
13.6801,0.105974,-0.290474,-0.0188496,0.15169,-0.348175,0.000112375,0.00208786,6
13.6822,0.105383,-0.288793,-0.0188496,0.174856,-0.254079,0.000112986,0.00208666,6
13.6843,0.104792,-0.293275,-0.0188496,0.176774,-0.264973,0.000131109,0.00208774,6
13.6864,0.104126,-0.292155,-0.0188496,0.180861,-0.247488,0.000387728,0.00208653,9
13.6885,0.103461,-0.290474,-0.0188496,0.187398,-0.21844,0.0001148,0.00208649,6
13.6906,0.102944,-0.288793,-0.0188496,0.197506,-0.174933,0.000107967,0.00208617,6
13.6927,0.102353,-0.287113,-0.0188496,0.213147,-0.110147,0.000113878,0.00208412,6
13.6948,0.101762,-0.282071,-0.0188496,0.237125,-0.000765447,0.000107947,0.00208545,6
13.6969,0.101244,-0.218766,-0.0188496,0.2296,0.196314,0.00036184,0.00208678,9
13.699,0.100505,-0.265824,-0.0188496,0.215111,-0.0325948,0.000118276,0.0020873,6
13.7011,0.100062,-0.264144,-0.0188496,0.194779,-0.107379,0.000112135,0.00208493,6
13.7032,0.0994707,-0.260782,-0.0188496,0.170287,-0.192858,0.000105933,0.00208575,6
13.7053,0.0989534,-0.251259,-0.0188496,0.143877,-0.263308,0.000110712,0.002086,6
13.7074,0.0984361,-0.256301,-0.015708,0.0943738,-0.428591,0.000341453,0.0020816,9
13.7095,0.0978449,-0.247897,-0.015708,0.0649822,-0.514969,0.000137311,0.00208618,6
13.7116,0.0974015,-0.246217,-0.015708,0.0562626,-0.544522,0.000109089,0.00208718,6
13.7137,0.0968842,-0.249578,-0.015708,0.0696165,-0.506555,0.000119408,0.00208662,6
13.7158,0.0963669,-0.256301,-0.015708,0.0638028,-0.555372,0.000110542,0.00208774,6
13.7179,0.0957757,-0.252939,-0.015708,0.0619584,-0.552634,0.000318722,0.00208649,9
13.72,0.0952583,-0.252939,-0.015708,0.0638029,-0.547375,0.00012627,0.00208755,6
13.7221,0.094741,-0.251259,-0.015708,0.0696166,-0.520594,0.000111022,0.00208653,6
13.7242,0.0942237,-0.259102,-0.015708,0.0802406,-0.509424,0.000106053,0.00208775,6
13.7263,0.0937064,-0.256301,-0.015708,0.0970768,-0.435668,0.000111002,0.0020869,6
13.7284,0.0931891,-0.252939,-0.015708,0.122087,-0.328051,0.000302162,0.00207779,9
13.7305,0.092524,-0.257421,-0.015708,0.157795,-0.207604,0.000116633,0.00208643,6
13.7326,0.0920806,-0.260782,-0.015708,0.1638,-0.197986,0.000110562,0.00208669,6
13.7347,0.0914894,-0.25462,-0.015708,0.1638,-0.177962,0.000106625,0.00208785,6
13.7368,0.0909721,-0.257421,-0.015708,0.157795,-0.213381,0.000113558,0.00208664,6
13.7389,0.0904548,-0.257421,-0.015708,0.146065,-0.260996,0.000293536,0.00208784,9
13.741,0.0898636,-0.25462,-0.015708,0.129171,-0.3189,0.000108298,0.00208416,6
13.7431,0.0894202,-0.251259,-0.015708,0.107954,-0.391071,0.000106395,0.00208768,6
13.7452,0.0889029,-0.249578,-0.015708,0.083535,-0.482051,0.000123846,0.00208663,6
13.7473,0.0883117,-0.252939,-0.015708,0.057316,-0.598501,0.000628537,0.00208518,9
13.7494,0.0877204,-0.25462,-0.015708,0.0309792,-0.70935,0.000276605,0.0020867,3
13.7515,0.087277,-0.251259,-0.015708,0.00648679,-0.794279,0.000116373,0.00208781,6
13.7536,0.0867597,-0.249578,-0.015708,-0.0139184,-0.869624,0.000113688,0.00208658,6
13.7557,0.0862424,-0.249578,-0.015708,-0.0277132,-0.925283,0.000110572,0.00208793,6
13.7578,0.0857251,-0.25462,-0.015708,-0.0320944,-0.962459,0.000631463,0.00208697,9
13.7599,0.08506,-0.256301,-0.015708,-0.023978,-0.939381,0.000269572,0.00208776,3
13.762,0.0846166,-0.265824,-0.015708,-0,-0.881982,0.000123035,0.00208655,6
13.7641,0.0840993,-0.264144,-0.015708,-0,-0.877846,0.000114589,0.00208703,6
13.7662,0.0835081,-0.274228,-0.015708,-0,-0.916416,0.000114388,0.00208691,6
13.7683,0.0829908,-0.267505,-0.015708,-0,-0.894096,0.000623939,0.00208779,9
13.7704,0.0822518,-0.270866,-0.015708,-0,-0.90897,0.000263681,0.00208651,3
13.7725,0.0818084,-0.274228,-0.015708,-0,-0.922743,0.000119709,0.00208638,6
13.7746,0.0812911,-0.272547,-0.015708,-0,-0.918607,0.000115801,0.00208656,6
13.7767,0.0806999,-0.277029,-0.015708,-0,-0.936972,0.000115581,0.00208438,6
13.7788,0.0801087,-0.282071,-0.0125664,-0.0239779,-1.00311,0.000644156,0.00208771,9
13.7809,0.0793696,-0.285432,-0.0125664,-0.0320943,-1.0496,0.000271986,0.00208641,3
13.783,0.0788523,-0.287113,-0.0125664,-0.0277131,-1.04052,0.000106284,0.00208734,6
13.7851,0.078335,-0.294956,-0.0125664,-0.0139183,-1.017,0.000112495,0.00208686,6
13.7872,0.0776699,-0.299998,-0.0125664,0.00648686,-0.958176,0.000106054,0.00208772,6
13.7893,0.0770787,-0.299998,-0.0125664,0.0309792,-0.864975,0.000616546,0.0020866,9
13.7914,0.0762658,-0.310082,-0.0125664,0.057316,-0.801784,0.000274351,0.00208721,3
13.7935,0.0757485,-0.310082,-0.0125664,0.0835349,-0.701583,0.000112205,0.00208646,6
13.7956,0.0751573,-0.30504,-0.0125664,0.107954,-0.590485,0.000105963,0.00208778,6
13.7977,0.07464,-0.138654,-0.0125664,0.129171,0.0903209,0.000119338,0.00208684,6
13.7998,0.0738271,-0.301678,-0.0125664,0.146065,-0.434864,0.000630171,0.00208777,9
13.8019,0.0730881,-0.303359,-0.0125664,0.157795,-0.397987,0.000277987,0.00208651,3
13.804,0.0724969,-0.303359,-0.00942478,0.139822,-0.422546,0.000105463,0.00208605,6
13.8061,0.0719795,-0.288793,-0.00942478,0.131706,-0.403553,0.000106034,0.00208671,6
13.8082,0.0713144,-0.293275,-0.00942478,0.130082,-0.428519,0.000104902,0.00208784,6
13.8103,0.0707232,-0.293275,-0.00942478,0.132147,-0.422676,0.000117204,0.00208685,6
13.8124,0.070132,-0.293275,-0.00942478,0.135658,-0.411201,0.00030688,0.00207325,9
13.8145,0.069393,-0.293275,-0.00628319,0.114955,-0.446944,0.000118226,0.00208638,6
13.8166,0.0688757,-0.296636,-0.00628319,0.108757,-0.485137,0.00011504,0.0020867,6
13.8187,0.0682106,-0.303359,-0.00628319,0.113138,-0.494793,0.000106564,0.00208686,6
13.8208,0.0676194,-0.294956,-0.00628319,0.125015,-0.420424,0.000114569,0.00208469,6
13.8229,0.0669543,-0.299998,-0.00314159,0.118167,-0.42011,0.00033956,0.00208496,9
13.825,0.0662892,-0.30504,-0.00314159,0.131032,-0.39066,0.000116643,0.00208645,6
13.8271,0.065698,-0.298317,-0.00314159,0.159685,-0.257006,0.000105963,0.00208742,6
13.8292,0.0651068,-0.30672,-0.00314159,0.201322,-0.127329,0.000112846,0.00208658,6
13.8313,0.0644416,-0.303359,-0.00314159,0.254263,0.088529,0.000106374,0.00208791,6
13.8334,0.0637765,-0.303359,-0.00314159,0.317945,0.334105,0.000321578,0.00208679,9
13.8355,0.0631114,-0.299998,-0.00314159,0.349446,0.466454,0.000118907,0.00208755,6
13.8376,0.0625202,-0.294956,-0.00314159,0.370501,0.564449,0.000106885,0.00208399,6
13.8397,0.061929,-0.287113,-0.00314159,0.379708,0.626397,0.000106525,0.0020876,6
13.8418,0.0613378,-0.290474,-0.00314159,0.376506,0.599603,0.000107096,0.00208578,6
13.8439,0.0607466,-0.28039,-0.00314159,0.361176,0.574058,0.000306641,0.00208808,9
13.846,0.0600815,-0.274228,-0.00314159,0.334839,0.491222,0.000110973,0.00208681,6
13.8481,0.0595642,-0.269186,-0,0.27548,0.323915,0.000113117,0.00208565,6
13.8502,0.0590469,-0.262463,-0,0.225741,0.152496,0.00011494,0.00208689,6
13.8523,0.0584557,-0.256301,-0,0.185904,0.0173462,0.000510132,0.00208762,9
13.8544,0.0578645,-0.246217,-0,0.157368,-0.0596343,0.000178866,0.00208637,3
13.8565,0.0574211,-0.249578,-0,0.142659,-0.130703,0.000118587,0.0020867,6
13.8586,0.0569037,-0.244536,-0,0.14542,-0.103691,0.000112094,0.0020879,6
13.8607,0.0563864,-0.240054,-0,0.126933,-0.161463,0.000632765,0.00208588,9
13.8628,0.0557952,-0.233332,-0,0.113138,-0.193151,0.000243465,0.0020874,3
13.8649,0.0554257,-0.22997,-0,0.106839,-0.206939,0.000113187,0.00208648,6
13.867,0.0549823,-0.231651,-0,0.11168,-0.195794,0.000107937,0.00208657,6
13.8691,0.054465,-0.22997,-0,0.132147,-0.111937,0.000107867,0.00208668,6
13.8712,0.0540216,-0.231651,-0,0.130082,-0.127692,0.000378952,0.00208776,9
13.8733,0.0534304,-0.224928,-0,0.131706,-0.0993209,0.000117735,0.00208636,6
13.8754,0.0530609,-0.222127,-0,0.139822,-0.0589794,0.000112646,0.00208729,6
13.8775,0.0526175,-0.222127,-0,0.157795,0.00937682,0.000105573,0.00208688,6
13.8796,0.0521002,-0.223248,-0,0.146065,-0.0422797,0.000479105,0.0020854,9
13.8817,0.0515829,-0.217085,-0,0.129171,-0.0877849,0.000130449,0.00208606,6
13.8838,0.0512134,-0.218766,-0,0.107954,-0.177866,0.000108368,0.00208785,6
13.8859,0.0506961,-0.215404,-0,0.0835349,-0.262784,0.000106655,0.00208685,6
13.888,0.0502527,-0.213724,-0,0.057316,-0.3605,0.000597191,0.00208791,9
13.8901,0.0497354,-0.212043,-0,0.0309792,-0.45895,0.000216376,0.00208632,3
13.8922,0.0493658,-0.208682,-0,0.00648684,-0.543604,0.000118256,0.00208728,6
13.8943,0.0489224,-0.208682,-0,-0.0139183,-0.624736,0.000106324,0.00208554,6
13.8964,0.048479,-0.208682,-0,-0.0277132,-0.680119,0.000124458,0.0020773,6
13.8985,0.0481095,-0.158262,-0,-0.0320943,-0.516716,0.000324863,0.00208619,9
13.9006,0.0475922,-0.272547,-0,-0.023978,-0.899208,0.000118466,0.0020864,6
13.9027,0.0472227,-0.210363,-0,-0,-0.58291,0.000107837,0.00208765,6
13.9048,0.0467793,-0.210363,-0,-0,-0.584561,0.000116212,0.00208666,6
13.9069,0.0463359,-0.212043,-0,-0,-0.592273,0.000435174,0.00208505,9
13.909,0.0458186,-0.210363,-0,-0,-0.588137,0.000117215,0.00208582,6
13.9111,0.0454491,-0.207001,-0,-0,-0.57739,0.00010948,0.00208551,6
13.9132,0.0450057,-0.210363,-0,-0,-0.591163,0.000108568,0.00208673,6
13.9153,0.0445623,-0.212043,-0,-0,-0.598875,0.000572395,0.00208762,9
13.9174,0.0439711,-0.210363,-0,-0,-0.595015,0.000183214,0.00208618,3
13.9195,0.0436016,-0.212043,-0,-0,-0.602451,0.000125729,0.00208751,6
13.9216,0.0432321,-0.220446,-0,-0,-0.634134,0.000110522,0.00208578,6
13.9237,0.0427887,-0.213724,-0,-0,-0.611539,0.00011494,0.002086,6
13.9258,0.0423453,-0.215404,-0,-0,-0.619251,0.000292795,0.00208147,9
13.9279,0.0418279,-0.213724,-0,-0,-0.615115,0.000117985,0.00208744,6
13.93,0.0413845,-0.215404,-0,-0,-0.622827,0.00010938,0.00208654,6
13.9321,0.0409411,-0.218766,-0,-0,-0.636601,0.000107877,0.00208781,6
13.9342,0.0404977,-0.215404,-0,-0,-0.626128,0.000399389,0.00208696,9
13.9363,0.0399804,-0.218766,-0,-0,-0.640177,0.000132993,0.00208763,6
13.9384,0.0396109,-0.224928,-0,-0,-0.663778,0.000115331,0.00208676,6
13.9405,0.0390936,-0.222127,-0,-0,-0.655601,0.000115722,0.0020848,6
13.9426,0.0386502,-0.224928,-0,-0,-0.667354,0.000536109,0.0020878,9
13.9447,0.038059,-0.226609,-0,-0,-0.675616,0.000149964,0.00208654,3
13.9469,0.0376895,-0.226609,-0,-0,-0.676992,0.000125268,0.00208752,6
13.949,0.0371722,-0.233332,-0,-0,-0.703164,0.000133444,0.00208664,6
13.9511,0.0367288,-0.22829,-0,-0,-0.68663,0.00011505,0.00208504,6
13.9532,0.0362854,-0.22829,-0,-0,-0.68828,0.000253162,0.00208496,9
13.9553,0.0356942,-0.238374,-0,-0,-0.72685,0.00010975,0.0020874,6
13.9574,0.0352508,-0.233332,-0,-0,-0.710316,0.000117304,0.00208666,6
13.9595,0.0348074,-0.233332,0.00314159,-0.023978,-0.757716,0.000112675,0.00208791,7
13.9616,0.03429,-0.238374,0.00314159,-0.0320943,-0.809441,0.000567817,0.00208663,10
13.9637,0.0336988,-0.235012,0.00314159,-0.0277132,-0.782453,0.000229249,0.00208684,6
13.9658,0.0332554,-0.240054,0.00314159,-0.0139183,-0.748555,0.000118376,0.00208631,7
13.9679,0.032812,-0.244536,0.00314159,0.00648684,-0.686889,0.000110431,0.00208758,7
13.97,0.0322947,-0.239494,0.00314159,0.0309792,-0.575228,0.000107326,0.00208439,7
13.9721,0.0317774,-0.241175,0.00314159,0.057316,-0.480629,0.000647523,0.00208737,10
13.9742,0.0311123,-0.240054,0.00314159,0.0835349,-0.376938,0.00031205,0.00208599,6
13.9763,0.0306689,-0.244536,0.00314159,0.107954,-0.299637,0.00011475,0.00208735,7
13.9784,0.0302255,-0.246217,0.00314159,0.129171,-0.224705,0.000107276,0.00208666,7
13.9805,0.0297082,-0.236693,0.00314159,0.146065,-0.126477,0.000121912,0.00207649,7
13.9826,0.0292648,-0.236693,0.00314159,0.157795,-0.0824378,0.000121923,0.00208502,7
13.9847,0.0287475,-0.231651,0.00628319,0.139822,-0.0885377,0.000400481,0.00208682,13
13.9868,0.0282302,-0.226609,0.00628319,0.131706,-0.103893,0.000107977,0.00208703,7
13.9889,0.0277868,-0.223248,0.00628319,0.130082,-0.0997466,0.000108398,0.00208683,7
13.991,0.0273434,-0.222127,0.00628319,0.132147,-0.0893131,0.000115772,0.00208739,7
13.9931,0.0269,-0.224928,0.00942478,0.11168,-0.13314,0.00011512,0.00208405,7
13.9952,0.0263826,-0.217085,0.00942478,0.106839,-0.125635,0.000513848,0.00208759,10
13.9973,0.0258653,-0.220446,0.00942478,0.113138,-0.115148,0.000182643,0.00208567,6
13.9994,0.0254958,-0.212043,0.00942478,0.126933,-0.0324831,0.000118316,0.00208742,7
14.0015,0.0250524,-0.210363,0.00942478,0.14542,0.0439383,0.00011516,0.00208676,7
14.0036,0.024609,-0.208682,0.00942478,0.166637,0.130993,0.000106775,0.00208771,7
14.0057,0.0241656,-0.207001,0.00942478,0.189463,0.224314,0.000582854,0.00208661,10
14.0078,0.0236483,-0.2042,0.00942478,0.213617,0.326574,0.000245268,0.00208709,6
14.0099,0.0233527,-0.199158,0.00942478,0.23966,0.445099,0.000113377,0.00208665,7
14.012,0.0229093,-0.195797,0.00942478,0.268993,0.56983,0.000107507,0.00208489,7
14.0141,0.0225398,-0.194116,0.00942478,0.30386,0.710328,0.000107586,0.00208648,7
14.0162,0.0221703,-0.184592,0.00942478,0.30386,0.743301,0.000701972,0.00208779,10
14.0183,0.021653,-0.17787,0.00942478,0.292971,0.723207,0.000357302,0.00208631,6
14.0204,0.0215052,-0.0686269,0.00942478,0.271754,1.03401,0.000131741,0.00208746,7
14.0225,0.0210618,-0.190755,0.00942478,0.24133,0.473385,0.000107206,0.00208508,7
14.0246,0.0207662,-0.151539,0.00942478,0.203381,0.465903,0.00011477,0.00208684,7
14.0267,0.0204706,-0.148738,0.00942478,0.16015,0.306514,0.000118316,0.00208792,7
14.0288,0.020175,-0.136974,0.00942478,0.114441,0.169798,0.000413586,0.00208374,13
14.0309,0.0198055,-0.130811,0.00942478,0.0696166,0.0160516,0.000106415,0.00208716,7
14.033,0.0195838,-0.130811,0.00942478,0.0296028,-0.140633,0.00011526,0.00208688,7
14.0351,0.0193621,-0.122408,0.00942478,-0.0011151,-0.230802,0.000114419,0.00208738,7
14.0372,0.0190665,-0.119047,0.00942478,-0.0174911,-0.283567,0.000108378,0.0020813,7
14.0393,0.0188447,-0.114565,0.00942478,-0.0139183,-0.254311,0.000510182,0.00208512,10
14.0414,0.0185491,-0.115685,0.00942478,-0.0277132,-0.313186,0.000166675,0.00208623,6
14.0435,0.0184013,-0.111204,0.00942478,-0.0320943,-0.314637,0.000116954,0.0020874,7
14.0456,0.0181057,-0.114565,0.00942478,-0.0239779,-0.296246,0.000107106,0.00208664,7
14.0477,0.017884,-0.111204,0.00942478,-0,-0.191551,0.000108468,0.00208789,7
14.0498,0.0176623,-0.106162,0.00942478,-0,-0.174192,0.000581622,0.00208383,10
14.0519,0.0173667,-0.107842,0.00942478,-0,-0.181354,0.000262259,0.00208463,6
14.054,0.0172189,-0.107842,0.00942478,-0,-0.181904,0.000117846,0.00208612,7
14.0561,0.0169972,-0.109523,0.00942478,-0,-0.18879,0.000109019,0.00208489,7
14.0582,0.0167755,-0.099439,0.00942478,-0,-0.153247,0.000117084,0.00208474,7
14.0603,0.0165538,-0.104481,0.00942478,-0,-0.172257,0.000687175,0.00208769,10
14.0624,0.0163321,-0.0966379,0.00628319,0.023978,-0.099045,0.000354697,0.00208745,6
14.0645,0.0161104,-0.0949573,0.00628319,0.0320944,-0.0621944,0.000138684,0.00208611,7
14.0666,0.0159626,-0.0977584,0.00628319,0.0277132,-0.0899122,0.000107276,0.00208686,7
14.0687,0.0157409,-0.0915959,0.00628319,0.0139184,-0.122245,0.000111914,0.00208537,7
14.0708,0.0155931,-0.0915959,0.00628319,-0.00648679,-0.202277,0.000102687,0.00208805,7
14.0729,0.0153714,-0.0882346,0.00628319,-0.0309792,-0.28638,0.000437189,0.00208686,13
14.075,0.0152236,-0.0831926,0.00314159,-0.033338,-0.325582,0.000102628,0.0020874,6
14.0771,0.0150758,-0.086554,0.00314159,-0.0514405,-0.408768,0.000103639,0.00208707,7
14.0792,0.0148541,-0.0770302,0.00314159,-0.0802406,-0.487425,0.000102557,0.00208804,7
14.0813,0.0147063,-0.081512,0.00314159,-0.115253,-0.640517,0.000106133,0.00208696,7
14.0834,0.0145585,-0.0831926,0.00314159,-0.152552,-0.792414,0.000552169,0.00208827,10
14.0855,0.0143368,-0.081512,0.00314159,-0.188774,-0.92827,0.000239457,0.00208353,6
14.0876,0.014189,-0.0831926,0.00314159,-0.221116,-1.06086,0.000105863,0.00208501,7
14.0897,0.0140412,-0.0882346,0.00314159,-0.247335,-1.18172,0.000107587,0.00208601,7
14.0918,0.0138195,-0.0949573,0.00314159,-0.265749,-1.27852,0.00010368,0.00208791,7
14.0939,0.0135978,-0.0949573,0.00314159,-0.275236,-1.31629,0.000634228,0.00208696,10
14.096,0.0133761,-0.106162,0.00314159,-0.275236,-1.35753,0.00028999,0.0020847,6
14.0981,0.0131544,-0.114565,0.00314159,-0.265749,-1.35171,0.000108278,0.00208386,7
14.1002,0.0129327,-0.120727,0.00314159,-0.247335,-1.30303,0.000103699,0.00208741,7
14.1023,0.012711,-0.124089,0.00314159,-0.221116,-1.21386,0.000108478,0.00208666,7
14.1044,0.0124154,-0.136974,0.00314159,-0.188774,-1.13545,0.000714204,0.00208823,10
14.1065,0.0120459,-0.140335,0.00314159,-0.152552,-1.00786,0.000358244,0.00208377,6
14.1086,0.0118242,-0.142016,-0,-0.0912747,-0.823709,0.000106114,0.00208405,6
14.1107,0.0115286,-0.147058,-0,-0.0481463,-0.675002,0.000102286,0.00208754,6
14.1128,0.0112329,-0.145377,-0,-0.0237274,-0.574926,0.000104,0.00208644,6
14.1149,0.0109373,-0.148738,-0,-0.0194197,-0.57137,0.000516593,0.00208789,9
14.117,0.0105678,-0.145377,-0,-0.037466,-0.630916,0.000106695,0.00208384,6
14.1191,0.0102722,-0.150419,-0,-0.037466,-0.650201,0.000119568,0.00208752,6
14.1212,0.00997663,-0.147058,-0,-0.0433977,-0.662283,0.000104662,0.00208655,6
14.1233,0.00968103,-0.150419,-0,-0.0558217,-0.7239,0.000636222,0.00208809,9
14.1254,0.00931152,-0.148738,-0,-0.0758595,-0.797264,0.000266426,0.00208368,3
14.1275,0.00901592,-0.147058,-0,-0.105193,-0.906561,0.000108277,0.00208499,6
14.1296,0.00872032,-0.145377,-0,-0.146065,-1.0608,0.000104932,0.0020865,6
14.1317,0.00842471,-0.150419,-0,-0.157795,-1.12578,0.000102166,0.00208816,6
14.1338,0.00812911,-0.150419,-0,-0.1638,-1.15027,0.000354899,0.00208688,9
14.1359,0.0077596,-0.158262,-0,-0.1638,-1.17993,0.000104,0.00208489,6
14.138,0.007464,-0.161623,-0,-0.157795,-1.16976,0.00010407,0.00208647,6
14.1401,0.00709449,-0.164985,-0,-0.146065,-1.13757,0.000101415,0.00208801,6
14.1422,0.00679889,-0.169466,0.00314159,-0.153149,-1.13478,0.000637444,0.00208453,10
14.1443,0.00635548,-0.172828,0.00314159,-0.140048,-1.09753,0.000280692,0.0020767,6
14.1464,0.00598598,-0.181231,0.00314159,-0.111248,-1.01703,0.000105422,0.00208869,7
14.1485,0.00569037,-0.184592,0.00314159,-0.0712344,-0.874391,0.000119799,0.00208633,7
14.1506,0.00524697,-0.187394,0.00314159,-0.0244924,-0.704077,0.000104341,0.00208775,7
14.1527,0.00487746,-0.190755,0.00314159,0.0244924,-0.526773,0.000699287,0.0020868,10
14.1548,0.00436016,-0.195797,0.00628319,0.0472564,-0.410565,0.000358014,0.00208492,6
14.1569,0.00399065,-0.195797,0.00628319,0.0791538,-0.287695,0.000108678,0.00208388,7
14.159,0.00362115,-0.194116,0.00628319,0.112335,-0.153764,0.00010407,0.00208761,7
14.1611,0.00325164,-0.192435,0.00628319,0.139231,-0.0443148,0.000104631,0.00208686,7
14.1632,0.00288214,-0.187394,0.00628319,0.152552,0.0243825,0.000102187,0.00208796,7
14.1653,0.00243873,-0.192435,0.00942478,0.164796,0.0998892,0.000468977,0.00208684,13
14.1674,0.00199533,-0.184592,0.00942478,0.189022,0.220888,0.000105172,0.00208491,7
14.1695,0.00169972,-0.17955,0.00942478,0.219622,0.357164,0.000105482,0.00208655,7
14.1716,0.00133022,-0.181231,0.00942478,0.251831,0.475185,0.000102578,0.00208779,7
14.1737,0.000960713,-0.172828,0.00942478,0.281723,0.620552,0.000106194,0.00208682,7
14.1758,0.000591208,-0.164985,0.00942478,0.306215,0.742865,0.00054174,0.00208802,10
14.1779,0.000221703,-0.159943,0.00942478,0.323065,0.825305,0.000214702,0.0020839,6
14.18,-7.38998e-05,-0.15322,0.00942478,0.33087,0.878853,0.000105553,0.00208512,7
14.1821,-0.000369504,-0.148738,0.00942478,0.32907,0.886906,0.000114399,0.00208604,7
14.1842,-0.000665108,-0.135293,0.00942478,0.317945,0.890964,0.000102598,0.00208773,7
14.1863,-0.000886812,-0.12745,0.00942478,0.298617,0.843139,0.00062429,0.00208687,10
14.1884,-0.00125632,-0.119047,0.00942478,0.273048,0.772475,0.000310857,0.00208497,6
14.1905,-0.00140412,-0.109523,0.00942478,0.244041,0.693287,0.000107587,0.00208402,7
14.1926,-0.00162582,-0.10112,0.00942478,0.215241,0.610589,0.000109179,0.00208645,7
14.1947,-0.00184752,-0.0949573,0.00942478,0.191133,0.538086,0.000103449,0.00208777,7
14.1968,-0.00199533,-0.086554,0.00942478,0.177044,0.512965,0.000735493,0.00208696,7
14.1989,-0.00221703,-0.0787109,0.00942478,0.135658,0.37922,0.000395362,0.00208514,6
14.201,-0.00236483,-0.0703076,0.00942478,0.0940355,0.246852,0.000107957,0.00208407,7
14.2031,-0.00251263,-0.0719882,0.00942478,0.0558217,0.0913919,0.000102888,0.00208741,7
14.2052,-0.00266043,-0.0652656,0.00942478,0.0252217,-0.00410433,0.000104852,0.00208691,7
14.2073,-0.00280824,-0.0635849,0.00942478,0.00700124,-0.0695644,0.000102747,0.00208804,7
14.2094,-0.00288214,-0.0591032,0.00942478,0.00648685,-0.0556791,0.000470118,0.00208696,13
14.2115,-0.00302994,-0.0607838,0.00942478,-0.0139183,-0.141772,0.000140506,0.00208494,6
14.2136,-0.00317774,-0.0557419,0.00942478,-0.0277132,-0.177871,0.000105202,0.0020861,7
14.2157,-0.00325164,-0.0540612,0.00942478,-0.0320943,-0.18915,0.000103149,0.0020879,7
14.2178,-0.00332554,-0.0445375,0.00942478,-0.0239779,-0.123462,0.000105703,0.00208678,7
14.2199,-0.00347335,-0.0506999,0.00942478,-0,-0.0528397,0.000565873,0.00208788,10
14.222,-0.00354725,-0.0445375,0.00942478,-0,-0.0308894,0.000238806,0.00208372,6
14.2241,-0.00362115,-0.0490192,0.00942478,-0,-0.0473284,0.000108798,0.00208489,7
14.2262,-0.00376895,-0.0394955,0.00942478,-0,-0.0135302,0.000117635,0.00208603,7
14.2283,-0.00384285,-0.0445375,0.00942478,-0,-0.0319897,0.000105803,0.00208777,7
14.2304,-0.00391675,-0.0394955,0.00942478,-0,-0.0140804,0.000638135,0.00208659,10
14.2325,-0.00399065,-0.0277309,0.00942478,-0,0.0280749,0.000307031,0.00208346,6
14.2346,-0.00406455,-0.0294115,0.00628319,0.023978,0.0674882,0.000105482,0.00208507,7
14.2367,-0.00406455,-0.0294115,0.00628319,0.0320944,0.0991027,0.000105683,0.00208672,7
14.2388,-0.00413845,-0.0266104,0.00628319,0.0277132,0.0918649,0.000102748,0.002088,7
14.2409,-0.00413845,-0.0148458,0.00628319,0.0139184,0.0805621,0.000755379,0.0020869,7
14.243,-0.00421235,-0.0114845,0.00314159,0.0174912,0.0586785,0.000411832,0.00208503,6
14.2451,-0.00421235,-0.00700275,0.00314159,0.00111518,0.0110554,0.000113908,0.00207513,7
14.2472,-0.00421235,-0.00532209,0.00314159,-0.0296028,-0.102534,0.000109961,0.00208706,7
14.2493,-0.00421235,-0.00196077,0.00314159,-0.0696165,-0.246271,0.000119759,0.00208655,7
14.2514,-0.00421235,0.00308121,0.00314159,-0.114441,-0.402683,0.000106594,0.00208759,7
14.2535,-0.00421235,0.00140055,0.00314159,-0.16015,-0.58679,0.000479415,0.00208664,10
14.2556,-0.00421235,0.00140055,0.00314159,-0.203381,-0.755181,0.000151597,0.00208705,6
14.2577,-0.00421235,-0.00196077,0.00314159,-0.24133,-0.915121,0.000118366,0.0020863,7
14.2598,-0.00421235,-0.00364143,0.00314159,-0.271754,-1.03969,0.000107366,0.0020852,7
14.2619,-0.00421235,-0.00364143,0.00314159,-0.292971,-1.12233,0.000108157,0.00208677,7
14.264,-0.00428626,-0.00868341,-0,-0.279882,-1.13746,0.000534135,0.00208773,10
14.2661,-0.00428626,-0.0131652,-0,-0.271766,-1.12201,0.000118797,0.00208623,3
14.2682,-0.00428626,-0.0165265,-0,-0.265258,-1.10878,0.000106234,0.00208752,6
14.2703,-0.00436016,-0.0182071,-0,-0.257836,-1.08621,0.000107096,0.00208381,6
14.2724,-0.00436016,-0.0182071,-0,-0.247817,-1.04718,0.000636873,0.00208476,6
14.2745,-0.00443406,-0.0232491,-0,-0.23436,-1.01323,0.00024102,0.00208602,3
14.2766,-0.00450796,-0.0327729,-0,-0.217466,-0.982044,0.000112936,0.00208638,6
14.2787,-0.00458186,-0.0294115,-0,-0.197976,-0.894277,0.000113077,0.00208777,6
14.2808,-0.00465576,-0.0428568,-0,-0.17757,-0.863563,0.000111944,0.00208667,6
14.2829,-0.00472966,-0.0394955,-0,-0.158774,-0.778499,0.000364265,0.00208776,9
14.285,-0.00480356,-0.0378148,-0,-0.14495,-0.718867,0.000121242,0.00208635,6
14.2871,-0.00487746,-0.0445375,-0,-0.140304,-0.725291,0.000104401,0.00208507,6
14.2892,-0.00495136,-0.0445375,-0,-0.149882,-0.762873,0.000106294,0.00208629,6
14.2913,-0.00495136,-0.00700275,-0,-0.136087,-0.573767,0.000498751,0.00208791,9
14.2934,-0.00502527,-0.00868341,-0,-0.125701,-0.539648,0.0001202,0.00208621,6
14.2955,-0.00517307,-0.0966379,-0,-0.122087,-0.84334,0.000106113,0.00208786,6
14.2976,-0.00532087,-0.0977584,-0,-0.129171,-0.875524,0.000115561,0.00208659,6
14.2997,-0.00546867,-0.0540612,-0.00314159,-0.0839758,-0.590082,0.000122374,0.0020879,6
14.3018,-0.00554257,-0.0523805,-0.00314159,-0.0514406,-0.457565,0.000380535,0.00208607,9
14.3039,-0.00569037,-0.0473386,-0.00314159,-0.0296028,-0.35487,0.000105884,0.00208731,6
14.306,-0.00576428,-0.0506999,-0.00314159,-0.0170609,-0.318415,0.000114059,0.0020862,6
14.3081,-0.00583818,-0.0506999,-0.00314159,-0.0129737,-0.30277,0.000105563,0.00208793,6
14.3102,-0.00598598,-0.0506999,-0.00314159,-0.0170609,-0.31924,0.000106885,0.00208679,6
14.3123,-0.00605988,-0.0428568,-0.00314159,-0.0296028,-0.340081,0.000364856,0.00208759,9
14.3144,-0.00613378,-0.0394955,-0.00314159,-0.0514406,-0.413295,0.000117445,0.00208642,6
14.3165,-0.00628158,-0.0456579,-0.00314159,-0.0839758,-0.5628,0.000116032,0.00208221,6
14.3186,-0.00635548,-0.0394955,-0.00314159,-0.129171,-0.716892,0.000104952,0.00208708,6
14.3207,-0.00642938,-0.0411762,-0.00314159,-0.146065,-0.789033,0.000113978,0.00208696,6
14.3228,-0.00650328,-0.0445375,-0.00314159,-0.157795,-0.847121,0.000355589,0.00208756,9
14.3249,-0.00657719,-0.0473386,-0.00314159,-0.1638,-0.88089,0.000129156,0.0020863,6
14.327,-0.00665109,-0.0445375,-0.00314159,-0.1638,-0.871063,0.000105663,0.00208543,6
14.3291,-0.00679889,-0.0490192,-0.00314159,-0.157795,-0.864386,0.000106204,0.00208677,6
14.3312,-0.00687279,-0.0523805,-0.00314159,-0.146065,-0.831094,0.000112155,0.00208562,6
14.3333,-0.00702059,-0.0506999,-0.00314159,-0.129171,-0.759778,0.000337416,0.00208675,9
14.3354,-0.00716839,-0.0574225,-0.00314159,-0.107954,-0.70193,0.000119028,0.00208732,6
14.3375,-0.00724229,-0.0607838,-0.00314159,-0.0835349,-0.619212,0.000106204,0.00208664,6
14.3396,-0.0073901,-0.0635849,-0.00314159,-0.057316,-0.527739,0.000106565,0.00207994,6
14.3417,-0.0075379,-0.0635849,-0.00314159,-0.0309792,-0.425703,0.000115872,0.0020866,6
14.3438,-0.0076118,-0.0669463,-0.00314159,-0.00648684,-0.342699,0.000315746,0.00208784,9
14.3459,-0.0077596,-0.0669463,-0.00314159,0.0139183,-0.263768,0.000113287,0.00208592,6
14.348,-0.0079074,-0.0624645,-0.00314159,0.0277132,-0.194421,0.00010918,0.00208104,6
14.3501,-0.0080552,-0.0624645,-0.00314159,0.0320943,-0.177906,0.000114429,0.00208658,6
14.3522,-0.00812911,-0.0624645,-0.00314159,0.023978,-0.209796,0.000105072,0.00208773,6
14.3543,-0.00827691,-0.0557419,-0.00314159,-0,-0.279498,0.000335182,0.00208697,9
14.3564,-0.00842471,-0.0523805,-0.00314159,-0,-0.267925,0.000132222,0.0020873,6
14.3585,-0.00849861,-0.0490192,-0.00314159,-0,-0.256077,0.000124207,0.00208529,6
14.3606,-0.00857251,-0.0456579,-0.00314159,-0,-0.244229,0.000116102,0.00208418,6
14.3627,-0.00872032,-0.0445375,-0.00314159,-0,-0.240739,0.00012053,0.00208772,6
14.3648,-0.00879421,-0.0456579,-0.00314159,-0,-0.245055,0.000291342,0.00208656,9
14.3669,-0.00886812,-0.0378148,-0.00314159,-0,-0.217043,0.000119438,0.0020874,6
14.369,-0.00894202,-0.0411762,-0.00314159,-0,-0.229441,0.000121412,0.00208676,6
14.3711,-0.00901592,-0.0394955,-0.00314159,-0,-0.223655,0.000108809,0.00208779,6
14.3732,-0.00908982,-0.0327729,-0.00314159,-0,-0.199684,0.000643045,0.00208386,9
14.3753,-0.00916372,-0.0327729,-0.00314159,-0,-0.199959,0.000323441,0.00208744,3
14.3774,-0.00923762,-0.0327729,-0.00314159,-0,-0.200234,0.000116413,0.00208536,6
14.3795,-0.00931152,-0.0266104,-0.00314159,-0,-0.178284,0.000108048,0.0020877,6
14.3816,-0.00938542,-0.0294115,-0.00314159,-0,-0.188661,0.000119217,0.00208671,6
14.3837,-0.00938542,-0.0232491,-0.00314159,-0,-0.166436,0.000604975,0.00208754,9
14.3858,-0.00945932,-0.0232491,-0.00314159,-0,-0.166711,0.000259233,0.00208651,3
14.3879,-0.00953323,-0.0182071,-0.00314159,-0,-0.148801,0.000107937,0.00208653,6
14.39,-0.00953323,-0.0215685,-0.00314159,-0,-0.160924,0.000116533,0.00208496,6
14.3921,-0.00960713,-0.0198878,-0.00314159,-0,-0.155138,0.000124067,0.00208622,6
14.3942,-0.00960713,-0.0148458,-0.00314159,-0,-0.136954,0.000596109,0.00208631,9
14.3963,-0.00968103,-0.0148458,-0.00314159,-0,-0.137229,0.000329372,0.00208765,3
14.3984,-0.00968103,-0.0131652,-0.00314159,-0,-0.131167,0.000120991,0.00208635,6
14.4005,-0.00975493,-0.0131652,-0.00314159,-0,-0.131442,0.000117415,0.0020829,6
14.4026,-0.00975493,-0.0148458,-0.00314159,-0,-0.137504,0.000116263,0.00208594,6
14.4047,-0.00975493,-0.00980385,-0.00314159,-0,-0.119319,0.000597051,0.00208676,9
14.4068,-0.00982883,-0.00980385,-0.00314159,-0,-0.119594,0.000248263,0.002087,3
14.4089,-0.00982883,-0.00532209,-0.00314159,-0,-0.10343,0.000116673,0.00208492,6
14.411,-0.00982883,-0.00532209,-0.00314159,-0,-0.10343,0.000115,0.0020877,6
14.4131,-0.00982883,-0.00196077,-0.00314159,-0,-0.0913075,0.000115601,0.00208668,6
14.4152,-0.00982883,0.00308121,-0.00314159,-0,-0.073123,0.000592282,0.00208763,9
14.4173,-0.00982883,0.00476187,-0.00314159,-0,-0.0670615,0.000236632,0.00208615,3
14.4194,-0.00982883,0.00308121,-0.00314159,-0,-0.073123,0.000116242,0.00208735,6
14.4215,-0.00982883,0.00644253,-0.00314159,-0,-0.061,0.000116142,0.00208666,6
14.4236,-0.00982883,-0.00532209,-0.00314159,-0,-0.10343,0.000108287,0.00208757,6
14.4257,-0.00982883,-0.00028011,-0.00314159,-0,-0.085246,0.000594986,0.00208661,9
14.4278,-0.00982883,-0.00028011,-0.00314159,-0,-0.085246,0.000223899,0.00208724,3
14.4299,-0.00982883,-0.00028011,-0.00314159,-0,-0.085246,0.000121762,0.00208657,6
14.432,-0.00982883,0.00140055,-0.00314159,-0,-0.0791845,0.000108738,0.00208505,6
14.4341,-0.00982883,-0.00028011,-0.00314159,-0,-0.085246,0.000115952,0.00208379,6
14.4362,-0.00982883,-0.00532209,-0.00314159,-0,-0.10343,0.000557237,0.00208512,9
14.4383,-0.00982883,-0.00028011,-0.00314159,-0,-0.085246,0.000217156,0.00208618,3
14.4404,-0.00982883,-0.00196077,-0.00314159,-0,-0.0913075,0.000140506,0.00208737,6
14.4425,-0.00982883,0.00476187,-0.00628319,0.023978,-0.0213118,0.00012074,0.00208652,6
14.4446,-0.00982883,-0.00028011,-0.00628319,0.0320943,-0.00788182,0.000111764,0.00208665,6
14.4467,-0.00982883,-0.00028011,-0.00628319,0.0277132,-0.0249471,0.000568318,0.00208787,9
14.4488,-0.00982883,0.00140055,-0.00628319,0.0139183,-0.0726187,0.000218569,0.00208579,3
14.4509,-0.00982883,-0.00196077,-0.00628319,-0.00648685,-0.164223,0.000113928,0.00208749,6
14.453,-0.00982883,-0.00196077,-0.00628319,-0.0309792,-0.259624,0.000114269,0.00207917,6
14.4551,-0.00982883,0.00308121,-0.00628319,-0.057316,-0.344026,0.000105873,0.0020876,6
14.4572,-0.00982883,-0.00196077,-0.00628319,-0.0835349,-0.464337,0.000563348,0.00208674,9
14.4593,-0.00982883,0.00140055,-0.00628319,-0.107954,-0.547329,0.000235821,0.00208707,3
14.4614,-0.00982883,-0.00028011,-0.00628319,-0.129171,-0.636035,0.000115761,0.0020866,6
14.4635,-0.00982883,-0.00028011,-0.00628319,-0.146065,-0.70184,0.000113547,0.00208526,6
14.4656,-0.00982883,0.00476187,-0.00628319,-0.157795,-0.729345,0.000117044,0.00208677,6
14.4677,-0.00982883,-0.00364143,-0.00628319,-0.1638,-0.783044,0.000557738,0.00208776,9
14.4698,-0.00982883,-0.00364143,-0.00628319,-0.1638,-0.783044,0.000211917,0.00208667,3
14.4719,-0.00982883,-0.00196077,-0.00942478,-0.133817,-0.707842,0.000117836,0.00208734,6
14.474,-0.00982883,-0.00700275,-0.00942478,-0.113971,-0.648722,0.000112034,0.00208684,6
14.4761,-0.00982883,-0.00980385,-0.00942478,-0.101458,-0.610084,0.000105282,0.00208504,6
14.4782,-0.00990273,-0.0131652,-0.00942478,-0.0940355,-0.593571,0.000567716,0.00208669,9
14.4803,-0.00990273,-0.0165265,-0.00942478,-0.0900218,-0.59006,0.000236743,0.00208764,3
14.4824,-0.00990273,-0.00868341,-0.00942478,-0.0882952,-0.555048,0.000113497,0.00208665,6
14.4845,-0.00997663,-0.0148458,-0.00942478,-0.0882953,-0.577549,0.000110682,0.00208101,6
14.4866,-0.00997663,-0.0198878,-0.00942478,-0.0900218,-0.602458,0.000106484,0.00208716,6
14.4887,-0.00997663,-0.00980385,-0.00942478,-0.0940355,-0.581723,0.00056943,0.00208674,9
14.4908,-0.0100505,-0.00868341,-0.00942478,-0.101458,-0.606869,0.000226103,0.00208702,3
14.4929,-0.0100505,-0.0165265,-0.00942478,-0.113971,-0.683895,0.000112806,0.00208633,6
14.495,-0.0101244,-0.0114845,-0.00942478,-0.133817,-0.74329,0.000130949,0.00208785,6
14.4971,-0.0101244,-0.0131652,-0.00942478,-0.1638,-0.866141,0.000112575,0.00208609,6
14.4992,-0.0101983,-0.0198878,-0.00942478,-0.1638,-0.890662,0.000581482,0.00208766,9
14.5013,-0.0101983,-0.0182071,-0.00942478,-0.157795,-0.861209,0.00021364,0.00208624,3
14.5034,-0.0102722,-0.0232491,-0.00942478,-0.146065,-0.833979,0.000114439,0.00208745,6
14.5055,-0.0103461,-0.0232491,-0.00942478,-0.129171,-0.768449,0.000114509,0.00208534,6
14.5076,-0.0103461,-0.0277309,-0.00942478,-0.107954,-0.701969,0.000111964,0.00208513,6
14.5097,-0.01042,-0.0344535,-0.00942478,-0.0835349,-0.631374,0.000574218,0.00208592,9
14.5118,-0.0104939,-0.0344535,-0.00942478,-0.057316,-0.529523,0.000225893,0.00208639,3
14.5139,-0.0105678,-0.0344535,-0.00942478,-0.0309792,-0.427212,0.000114379,0.0020854,6
14.516,-0.0106417,-0.0344535,-0.00942478,-0.00648685,-0.332086,0.000112065,0.00208787,6
14.5181,-0.0107156,-0.0294115,-0.00942478,0.0139183,-0.234695,0.000114249,0.00208443,6
14.5202,-0.0107895,-0.0378148,-0.00942478,0.0277132,-0.211545,0.000566044,0.00208551,9
14.5223,-0.0108634,-0.0327729,-0.00942478,0.0320943,-0.17657,0.000320295,0.00208644,3
14.5244,-0.0108634,-0.0249298,-0.00942478,0.0239779,-0.179898,0.000138032,0.00208741,6
14.5265,-0.0109373,-0.0249298,-0.00942478,-0,-0.27357,0.000118046,0.00208671,6
14.5286,-0.0110112,-0.0249298,-0.00942478,-0,-0.273846,0.000124468,0.00208676,6
14.5307,-0.0110112,-0.0215685,-0.00942478,-0,-0.261723,0.000578607,0.00208694,9
14.5328,-0.0110851,-0.0148458,-0.00942478,-0,-0.237752,0.000224429,0.00208633,3
14.5349,-0.011159,-0.0198878,-0.00942478,-0,-0.256211,0.000116854,0.00208459,6
14.537,-0.011159,-0.0198878,-0.00628319,-0.023978,-0.301961,0.00011494,0.00208401,6
14.5391,-0.0112329,-0.0182071,-0.00628319,-0.0320944,-0.327789,0.000106114,0.00208775,6
14.5412,-0.0112329,-0.0114845,-0.00628319,-0.0277132,-0.286478,0.000596669,0.00208648,9
14.5433,-0.0112329,-0.0148458,-0.00628319,-0.0139184,-0.244868,0.000307141,0.00208725,3
14.5454,-0.0113068,-0.0198878,-0.00628319,0.00648679,-0.183846,0.000111774,0.00208378,6
14.5475,-0.0113068,-0.0131652,-0.00628319,0.0309792,-0.0641989,0.000105182,0.002088,6
14.5496,-0.0113807,-0.0131652,-0.00628319,0.057316,0.038112,0.000114489,0.00208565,6
14.5517,-0.0113807,-0.0114845,-0.00628319,0.0835349,0.1463,0.000582594,0.00208142,9
14.5538,-0.0113807,-0.0148458,-0.00628319,0.107954,0.229292,0.000239317,0.00208365,3
14.5559,-0.0113807,-0.00532209,-0.00628319,0.129171,0.346285,0.000105303,0.00208744,6
14.558,-0.0114546,-0.00532209,-0.00628319,0.146065,0.411815,0.000108708,0.00208678,6
14.5601,-0.0114546,-0.00700275,-0.00628319,0.157795,0.451443,0.000105492,0.00208784,6
14.5622,-0.0114546,0.00644253,-0.00628319,0.1638,0.523326,0.000601518,0.00208667,9
14.5643,-0.0114546,0.00644253,-0.00628319,0.1638,0.523326,0.000311158,0.00208726,3
14.5664,-0.0113807,0.00476187,-0.00628319,0.157795,0.494149,0.000118196,0.00208638,6
14.5685,-0.0113807,0.00644253,-0.00628319,0.146065,0.45452,0.000118456,0.00208682,6
14.5706,-0.0113807,0.0109243,-0.00628319,0.129171,0.404879,0.00011508,0.00208757,6
14.5727,-0.0113807,0.0109243,-0.00628319,0.107954,0.322235,0.000583225,0.00208496,9
14.5748,-0.0113068,0.00924363,-0.00628319,0.0835349,0.221334,0.000233326,0.00208706,3
14.5769,-0.0113068,0.00812319,-0.00628319,0.057316,0.115166,0.000111704,0.00208367,6
14.579,-0.0113068,0.00924363,-0.00628319,0.0309792,0.0166211,0.000108267,0.00208657,6
14.5811,-0.0113068,0.00644253,-0.00628319,0.00648681,-0.088883,0.000107687,0.00208606,6
14.5832,-0.0113068,0.00924363,-0.00628319,-0.0139183,-0.158262,0.000578987,0.00208673,9
14.5853,-0.0113068,0.00140055,-0.00628319,-0.0277132,-0.240282,0.000302372,0.0020851,3
14.5874,-0.0112329,0.00924363,-0.00628319,-0.0320944,-0.228785,0.000115211,0.00208744,6
14.5895,-0.0112329,0.00476187,-0.00628319,-0.023978,-0.213334,0.000106294,0.00208659,6
14.5916,-0.0112329,-0.00028011,-0.00628319,-0,-0.138121,0.000107947,0.00208774,6
14.5937,-0.0113068,-0.00364143,-0.00628319,-0,-0.150519,0.000575451,0.00208557,9
14.5958,-0.0113068,-0.00196077,-0.00628319,-0,-0.144458,0.000221043,0.00208746,3
14.5979,-0.0113068,-0.00364143,-0.00628319,-0,-0.150519,0.000111724,0.00208516,6
14.6,-0.0113068,-0.00196077,-0.00628319,-0,-0.144458,0.000120079,0.00208774,6
14.6021,-0.0113068,0.00140055,-0.00628319,-0,-0.132335,0.000117234,0.00208657,6
14.6042,-0.0113068,0.00308121,-0.00628319,-0,-0.126273,0.000572776,0.00208755,9
14.6063,-0.0113068,-0.00364143,-0.00628319,-0,-0.150519,0.000226273,0.00208376,3
14.6084,-0.0113068,0.00140055,-0.00628319,-0,-0.132335,0.000132311,0.00208738,6
14.6105,-0.0113068,-0.00196077,-0.00628319,-0,-0.144458,0.000115371,0.00208615,6
14.6126,-0.0113068,-0.00196077,-0.00628319,-0,-0.144458,0.000116362,0.00208666,6
14.6147,-0.0113068,-0.00364143,-0.00628319,-0,-0.150519,0.000562487,0.002086,9
14.6168,-0.0113068,-0.00028011,-0.00628319,-0,-0.138396,0.000221535,0.00208598,3
14.6189,-0.0113068,-0.00196077,-0.00628319,-0,-0.144458,0.000115612,0.0020874,6
14.621,-0.0113068,0.00140055,-0.00628319,-0,-0.132335,0.000118697,0.00208663,6
14.6231,-0.0113068,-0.00196077,-0.00628319,-0,-0.144458,0.000124988,0.00208758,6
14.6252,-0.0113068,0.00140055,-0.00628319,-0,-0.132335,0.000560133,0.00208384,9
14.6273,-0.0113068,0.00308121,-0.00628319,-0,-0.126273,0.000216996,0.00208741,3
14.6294,-0.0113068,0.00140055,-0.00628319,-0,-0.132335,0.000121251,0.00208634,6
14.6315,-0.0113068,-0.00364143,-0.00628319,-0,-0.150519,0.000113717,0.0020876,6
14.6336,-0.0113068,-0.00196077,-0.00628319,-0,-0.144458,0.000125289,0.00208662,6
14.6357,-0.0113068,-0.00028011,-0.00314159,-0.023978,-0.184146,0.000567777,0.00208753,9
14.6378,-0.0113068,-0.00028011,-0.00314159,-0.0320944,-0.21576,0.000216957,0.00208355,3
14.6399,-0.0113068,-0.00028011,-0.00314159,-0.0277132,-0.198695,0.000106144,0.00208649,6
14.642,-0.0113068,-0.00028011,-0.00314159,-0.0139183,-0.144962,0.00012074,0.00208687,6
14.6441,-0.0113068,-0.00028011,-0.00314159,0.00648682,-0.0654807,0.00012062,0.00207562,6
14.6462,-0.0113068,0.00140055,-0.00314159,0.0309792,0.0359823,0.000549814,0.00208655,9
14.6483,-0.0113068,-0.00532209,-0.00314159,0.057316,0.114322,0.000221765,0.00208756,3
14.6504,-0.0113068,-0.00364143,-0.00314159,0.0835349,0.22251,0.000103349,0.0020866,6
14.6525,-0.0113068,-0.00364143,-0.00314159,0.107954,0.317626,0.000110752,0.00208681,6
14.6546,-0.0113068,-0.00028011,-0.00314159,0.129171,0.412393,0.000103199,0.00208271,6
14.6567,-0.0113068,0.00308121,-0.00314159,0.146065,0.490321,0.000568418,0.00208689,9
14.6588,-0.0113068,0.00140055,-0.00314159,0.157795,0.529949,0.000220112,0.00208502,3
14.6609,-0.0113068,-0.00028011,-0.00314159,0.1638,0.547279,0.000109079,0.00208397,6
14.663,-0.0112329,0.00308121,-0.00314159,0.1638,0.559677,0.000102738,0.0020875,6
14.6651,-0.0112329,-0.00028011,-0.00314159,0.157795,0.524163,0.000129657,0.00208659,6
14.6672,-0.0112329,0.00924363,-0.00314159,0.146065,0.512821,0.000556426,0.00208812,9
14.6693,-0.0112329,0.00644253,-0.00314159,0.129171,0.436914,0.00020792,0.00208381,3
14.6714,-0.0112329,0.00644253,-0.00314159,0.107954,0.35427,0.000115712,0.00208526,6
14.6735,-0.0112329,0.00644253,-0.00314159,0.0835349,0.259154,0.000107796,0.00208584,6
14.6756,-0.0112329,0.00644253,-0.00314159,0.057316,0.157028,0.000102196,0.002088,6
14.6777,-0.011159,0.00476187,-0.00314159,0.0309792,0.0486555,0.000547711,0.00208679,9
14.6798,-0.011159,0.00644253,-0.00314159,0.00648684,-0.0406845,0.000198923,0.00208502,3
14.6819,-0.011159,0.00476187,-0.00314159,-0.0139183,-0.126227,0.000106054,0.00208409,6
14.684,-0.011159,0.00140055,-0.00314159,-0.0277132,-0.192083,0.000102296,0.00208768,6
14.6861,-0.011159,-0.00364143,-0.00314159,-0.0320943,-0.227333,0.000105873,0.00208669,6
14.6882,-0.011159,-0.00700275,-0.00314159,-0.023978,-0.207841,0.00053684,0.00208794,9
14.6903,-0.011159,-0.00364143,-0.00314159,-0,-0.102321,0.000193743,0.00208339,3
14.6924,-0.011159,-0.00196077,-0.00314159,-0,-0.0962592,0.000123766,0.002085,6
14.6945,-0.011159,-0.00364143,-0.00314159,-0,-0.102321,0.000104962,0.00208597,6
14.6966,-0.011159,0.00140055,-0.00314159,-0,-0.0841362,0.000105854,0.00208687,6
14.6987,-0.011159,-0.00196077,-0,-0.023978,-0.142009,0.000527733,0.00208784,9
14.7008,-0.011159,0.00140055,-0,-0.0320943,-0.1615,0.000108018,0.00208372,6
14.7029,-0.011159,-0.00028011,-0,-0.0277132,-0.150497,0.000103219,0.00208737,6
14.705,-0.011159,0.00140055,-0,-0.0139183,-0.0907021,0.00010361,0.00208695,6
14.7071,-0.011159,-0.00028011,-0,0.00648683,-0.0172823,0.000640539,0.00208804,9
14.7092,-0.011159,0.00308121,-0,0.0309792,0.0902422,0.000235861,0.00208361,3
14.7113,-0.011159,-0.00028011,-0,0.057316,0.180705,0.000104441,0.0020849,6
14.7134,-0.011159,0.00140055,-0,0.0835349,0.288893,0.0001041,0.00208578,6
14.7155,-0.011159,-0.00028011,-0,0.107954,0.377947,0.000102007,0.00208771,6
14.7176,-0.011159,0.00476187,-0,0.129171,0.478776,0.000349669,0.00208711,9
14.7197,-0.011159,-0.00364143,-0,0.146065,0.514273,0.000104962,0.0020851,6
14.7218,-0.011159,0.00140055,-0,0.157795,0.578148,0.000104481,0.00208633,6
14.7239,-0.011159,0.00924363,-0,0.1638,0.629826,0.000121592,0.00208807,6
14.726,-0.011159,0.00308121,-0,0.1638,0.6076,0.000479416,0.00208705,9
14.7281,-0.011159,0.00476187,-0,0.157795,0.590271,0.00010375,0.00208481,6
14.7302,-0.011159,0.00476187,-0,0.146065,0.544581,0.00010406,0.00208621,6
14.7323,-0.011159,-0.00028011,-0,0.129171,0.460591,0.000123385,0.00208787,6
14.7344,-0.011159,-0.00028011,-0,0.107954,0.377947,0.000598323,0.00208689,9
14.7365,-0.011159,0.00476187,-0,0.0835349,0.301016,0.000211737,0.00207963,3
14.7386,-0.011159,0.00308121,-0,0.057316,0.192828,0.000104792,0.00208499,6
14.7407,-0.0110851,0.00476187,-0,0.0309792,0.0965788,0.00010451,0.00208647,6
14.7428,-0.0110851,0.00476187,-0,0.00648684,0.00117726,0.000102247,0.00208773,6
14.7449,-0.0110851,0.00140055,-0,-0.0139183,-0.0904269,0.000329733,0.0020868,9
14.747,-0.0110851,0.00476187,-0,-0.0277132,-0.132037,0.00010401,0.00208482,6
14.7491,-0.0110851,0.00140055,-0,-0.0320943,-0.161225,0.000104491,0.00208614,6
14.7512,-0.0110851,0.00140055,-0,-0.023978,-0.129611,0.000102006,0.00208772,6
14.7533,-0.0110851,-0.00364143,0.00314159,-0.023978,-0.100147,0.000582944,0.00208683,10
14.7554,-0.0110851,-0.00196077,0.00314159,-0.0320943,-0.1257,0.000234839,0.00208497,6
14.7575,-0.0110851,-0.00196077,0.00314159,-0.0277132,-0.108635,0.000106935,0.00208407,7
14.7596,-0.0110851,-0.00532209,0.00314159,-0.0139183,-0.0670247,0.000103469,0.00208765,7
14.7617,-0.0110851,-0.00028011,0.00314159,0.00648684,0.030641,0.000107647,0.00208063,7
14.7638,-0.0110851,-0.00196077,0.00314159,0.0309792,0.119981,0.000660547,0.00208799,10
14.7659,-0.0110851,0.00140055,0.00314159,0.057316,0.23469,0.000309295,0.00208371,6
14.768,-0.0110851,0.00140055,0.00314159,0.0835349,0.336817,0.000123666,0.00208509,7
14.7701,-0.0110851,0.00308121,0.00314159,0.107954,0.437993,0.000107567,0.00208628,7
14.7722,-0.0110851,-0.00532209,0.00314159,0.129171,0.49033,0.000103299,0.00208764,7
14.7743,-0.0110851,0.00644253,0.00628319,0.122087,0.552816,0.000105001,0.00208703,7
14.7764,-0.0110851,-0.00028011,0.00628319,0.125701,0.542645,0.000416751,0.00208824,13
14.7785,-0.0110851,0.00140055,0.00628319,0.136087,0.589163,0.00010923,0.00208381,7
14.7806,-0.0110851,0.00476187,0.00628319,0.149882,0.655019,0.000107957,0.00208657,7
14.7827,-0.0110851,0.00812319,0.00628319,0.164282,0.723232,0.000102758,0.00208785,7
14.7848,-0.0110851,0.0109243,0.00628319,0.177044,0.783046,0.000104491,0.00208714,7
14.7869,-0.0110112,0.0109243,0.00942478,0.162509,0.774353,0.000518077,0.00208822,10
14.789,-0.0110112,0.0159663,0.00942478,0.159394,0.780405,0.000189115,0.00208392,6
14.7911,-0.0109373,0.0176469,0.00942478,0.163776,0.803807,0.000105953,0.00208515,7
14.7932,-0.0109373,0.0176469,0.00942478,0.172569,0.838057,0.000105132,0.00208644,7
14.7953,-0.0108634,0.0226889,0.00942478,0.183531,0.899217,0.000102808,0.00208792,7
14.7974,-0.0108634,0.0243696,0.00942478,0.195261,0.950969,0.000592492,0.00208709,10
14.7995,-0.0107895,0.030532,0.00942478,0.207198,1.01997,0.00026271,0.00208503,6
14.8016,-0.0107156,0.035574,0.00942478,0.219622,1.08682,0.000123695,0.0020839,7
14.8037,-0.0106417,0.0338933,0.00942478,0.233654,1.13569,0.000112025,0.00208747,7
14.8058,-0.0105678,0.0406159,0.00942478,0.251258,1.22878,0.000116002,0.00208676,7
14.8079,-0.01042,0.0439773,0.00942478,0.275236,1.33485,0.000714235,0.0020877,10
14.81,-0.0103461,0.048459,0.00942478,0.265749,1.31434,0.000341133,0.00208361,6
14.8121,-0.0101983,0.0551816,0.00942478,0.247335,1.26741,0.000105172,0.00208508,7
14.8142,-0.0101244,0.058543,0.00942478,0.221116,1.17768,0.000108108,0.00208618,7
14.8163,-0.00997663,0.0697474,0.00942478,0.188774,1.09266,0.000102728,0.00208808,7
14.8184,-0.00982883,0.0731087,0.00942478,0.152552,0.964244,0.00010427,0.002087,7
14.8205,-0.00968103,0.07647,0.00942478,0.115253,0.831631,0.00042705,0.00207667,13
14.8226,-0.00945932,0.0809518,0.00942478,0.0802406,0.712243,0.000105673,0.00208469,7
14.8247,-0.00931152,0.0876744,0.00942478,0.0514406,0.624859,0.000112706,0.00208612,7
14.8268,-0.00916372,0.0893551,0.00942478,0.033338,0.560958,0.000102437,0.00208795,7
14.8289,-0.00894202,0.0859937,0.00942478,0.0309792,0.540473,0.00010389,0.00208703,7
14.831,-0.00879421,0.0876744,0.00942478,0.00648685,0.451683,0.000522104,0.00208825,10
14.8331,-0.00857251,0.0843131,0.00942478,-0.0139183,0.360904,0.000190178,0.00208378,6
14.8352,-0.00842471,0.0859937,0.00942478,-0.0277132,0.313783,0.000119488,0.00208512,7
14.8373,-0.00820301,0.0859937,0.00942478,-0.0320943,0.297543,0.000106344,0.0020865,7
14.8394,-0.0080552,0.0826324,0.00942478,-0.0239779,0.317584,0.000103669,0.00208776,7
14.8415,-0.0079074,0.0893551,0.00942478,-0,0.435778,0.000602019,0.002087,10
14.8436,-0.0076857,0.0859937,0.00942478,-0,0.424481,0.000270735,0.0020847,6
14.8457,-0.0075379,0.0809518,0.00942478,-0,0.406846,0.000112826,0.00208382,7
14.8478,-0.0073162,0.0843131,0.00942478,-0,0.419795,0.000112255,0.00208568,7
14.8499,-0.00716839,0.0843131,0.00942478,-0,0.420345,0.000126391,0.00208636,7
14.852,-0.00702059,0.0843131,0.00942478,-0,0.420895,0.000680994,0.00208723,10
14.8541,-0.00679889,0.0826324,0.00942478,-0,0.415659,0.000332478,0.00208565,6
14.8562,-0.00665109,0.0859937,0.00942478,-0,0.428332,0.000119879,0.00208706,7
14.8583,-0.00642938,0.0893551,0.00942478,-0,0.44128,0.000117304,0.00208507,7
14.8604,-0.00628158,0.0910357,0.00942478,-0,0.447892,0.000139024,0.00208768,7
14.8625,-0.00605988,0.0893551,0.00942478,-0,0.442656,0.000111023,0.00208658,7
14.8646,-0.00591208,0.0910357,0.00942478,-0,0.449267,0.000412423,0.00208561,13
14.8667,-0.00569037,0.0910357,0.00942478,-0,0.450093,0.000116432,0.00207938,7
14.8688,-0.00554257,0.0893551,0.00942478,-0,0.444581,0.000140207,0.00208626,7
14.8709,-0.00532087,0.12689,0.00942478,-0,0.58078,0.000109841,0.00208504,7
14.873,-0.00502527,0.112324,0.00942478,-0,0.529347,0.000113998,0.00208375,7
14.8751,-0.00495136,0.030532,0.00942478,-0,0.23463,0.000516874,0.00208775,10
14.8772,-0.00472966,0.0910357,0.00942478,-0,0.453669,0.000155785,0.00208592,6
14.8793,-0.00458186,0.0910357,0.00942478,-0,0.454219,0.00012604,0.00208748,7
14.8814,-0.00436016,0.0893551,0.00942478,-0,0.448983,0.000117785,0.00208656,7
14.8835,-0.00421235,0.0927164,0.00942478,-0,0.461656,0.000115981,0.00208477,7
14.8856,-0.00399065,0.0960777,0.00942478,-0,0.474604,0.000594065,0.00208663,10
14.8877,-0.00376895,0.0927164,0.00942478,-0,0.463307,0.000248955,0.00208721,6
14.8898,-0.00362115,0.0893551,0.00942478,-0,0.451734,0.00012044,0.00208616,7
14.8919,-0.00339944,0.0927164,0.00942478,-0,0.464682,0.000114419,0.00208767,7
14.894,-0.00325164,0.0927164,0.00942478,-0,0.465232,0.000118677,0.00208658,7
14.8961,-0.00302994,0.0927164,0.00942478,-0,0.466057,0.0006733,0.00208784,10
14.8982,-0.00280824,0.094397,0.0125664,-0.0239779,0.427195,0.00037211,0.00208567,6
14.9003,-0.00258653,0.0910357,0.0125664,-0.0320943,0.384283,0.000118326,0.00208751,7
14.9024,-0.00243873,0.0876744,0.0125664,-0.0277131,0.389775,0.000122164,0.00208384,7
14.9045,-0.00229093,0.0876744,0.0125664,-0.0139183,0.444058,0.000119909,0.00207939,7
14.9066,-0.00206923,0.0893551,0.0125664,0.00648689,0.530426,0.000112686,0.00208772,7
14.9087,-0.00192142,0.0893551,0.0125664,0.0309793,0.626378,0.000441486,0.00208676,13
14.9108,-0.00169972,0.0843131,0.0125664,0.0573161,0.711605,0.000114059,0.00208734,6
14.9129,-0.00147802,0.094397,0.0125664,0.083535,0.850926,0.000107867,0.00208664,7
14.915,-0.00133022,0.0927164,0.0125664,0.107954,0.94053,0.000114059,0.00208604,7
14.9171,-0.00110851,0.094397,0.0125664,0.129171,1.03006,0.000107837,0.00208645,7
14.9192,-0.000886812,0.0960777,0.0125664,0.146065,1.10275,0.00053682,0.00208776,10
14.9213,-0.000665108,0.105601,0.0125664,0.157795,1.18362,0.000280843,0.00208617,6
14.9234,-0.000443405,0.107282,0.0125664,0.1638,1.21389,0.000114319,0.00208562,7
14.9255,-0.000221703,0.116806,0.0125664,0.1638,1.24907,0.000114969,0.00208675,7
14.9276,0,0.116806,0.0125664,0.157795,1.2265,0.000106605,0.00208766,7
14.9297,0.000221703,0.12689,0.0125664,0.146065,1.21801,0.000620924,0.00208655,10
14.9318,0.000591208,0.131932,0.0125664,0.129171,1.17176,0.000282726,0.00208731,6
14.9339,0.00081291,0.134733,0.0125664,0.107954,1.10004,0.000112917,0.00208574,7
14.936,0.00110851,0.139775,0.0125664,0.083535,1.02421,0.000107877,0.00208561,7
14.9381,0.00140412,0.148178,0.0125664,0.0573161,0.953495,0.000113217,0.00208675,7
14.9402,0.00169972,0.150979,0.0125664,0.0309793,0.862112,0.000703946,0.0020876,7
14.9423,0.00214313,0.156021,0.0125664,0.00648688,0.786546,0.000374965,0.0020864,6
14.9444,0.00243873,0.156021,0.0125664,-0.0139183,0.708165,0.00012072,0.00208746,7
14.9465,0.00273434,0.162744,0.0125664,-0.0277132,0.679778,0.000106735,0.00208397,7
14.9486,0.00302994,0.162744,0.0125664,-0.0320943,0.663813,0.00011492,0.00208658,7
14.9507,0.00339944,0.159383,0.0125664,-0.023978,0.68468,0.000113257,0.0020878,7
14.9528,0.00369505,0.164425,0.0125664,-0,0.797363,0.000472412,0.00208667,10
14.9549,0.00413845,0.166105,0.0125664,-0,0.805075,0.000132502,0.0020872,6
14.957,0.00443406,0.166105,0.0125664,-0,0.806175,0.000118977,0.00208643,7
14.9591,0.00480356,0.166105,0.0125664,-0,0.80755,0.000116823,0.00208662,7
14.9612,0.00517307,0.170587,0.0125664,-0,0.82509,0.000116282,0.00208405,7
14.9633,0.00546867,0.168906,0.00942478,0.023978,0.865879,0.000557999,0.00208755,10
14.9654,0.00591208,0.17731,0.00942478,0.0320944,0.929451,0.000217447,0.00208626,6
14.9675,0.00620768,0.17731,0.00942478,0.0277132,0.913486,0.000118296,0.00208737,7
14.9696,0.00657719,0.182352,0.00942478,0.0139184,0.879313,0.000118286,0.00208672,7
14.9717,0.00694669,0.182352,0.00942478,-0.0064868,0.801207,0.000131009,0.00208789,7
14.9738,0.0073901,0.182352,0.00942478,-0.0309792,0.707456,0.000637223,0.0020787,10
14.9759,0.0078335,0.186833,0.00942478,-0.057316,0.622685,0.000307161,0.00208711,6
14.978,0.00820301,0.193556,0.00942478,-0.0835349,0.54618,0.000116583,0.00208697,7
14.9801,0.00857251,0.190195,0.00942478,-0.107954,0.440317,0.000106164,0.00208541,7
14.9822,0.00894202,0.191875,0.00942478,-0.129171,0.36511,0.000114869,0.0020867,7
14.9843,0.00938542,0.200279,0.00942478,-0.146065,0.331263,0.000114289,0.00208769,7
14.9864,0.00975493,0.196917,0.00942478,-0.157795,0.274825,0.000415208,0.00208692,13
14.9885,0.0102722,0.195237,0.00628319,-0.139822,0.293048,0.000118176,0.00208629,7
14.9906,0.0105678,0.198598,0.00628319,-0.131706,0.337886,0.000105934,0.00208495,7
14.9927,0.0110112,0.188514,0.00628319,-0.130082,0.309494,0.000112255,0.00208692,7
14.9948,0.0113807,0.193556,0.00628319,-0.132147,0.32101,0.000110171,0.00208784,7
14.9969,0.0118242,0.191875,0.00628319,-0.135658,0.302923,0.00049808,0.00208664,10
14.999,0.0122676,0.191875,0.00628319,-0.138933,0.291816,0.000163198,0.00208732,6
15.0011,0.0126371,0.193556,0.00314159,-0.116873,0.337532,0.000117505,0.00208642,7
15.0032,0.0130066,0.185713,0.00314159,-0.108757,0.342235,0.000112475,0.00208528,7
15.0053,0.0133761,0.186833,0.00314159,-0.11122,0.338057,0.000123496,0.00208412,7
15.0074,0.0138195,0.182352,0.00314159,-0.12174,0.282568,0.000590318,0.00208533,10
15.0095,0.0142629,0.188514,0.00314159,-0.138634,0.240639,0.000256959,0.00208627,6
15.0116,0.0145585,0.186833,0.00314159,-0.161061,0.148319,0.00011488,0.00208748,7
15.0137,0.014928,0.185713,0.00314159,-0.189022,0.0367422,0.000109791,0.00208367,7
15.0222,0.0152975,0.184032,0.00314159,-0.223357,-0.101685,0.000293235,0.000357322,42
15.0243,0.017145,0.167786,0.00314159,-0.265749,-0.318524,0.000506445,0.00207233,0
15.0264,0.0172189,0.167786,0.00314159,-0.275236,-0.355203,0.000387938,0.00205652,7
15.0285,0.0175884,0.166105,0.00314159,-0.275236,-0.359889,0.000842078,0.00204277,10
15.0306,0.0179579,0.157702,0.00314159,-0.265749,-0.351867,0.000537241,0.00205901,6
15.0327,0.0182535,0.154341,0.00314159,-0.247335,-0.291165,0.000418885,0.00205566,7
15.0348,0.0185491,0.143136,0.00314159,-0.221116,-0.228348,0.000112956,0.00208765,7
15.0369,0.0187708,0.144817,0.00314159,-0.188774,-0.0954843,0.000105833,0.0020868,7
15.039,0.0190665,0.133052,0.00314159,-0.152552,0.00427715,0.000675473,0.00208778,10
15.0411,0.019436,0.130251,0.00314159,-0.115253,0.140836,0.000329692,0.00208621,6
15.0432,0.0196577,0.125209,0.00314159,-0.0802406,0.259854,0.00012033,0.00208605,7
15.0453,0.0198794,0.12689,0.00314159,-0.0514406,0.378922,0.000125188,0.00208604,7
15.0474,0.020175,0.12689,0.00314159,-0.0333381,0.450534,0.000110692,0.00208668,7
15.0495,0.0203967,0.120167,0.00314159,-0.0309792,0.436302,0.000115881,0.00208642,7
15.0516,0.0206184,0.120167,0.00314159,-0.00648684,0.532528,0.000407263,0.00208772,13
15.0537,0.020914,0.118486,0.00314159,0.0139183,0.607049,0.000107456,0.00208623,7
15.0558,0.0211357,0.115125,0.00314159,0.0277132,0.649484,0.000119148,0.00208803,7
15.0579,0.0215791,0.185713,0.00314159,0.0320943,0.922782,0.000107346,0.00208678,7
15.06,0.021653,0.07647,0.00314159,0.023978,0.497446,0.000102868,0.00208826,7
15.0621,0.0218747,0.123528,0.00314159,-0,0.574595,0.000517365,0.00208689,10
15.0642,0.0221703,0.121848,0.00314159,-0,0.569634,0.000177394,0.00208472,6
15.0663,0.022392,0.120167,0.00314159,-0,0.564398,0.00010959,0.00208394,7
15.0684,0.0226876,0.121848,0.00314159,-0,0.57156,0.000124707,0.00207496,7
15.0705,0.0229093,0.123528,0.00628319,-0.023978,0.532697,0.000102928,0.00208631,7
15.0726,0.0232049,0.121848,0.00628319,-0.0320943,0.496121,0.0006023,0.0020852,10
15.0747,0.0235005,0.125209,0.00628319,-0.0277132,0.52641,0.000271906,0.0020848,6
15.0768,0.0237222,0.120167,0.00628319,-0.0139183,0.562784,0.000108728,0.00208371,7
15.0789,0.0239439,0.123528,0.00628319,0.00648685,0.655213,0.00010372,0.00208764,7
15.081,0.0241656,0.115125,0.00942478,0.00700124,0.675383,0.000107586,0.0020871,7
15.0831,0.0244612,0.118486,0.00942478,0.0252217,0.759578,0.000700379,0.00208793,10
15.0852,0.0247568,0.120167,0.00942478,0.0558217,0.885931,0.000360148,0.0020776,6
15.0873,0.0249785,0.120167,0.00942478,0.0940355,1.03561,0.000105713,0.00208518,7
15.0894,0.0252002,0.125209,0.00942478,0.135658,1.21674,0.000105563,0.00208641,7
15.0915,0.0254958,0.125209,0.00942478,0.177044,1.37905,0.000102948,0.00208805,7
15.0936,0.0257175,0.12689,0.00942478,0.215111,1.53421,0.000104431,0.00208663,7
15.0957,0.0260131,0.131932,0.00942478,0.247335,1.67901,0.000453759,0.00208795,13
15.0978,0.0263826,0.143136,0.00942478,0.271754,1.81591,0.000106555,0.0020839,7
15.0999,0.0266044,0.143136,0.00942478,0.286966,1.87599,0.000103079,0.00208764,7
15.102,0.0269,0.156021,0.00942478,0.29213,1.94368,0.000104451,0.00208694,7
15.1041,0.0272695,0.164425,0.00942478,0.286966,1.95525,0.000102657,0.00208788,7
15.1062,0.027639,0.170587,0.00942478,0.271754,1.91959,0.00054232,0.00208679,10
15.1083,0.0280824,0.180671,0.00942478,0.247335,1.8625,0.000241941,0.00208494,6
15.1104,0.0284519,0.200279,0.00942478,0.215111,1.80907,0.000105322,0.00208382,7
15.1125,0.0288214,0.20364,0.00942478,0.177044,1.6743,0.000106355,0.00208632,7
15.1146,0.0292648,0.209802,0.00942478,0.135658,1.53697,0.000118727,0.00208791,7
15.1167,0.0297082,0.219886,0.00942478,0.0940355,1.41286,0.000640389,0.00208703,10
15.1188,0.0302994,0.222687,0.00942478,0.0558217,1.27631,0.000296702,0.00208496,6
15.1209,0.0306689,0.234452,0.00942478,0.0252217,1.20093,0.000108829,0.002084,7
15.123,0.0311123,0.234452,0.00942478,0.00700124,1.13161,0.000108889,0.00208708,7
15.1251,0.0316296,0.240614,0.00942478,0.00648685,1.15375,0.000105984,0.00208691,7
15.1272,0.0321469,0.240614,0.00942478,-0.0139183,1.0762,0.000711089,0.00208819,10
15.1293,0.032812,0.252379,0.00942478,-0.0277132,1.06737,0.000376728,0.00208373,6
15.1314,0.0332554,0.25406,0.00942478,-0.0320943,1.05802,0.000105563,0.00208498,7
15.1335,0.0336988,0.25574,0.00942478,-0.0239779,1.09735,0.000107166,0.00208603,7
15.1356,0.0342162,0.25406,0.00942478,-0,1.18661,0.000105212,0.00208781,7
15.1377,0.0348074,0.263583,0.00942478,-0,1.22316,0.000107847,0.00208662,7
15.1398,0.0353247,0.266945,0.00942478,-0,1.23721,0.000467584,0.00208796,13
15.1419,0.0359898,0.270306,0.00942478,-0,1.2518,0.000111083,0.00208362,7
15.144,0.0365071,0.274788,0.00628319,0.023978,1.31564,0.000103209,0.00208736,7
15.1461,0.0370244,0.27983,0.00628319,0.0320944,1.36737,0.000114529,0.00208471,7
15.1482,0.0376156,0.284872,0.00628319,0.0277132,1.37069,0.000121121,0.00208781,7
15.1503,0.0382807,0.289914,0.00314159,0.0378964,1.38337,0.000576944,0.00208686,10
15.1524,0.0390197,0.299437,0.00314159,0.0256075,1.3726,0.000227104,0.00207752,6
15.1545,0.039537,0.296076,0.00314159,-0.00326596,1.24993,0.000105493,0.00208513,7
15.1566,0.0401282,0.310642,0.00314159,-0.0433977,1.14835,0.000107536,0.00208607,7
15.1587,0.0407933,0.312323,0.00314159,-0.0900217,0.975278,0.000102377,0.00208794,7
15.1608,0.0414584,0.315684,-0,-0.114955,0.845109,0.000556326,0.00208685,9
15.1629,0.0422714,0.327448,-0,-0.154393,0.73695,0.000139264,0.00208445,3
15.165,0.0428626,0.33193,-0,-0.201887,0.570318,0.000106414,0.00208565,6
15.1671,0.0435277,0.335292,-0,-0.25183,0.390378,0.000102187,0.00208783,6
15.1692,0.0441928,0.333611,-0,-0.299458,0.201277,0.0001038,0.00208704,6
15.1713,0.0449318,0.336972,-0,-0.340844,0.0549439,0.0002904,0.00208802,9
15.1734,0.0456708,0.328569,-0,-0.372906,-0.0974974,0.000106995,0.00208384,6
15.1755,0.046262,0.33025,-0.00314159,-0.369422,-0.123313,0.000102447,0.00208758,6
15.1776,0.047001,0.328569,-0.00314159,-0.368831,-0.124319,0.000103489,0.00208668,6
15.1797,0.0476661,0.324087,-0.00314159,-0.367207,-0.131682,0.000589727,0.00208813,9
15.1818,0.048479,0.314003,-0.00314159,-0.361747,-0.143758,0.000245258,0.00208402,3
15.1839,0.0489963,0.310642,-0.00314159,-0.350769,-0.111194,0.000105843,0.00208532,6
15.186,0.0496615,0.312323,-0.00314159,-0.333712,-0.0362196,0.000106364,0.00208645,6
15.1881,0.0502527,0.304479,-0.00314159,-0.311138,0.0256251,0.000102557,0.00208779,6
15.1902,0.0509178,0.296076,-0.00628319,-0.26075,0.146416,0.000605676,0.0020868,9
15.1923,0.0516568,0.289914,-0.00628319,-0.225191,0.265449,0.00024641,0.00208491,3
15.1944,0.0521741,0.289914,-0.00942478,-0.181043,0.391687,0.000106024,0.00207818,6
15.1965,0.0526914,0.284872,-0.00942478,-0.17011,0.418015,0.000104611,0.00208651,6
15.1986,0.0533565,0.283191,-0.00942478,-0.19239,0.327644,0.000102548,0.00208789,6
15.2007,0.0538738,0.28151,-0.00942478,-0.206083,0.270174,0.000628919,0.00208686,9
15.2028,0.0546867,0.284872,-0.00942478,-0.234604,0.174228,0.00026857,0.00208498,3
15.2049,0.0551301,0.283191,-0.00942478,-0.278796,-0.00231695,0.000106815,0.00208401,6
15.207,0.0557213,0.278149,-0.00942478,-0.297417,-0.0908308,0.000103479,0.00208762,6
15.2091,0.0563125,0.286552,-0.0125664,-0.290186,-0.0778052,0.000106044,0.0020866,6
15.2112,0.0569037,0.278149,-0.0125664,-0.297784,-0.135508,0.000642764,0.0020881,9
15.2133,0.0576428,0.278149,-0.0125664,-0.31881,-0.214656,0.000296632,0.00208394,3
15.2154,0.0580862,0.273667,-0.0125664,-0.353263,-0.36337,0.000104531,0.00208503,6
15.2175,0.0586035,0.271987,-0.0125664,-0.359061,-0.390091,0.000123295,0.00208613,6
15.2196,0.0591947,0.268625,-0.0125664,-0.359061,-0.400013,0.000101957,0.0020877,6
15.2217,0.059712,0.263583,-0.0125664,-0.353263,-0.393687,0.000646802,0.00208695,9
15.2238,0.060451,0.25574,-0.0125664,-0.342788,-0.37842,0.000296902,0.00208518,3
15.2259,0.0608205,0.250698,-0.0125664,-0.329878,-0.344945,0.000107837,0.00208398,6
15.228,0.0613378,0.249018,-0.0125664,-0.317899,-0.302419,0.000102337,0.00208746,6
15.2301,0.0618551,0.245656,-0.0125664,-0.311335,-0.287049,0.00010393,0.00208661,6
15.2322,0.0622985,0.236133,-0.0125664,-0.272309,-0.167735,0.000652352,0.00208804,6
15.2343,0.0629636,0.227729,-0.0125664,-0.227603,-0.0214298,0.000294087,0.00208394,3
15.2364,0.0633331,0.221567,-0.0125664,-0.180861,0.139787,0.000113928,0.00207812,6
15.2385,0.0637765,0.218206,-0.0125664,-0.136569,0.301841,0.000102276,0.00208772,6
15.2406,0.0642199,0.213164,-0.0125664,-0.100052,0.427543,0.000103358,0.0020869,6
15.2427,0.0646633,0.211483,-0.0125664,-0.0774798,0.511056,0.00065737,0.00208796,6
15.2448,0.0651807,0.201959,-0.0125664,-0.0758595,0.484945,0.00030654,0.00208409,3
15.2469,0.0655502,0.208122,-0.0125664,-0.059557,0.572046,0.000103088,0.00208522,6
15.249,0.0659197,0.206441,-0.0125664,-0.0573161,0.576089,0.0001041,0.00208633,6
15.2511,0.0663631,0.209802,-0.0125664,-0.0309793,0.692448,0.000117765,0.002088,6
15.2532,0.0668065,0.208122,-0.0125664,-0.00648688,0.783439,0.000652181,0.00208664,6
15.2553,0.0673238,0.20476,-0.0125664,0.0139183,0.852723,0.00030662,0.00208524,3
15.2574,0.0676933,0.211483,-0.0125664,0.0277132,0.932078,0.000106114,0.00208433,6
15.2595,0.0681367,0.209802,-0.0125664,0.0320943,0.944732,0.000102578,0.00208791,6
15.2616,0.0685801,0.216525,-0.0125664,0.023978,0.939014,0.000105593,0.00208672,6
15.2637,0.0690235,0.214844,-0.0125664,-0,0.841205,0.000105082,0.00208788,6
15.2658,0.0694669,0.221567,-0.0125664,-0,0.867102,0.000308714,0.00208707,9
15.2679,0.0699842,0.226049,-0.0125664,-0,0.885192,0.000106985,0.002085,6
15.27,0.0703537,0.221567,-0.0125664,-0,0.870403,0.000110622,0.00208576,6
15.2721,0.070871,0.226049,-0.0125664,-0,0.888493,0.00010413,0.00208758,6
15.2742,0.0713144,0.227729,-0.0125664,-0,0.896205,0.000106104,0.00208692,6
15.2764,0.0718317,0.22941,-0.0125664,-0,0.904192,0.000315366,0.00208795,9
15.2785,0.072349,0.232771,-0.0125664,-0,0.91824,0.000106995,0.00208329,6
15.2806,0.0727925,0.236133,-0.0125664,-0,0.932014,0.000106605,0.00208623,6
15.2826,0.0732359,0.234452,-0.0125664,-0,0.927603,0.00010404,0.00208765,6
15.2847,0.0737532,0.236133,-0.0125664,-0,0.93559,0.000121232,0.00208713,6
15.2868,0.0742705,0.234452,-0.0125664,-0,0.931454,0.000320235,0.00208807,9
15.2889,0.0747878,0.144817,-0.0125664,-0,0.610101,0.000108839,0.00208381,6
15.291,0.0752312,0.236133,-0.0125664,-0,0.941092,0.000105462,0.00208759,6
15.2931,0.0757485,0.231091,-0.0125664,-0,0.924833,0.000106544,0.0020866,6
15.2952,0.0762658,0.237813,-0.0125664,-0,0.951005,0.000104411,0.00208778,6
15.2973,0.0767831,0.243976,-0.0125664,-0,0.975156,0.00032836,0.00208677,9
15.2995,0.0773004,0.242295,-0.0125664,-0,0.97102,0.000106605,0.00208491,6
15.3016,0.0778177,0.247337,-0.0125664,-0,0.99113,0.000106674,0.00208618,6
15.3037,0.0782611,0.245656,-0.0125664,-0,0.986719,0.000106104,0.00208201,6
15.3058,0.0788523,0.245656,-0.0125664,-0,0.98892,0.000108428,0.00208661,6
15.3079,0.0793696,0.252379,-0.0125664,-0,1.01509,0.000320175,0.00208811,9
15.31,0.0799609,0.260222,-0.0125664,-0,1.04558,0.000108589,0.00208377,6
15.3121,0.0804043,0.261903,-0.0125664,-0,1.05329,0.000105032,0.00208735,6
15.3142,0.0809955,0.263583,-0.0125664,-0,1.06155,0.000107947,0.00208671,6
15.3163,0.0815128,0.266945,-0.0125664,-0,1.0756,0.00010379,0.00208811,6
15.3184,0.082104,0.273667,-0.0125664,-0,1.10205,0.000343367,0.00208684,9
15.3205,0.0827691,0.273667,-0.0125664,-0,1.10452,0.0001154,0.00207037,6
15.3226,0.0832864,0.28151,-0.0125664,-0,1.13474,0.000106174,0.00208755,6
15.3247,0.0838776,0.283191,-0.0125664,-0,1.143,0.000106615,0.00208681,6
15.3268,0.0844688,0.292715,-0.0125664,-0,1.17955,0.000104772,0.00208792,6
15.3289,0.08506,0.292715,-0.0125664,-0,1.18175,0.00033401,0.00208668,9
15.331,0.085799,0.297757,-0.0125664,-0,1.20268,0.000107246,0.00208497,6
15.3331,0.0863163,0.302799,-0.015708,0.0239779,1.26854,0.000105543,0.0020861,6
15.3352,0.0869814,0.304479,-0.015708,0.0320943,1.3087,0.000102417,0.00208776,6
15.3373,0.0876466,0.309521,-0.015708,0.0277131,1.31229,0.000105773,0.00208683,6
15.3394,0.0883117,0.312323,-0.015708,0.0139183,1.27114,0.000336434,0.00208811,9
15.3415,0.0890507,0.320726,-0.015708,-0.00648687,1.22471,0.000106285,0.00208402,6
15.3436,0.0896419,0.328569,-0.015708,-0.0309792,1.1598,0.000102487,0.00208749,6
15.3457,0.090307,0.327448,-0.015708,-0.057316,1.05565,0.000106033,0.00208675,6
15.3478,0.091046,0.338653,-0.015708,-0.0835349,0.996684,0.000101746,0.00208795,6
15.3499,0.0917111,0.335292,-0.015708,-0.107954,0.891921,0.000323791,0.002087,9
15.352,0.092524,0.342014,-0.015708,-0.129171,0.836549,0.000118938,0.00208497,6
15.3541,0.0931891,0.346496,-0.015708,-0.146065,0.789384,0.000107326,0.00208592,6
15.3562,0.0938542,0.343695,-0.0188496,-0.133817,0.781817,0.000103038,0.00208784,6
15.3583,0.0945932,0.345376,-0.0188496,-0.131706,0.798853,0.000104241,0.00208671,6
15.3604,0.0953322,0.348177,-0.0219912,-0.112109,0.840391,0.000348987,0.00208817,9
15.3625,0.0961452,0.348177,-0.0219912,-0.111782,0.844689,0.000104771,0.00208373,6
15.3646,0.0968103,0.35658,-0.0219912,-0.124839,0.826616,0.000104411,0.00208649,6
15.3667,0.0975493,0.349857,-0.0219912,-0.146232,0.721791,0.000102177,0.00208788,6
15.3688,0.0982883,0.348177,-0.0251327,-0.147779,0.664807,0.000103168,0.00208725,6
15.3709,0.0990273,0.358261,-0.0251327,-0.165955,0.633129,0.000394119,0.00208789,9
15.373,0.0999141,0.361622,-0.0251327,-0.194873,0.535913,0.000105914,0.00208396,6
15.3751,0.100579,0.358261,-0.0251327,-0.229767,0.390348,0.000102557,0.00208753,6
15.3772,0.101318,0.252379,-0.0251327,-0.266993,-0.133775,0.000103439,0.00208681,6
15.3793,0.102057,0.363303,-0.0251327,-0.304027,0.12478,0.000101636,0.00208798,6
15.3814,0.10287,0.366104,-0.0282743,-0.31549,0.0456087,0.000428924,0.00208674,9
15.3835,0.103757,0.358261,-0.0282743,-0.340942,-0.0785139,0.000103849,0.0020851,6
15.3856,0.104348,0.358261,-0.0282743,-0.377858,-0.220108,0.000103589,0.00208611,6
15.3877,0.105087,0.354899,-0.0282743,-0.425118,-0.413565,0.000118256,0.00208803,6
15.3898,0.105826,0.345376,-0.0282743,-0.439518,-0.501253,0.000106094,0.00208686,6
15.3919,0.106565,0.343695,-0.0314159,-0.418815,-0.471571,0.000473375,0.0020879,9
15.394,0.107452,0.338653,-0.0314159,-0.401728,-0.419896,0.000105783,0.00208371,6
15.3961,0.107969,0.335292,-0.0345575,-0.360914,-0.318765,0.000102467,0.00208746,6
15.3982,0.108708,0.335292,-0.0345575,-0.33425,-0.212155,0.000114459,0.00208484,6
15.4003,0.109373,0.327448,-0.0345575,-0.317812,-0.173939,0.000106935,0.00208494,6
15.4024,0.110039,0.319045,-0.0345575,-0.309358,-0.168838,0.000490325,0.00208916,9
15.4045,0.110851,0.312323,-0.0345575,-0.308325,-0.186036,0.000121351,0.00208591,3
15.4066,0.111369,0.312323,-0.0345575,-0.315836,-0.213368,0.000106615,0.00208479,6
15.4087,0.112034,0.304479,-0.0345575,-0.334695,-0.312635,0.00012059,0.00208656,6
15.4108,0.112699,0.307841,-0.0345575,-0.369386,-0.433162,0.000105623,0.00208777,6
15.4129,0.113364,0.301118,-0.0376991,-0.358615,-0.460626,0.000516043,0.00208121,9
15.415,0.114103,0.289914,-0.0376991,-0.370124,-0.543116,0.000168969,0.00208706,3
15.4171,0.114547,0.296076,-0.0376991,-0.362393,-0.489124,0.00010928,0.00208632,6
15.4192,0.115138,0.283191,-0.0376991,-0.359117,-0.520637,0.000105222,0.00208769,6
15.4213,0.115729,0.28151,-0.0376991,-0.36142,-0.533468,0.000129967,0.00208684,6
15.4234,0.11632,0.271987,-0.0376991,-0.371824,-0.606139,0.000542661,0.00208747,9
15.4255,0.116985,0.263583,-0.0376991,-0.350769,-0.551959,0.000207098,0.002086,3
15.4276,0.117429,0.25406,-0.0376991,-0.323636,-0.478968,0.00011472,0.00208733,6
15.4297,0.117946,0.247337,-0.0376991,-0.292947,-0.381751,0.000106965,0.00208666,6
15.4318,0.118463,0.237813,-0.0376991,-0.262347,-0.294981,0.000106595,0.00208776,6
15.4339,0.118981,0.236133,-0.0376991,-0.236601,-0.198835,0.000572115,0.0020867,9
15.436,0.119572,0.234452,-0.0376991,-0.221598,-0.144255,0.000229399,0.00208742,3
15.4381,0.119941,0.224368,-0.0376991,-0.180861,-0.0205728,0.000115652,0.00208669,6
15.4402,0.120385,0.216525,-0.0376991,-0.142574,0.101926,0.000112135,0.0020866,6
15.4423,0.120828,0.211483,-0.0376991,-0.111782,0.20533,0.000106865,0.00208639,6
15.4444,0.121271,0.208122,-0.0376991,-0.0943738,0.262666,0.000118276,0.00208644,6
15.4465,0.121715,0.206441,-0.0376991,-0.0970765,0.247727,0.000264253,0.00208686,9
15.4486,0.122158,0.201959,-0.0376991,-0.0839759,0.284243,0.000114739,0.00208517,6
15.4507,0.122602,0.201959,-0.0376991,-0.0835348,0.287612,0.000105853,0.00208697,6
15.4528,0.122971,0.200279,-0.0376991,-0.0573159,0.385052,0.000113377,0.00208673,6
15.4549,0.123415,0.198598,-0.0376991,-0.0309792,0.483227,0.000132722,0.00208776,6
15.457,0.123784,0.196917,-0.0376991,-0.00648671,0.573943,0.000292143,0.00208655,9
15.4591,0.124228,0.193556,-0.0376991,0.0139182,0.642951,0.000106906,0.00208643,6
15.4612,0.124597,0.193556,-0.0376991,0.0277131,0.698059,0.000115572,0.00208665,6
15.4633,0.12504,0.196917,-0.0376991,0.0320943,0.728898,0.000119518,0.00208778,6
15.4654,0.125484,0.198598,-0.0376991,0.0239778,0.704995,0.00011539,0.00208658,6
15.4675,0.125853,0.193556,-0.0376991,-0,0.594789,0.000347805,0.00208767,9
15.4696,0.126297,0.200279,-0.0376991,-0,0.620686,0.000121612,0.00208631,6
15.4717,0.12674,0.20476,-0.0376991,-0,0.6385,0.000116133,0.00208778,6
15.4738,0.12711,0.198598,-0.0345575,-0.0239782,0.5719,0.000113127,0.00208645,6
15.4759,0.127701,0.340334,-0.0345575,-0.0320945,1.05367,0.000106053,0.00208772,6
15.478,0.127996,0.195237,-0.0345575,-0.0277134,0.548528,0.000380875,0.00208694,9
15.4801,0.12844,0.195237,-0.0345575,-0.0139186,0.603912,0.00011506,0.00208752,6
15.4822,0.128809,0.200279,-0.0345575,0.00648659,0.702953,0.000112576,0.00208654,6
15.4843,0.129253,0.20364,-0.0345575,0.030979,0.812128,0.000105643,0.00208786,6
15.4864,0.129622,0.198598,-0.0345575,0.0573158,0.897905,0.00011472,0.00208518,6
15.4885,0.130066,0.20476,-0.0345575,0.0835347,1.02391,0.00038879,0.00208685,9
15.4906,0.130583,0.20364,-0.0345575,0.107954,1.11691,0.000115992,0.00208736,6
15.4927,0.130953,0.208122,-0.0345575,0.129171,1.21709,0.000121542,0.00208663,6
15.4948,0.131322,0.209802,-0.0345575,0.146065,1.29033,0.000106725,0.00208758,6
15.4969,0.131765,0.213164,-0.0345575,0.157795,1.3498,0.000116523,0.00208695,6
15.499,0.132283,0.216525,-0.0345575,0.1638,1.38724,0.000402134,0.00208767,9
15.5011,0.1328,0.221567,-0.0345575,0.1638,1.40735,0.000117034,0.0020864,6
15.5032,0.13317,0.227729,-0.0345575,0.157795,1.40756,0.000105312,0.00208778,6
15.5053,0.133687,0.236133,-0.0345575,0.146065,1.3941,0.000129046,0.00207363,6
15.5074,0.134204,0.240614,-0.0345575,0.129171,1.34638,0.000117615,0.00208772,6
15.5095,0.134648,0.245656,-0.0345575,0.107954,1.28358,0.000400592,0.00208632,9
15.5116,0.135239,0.249018,-0.0345575,0.0835349,1.20278,0.000116623,0.002087,6
15.5137,0.135756,0.256861,-0.0345575,0.057316,1.13087,0.000106374,0.00208664,6
15.5158,0.136273,0.265264,-0.0345575,0.0309792,1.06052,0.000107506,0.00208777,6
15.5179,0.136865,0.271987,-0.0345575,0.00648677,0.991563,0.000106274,0.00208672,6
15.52,0.137456,0.270306,-0.0345575,-0.0139184,0.908221,0.000405911,0.00208218,9
15.5221,0.138047,0.276468,-0.0345575,-0.0277133,0.878914,0.000112987,0.00208671,6
15.5242,0.138564,0.271987,-0.0345575,-0.0320944,0.84761,0.000122624,0.00208474,6
15.5263,0.139156,0.27983,-0.0345575,-0.023978,0.909712,0.000106335,0.00208662,6
15.5284,0.139747,0.286552,-0.0345575,-0,1.02956,0.00013684,0.00208767,6
15.5305,0.140338,0.286552,-0.0345575,-0,1.03176,0.000434063,0.00208397,9
15.5326,0.141077,0.289914,-0.0345575,-0,1.04663,0.000117134,0.00207862,6
15.5347,0.141594,0.296076,-0.0345575,-0,1.07078,0.000107877,0.00208512,6
15.5368,0.142185,0.296076,-0.0376991,0.023978,1.11873,0.000108308,0.00208622,6
15.5389,0.142851,0.302799,-0.0376991,0.0320944,1.17707,0.000107336,0.00208797,6
15.541,0.143442,0.30616,-0.0376991,0.0277132,1.17433,0.000480257,0.00208694,9
15.5431,0.144181,0.310642,-0.0376991,0.0139183,1.13951,0.000133194,0.00208768,3
15.5452,0.144772,0.312323,-0.0376991,-0.00648677,1.06829,0.000115171,0.00208523,6
15.5473,0.145437,0.315684,-0.0376991,-0.0309792,0.987488,0.000105824,0.00208792,6
15.5494,0.146102,0.327448,-0.0376991,-0.057316,0.929809,0.000110632,0.00208684,6
15.5515,0.146767,0.322406,-0.0376991,-0.0835349,0.811973,0.000501707,0.00208785,9
15.5536,0.14758,0.328569,-0.0376991,-0.107954,0.74211,0.000164561,0.00208652,3
15.5557,0.148171,0.33193,-0.0376991,-0.129171,0.67379,0.00011497,0.00208751,6
15.5578,0.148837,0.328569,-0.0408407,-0.122087,0.644087,0.000123286,0.00208657,6
15.5599,0.149576,0.336972,-0.0408407,-0.125701,0.66307,0.000106094,0.00208636,6
15.562,0.150241,0.333611,-0.0408407,-0.136087,0.612967,0.000570812,0.00208587,9
15.5641,0.151127,0.338653,-0.0408407,-0.149882,0.580719,0.000210234,0.00208736,3
15.5662,0.151719,0.342014,-0.0408407,-0.164282,0.538953,0.000118607,0.00208682,6
15.5683,0.152384,0.338653,-0.0408407,-0.177044,0.479594,0.000105463,0.00208778,6
15.5704,0.153123,0.349857,-0.0439823,-0.162509,0.531723,0.000112977,0.0020869,6
15.5725,0.153788,0.342014,-0.0439823,-0.159394,0.518044,0.000598553,0.00208624,9
15.5746,0.154675,0.336972,-0.0471239,-0.139797,0.531846,0.000265805,0.00208665,3
15.5767,0.155266,0.340334,-0.0471239,-0.140474,0.543533,0.000106214,0.00208676,6
15.5788,0.155931,0.340334,-0.0471239,-0.155818,0.486243,0.000102166,0.00208798,6
15.5809,0.15667,0.340334,-0.0471239,-0.181343,0.389572,0.00010388,0.00208694,6
15.583,0.157409,0.346496,-0.0471239,-0.213685,0.288571,0.000101395,0.0020882,6
15.5851,0.158074,0.343695,-0.0502655,-0.226623,0.182899,0.000317189,0.00208705,9
15.5872,0.158887,0.340334,-0.0502655,-0.258876,0.0481721,0.000104411,0.00208489,6
15.5893,0.159478,0.335292,-0.0502655,-0.30708,-0.155573,0.00010416,0.00208638,6
15.5914,0.160217,0.342014,-0.0502655,-0.369272,-0.370823,0.000116974,0.0020879,6
15.5935,0.160956,0.338653,-0.0502655,-0.401407,-0.505367,0.000106214,0.00208646,6
15.5956,0.161621,0.33025,-0.0502655,-0.42438,-0.62268,0.000336084,0.00208824,9
15.5977,0.16236,0.325768,-0.0534071,-0.41225,-0.636493,0.000106455,0.00208381,6
15.5998,0.163026,0.325768,-0.0534071,-0.404015,-0.601944,0.000102738,0.00208756,6
15.6019,0.163691,0.325768,-0.0534071,-0.396593,-0.570557,0.000106474,0.00208639,6
15.604,0.164356,0.310642,-0.0534071,-0.3883,-0.590334,0.000102147,0.0020881,6
15.6061,0.164947,0.307841,-0.0534071,-0.378858,-0.561455,0.000350821,0.00208689,9
15.6082,0.165686,0.297757,-0.0534071,-0.369386,-0.558178,0.000104962,0.00208512,6
15.6103,0.166203,0.292715,-0.0534071,-0.362408,-0.547258,0.000106725,0.00208594,6
15.6124,0.166868,0.288233,-0.0534071,-0.361849,-0.558769,0.000107716,0.00208788,6
15.6145,0.16746,0.273667,-0.0534071,-0.329552,-0.483297,0.000102036,0.00208695,6
15.6166,0.167977,0.27983,-0.0565487,-0.268319,-0.268283,0.000356731,0.0020868,9
15.6187,0.168642,0.268625,-0.0565487,-0.221915,-0.125467,0.00010435,0.00208506,6
15.6208,0.169159,0.265264,-0.0565487,-0.192023,-0.019229,0.0001043,0.00208627,6
15.6229,0.169677,0.256861,-0.0565487,-0.181725,-0.00750079,0.000101886,0.00208767,6
15.625,0.170194,0.247337,-0.0596903,-0.17153,-0.0478611,0.000104871,0.00208689,6
15.6271,0.170711,0.252379,-0.0596903,-0.163681,0.0028239,0.000401503,0.00208196,9
15.6292,0.171302,0.247337,-0.0596903,-0.182155,-0.085117,0.000106645,0.00208377,6
15.6313,0.171746,0.247337,-0.0596903,-0.184869,-0.0940404,0.000102868,0.00208755,6
15.6334,0.172263,0.237813,-0.0596903,-0.194681,-0.164682,0.000105763,0.00208638,6
15.6355,0.17278,0.236133,-0.0596903,-0.211591,-0.234684,0.000101926,0.00208795,6
15.6376,0.173224,0.231091,-0.0596903,-0.236719,-0.349097,0.000432089,0.00208702,9
15.6397,0.173815,0.22941,-0.0596903,-0.272309,-0.491586,0.000104451,0.00208515,6
15.6418,0.174185,0.221567,-0.0596903,-0.278241,-0.541603,0.000105683,0.00208607,6
15.6439,0.174628,0.219886,-0.0596903,-0.279053,-0.549177,0.000102297,0.00208793,6
15.646,0.175145,0.216525,-0.0596903,-0.276147,-0.548055,0.000103449,0.00208692,6
15.6481,0.175515,0.209802,-0.0596903,-0.271766,-0.55386,0.000570151,0.00207729,9
15.6502,0.176106,0.201959,-0.0596903,-0.268993,-0.569146,0.000112175,0.00208363,6
15.6523,0.176402,0.195237,-0.0596903,-0.271754,-0.603045,0.000102758,0.00208739,6
15.6544,0.176771,0.188514,-0.0596903,-0.24133,-0.50741,0.000103549,0.00208671,6
15.6565,0.177141,0.173948,-0.0596903,-0.203381,-0.41075,0.000102988,0.00208678,6
15.6586,0.17751,0.168906,-0.0596903,-0.16015,-0.259169,0.000485607,0.0020881,9
15.6607,0.177954,0.166105,-0.0596903,-0.114441,-0.0895749,0.000137681,0.00208395,3
15.6628,0.178175,0.154341,-0.0596903,-0.0696165,0.0434173,0.000103178,0.00208705,6
15.6649,0.178545,0.157702,-0.0596903,-0.0296027,0.212776,0.000104752,0.00208693,6
15.667,0.17884,0.149859,-0.0596903,0.00111511,0.30524,0.000110262,0.00208669,6
15.6691,0.179136,0.146497,-0.0596903,0.0174911,0.358004,0.000531621,0.00208675,9
15.6712,0.179505,0.143136,-0.0596903,0.0139184,0.333341,0.000173898,0.00208508,3
15.6733,0.179727,0.141455,-0.0596903,0.0277133,0.381837,0.000106003,0.00208392,6
15.6754,0.180023,0.144817,-0.0596903,0.0320942,0.412125,0.000102457,0.00208759,6
15.6775,0.180318,0.139775,-0.0565487,-0,0.317677,0.000108358,0.00208675,6
15.6796,0.180762,0.256861,-0.0565487,-0.0320943,0.616599,0.000567517,0.00208642,9
15.6817,0.180983,0.094397,-0.0565487,-0.0277132,0.0485461,0.000228768,0.00208396,3
15.6838,0.181205,0.141455,-0.0565487,-0.0139183,0.272826,0.000103639,0.00208512,6
15.6859,0.181501,0.131932,-0.0565487,0.00648683,0.319059,0.000106174,0.00208622,6
15.688,0.181796,0.130251,-0.0565487,0.0309792,0.409499,0.000101666,0.00208806,6
15.6901,0.182018,0.131932,-0.0534071,0.033338,0.473222,0.000601368,0.00208568,9
15.6922,0.182388,0.131932,-0.0534071,0.0514406,0.54511,0.000254475,0.00208512,3
15.6943,0.182609,0.12689,-0.0534071,0.0802405,0.639931,0.000119848,0.00208406,6
15.6964,0.182831,0.12689,-0.0534071,0.115253,0.777134,0.000108448,0.00208763,6
15.6985,0.183127,0.12689,-0.0534071,0.152552,0.923521,0.000102778,0.00208662,6
15.7006,0.183422,0.12689,-0.0534071,0.188774,1.06571,0.00059668,0.00208716,9
15.7027,0.183718,0.131932,-0.0534071,0.221116,1.21097,0.000248664,0.00208493,3
15.7048,0.184013,0.141455,-0.0534071,0.247335,1.34855,0.000106305,0.00208393,6
15.7069,0.184235,0.136414,-0.0534071,0.265749,1.40291,0.000102297,0.00208765,6
15.709,0.184531,0.143136,-0.0534071,0.275236,1.46522,0.00010366,0.00208684,6
15.7111,0.1849,0.15266,-0.0502655,0.251258,1.45519,0.000608952,0.002088,9
15.7132,0.18527,0.162744,-0.0502655,0.233655,1.42437,0.000253213,0.00208377,3
15.7153,0.185565,0.164425,-0.0502655,0.219622,1.37687,0.0001041,0.00208511,6
15.7174,0.185861,0.170587,-0.0502655,0.207198,1.3518,0.000104501,0.0020864,6
15.7195,0.18623,0.17899,-0.0502655,0.195261,1.33699,0.000101826,0.00208796,6
15.7216,0.1866,0.182352,-0.0502655,0.183531,1.3048,0.0006185,0.00208666,9
15.7237,0.187117,0.186833,-0.0502655,0.172568,1.28018,0.0002629,0.00208501,3
15.7258,0.187413,0.195237,-0.0502655,0.163775,1.27734,0.000105954,0.00208399,6
15.7279,0.187856,0.193556,-0.0502655,0.159394,1.25587,0.000117334,0.00208773,6
15.73,0.188226,0.206441,-0.0502655,0.162509,1.31584,0.000106605,0.00208687,6
15.7321,0.188669,0.20476,-0.0502655,0.177044,1.36805,0.000632906,0.00208812,9
15.7342,0.18926,0.211483,-0.0502655,0.164282,1.34479,0.000263131,0.00207624,3
15.7363,0.18963,0.213164,-0.0502655,0.149881,1.29613,0.000104681,0.00208508,6
15.7384,0.189999,0.222687,-0.0502655,0.136087,1.27812,0.000106675,0.00208631,6
15.7405,0.190517,0.227729,-0.0502655,0.125701,1.25778,0.000111214,0.0020816,6
15.7426,0.19096,0.234452,-0.0502655,0.122087,1.2696,0.000631974,0.00208786,9
15.7447,0.191551,0.236133,-0.0502655,0.129171,1.30545,0.000272928,0.0020837,3
15.7468,0.191995,0.240614,-0.0534071,0.131932,1.28637,0.000105052,0.00208516,6
15.7489,0.192438,0.242295,-0.0534071,0.115629,1.23058,0.000105102,0.0020864,6
15.751,0.193029,0.250698,-0.0534071,0.085029,1.1439,0.000102818,0.00208793,6
15.7531,0.193547,0.252379,-0.0534071,0.0448975,0.99557,0.000650989,0.00208675,9
15.7552,0.194212,0.263583,-0.0534071,-0,0.863573,0.00038315,0.00208498,3
15.7573,0.194729,0.268625,-0.0534071,-0.0448975,0.7088,0.000105632,0.002084,6
15.7594,0.195172,0.266945,-0.0534071,-0.0850292,0.54807,0.000102106,0.00208747,6
15.7615,0.195764,0.274788,-0.0534071,-0.115629,0.459366,0.000102788,0.0020869,6
15.7636,0.196355,0.271987,-0.0565487,-0.107954,0.433714,0.00010385,0.0020879,6
15.7657,0.196872,0.27983,-0.0565487,-0.0970766,0.506294,0.0003284,0.00208708,9
15.7678,0.197537,0.273667,-0.0565487,-0.118352,0.403674,0.000104621,0.00208507,6
15.7699,0.198055,0.270306,-0.0596903,-0.119899,0.339803,0.000104952,0.00208652,6
15.772,0.198646,0.276468,-0.0596903,-0.138193,0.292972,0.000102356,0.00208782,6
15.7741,0.199237,0.274788,-0.0596903,-0.167066,0.176645,0.000105613,0.00208685,6
15.7762,0.199754,0.270306,-0.0596903,-0.201193,0.029478,0.000391916,0.00208799,9
15.7783,0.200419,0.278149,-0.0628318,-0.212109,-0.0299271,0.00010406,0.00208387,6
15.7804,0.200937,0.270306,-0.0628318,-0.23601,-0.149385,0.000126812,0.00208743,6
15.7825,0.201528,0.273667,-0.0628318,-0.266728,-0.254714,0.000102407,0.00208653,6
15.7846,0.202045,0.263583,-0.0628318,-0.299216,-0.415705,0.000103058,0.00208697,6
15.7867,0.202636,0.266945,-0.0628318,-0.329552,-0.519543,0.00040537,0.00208818,9
15.7888,0.203228,0.258541,-0.0628318,-0.35493,-0.6465,0.000110482,0.00208396,6
15.7909,0.203745,0.25406,-0.0628318,-0.373668,-0.733728,0.000102076,0.00208757,6
15.793,0.204262,0.250698,-0.0628318,-0.385207,-0.788869,0.00010374,0.00208663,6
15.7951,0.20478,0.247337,-0.0628318,-0.390106,-0.818149,0.000101265,0.00208803,6
15.7972,0.205223,0.236133,-0.0659734,-0.36607,-0.810932,0.000436747,0.00208693,9
15.7993,0.205814,0.222687,-0.0659734,-0.355742,-0.816994,0.000104481,0.00208503,6
15.8014,0.206184,0.222687,-0.0659734,-0.359682,-0.830966,0.000105483,0.00208646,6
15.8035,0.206627,0.214844,-0.0659734,-0.336369,-0.766794,0.000102577,0.00208781,6
15.8056,0.207071,0.218206,-0.0659734,-0.30922,-0.647272,0.000105052,0.00208682,6
15.8077,0.20744,0.0439773,-0.0659734,-0.278796,-1.15576,0.000433902,0.00208802,9
15.8098,0.207883,0.173948,-0.0659734,-0.246779,-0.560647,0.000110141,0.00208394,6
15.8119,0.208179,0.166105,-0.0659734,-0.215972,-0.467837,0.000102327,0.00208743,6
15.814,0.208549,0.159383,-0.0659734,-0.1903,-0.390711,0.000111023,0.00208671,6
15.8161,0.208844,0.150979,-0.0659734,-0.174809,-0.35958,0.000101475,0.00208809,6
15.8182,0.20914,0.144817,-0.0659734,-0.175668,-0.384049,0.000450042,0.00208735,9
15.8203,0.209509,0.136414,-0.0659734,-0.15668,-0.33902,0.000110763,0.00208504,6
15.8224,0.209731,0.131932,-0.0659734,-0.146309,-0.313964,0.000112766,0.002086,6
15.8245,0.210027,0.12689,-0.0659734,-0.149882,-0.344964,0.000113737,0.00208336,6
15.8266,0.210322,0.12689,-0.0659734,-0.130082,-0.266739,0.000101896,0.00208797,6
15.8287,0.210544,0.123528,-0.0659734,-0.113971,-0.215281,0.000455011,0.00208705,9
15.8308,0.210839,0.115125,-0.0659734,-0.105193,-0.210298,0.000118546,0.00208515,6
15.8329,0.211061,0.112324,-0.0659734,-0.107954,-0.230329,0.000111293,0.00208626,6
15.835,0.211283,0.107282,-0.0659734,-0.083535,-0.152573,0.000102978,0.00208786,6
15.8371,0.211505,0.100559,-0.0659734,-0.0573161,-0.0738667,0.000113357,0.00208665,6
15.8392,0.211726,0.100559,-0.0659734,-0.0309792,0.0295449,0.000467223,0.00208804,9
15.8413,0.211948,0.0971981,-0.0659734,-0.00648689,0.113648,0.000114179,0.00207846,6
15.8434,0.212096,0.0910357,-0.0659734,0.0139184,0.171455,0.000102597,0.00208745,6
15.8455,0.212317,0.0859937,-0.0659734,0.0277133,0.207829,0.000113938,0.00208669,6
15.8476,0.212465,0.0876744,-0.0659734,0.0320942,0.231505,0.000102177,0.00208809,6
15.8497,0.212687,0.0859937,-0.0628318,-0,0.148905,0.000499713,0.00208716,9
15.8518,0.212835,0.0798313,-0.0628318,-0.0320944,0.00221731,0.000104511,0.00208488,6
15.8539,0.212983,0.0781507,-0.0628318,-0.0277133,0.0137708,0.000112515,0.00208601,6
15.856,0.21313,0.0731087,-0.0628318,-0.0139184,0.0498699,0.000102558,0.00208753,6
15.8581,0.213278,0.0747893,-0.0628318,0.00648677,0.135963,0.000103449,0.00208705,6
15.8602,0.213426,0.0680667,-0.0628318,0.0309792,0.207669,0.00050884,0.00208801,9
15.8623,0.213648,0.066386,-0.0628318,0.0573161,0.305019,0.000140286,0.00208394,3
15.8644,0.213722,0.0680667,-0.0628318,0.083535,0.413482,0.000114839,0.00208697,6
15.8665,0.213869,0.0680667,-0.0628318,0.107954,0.509148,0.000110251,0.00208662,6
15.8686,0.214017,0.0619043,-0.0628318,0.129171,0.570116,0.000106044,0.00208726,6
15.8707,0.214091,0.0551816,-0.0628318,0.146065,0.61195,0.000521903,0.00208818,9
15.8728,0.214239,0.0630247,-0.0628318,0.157795,0.686478,0.000149574,0.00208385,3
15.8749,0.214387,0.066386,-0.0628318,0.1638,0.722542,0.000103038,0.0020868,6
15.877,0.214535,0.0647054,-0.0628318,0.1638,0.717031,0.000104962,0.00208672,6
15.8791,0.214682,0.0619043,-0.0628318,0.157795,0.684087,0.000102236,0.0020882,6
15.8812,0.21483,0.07647,-0.0628318,0.146065,0.69148,0.000529728,0.00208681,9
15.8833,0.214978,0.066386,-0.0596903,0.105193,0.544107,0.000270865,0.0020852,3
15.8854,0.215126,0.07647,-0.0596903,0.0758596,0.466768,0.000113989,0.00208408,6
15.8875,0.215274,0.0747893,-0.0596903,0.0558217,0.383205,0.000102467,0.00208754,6
15.8896,0.215421,0.0781507,-0.0596903,0.0433976,0.347485,0.000108798,0.00208674,6
15.8917,0.215569,0.07647,-0.0596903,0.0374661,0.31887,0.000584738,0.0020882,9
15.8938,0.215791,0.07647,-0.0596903,0.0374659,0.319694,0.000230831,0.00208386,3
15.8959,0.215939,0.0781507,-0.0596903,0.0433976,0.349411,0.00010402,0.0020852,6
15.898,0.216086,0.0781507,-0.0596903,0.0558216,0.398354,0.000108148,0.00208616,6
15.9001,0.216234,0.0809518,-0.0596903,0.0758593,0.487057,0.000128554,0.00208616,6
15.9022,0.216382,0.0747893,-0.0596903,0.105193,0.579639,0.000605857,0.00208672,9
15.9043,0.216604,0.0747893,-0.0596903,0.146065,0.739668,0.000285471,0.00208502,3
15.9064,0.216678,0.07647,-0.0565487,0.133817,0.745945,0.000104541,0.00208389,6
15.9085,0.216825,0.07647,-0.0565487,0.131706,0.738272,0.000109069,0.00208357,6
15.9106,0.217047,0.0798313,-0.0565487,0.136087,0.768285,0.000102086,0.00208798,6
15.9127,0.217195,0.0859937,-0.0565487,0.143877,0.821403,0.000646231,0.00208711,9
15.9148,0.217417,0.0809518,-0.0565487,0.152552,0.837835,0.000298775,0.00208507,3
15.9169,0.217564,0.0876744,-0.0565487,0.16015,0.892228,0.000109009,0.00208406,6
15.919,0.217712,0.0826324,-0.0565487,0.16527,0.894536,0.000102457,0.00208765,6
15.9211,0.217934,0.0910357,-0.0565487,0.16707,0.93268,0.000104661,0.00208691,6
15.9232,0.218082,0.0960777,-0.0565487,0.16527,0.944403,0.000102246,0.00208788,6
15.9253,0.218303,0.0988788,-0.0534071,0.136172,0.889639,0.000335262,0.00208695,9
15.9274,0.218525,0.105601,-0.0534071,0.120458,0.8535,0.000111855,0.00208512,6
15.9295,0.218747,0.103921,-0.0534071,0.116164,0.831539,0.000105162,0.00208638,6
15.9316,0.218969,0.112324,-0.0534071,0.122169,0.886061,0.000101425,0.00208808,6
15.9337,0.21919,0.107282,-0.0534071,0.138193,0.931118,0.000120209,0.00208668,6
15.9358,0.219412,0.112324,-0.0534071,0.164796,1.05375,0.000329201,0.00208801,9
15.9379,0.219708,0.110643,-0.0534071,0.203381,1.19909,0.000113828,0.00208383,6
15.94,0.219929,0.121848,-0.0534071,0.212706,1.27664,0.000102327,0.00208776,6
15.9421,0.220151,0.121848,-0.0534071,0.215908,1.28994,0.000107817,0.00208625,6
15.9442,0.220447,0.12857,-0.0534071,0.212706,1.30281,0.000116553,0.0020866,6
15.9463,0.220668,0.133052,-0.0534071,0.203381,1.28348,0.000321377,0.00208683,9
15.9484,0.221038,0.134733,-0.0534071,0.188774,1.23402,0.000123225,0.00208496,6
15.9505,0.22126,0.136414,-0.0534071,0.170287,1.1689,0.000104471,0.0020807,6
15.9526,0.221555,0.148178,-0.0534071,0.149882,1.13295,0.00010387,0.00208646,6
15.9547,0.221925,0.148178,-0.0534071,0.130082,1.0572,0.000101645,0.00208808,6
15.9568,0.22222,0.157702,-0.0534071,0.113971,1.02989,0.000313402,0.0020871,9
15.9589,0.22259,0.159383,-0.0534071,0.105193,1.00314,0.00010403,0.00208502,6
15.961,0.222885,0.166105,-0.0534071,0.107954,1.03924,0.000105001,0.00208641,6
15.9631,0.223255,0.167786,-0.0565487,0.107513,0.997311,0.000101796,0.00208788,6
15.9652,0.223624,0.168906,-0.0565487,0.0894103,0.932215,0.000103349,0.00208692,6
15.9673,0.22392,0.170587,-0.0565487,0.0586923,0.819726,0.000334581,0.00208838,9
15.9694,0.224363,0.175629,-0.0565487,0.0204052,0.690427,0.000123977,0.00208401,6
15.9715,0.224733,0.175629,-0.0596903,0.00357279,0.578589,0.000108267,0.00208627,6
15.9736,0.225102,0.182352,-0.0596903,-0.0265982,0.48669,0.00011476,0.00208603,6
15.9757,0.225472,0.184032,-0.0596903,-0.0616971,0.357411,0.000106454,0.00208769,6
15.9778,0.225841,0.184032,-0.0596903,-0.0935946,0.234541,0.000370266,0.00208626,9
15.9799,0.226285,0.184032,-0.0596903,-0.114441,0.154993,0.00011458,0.00208772,6
15.982,0.226654,0.184032,-0.0596903,-0.16015,-0.0216769,0.000106465,0.00208653,6
15.9841,0.227024,0.180671,-0.0628318,-0.179403,-0.155066,0.000105513,0.0020878,6
15.9862,0.227393,0.180671,-0.0628318,-0.209236,-0.269892,0.000106975,0.00208675,6
15.9883,0.227763,0.173948,-0.0628318,-0.244041,-0.428335,0.000409408,0.0020878,9
15.9904,0.228132,0.172268,-0.0628318,-0.279053,-0.569398,0.000105493,0.0020865,6
15.9925,0.228428,0.168906,-0.0628318,-0.310347,-0.702316,0.000107256,0.00208661,6
15.9946,0.228797,0.161063,-0.0628318,-0.334839,-0.824628,0.00011499,0.00208789,6
15.9967,0.229167,0.162744,-0.0628318,-0.350287,-0.877363,0.000106725,0.00208678,6
15.9988,0.229463,0.148178,-0.0628318,-0.355289,-0.948277,0.000407735,0.00208799,9
16.0009,0.229758,0.139775,-0.0628318,-0.349284,-0.954094,0.000106645,0.00208624,6
16.003,0.230054,0.12857,-0.0628318,-0.332552,-0.92823,0.000125098,0.00208763,6
16.0051,0.230275,0.120167,-0.0659734,-0.282237,-0.809377,0.000107807,0.002086,6
16.0072,0.230497,0.112324,-0.0659734,-0.240141,-0.672869,0.000106715,0.00208772,6
16.0093,0.230719,0.107282,-0.0659734,-0.205703,-0.556087,0.000445394,0.00208665,9
16.0114,0.231014,0.100559,-0.0659734,-0.179484,-0.477106,0.00013699,0.00208678,3
16.0135,0.231162,0.0927164,-0.0659734,-0.163167,-0.441283,0.000107987,0.00208524,6
16.0156,0.23131,0.0843131,-0.0659734,-0.159553,-0.456964,0.00011509,0.00208778,6
16.0177,0.231458,0.0731087,-0.0659734,-0.172568,-0.547521,0.000114639,0.00208642,6
16.0198,0.23168,0.07647,-0.0659734,-0.163775,-0.500322,0.000452807,0.00208434,9
16.0219,0.231827,0.0619043,-0.0659734,-0.159395,-0.535241,0.000118086,0.00208659,6
16.024,0.231901,0.0647054,-0.0659734,-0.162509,-0.536995,0.000106013,0.00208766,6
16.0261,0.232049,0.0518203,-0.0659734,-0.177044,-0.639533,0.000114419,0.0020867,6
16.0282,0.232123,0.0501397,-0.0659734,-0.164282,-0.595608,0.000105713,0.00208785,6
16.0303,0.232271,0.0467784,-0.0659734,-0.149882,-0.551091,0.000464639,0.002087,9
16.0324,0.232345,0.0389353,-0.0659734,-0.136087,-0.52537,0.000157968,0.00208753,3
16.0345,0.232419,0.0338933,-0.0659734,-0.125701,-0.502822,0.000111474,0.00208668,6
16.0366,0.232419,0.0243696,-0.0659734,-0.122087,-0.523096,0.000130879,0.00208677,6
16.0387,0.232492,0.0210082,-0.0659734,-0.129171,-0.562536,0.000112405,0.00208494,6
16.0408,0.232492,0.0109243,-0.0628318,-0.131932,-0.56201,0.000495745,0.00208681,9
16.0429,0.232566,0.00140055,-0.0628318,-0.115629,-0.532583,0.000167085,0.00208741,3
16.045,0.232566,-0.00532209,-0.0628318,-0.0850294,-0.437638,0.00011997,0.00208642,6
16.0471,0.232492,-0.00700275,-0.0628318,-0.0448976,-0.287655,0.000107987,0.00208775,6
16.0492,0.232492,-0.00868341,-0.0628318,-0,-0.118833,0.00010931,0.00208496,6
16.0513,0.232492,-0.0131652,-0.0628318,0.0448976,0.0398859,0.000511775,0.00208708,9
16.0534,0.232419,-0.0148458,-0.0628318,0.0850294,0.189869,0.000160974,0.00208633,3
16.0555,0.232419,-0.0131652,-0.0628318,0.115629,0.315121,0.000120349,0.00208208,6
16.0576,0.232419,-0.0114845,-0.0628318,0.131932,0.384684,0.000121742,0.00208648,6
16.0597,0.232419,-0.00532209,-0.0628318,0.129171,0.396156,0.000105132,0.00208514,6
16.0618,0.232345,-0.00980385,-0.0628318,0.146065,0.445522,0.000526812,0.00208665,9
16.0639,0.232345,-0.00028011,-0.0596903,0.133817,0.47981,0.00020239,0.00208715,3
16.066,0.232345,-0.00700275,-0.0596903,0.131706,0.447342,0.000121061,0.00208666,6
16.0681,0.232345,0.00476187,-0.0596903,0.136087,0.506837,0.000105332,0.00208685,6
16.0702,0.232419,0.00140055,-0.0596903,0.143877,0.525331,0.000128535,0.00208612,6
16.0723,0.232419,0.00308121,-0.0596903,0.152552,0.565183,0.00057453,0.00208732,9
16.0744,0.232419,0.00924363,-0.0596903,0.16015,0.617005,0.00030646,0.00208324,3
16.0765,0.232419,0.00644253,-0.0596903,0.16527,0.626844,0.000106886,0.00208463,6
16.0786,0.232419,0.00924363,-0.0596903,0.16707,0.643957,0.000102677,0.00208806,6
16.0807,0.232419,0.00924363,-0.0596903,0.16527,0.636946,0.000119749,0.00208677,6
16.0828,0.232492,0.00924363,-0.0596903,0.16015,0.617279,0.000593053,0.00208755,9
16.0849,0.232492,0.0126049,-0.0565487,0.128574,0.554056,0.000264974,0.00208636,3
16.087,0.232492,0.00924363,-0.0565487,0.111782,0.476528,0.000105743,0.0020876,6
16.0891,0.232566,0.0126049,-0.0565487,0.108373,0.475648,0.000106415,0.00208605,6
16.0912,0.232566,0.0159663,-0.0565487,0.117787,0.524439,0.000105723,0.00208772,6
16.0933,0.232566,0.0142856,-0.0565487,0.140304,0.606082,0.000627616,0.00208676,6
16.0954,0.23264,0.0142856,-0.0565487,0.177044,0.749468,0.0002901,0.00208737,3
16.0975,0.23264,0.0142856,-0.0565487,0.186487,0.786249,0.000109239,0.0020863,6
16.0996,0.232714,0.0159663,-0.0565487,0.191489,0.812068,0.000111904,0.00208771,6
16.1017,0.232714,0.0142856,-0.0565487,0.191489,0.806006,0.000105893,0.0020869,6
16.1038,0.232788,0.0159663,-0.0565487,0.186487,0.792861,0.000105262,0.00208791,6
16.1059,0.232788,0.0226889,-0.0534071,0.153066,0.734576,0.000347194,0.00208686,9
16.108,0.232862,0.0210082,-0.0534071,0.132187,0.647463,0.00011484,0.00208737,6
16.1101,0.232936,0.0243696,-0.0534071,0.122169,0.620836,0.000106945,0.00208622,6
16.1122,0.232936,0.0288513,-0.0534071,0.122169,0.637,0.000105923,0.00208757,6
16.1143,0.23301,0.035574,-0.0534071,0.132188,0.700547,0.000107036,0.0020865,6
16.1164,0.233084,0.030532,-0.0534071,0.153066,0.763963,0.000322349,0.00208781,9
16.1185,0.233158,0.0322126,-0.0534071,0.186487,0.900478,0.000114349,0.00208645,6
16.1206,0.233231,0.0288513,-0.0534071,0.191489,0.908114,0.000111082,0.00208681,6
16.1227,0.233305,0.0288513,-0.0534071,0.191489,0.908389,0.000105683,0.00208748,6
16.1248,0.233379,0.0439773,-0.0534071,0.186487,0.943735,0.000106374,0.00208682,6
16.1269,0.233453,0.0406159,-0.0534071,0.177044,0.895105,0.000316148,0.0020878,9
16.129,0.233527,0.048459,-0.0534071,0.164282,0.873955,0.000113217,0.00208637,6
16.1311,0.233675,0.0910357,-0.0534071,0.149882,0.971973,0.000106484,0.00208769,6
16.1332,0.233897,0.0893551,-0.0534071,0.136087,0.913004,0.000107486,0.00208518,6
16.1353,0.23397,0.00812319,-0.0534071,0.125701,0.579852,0.000111113,0.00208779,6
16.1374,0.23397,0.00924363,-0.0534071,0.122087,0.569817,0.00031193,0.00208677,9
16.1395,0.234118,0.0602236,-0.0534071,0.129171,0.781824,0.000130929,0.00208751,6
16.1416,0.234266,0.0630247,-0.0534071,0.107954,0.709833,0.000112846,0.00208659,6
16.1437,0.23434,0.058543,-0.0534071,0.0835349,0.598829,0.000106665,0.00208767,6
16.1458,0.234488,0.0647054,-0.0534071,0.057316,0.519478,0.000112906,0.00208677,6
16.1479,0.234636,0.058543,-0.0534071,0.030979,0.395216,0.000299748,0.00208763,9
16.15,0.234783,0.0619043,-0.0534071,0.00648689,0.312489,0.000115731,0.00207554,6
16.1521,0.234857,0.0630247,-0.0534071,-0.0139184,0.237323,0.000117524,0.00208548,6
16.1542,0.235005,0.0602236,-0.0534071,-0.0277133,0.174038,0.000105393,0.00208639,6
16.1563,0.235153,0.0568623,-0.0534071,-0.0320943,0.1454,0.000626785,0.00208793,6
16.1584,0.235301,0.0551816,-0.0534071,-0.023978,0.171503,0.000281834,0.00208628,3
16.1605,0.235375,0.0568623,-0.0534071,-0,0.271238,0.000107386,0.00208628,6
16.1626,0.235522,0.053501,-0.0534071,-0,0.259665,0.000105943,0.00208172,6
16.1647,0.235596,0.053501,-0.0534071,-0,0.25994,0.000105413,0.00208682,6
16.1668,0.235744,0.0450977,-0.0534071,-0,0.230183,0.00064621,0.00208811,6
16.1689,0.235818,0.0602236,-0.0534071,-0,0.285011,0.000297484,0.0020837,3
16.171,0.235966,0.053501,-0.0534071,-0,0.261315,0.000105814,0.00208506,6
16.1731,0.23604,0.0450977,-0.0534071,-0,0.231283,0.000121742,0.00208614,6
16.1752,0.236114,0.0501397,-0.0534071,-0,0.249743,0.000105482,0.00208757,6
16.1773,0.236188,0.0450977,-0.0565487,0.023978,0.277583,0.000665155,0.00208532,9
16.1794,0.236335,0.053501,-0.0565487,0.0320944,0.340055,0.000297383,0.00208488,3
16.1815,0.236409,0.0501397,-0.0565487,0.0277132,0.311142,0.000111123,0.00208578,6
16.1836,0.236483,0.0450977,-0.0565487,0.0139183,0.2395,0.000111714,0.00208755,6
16.1857,0.236631,0.0406159,-0.0565487,-0.00648677,0.144405,0.000107497,0.00208465,6
16.1878,0.236705,0.0406159,-0.0565487,-0.0309792,0.0492783,0.000106124,0.00208786,6
16.1899,0.236779,0.0406159,-0.0565487,-0.0573161,-0.0530329,0.000322419,0.00208696,9
16.192,0.236853,0.0406159,-0.0565487,-0.083535,-0.154884,0.000112375,0.0020872,6
16.1941,0.237,0.0422966,-0.0565487,-0.107954,-0.243388,0.000106805,0.00208657,6
16.1962,0.237,0.035574,-0.0565487,-0.129171,-0.350278,0.000105323,0.00208544,6
16.1983,0.237074,0.030532,-0.0565487,-0.146065,-0.433992,0.000106334,0.00208632,6
16.2004,0.237148,0.0288513,-0.0565487,-0.157795,-0.485469,0.000346012,0.00208797,9
16.2025,0.237222,0.0193276,-0.0565487,-0.1638,-0.542934,0.000114589,0.00208616,6
16.2046,0.237222,0.0176469,-0.0565487,-0.1638,-0.548995,0.00010934,0.00208622,6
16.2067,0.237296,0.00924363,-0.0565487,-0.157795,-0.555636,0.000118967,0.0020877,6
16.2088,0.237296,0.00140055,-0.0565487,-0.146065,-0.538233,0.000108729,0.0020864,6
16.2109,0.237296,-0.00028011,-0.0565487,-0.129171,-0.478489,0.000369155,0.00208761,9
16.213,0.237296,-0.00700275,-0.0565487,-0.107954,-0.42009,0.000115692,0.00208628,6
16.2151,0.237296,-0.00868341,-0.0565487,-0.0835348,-0.331037,0.000105662,0.0020879,6
16.2172,0.237222,-0.00980385,-0.0565487,-0.0573159,-0.233226,0.000106444,0.00208676,6
16.2193,0.237222,-0.0114845,-0.0565487,-0.0309792,-0.136702,0.000106034,0.00208789,6
16.2214,0.237222,-0.00700275,-0.0565487,-0.00648689,-0.0251369,0.000391515,0.00208644,9
16.2235,0.237222,-0.00980385,-0.0565487,0.0139183,0.0442421,0.000105784,0.00208749,6
16.2256,0.237148,-0.00868341,-0.0565487,0.0277132,0.101741,0.000109179,0.0020868,6
16.2277,0.237148,0.00308121,-0.0565487,0.0320944,0.161237,0.000105803,0.00208627,6
16.2298,0.237148,-0.00364143,-0.0565487,0.0239782,0.105377,0.000105943,0.00208676,6
16.2319,0.237148,-0.00028011,-0.0565487,-0,0.0241014,0.000406422,0.00208782,9
16.234,0.237148,0.00140055,-0.0565487,-0,0.0301629,0.000108388,0.00208643,6
16.2361,0.237148,0.00476187,-0.0565487,-0,0.0422859,0.000195287,0.00208412,6
16.2382,0.237222,0.00476187,-0.0565487,-0,0.0425609,0.00010938,0.0020859,6
16.2403,0.237222,0.00140055,-0.0565487,-0,0.0304379,0.00010417,0.00208796,6
16.2424,0.237222,0.00644253,-0.0565487,-0,0.0486223,0.000446194,0.0020869,9
16.2445,0.237222,0.00140055,-0.0565487,-0,0.0304379,0.000108408,0.00208646,6
16.2466,0.237222,0.00140055,-0.0565487,-0,0.0304379,0.000104852,0.00208801,6
16.2487,0.237222,-0.00028011,-0.0565487,-0,0.0243763,0.000105793,0.00208723,6
16.2508,0.237222,-0.00028011,-0.0565487,-0,0.0243763,0.000104661,0.0020882,6
16.2529,0.237222,-0.00028011,-0.0565487,-0,0.0243763,0.000487019,0.00208691,9
16.255,0.237222,-0.00028011,-0.0565487,-0,0.0243763,0.000107076,0.00208498,3
16.2571,0.237222,-0.00196077,-0.0565487,-0,0.0183149,0.000106745,0.00208626,6
16.2592,0.237222,-0.00196077,-0.0565487,-0,0.0183149,0.000104751,0.00208756,6
16.2613,0.237222,0.00308121,-0.0534071,-0.0239781,-0.00925072,0.000106484,0.0020868,6
16.2634,0.237222,-0.00364143,-0.0534071,-0.0320944,-0.065111,0.000521562,0.00208808,9
16.2655,0.237222,-0.00196077,-0.0534071,-0.0277132,-0.0419843,0.000150244,0.00208402,3
16.2676,0.237222,-0.00028011,-0.0534071,-0.0139184,0.0178102,0.000102387,0.00208707,6
16.2697,0.237222,-0.00028011,-0.0534071,0.00648677,0.0972915,0.000107036,0.00208112,6
16.2718,0.237222,-0.00364143,-0.0534071,0.0309792,0.18057,0.000101926,0.00208779,6
16.2739,0.237222,-0.00196077,-0.0534071,0.057316,0.289218,0.000523426,0.00208694,9
16.276,0.237222,0.00140055,-0.0534071,0.0835349,0.403467,0.000162196,0.00208532,3
16.2781,0.237222,0.00140055,-0.0534071,0.107954,0.498582,0.000120751,0.00208564,6
16.2802,0.237222,0.00308121,-0.0534071,0.129171,0.587287,0.000107587,0.00208477,6
16.2823,0.237222,0.00476187,-0.0534071,0.146065,0.659154,0.000106705,0.00208664,6
16.2844,0.237222,0.00644253,-0.0534071,0.157795,0.710905,0.000496387,0.00208658,9
16.2865,0.237222,0.0109243,-0.0534071,0.1638,0.750461,0.000139936,0.0020863,3
16.2886,0.237222,0.0126049,-0.0534071,0.1638,0.756523,0.000109911,0.00208649,6
16.2907,0.237296,0.00924363,-0.0534071,0.157795,0.721283,0.000105834,0.00208781,6
16.2928,0.237296,0.0159663,-0.0534071,0.146065,0.699839,0.000107526,0.00208671,6
16.2949,0.23737,0.0193276,-0.0534071,0.129171,0.646432,0.000469508,0.00208796,9
16.297,0.23737,0.0193276,-0.0534071,0.107954,0.563788,0.000109871,0.00208627,3
16.2991,0.237444,0.0210082,-0.0534071,0.0835349,0.47501,0.000105884,0.00208736,6
16.3012,0.237444,0.0226889,-0.0534071,0.057316,0.378945,0.000106745,0.00208403,6
16.3033,0.237518,0.0260502,-0.0534071,0.030979,0.288756,0.000105322,0.00208795,6
16.3054,0.237592,0.0243696,-0.0534071,0.00648689,0.187569,0.000467675,0.00208666,9
16.3075,0.237666,0.0193276,-0.0534071,-0.0139184,0.0901782,0.000112656,0.00208757,6
16.3096,0.237666,0.0193276,-0.0534071,-0.0277133,0.0364449,0.000127423,0.0020868,6
16.3117,0.237739,0.0193276,-0.0534071,-0.0320943,0.0196554,0.00012614,0.00208746,6
16.3138,0.237739,0.0159663,-0.0534071,-0.023978,0.0391466,0.000111914,0.0020866,6
16.3159,0.237739,0.0109243,-0.0565487,0.023978,0.16011,0.000468916,0.00208792,9
16.318,0.237813,0.00924363,-0.0565487,0.0320944,0.185938,0.000138322,0.00208656,3
16.3201,0.237813,0.00924363,-0.0565487,0.0277132,0.168873,0.000113828,0.00208761,6
16.3222,0.237813,-0.00532209,-0.0565487,0.0139183,0.0626068,0.000106876,0.00208626,6
16.3243,0.237813,0.00140055,-0.0565487,-0.00648677,0.00737177,0.000111293,0.00208634,6
16.3264,0.237813,-0.00196077,-0.0565487,-0.0309792,-0.100153,0.000500604,0.00208534,9
16.3285,0.237813,-0.00196077,-0.0565487,-0.0573161,-0.202739,0.000150816,0.00207357,3
16.3306,0.237813,-0.00028011,-0.0565487,-0.083535,-0.298804,0.000112385,0.00208767,6
16.3327,0.237813,-0.00532209,-0.0596903,-0.0839758,-0.366354,0.000106554,0.00208655,6
16.3348,0.237813,-0.00364143,-0.0596903,-0.0970767,-0.411322,0.000108398,0.00208778,6
16.3369,0.237739,-0.00364143,-0.0596903,-0.118352,-0.494468,0.000606468,0.00208668,9
16.339,0.237739,-0.00868341,-0.0596903,-0.143877,-0.612076,0.000227325,0.00208722,3
16.3411,0.237739,-0.00868341,-0.0596903,-0.170287,-0.714948,0.000114759,0.00208648,6
16.3432,0.237739,-0.00868341,-0.0596903,-0.19478,-0.81035,0.00012064,0.00208685,6
16.3453,0.237666,-0.0131652,-0.0596903,-0.215111,-0.905983,0.000111734,0.00208674,6
16.3474,0.237666,-0.0182071,-0.0596903,-0.2296,-0.980604,0.000122784,0.00208786,6
16.3495,0.237592,-0.0215685,-0.0596903,-0.237125,-1.02231,0.000258121,0.00208594,9
16.3516,0.237592,-0.0266104,-0.0596903,-0.237125,-1.0405,0.000105994,0.00208764,6
16.3537,0.237518,-0.0344535,-0.0596903,-0.2296,-1.03975,0.000106435,0.00208515,6
16.3558,0.237444,-0.0361342,-0.0596903,-0.215111,-0.989649,0.000105643,0.002085,6
16.3579,0.237296,-0.0490192,-0.0596903,-0.194779,-0.957475,0.000624781,0.00208365,9
16.36,0.237222,-0.0557419,-0.0596903,-0.170287,-0.886595,0.000283457,0.00208755,3
16.3621,0.237074,-0.0574225,-0.0596903,-0.143877,-0.790335,0.000106725,0.0020841,6
16.3642,0.237,-0.0591032,-0.0596903,-0.118352,-0.697248,0.000107176,0.00208664,6
16.3663,0.236853,-0.0669463,-0.0596903,-0.0970767,-0.643215,0.000106063,0.00208404,6
16.3684,0.236705,-0.0652656,-0.0596903,-0.0839758,-0.586673,0.00012567,0.00208666,6
16.3705,0.236557,-0.0770302,-0.0596903,-0.0835349,-0.627937,0.000290951,0.00208686,9
16.3726,0.236409,-0.0703076,-0.0596903,-0.057316,-0.502114,0.00010978,0.0020806,6
16.3747,0.236261,-0.0736689,-0.0596903,-0.0309791,-0.412201,0.000105513,0.0020876,6
16.3768,0.236114,-0.0736689,-0.0596903,-0.00648686,-0.31735,0.000106555,0.00208694,6
16.3789,0.235966,-0.0770302,-0.0596903,0.0139184,-0.250542,0.000130909,0.00208795,6
16.381,0.235818,-0.0770302,-0.0596903,0.0277133,-0.197359,0.000332517,0.0020842,9
16.3831,0.23567,-0.0719882,-0.0596903,0.0320942,-0.16266,0.000116653,0.00208744,6
16.3852,0.235522,-0.0703076,-0.0596903,0.023978,-0.188763,0.000110992,0.00208674,6
16.3873,0.235375,-0.0652656,-0.0596903,-0,-0.264526,0.000108929,0.00208782,6
16.3894,0.235227,-0.0669463,-0.0596903,-0,-0.271138,0.00010963,0.0020866,6
16.3915,0.235079,-0.0669463,-0.0565487,-0.0239779,-0.317438,0.000368714,0.00208776,9
16.3936,0.234931,-0.0635849,-0.0565487,-0.0320943,-0.33748,0.000115511,0.00208625,6
16.3957,0.234857,-0.0607838,-0.0565487,-0.0277132,-0.310587,0.000107877,0.00208794,6
16.3978,0.234709,-0.0574225,-0.0565487,-0.0139183,-0.245281,0.000106975,0.00208506,6
16.3999,0.234562,-0.0607838,-0.0565487,0.00648683,-0.178473,0.000166595,0.00207421,6
16.402,0.234488,-0.0574225,-0.0565487,0.0309792,-0.0712237,0.000384632,0.00208576,9
16.4041,0.23434,-0.0607838,-0.0565487,0.057316,0.0186889,0.000120831,0.00208733,6
16.4062,0.234192,-0.0591032,-0.0565487,0.0835349,0.126327,0.000108127,0.00208643,6
16.4083,0.234118,-0.0574225,-0.0565487,0.107954,0.227228,0.000105343,0.00208784,6
16.4104,0.23397,-0.0215685,-0.0565487,0.129171,0.438634,0.000106986,0.00208601,6
16.4125,0.23397,-0.00868341,-0.0534071,0.122087,0.505161,0.000446396,0.00208633,9
16.4146,0.233823,-0.0882346,-0.0534071,0.125701,0.231775,0.000114669,0.00208685,6
16.4167,0.233675,-0.0798313,-0.0534071,0.136087,0.301989,0.000107787,0.00208389,6
16.4188,0.233601,-0.0411762,-0.0534071,0.149882,0.494862,0.00010995,0.00208784,6
16.4209,0.233453,-0.0394955,-0.0534071,0.164282,0.556463,0.000111294,0.00208675,6
16.423,0.233453,-0.0310922,-0.0534071,0.177044,0.636483,0.000415709,0.00208771,9
16.4251,0.233379,-0.0266104,-0.0534071,0.186487,0.689151,0.000106745,0.00208656,6
16.4272,0.233305,-0.0215685,-0.0534071,0.191489,0.726544,0.000107146,0.00208659,6
16.4293,0.233231,-0.0165265,-0.0534071,0.191489,0.744454,0.000107667,0.00208587,6
16.4314,0.233231,-0.00980385,-0.0534071,0.186487,0.749217,0.000105373,0.00208608,6
16.4335,0.233231,-0.00364143,-0.0534071,0.177044,0.73466,0.000399049,0.00208589,9
16.4356,0.233231,-0.00196077,-0.0534071,0.164282,0.69101,0.000105392,0.00208747,6
16.4377,0.233231,0.00308121,-0.0534071,0.149882,0.653105,0.000106475,0.00208582,6
16.4398,0.233231,0.0109243,-0.0534071,0.136087,0.627658,0.000106504,0.00208648,6
16.4419,0.233305,0.00812319,-0.0565487,0.149679,0.623126,0.000111133,0.00208703,6
16.444,0.233305,0.0109243,-0.0565487,0.154182,0.650767,0.000518097,0.00208783,9
16.4461,0.233305,0.0142856,-0.0565487,0.156884,0.673417,0.000136449,0.00208634,6
16.4482,0.233379,0.00812319,-0.0565487,0.121872,0.515089,0.000108338,0.00208771,6
16.4503,0.233379,0.0142856,-0.0596903,0.101026,0.408468,0.000106585,0.00208613,6
16.4524,0.233453,0.0226889,-0.0596903,0.0584311,0.273137,0.000114909,0.00208676,6
16.4545,0.233453,0.0210082,-0.0596903,0.0013763,0.0448382,0.000474687,0.00208483,9
16.4566,0.233527,0.0210082,-0.0596903,-0.0631298,-0.206148,0.000131089,0.00208608,3
16.4587,0.233527,0.0226889,-0.0596903,-0.128359,-0.454164,0.000110933,0.00208783,6
16.4608,0.233601,0.0176469,-0.0596903,-0.187863,-0.703852,0.000106685,0.00208663,6
16.4629,0.233601,0.0288513,-0.0596903,-0.235475,-0.848898,0.000113157,0.00208787,6
16.465,0.233675,0.0260502,-0.0628318,-0.24133,-0.929178,0.000522605,0.00208661,9
16.4671,0.233675,0.00476187,-0.0628318,-0.23966,-0.999452,0.000188454,0.00208741,3
16.4692,0.233675,-0.0148458,-0.0628318,-0.265258,-1.16988,0.000112847,0.00208647,6
16.4713,0.233675,-0.0266104,-0.0628318,-0.289942,-1.30846,0.000105282,0.00208562,6
16.4734,0.233601,-0.0294115,-0.0628318,-0.310347,-1.39831,0.000106514,0.00208688,6
16.4755,0.233527,-0.0182071,-0.0628318,-0.32395,-1.41117,0.000539977,0.00208582,9
16.4776,0.233453,-0.0277309,-0.0628318,-0.32907,-1.46573,0.000185869,0.00208103,3
16.4797,0.233453,-0.0361342,-0.0628318,-0.324865,-1.47966,0.000113598,0.00208748,6
16.4818,0.233379,-0.0394955,-0.0628318,-0.311335,-1.43936,0.000111133,0.00208645,6
16.4839,0.233231,-0.0445375,-0.0628318,-0.289321,-1.37234,0.000124738,0.00208795,6
16.486,0.233158,-0.0557419,-0.0628318,-0.260506,-1.30079,0.000553631,0.00208616,9
16.4881,0.23301,-0.0635849,-0.0628318,-0.227411,-1.20072,0.000199124,0.00208502,3
16.4902,0.232862,-0.0669463,-0.0628318,-0.193403,-1.08092,0.000105142,0.00208671,6
16.4923,0.232714,-0.0753496,-0.0628318,-0.162685,-0.992129,0.000101105,0.00208821,6
16.4944,0.232566,-0.0798313,-0.0628318,-0.140304,-0.921665,0.000102877,0.00208724,6
16.4965,0.232345,-0.0831926,-0.0628318,-0.132147,-0.90284,0.000571905,0.00207899,9
16.4986,0.232123,-0.0831926,-0.0628318,-0.101458,-0.784127,0.000243034,0.00208515,3
16.5007,0.231975,-0.086554,-0.0628318,-0.0758595,-0.697092,0.000105402,0.00208411,6
16.5028,0.231827,-0.0882346,-0.0628318,-0.0595569,-0.640202,0.000102207,0.00208751,6
16.5049,0.231606,-0.0915959,-0.0628318,-0.057316,-0.644422,0.000105413,0.00208678,6
16.507,0.231458,-0.0915959,-0.0628318,-0.0309791,-0.542386,0.000592212,0.0020881,9
16.5091,0.231236,-0.0949573,-0.0628318,-0.00648683,-0.459933,0.000253102,0.0020841,3
16.5112,0.231088,-0.0932766,-0.0628318,0.0139182,-0.374941,0.000103959,0.00208513,6
16.5133,0.230867,-0.0949573,-0.0628318,0.0277131,-0.328095,0.000105874,0.00208609,6
16.5154,0.230645,-0.0899153,-0.0628318,0.0320943,-0.29367,0.000118497,0.00208803,6
16.5175,0.230497,-0.0949573,-0.0628318,0.0239778,-0.34402,0.000614963,0.00208702,9
16.5196,0.230275,-0.0915959,-0.0628318,-0,-0.426119,0.000269181,0.00208515,3
16.5217,0.230128,-0.0899153,-0.0628318,-0,-0.420608,0.000110803,0.00208405,6
16.5238,0.229906,-0.0899153,-0.0628318,-0,-0.421433,0.000105463,0.00208756,6
16.5259,0.229758,-0.0899153,-0.0628318,-0,-0.421983,0.000106886,0.00208678,6
16.528,0.229536,-0.0915959,-0.0628318,-0,-0.42887,0.000622748,0.00208816,9
16.5301,0.229315,-0.086554,-0.0628318,-0,-0.411511,0.000276184,0.00208393,3
16.5322,0.229167,-0.0899153,-0.0628318,-0,-0.424184,0.000106835,0.00208499,6
16.5343,0.228945,-0.0882346,-0.0628318,-0,-0.418948,0.000123515,0.00208337,6
16.5364,0.228797,-0.0949573,-0.0628318,-0,-0.443744,0.000135878,0.00208723,6
16.5385,0.228576,-0.0966379,-0.0628318,-0,-0.450631,0.000623118,0.00208601,9
16.5406,0.228354,-0.0966379,-0.0628318,-0,-0.451456,0.000256669,0.00208525,3
16.5427,0.228206,-0.0949573,-0.0628318,-0,-0.445945,0.000108388,0.00208725,6
16.5448,0.227984,-0.0977584,-0.0628318,-0,-0.456873,0.000112796,0.00208679,6
16.5469,0.227763,-0.0977584,-0.0628318,-0,-0.457698,0.00012608,0.00208773,6
16.549,0.227615,-0.099439,-0.0628318,-0,-0.46431,0.000681034,0.00208646,6
16.5511,0.227319,-0.0977584,-0.0628318,-0,-0.459348,0.000315847,0.00208694,3
16.5532,0.227172,-0.099439,-0.0628318,-0,-0.46596,0.000115221,0.00208564,6
16.5553,0.22695,-0.099439,-0.0628318,-0,-0.466785,0.000112065,0.00208762,6
16.5574,0.226802,-0.0966379,-0.0628318,-0,-0.457233,0.000109881,0.00208672,6
16.5595,0.22658,-0.0966379,-0.0628318,-0,-0.458058,0.000110202,0.00208647,6
16.5616,0.226359,-0.0932766,-0.0628318,-0,-0.446761,0.000309456,0.00208398,9
16.5637,0.226137,-0.0977584,-0.0628318,-0,-0.46375,0.000121822,0.00208744,6
16.5658,0.225915,-0.0977584,-0.0628318,-0,-0.464575,0.000109299,0.00208605,6
16.5679,0.225767,-0.10112,-0.0628318,-0,-0.477248,0.000110362,0.00208785,6
16.57,0.225546,-0.10112,-0.0628318,-0,-0.478074,0.000108599,0.00208689,6
16.5721,0.225324,-0.0966379,-0.0628318,-0,-0.462735,0.000301441,0.00208769,9
16.5742,0.225102,-0.0949573,-0.0628318,-0,-0.457499,0.000124498,0.00208645,6
16.5763,0.224955,-0.0977584,-0.0628318,-0,-0.468152,0.000107637,0.00208505,6
16.5784,0.224733,-0.099439,-0.0628318,-0,-0.475038,0.000107436,0.00208679,6
16.5805,0.224511,-0.0977584,-0.0628318,-0,-0.469802,0.000131871,0.00208678,6
16.5826,0.224289,-0.0932766,-0.0628318,-0,-0.454463,0.000335512,0.00208738,9
16.5847,0.224068,-0.0966379,-0.0628318,-0,-0.467412,0.000123385,0.00208634,6
16.5868,0.22392,-0.0932766,-0.0628318,-0,-0.455839,0.000109901,0.00207939,6
16.5889,0.223698,-0.0966379,-0.0628318,-0,-0.468787,0.000112025,0.00208666,6
16.591,0.22355,-0.0932766,-0.0628318,-0,-0.457214,0.000107837,0.00208608,6
16.5931,0.223329,-0.0977584,-0.0628318,-0,-0.474204,0.000388991,0.00208689,9
16.5952,0.223107,-0.0949573,-0.0628318,-0,-0.464926,0.000113928,0.00208749,6
16.5973,0.222959,-0.0949573,-0.0628318,-0,-0.465477,0.000111213,0.00208627,6
16.5994,0.222738,-0.0932766,-0.0628318,-0,-0.46024,0.00010972,0.00208736,6
16.6015,0.222516,-0.0932766,-0.0628318,-0,-0.461066,0.000109099,0.00208436,6
16.6036,0.222294,-0.0966379,-0.0628318,-0,-0.474014,0.000351101,0.00208505,9
16.6057,0.222072,-0.1028,-0.0628318,-0,-0.497065,0.000127042,0.00208621,6
16.6078,0.221925,-0.0977584,-0.0628318,-0,-0.47943,0.000111984,0.00208741,6
16.6099,0.221703,-0.0977584,-0.0628318,-0,-0.480256,0.000111433,0.00208671,6
16.612,0.221481,-0.0966379,-0.0628318,-0,-0.47704,0.000108078,0.0020877,6
16.6141,0.22126,-0.10112,-0.0628318,-0,-0.494029,0.000392677,0.00208677,9
16.6162,0.221038,-0.099439,-0.0628318,-0,-0.488793,0.000138253,0.00208724,6
16.6183,0.220816,-0.106162,-0.0628318,-0,-0.513864,0.00011478,0.00208645,6
16.6204,0.220668,-0.1028,-0.0628318,-0,-0.502291,0.000134065,0.00208513,6
16.6225,0.220447,-0.0977584,-0.0628318,-0,-0.484932,0.000118356,0.00208654,6
16.6246,0.220225,-0.1028,-0.0628318,-0,-0.503942,0.000379593,0.00208422,9
16.6267,0.220003,-0.1028,-0.0628318,-0,-0.504767,0.000121101,0.00208768,6
16.6288,0.219781,-0.104481,-0.0628318,-0,-0.511654,0.000110973,0.0020867,6
16.6309,0.21956,-0.107842,-0.0628318,-0,-0.524602,0.000108789,0.00208671,6
16.633,0.219338,-0.10112,-0.0628318,-0,-0.501182,0.000109239,0.00208439,6
16.6351,0.219116,-0.1028,-0.0628318,-0,-0.508068,0.000386035,0.00208739,9
16.6372,0.218895,-0.109523,-0.0628318,-0,-0.53314,0.00010934,0.00208657,6
16.6393,0.218747,-0.0977584,-0.0628318,-0,-0.49126,0.000110983,0.00208771,6
16.6414,0.218525,-0.10112,-0.0628318,-0,-0.504208,0.000108668,0.00208685,6
16.6435,0.218303,-0.106162,-0.0628318,-0,-0.523217,0.000108648,0.00208681,6
16.6456,0.218082,-0.1028,-0.0628318,-0,-0.51192,0.000397917,0.0020868,9
16.6477,0.21786,-0.104481,-0.0628318,-0,-0.518807,0.000108057,0.00208756,6
16.6498,0.217638,-0.10112,-0.0628318,-0,-0.507509,0.000132582,0.0020866,6
16.6519,0.217491,-0.099439,-0.0628318,-0,-0.501997,0.00014269,0.00208762,6
16.654,0.217269,-0.104481,-0.0628318,-0,-0.521007,0.000137732,0.00208263,6
16.6561,0.217047,-0.10112,-0.0628318,-0,-0.50971,0.000421389,0.00208756,9
16.6582,0.216825,-0.0977584,-0.0628318,-0,-0.498412,0.000105713,0.00208625,6
16.6603,0.216604,-0.106162,-0.0628318,-0,-0.529545,0.000105062,0.00208794,6
16.6624,0.216382,-0.0977584,-0.0628318,-0,-0.500062,0.000106635,0.00208641,6
16.6645,0.216234,-0.10112,-0.0628318,-0,-0.512736,0.000105823,0.00208365,6
16.6666,0.216013,-0.10112,-0.0659734,0.0239781,-0.467811,0.000466883,0.00208811,9
16.6687,0.215717,-0.1028,-0.0659734,0.0320944,-0.443358,0.000107687,0.00208358,6
16.6708,0.215569,-0.099439,-0.0659734,0.0277133,-0.448851,0.000102658,0.00208708,6
16.6729,0.215347,-0.0977584,-0.0659734,0.0139184,-0.497348,0.000104711,0.00208667,6
16.675,0.215126,-0.0977584,-0.0659734,-0.00648677,-0.577654,0.000102447,0.00208826,6
16.6771,0.214904,-0.10112,-0.0659734,-0.0309792,-0.686004,0.000480198,0.00208682,9
16.6792,0.214682,-0.099439,-0.0659734,-0.0573159,-0.783354,0.000104551,0.00208505,6
16.6813,0.214461,-0.104481,-0.0659734,-0.0835348,-0.90449,0.000104712,0.00208637,6
16.6834,0.214313,-0.107842,-0.0659734,-0.107954,-1.01228,0.000129206,0.00208786,6
16.6855,0.214091,-0.104481,-0.0659734,-0.129171,-1.08363,0.000104361,0.00208722,6
16.6876,0.213795,-0.109523,-0.0659734,-0.146065,-1.16872,0.000495505,0.00208819,9
16.6897,0.2135,-0.120727,-0.0659734,-0.157795,-1.25592,0.000107025,0.00208408,3
16.6918,0.213352,-0.122408,-0.0659734,-0.1638,-1.28592,0.000103849,0.00208768,6
16.6939,0.213057,-0.122408,-0.0659734,-0.1638,-1.28702,0.000104461,0.00208669,6
16.696,0.212835,-0.129131,-0.0659734,-0.157795,-1.2887,0.000102447,0.00208815,6
16.6981,0.212539,-0.136974,-0.0659734,-0.146065,-1.2724,0.000497098,0.00208021,9
16.7002,0.21217,-0.142016,-0.0659734,-0.129171,-1.22615,0.000128725,0.00208504,3
16.7023,0.211948,-0.142016,-0.0659734,-0.107954,-1.14433,0.000104741,0.0020862,6
16.7044,0.211652,-0.148738,-0.0659734,-0.083535,-1.07456,0.000118817,0.00208796,6
16.7065,0.211283,-0.151539,-0.0659734,-0.0573161,-0.983915,0.000102387,0.00208646,6
16.7086,0.210987,-0.159943,-0.0659734,-0.0309792,-0.912736,0.000509601,0.0020873,9
16.7107,0.210544,-0.159943,-0.069115,0.0174911,-0.773236,0.000187834,0.002085,3
16.7128,0.210248,-0.161623,-0.069115,0.0460127,-0.669302,0.000112946,0.00208383,6
16.7149,0.209953,-0.158262,-0.069115,0.0554264,-0.621611,0.000108699,0.00208678,6
16.717,0.209657,-0.161623,-0.069115,0.0460125,-0.671503,0.000135778,0.00208652,6
16.7191,0.209288,-0.161623,-0.069115,0.017491,-0.783974,0.000538243,0.00208769,9
16.7212,0.208844,-0.163304,-0.069115,-0.0309794,-0.980486,0.000179127,0.00208639,3
16.7233,0.208622,-0.163304,-0.069115,-0.0573162,-1.0839,0.000113738,0.00208741,6
16.7254,0.208253,-0.161623,-0.069115,-0.0835352,-1.18134,0.000106745,0.00208644,6
16.7275,0.207957,-0.159943,-0.069115,-0.107954,-1.27149,0.000105342,0.00208773,6
16.7296,0.207588,-0.164985,-0.0659734,-0.153149,-1.41945,0.0005585,0.00208659,9
16.7317,0.207218,-0.190755,-0.0659734,-0.17816,-1.61118,0.00023003,0.00208777,3
16.7338,0.206849,-0.181231,-0.0659734,-0.185509,-1.60684,0.000115571,0.00208684,6
16.7359,0.206479,-0.184592,-0.0659734,-0.177719,-1.58999,0.000105583,0.00208587,6
16.738,0.20611,-0.194116,-0.0659734,-0.157314,-1.54623,0.000106604,0.00208663,6
16.7401,0.205666,-0.200839,-0.0659734,-0.126816,-1.45334,0.000567887,0.00208763,9
16.7422,0.205149,-0.207001,-0.0659734,-0.0887493,-1.32921,0.000271045,0.00208651,3
16.7443,0.20478,-0.213724,-0.0659734,-0.0456362,-1.1869,0.000107005,0.00208683,6
16.7464,0.204336,-0.226609,-0.0659734,-0,-1.05727,0.000108919,0.00208661,6
16.7485,0.203819,-0.224928,-0.0659734,0.0456361,-0.875369,0.000106544,0.00208306,6
16.7506,0.203375,-0.22829,-0.0659734,0.0887491,-0.721211,0.000582384,0.00208645,9
16.7527,0.202784,-0.236693,-0.0659734,0.126816,-0.605443,0.000243174,0.00208575,3
16.7548,0.202341,-0.238374,-0.0659734,0.157314,-0.494363,0.000106374,0.0020874,6
16.7569,0.201897,-0.235012,-0.0659734,0.177719,-0.404409,0.000108448,0.00208627,6
16.759,0.20138,-0.241175,-0.0659734,0.185508,-0.398218,0.000105823,0.0020872,6
16.7611,0.200863,-0.235012,-0.0659734,0.17816,-0.406543,0.000595919,0.0020868,9
16.7632,0.200272,-0.236693,-0.0659734,0.153149,-0.512224,0.000271856,0.00208733,3
16.7653,0.199902,-0.22829,-0.0659734,0.107954,-0.659335,0.000105863,0.00208543,6
16.7674,0.199459,-0.22997,-0.0659734,0.0835352,-0.762162,0.000105172,0.00208491,6
16.7695,0.198941,-0.22997,-0.0628318,0.033338,-0.911965,0.000106644,0.00208513,6
16.7716,0.198424,-0.231651,-0.0628318,-0.00111526,-1.05415,0.000637395,0.00208764,6
16.7737,0.197833,-0.239494,-0.0628318,-0.0212264,-1.16298,0.000286834,0.00208654,3
16.7758,0.197389,-0.236693,-0.0628318,-0.0278368,-1.18027,0.000106244,0.00208499,6
16.7779,0.196946,-0.242855,-0.0628318,-0.0212266,-1.1784,0.000108157,0.00208634,6
16.78,0.196429,-0.241175,-0.0628318,-0.00111526,-1.09593,0.000105814,0.00208781,6
16.7821,0.195911,-0.249578,-0.0628318,0.033338,-0.993961,0.000105663,0.00208403,6
16.7842,0.195394,-0.257421,-0.0628318,0.083535,-0.828649,0.000305899,0.00208803,9
16.7863,0.194803,-0.259102,-0.0628318,0.107954,-0.741795,0.000136519,0.00208613,6
16.7884,0.194286,-0.262463,-0.0628318,0.129171,-0.6732,0.000132061,0.00208775,6
16.7905,0.193768,-0.264144,-0.0628318,0.146065,-0.615382,0.000128244,0.00208667,6
16.7926,0.193251,-0.260782,-0.0628318,0.157795,-0.559495,0.000107056,0.00208429,6
16.7947,0.19266,-0.262463,-0.0596903,0.139822,-0.590116,0.000338058,0.00208815,9
16.7968,0.192069,-0.265824,-0.0596903,0.131706,-0.636054,0.000116082,0.00208643,6
16.7989,0.191625,-0.260782,-0.0596903,0.130082,-0.625846,0.000105713,0.00208658,6
16.801,0.191034,-0.260782,-0.0596903,0.132147,-0.620004,0.000106705,0.0020867,6
16.8031,0.190517,-0.257421,-0.0596903,0.135658,-0.59613,0.000106555,0.00208226,6
16.8052,0.189925,-0.260782,-0.0596903,0.138933,-0.597697,0.000353796,0.00208656,9
16.8073,0.189334,-0.265824,-0.0565487,0.116873,-0.656362,0.000105733,0.00208741,6
16.8094,0.188817,-0.260782,-0.0565487,0.108756,-0.671717,0.000106384,0.00208689,6
16.8115,0.1883,-0.265824,-0.0565487,0.11122,-0.682233,0.000105473,0.00208559,6
16.8136,0.187782,-0.264144,-0.0565487,0.121739,-0.637122,0.000107065,0.00208654,6
16.8157,0.187191,-0.264144,-0.0565487,0.138633,-0.573517,0.000394029,0.00208729,9
16.8178,0.186526,-0.265824,-0.0534071,0.137083,-0.540446,0.000111824,0.00208643,6
16.8199,0.186083,-0.265824,-0.0534071,0.156927,-0.4648,0.000135668,0.00208517,6
16.822,0.185491,-0.272547,-0.0534071,0.195643,-0.340441,0.000108087,0.00208542,6
16.8241,0.184974,-0.267505,-0.0534071,0.25183,-0.105326,0.000106214,0.00208717,6
16.8262,0.184383,-0.265824,-0.0534071,0.281723,0.0149714,0.000408186,0.00208457,9
16.8283,0.183718,-0.272547,-0.0534071,0.306215,0.0836512,0.000106545,0.0020876,6
16.8304,0.183274,-0.265824,-0.0534071,0.323065,0.171878,0.000110582,0.00208674,6
16.8325,0.182683,-0.260782,-0.0534071,0.33087,0.218263,0.000119078,0.00208684,6
16.8346,0.182166,-0.256301,-0.0534071,0.32907,0.22549,0.000108318,0.00208792,6
16.8367,0.181649,-0.251259,-0.0534071,0.317945,0.198417,0.000397025,0.00208675,9
16.8388,0.181057,-0.238374,-0.0534071,0.298617,0.167402,0.000105593,0.00208774,6
16.8409,0.180762,-0.145377,-0.0534071,0.273048,0.402107,0.000106134,0.0020845,6
16.843,0.180171,-0.223248,-0.0534071,0.244041,0.00607126,0.000105152,0.0020878,6
16.8451,0.179727,-0.220446,-0.0534071,0.215241,-0.0976573,0.000106444,0.00208694,6
16.8472,0.17921,-0.217085,-0.0502655,0.167155,-0.227114,0.000415709,0.00208733,9
16.8493,0.178693,-0.212043,-0.0502655,0.14495,-0.297348,0.000116483,0.00208642,6
16.8514,0.178323,-0.210363,-0.0502655,0.107945,-0.436803,0.000111012,0.00208632,6
16.8535,0.17788,-0.208682,-0.0502655,0.080117,-0.540784,0.000138753,0.00208547,6
16.8556,0.17751,-0.2042,-0.0502655,0.0623084,-0.595363,0.000116994,0.00208759,6
16.8577,0.177067,-0.202519,-0.0502655,0.056201,-0.614741,0.000428472,0.00208659,9
16.8598,0.176549,-0.202519,-0.0502655,0.0643174,-0.585052,0.000109089,0.00208675,6
16.8619,0.17618,-0.208682,-0.0502655,0.0900217,-0.508531,0.000118036,0.00208678,6
16.864,0.175737,-0.210363,-0.0502655,0.0940352,-0.50061,0.000114739,0.00208699,6
16.8661,0.175293,-0.215404,-0.0502655,0.101457,-0.491534,0.000114639,0.00208452,6
16.8682,0.17485,-0.213724,-0.0502655,0.113971,-0.438383,0.000430266,0.0020854,9
16.8703,0.174332,-0.217085,-0.0502655,0.133817,-0.375127,0.000171273,0.0020843,3
16.8724,0.173963,-0.217085,-0.0502655,0.1638,-0.259714,0.000139204,0.00208736,6
16.8745,0.173519,-0.212043,-0.0502655,0.1638,-0.24318,0.000132632,0.00208669,6
16.8766,0.173076,-0.210363,-0.0502655,0.157795,-0.26216,0.000113698,0.00208644,6
16.8787,0.172633,-0.213724,-0.0502655,0.146065,-0.321624,0.000436858,0.00208778,9
16.8808,0.172115,-0.212043,-0.0502655,0.129171,-0.383293,0.000125279,0.00208632,6
16.8829,0.171746,-0.210363,-0.0502655,0.107954,-0.461251,0.000112876,0.00208508,6
16.885,0.171302,-0.208682,-0.0502655,0.0835348,-0.551955,0.000108678,0.00208599,6
16.8871,0.170859,-0.207001,-0.0502655,0.0573159,-0.649671,0.000118025,0.00208757,6
16.8892,0.170416,-0.202519,-0.0502655,0.0309792,-0.737742,0.000470219,0.00208666,9
16.8913,0.169972,-0.205321,-0.0502655,0.00648671,-0.844898,0.000171904,0.00208741,3
16.8934,0.169529,-0.210363,-0.0502655,-0.0139183,-0.944214,0.000120551,0.00208639,6
16.8955,0.169159,-0.208682,-0.0502655,-0.0277132,-0.993261,0.000134535,0.00208759,6
16.8976,0.168716,-0.205321,-0.0502655,-0.0320944,-0.999854,0.000115922,0.00208536,6
16.8997,0.168273,-0.215404,-0.0502655,-0.0239779,-1.00626,0.000455743,0.00208721,9
16.9018,0.167755,-0.217085,-0.0502655,-0,-0.920848,0.000123335,0.00208633,6
16.9039,0.167312,-0.224928,-0.0502655,-0,-0.950785,0.000139715,0.00208609,6
16.906,0.166868,-0.220446,-0.0502655,-0,-0.936272,0.000131941,0.00208574,6
16.9081,0.166425,-0.224928,-0.0502655,-0,-0.954086,0.000117975,0.00208488,6
16.9102,0.165908,-0.22997,-0.0502655,-0,-0.974197,0.00045494,0.00207821,9
16.9123,0.16539,-0.231651,-0.0502655,-0,-0.982184,0.000184487,0.00208702,3
16.9144,0.164947,-0.231651,-0.0502655,-0,-0.983834,0.000135848,0.00208646,6
16.9165,0.164504,-0.239494,-0.0502655,-0,-1.01377,0.00013678,0.00208661,6
16.9186,0.163986,-0.236693,-0.0502655,-0,-1.00559,0.000111744,0.0020861,6
16.9207,0.163469,-0.240054,-0.0502655,-0,-1.01964,0.000475639,0.00208384,9
16.9228,0.162878,-0.246217,-0.0502655,-0,-1.04407,0.000146888,0.00208737,3
16.9249,0.162508,-0.244536,-0.0502655,-0,-1.03938,0.000128995,0.00208411,6
16.927,0.161991,-0.246217,-0.0502655,-0,-1.04737,0.000119778,0.00208768,6
16.9291,0.161474,-0.247897,-0.0502655,-0,-1.05536,0.000134115,0.00208669,6
16.9312,0.160882,-0.252939,-0.0502655,-0,-1.07574,0.000480779,0.00208777,9
16.9333,0.160291,-0.259102,-0.0502655,-0,-1.10017,0.000171072,0.00208627,3
16.9354,0.159848,-0.260782,-0.0502655,-0,-1.10788,0.000107817,0.00208747,6
16.9375,0.159257,-0.264144,-0.0502655,-0,-1.12221,0.000117905,0.00208685,6
16.9396,0.158739,-0.267505,-0.0502655,-0,-1.13625,0.000112365,0.00208778,6
16.9417,0.158148,-0.277029,-0.0502655,-0,-1.1728,0.000486989,0.00208691,9
16.9438,0.157483,-0.277029,-0.0502655,-0,-1.17528,0.000154472,0.00208744,3
16.9459,0.156966,-0.285432,-0.0502655,-0,-1.20751,0.000114639,0.00208683,6
16.948,0.156374,-0.283751,-0.0502655,-0,-1.20365,0.000112475,0.00208786,6
16.9501,0.155783,-0.292155,-0.0502655,-0,-1.23616,0.000117034,0.00208672,6
16.9522,0.155118,-0.293275,-0.0502655,-0,-1.24268,0.000493821,0.00208789,9
16.9543,0.154453,-0.298317,-0.0502655,-0,-1.26334,0.00017551,0.00208649,3
16.9564,0.153862,-0.43221,-0.0502655,-0,-1.74844,0.000144574,0.00208765,6
16.9585,0.153271,-0.299998,-0.0502655,-0,-1.2738,0.000122675,0.00208661,6
16.9606,0.152679,-0.308401,-0.0471239,-0.0239782,-1.35206,0.00011489,0.00208664,6
16.9627,0.152014,-0.311202,-0.0471239,-0.0320945,-1.39625,0.000527033,0.00208778,9
16.9648,0.151201,-0.317925,-0.0471239,-0.0277134,-1.40646,0.000183315,0.00208649,3
16.9669,0.15061,-0.321286,-0.0471239,-0.0139185,-1.36705,0.000106846,0.00208779,6
16.969,0.150019,-0.324647,-0.0471239,0.00648668,-1.30189,0.000105703,0.00208696,6
16.9711,0.14928,-0.337532,-0.0439823,0.0070011,-1.30146,0.000107657,0.0020879,6
16.9732,0.148615,-0.335852,-0.0439823,0.0252216,-1.2269,0.000558851,0.00208655,9
16.9753,0.147728,-0.340894,-0.0439823,0.0558216,-1.1292,0.000226273,0.00208773,3
16.9774,0.147137,-0.347056,-0.0408407,0.0700575,-1.05052,0.000105383,0.00208665,6
16.9795,0.146398,-0.345936,-0.0408407,0.103563,-0.918724,0.000107567,0.00208807,6
16.9816,0.145659,-0.362182,-0.0408407,0.149331,-0.801798,0.0001205,0.00208668,6
16.9837,0.14492,-0.366664,-0.0408407,0.201193,-0.618703,0.000638577,0.00208795,9
16.9858,0.143959,-0.362182,-0.0408407,0.253822,-0.401116,0.000280593,0.00208397,3
16.9879,0.143368,-0.360501,-0.0408407,0.302733,-0.206739,0.000109219,0.00208523,6
16.99,0.142703,-0.363863,-0.0376991,0.320304,-0.105248,0.000138714,0.00208568,6
16.9921,0.14189,-0.360501,-0.0376991,0.343571,-0.00552499,0.00010952,0.00208742,6
16.9942,0.141151,-0.360501,-0.0376991,0.367207,0.083791,0.000105503,0.00208644,6
16.9963,0.140412,-0.355459,-0.0376991,0.387007,0.176347,0.000351803,0.00208768,9
16.9984,0.139673,-0.340894,-0.0376991,0.399887,0.2763,0.000114418,0.00208389,6
17.0005,0.139008,-0.344255,-0.0376991,0.403885,0.277276,0.000122173,0.00208636,6
17.0026,0.138269,-0.339213,-0.0376991,0.398161,0.270411,0.000103449,0.00208714,6
17.0047,0.137604,-0.339213,-0.0345575,0.359015,0.163105,0.000111704,0.00208676,6
17.0068,0.136865,-0.334171,-0.0345575,0.32769,0.0565234,0.00038321,0.00208753,9
17.0089,0.136126,-0.326328,-0.0345575,0.303345,-0.0127699,0.000113077,0.00208402,6
17.011,0.135534,-0.319605,-0.0314159,0.262561,-0.101933,0.000103519,0.00208714,6
17.0131,0.134869,-0.317925,-0.0314159,0.247142,-0.158407,0.000111273,0.00208623,6
17.0152,0.134204,-0.317925,-0.0314159,0.257088,-0.122145,0.00010914,0.00208746,6
17.0173,0.133539,-0.316244,-0.0282743,0.226617,-0.189598,0.00043844,0.00208651,9
17.0194,0.1328,-0.310082,-0.0282743,0.218988,-0.199839,0.000108989,0.00207913,6
17.0215,0.132209,-0.314563,-0.0282743,0.231677,-0.168778,0.000114679,0.00208586,6
17.0236,0.131544,-0.314563,-0.0282743,0.263843,-0.0459626,0.000138062,0.00208716,6
17.0257,0.130953,-0.314563,-0.0282743,0.316328,0.15627,0.00011538,0.00208657,6
17.0278,0.130287,-0.308401,-0.0282743,0.348169,0.300046,0.000475108,0.00208768,9
17.0299,0.129548,-0.314563,-0.0282743,0.383625,0.413179,0.00011505,0.00208389,6
17.032,0.128957,-0.308401,-0.0282743,0.42438,0.591947,0.000109961,0.00208721,6
17.0341,0.128366,-0.296636,-0.0282743,0.430031,0.654189,0.000113217,0.00208619,6
17.0362,0.127775,-0.252939,-0.0282743,0.425118,0.790451,0.000103318,0.00208747,6
17.0383,0.127184,-0.316244,-0.0282743,0.411323,0.506201,0.000496386,0.00208663,9
17.0404,0.126445,-0.275348,-0.0282743,0.39145,0.573537,0.000157057,0.00208511,3
17.0425,0.126001,-0.265824,-0.0251327,0.345444,0.474684,0.000110873,0.00208579,6
17.0446,0.125484,-0.257421,-0.0251327,0.318193,0.396918,0.000117304,0.00208651,6
17.0467,0.124893,-0.256301,-0.0251327,0.269015,0.207202,0.000106695,0.00208776,6
17.0488,0.124375,-0.246217,-0.0251327,0.222169,0.0591717,0.000527784,0.00208664,9
17.0509,0.123784,-0.238374,-0.0251327,0.179055,-0.0826742,0.000176071,0.00208517,3
17.053,0.123415,-0.238374,-0.0251327,0.142199,-0.227611,0.000106475,0.00208556,6
17.0551,0.122897,-0.22997,-0.0251327,0.115243,-0.304226,0.00010931,0.00208745,6
17.0572,0.122454,-0.226609,-0.0251327,0.102954,-0.34162,0.000135197,0.00208645,6
17.0593,0.122011,-0.223248,-0.0251327,0.11122,-0.298953,0.000552088,0.00208778,9
17.0614,0.121419,-0.224928,-0.0251327,0.103563,-0.337039,0.000225933,0.00208399,3
17.0635,0.12105,-0.223248,-0.0251327,0.108169,-0.314414,0.000127463,0.00208516,6
17.0656,0.120606,-0.222127,-0.0251327,0.130082,-0.226669,0.000121792,0.00208592,6
17.0677,0.120089,-0.222127,-0.0251327,0.131706,-0.222269,0.000108709,0.00208753,6
17.0698,0.119646,-0.213724,-0.0251327,0.139822,-0.161998,0.000567637,0.00208648,9
17.0719,0.119128,-0.217085,-0.0251327,0.157795,-0.106039,0.000241431,0.0020851,3
17.074,0.118759,-0.212043,-0.0251327,0.146065,-0.13492,0.000118496,0.00208399,6
17.0761,0.118315,-0.215404,-0.0251327,0.129171,-0.214499,0.000108529,0.002087,6
17.0782,0.117872,-0.217085,-0.0251327,0.107954,-0.304855,0.000107827,0.00208653,6
17.0803,0.117429,-0.207001,-0.0251327,0.0835349,-0.365252,0.000574509,0.00208736,9
17.0824,0.116911,-0.207001,-0.0251327,0.057316,-0.469304,0.00024102,0.00208605,3
17.0845,0.116542,-0.207001,-0.0251327,0.0309792,-0.573265,0.000133333,0.00208636,6
17.0866,0.116098,-0.2042,-0.0251327,0.0064868,-0.660215,0.000108238,0.00208497,6
17.0887,0.115655,-0.208682,-0.0282743,0.0100596,-0.711761,0.000116312,0.00208592,6
17.0908,0.115212,-0.210363,-0.0282743,0.00438106,-0.741592,0.000648875,0.00208487,9
17.0929,0.114694,-0.212043,-0.0282743,-0.00438115,-0.783709,0.000291573,0.00208624,3
17.095,0.114325,-0.213724,-0.0282743,-0.0100597,-0.813265,0.00011508,0.00208705,6
17.0971,0.113881,-0.212043,-0.0282743,-0.00648692,-0.794937,0.000115561,0.0020836,6
17.0992,0.113438,-0.212043,-0.0282743,-0.0309793,-0.89199,0.000123796,0.00208644,6
17.1013,0.112995,-0.222127,-0.0282743,-0.0573161,-1.03259,0.000128896,0.00208381,6
17.1034,0.112551,-0.218766,-0.0282743,-0.083535,-1.12425,0.000287766,0.00208755,9
17.1055,0.112034,-0.223248,-0.0282743,-0.107954,-1.23745,0.000117534,0.0020864,6
17.1076,0.11159,-0.22829,-0.0282743,-0.129171,-1.33993,0.000114008,0.00208513,6
17.1097,0.111147,-0.22829,-0.0282743,-0.146065,-1.40739,0.000124798,0.0020865,6
17.1118,0.11063,-0.240054,-0.0282743,-0.157795,-1.49743,0.000108307,0.00208683,6
17.1139,0.110112,-0.249578,-0.0282743,-0.1638,-1.5571,0.000329812,0.00208533,9
17.116,0.109521,-0.249578,-0.0282743,-0.1638,-1.5593,0.000128054,0.00208743,6
17.1181,0.109078,-0.259102,-0.0282743,-0.157795,-1.57191,0.000121141,0.00208645,6
17.1202,0.108487,-0.262463,-0.0282743,-0.146065,-1.54054,0.000116032,0.00208709,6
17.1223,0.107969,-0.270866,-0.0282743,-0.129171,-1.50697,0.000114429,0.00208683,6
17.1244,0.107378,-0.278709,-0.0282743,-0.107954,-1.45481,0.000355229,0.0020796,9
17.1265,0.106713,-0.282071,-0.0282743,-0.0835349,-1.3743,0.000138733,0.00208611,6
17.1286,0.106196,-0.290474,-0.0282743,-0.0573161,-1.3044,0.000118165,0.0020865,6
17.1307,0.105604,-0.298317,-0.0282743,-0.0309792,-1.23231,0.000114549,0.00208502,6
17.1328,0.104939,-0.30504,-0.0282743,-0.00648689,-1.16363,0.000116432,0.00208651,6
17.1349,0.104274,-0.30504,-0.0282743,0.0139184,-1.08662,0.000376989,0.00208605,9
17.137,0.103535,-0.312883,-0.0282743,0.0277133,-1.06392,0.000121412,0.00208634,6
17.1391,0.103018,-0.317925,-0.0282743,0.0320944,-1.06697,0.000113948,0.00208764,6
17.1412,0.102353,-0.322967,-0.0282743,0.023978,-1.11924,0.00011483,0.00208628,6
17.1433,0.101614,-0.314563,-0.0251327,-0.023978,-1.23084,0.000114349,0.0020862,6
17.1454,0.101097,-0.187394,-0.0251327,-0.0320944,-0.805724,0.000428392,0.00208657,9
17.1475,0.10021,-0.317925,-0.0251327,-0.0277132,-1.26274,0.000113277,0.00208686,6
17.1496,0.0996185,-0.328009,-0.0251327,-0.0139183,-1.24757,0.0001149,0.00208636,6
17.1517,0.0989534,-0.326328,-0.0251327,0.00648683,-1.1645,0.000113508,0.00208667,6
17.1538,0.0982144,-0.337532,-0.0251327,0.0309792,-1.11226,0.000117104,0.00205771,6
17.1559,0.0975493,-0.335852,-0.0251327,0.057316,-1.00609,0.00044905,0.00208574,9
17.158,0.0967364,-0.345936,-0.0251327,0.0835348,-0.943361,0.000119428,0.00208621,6
17.1601,0.0961452,-0.350417,-0.0219912,0.0839757,-0.91236,0.000135017,0.00208573,6
17.1622,0.0953322,-0.353779,-0.0219912,0.0970765,-0.87648,0.000118526,0.0020862,6
17.1643,0.0946671,-0.348737,-0.0219912,0.118352,-0.777901,0.000126752,0.00208643,6
17.1664,0.0938542,-0.355459,-0.0188496,0.119899,-0.7515,0.000515572,0.00208667,9
17.1685,0.0930413,-0.363863,-0.0188496,0.138193,-0.713575,0.000169649,0.00208616,3
17.1706,0.0923762,-0.360501,-0.0188496,0.167066,-0.591461,0.000119559,0.00208761,6
17.1727,0.0916372,-0.366664,-0.015708,0.177215,-0.529259,0.000115171,0.00208526,6
17.1748,0.0908982,-0.363863,-0.015708,0.203992,-0.417604,0.000114469,0.00208734,6
17.1769,0.0900853,-0.364983,-0.015708,0.240391,-0.282894,0.00053617,0.00208644,9
17.179,0.0891246,-0.368344,-0.015708,0.280522,-0.142274,0.000161365,0.00208722,3
17.1811,0.0885334,-0.364983,-0.015708,0.319622,0.0199453,0.000122363,0.00208623,6
17.1832,0.0877943,-0.364983,-0.015708,0.354044,0.151275,0.000114289,0.00208746,6
17.1853,0.0870553,-0.363863,-0.015708,0.381266,0.2586,0.000114549,0.00208674,6
17.1874,0.0862424,-0.353779,-0.0125664,0.375909,0.318723,0.000518366,0.00208769,9
17.1895,0.0853556,-0.353779,-0.0125664,0.377531,0.321741,0.000170391,0.00208622,3
17.1916,0.0847644,-0.350417,-0.0125664,0.38361,0.355341,0.000120049,0.00208748,6
17.1937,0.0840993,-0.345936,-0.0125664,0.393024,0.405697,0.000119889,0.0020866,6
17.1958,0.0833603,-0.347056,-0.0125664,0.406053,0.449656,0.000119558,0.00208782,6
17.1979,0.0826213,-0.33081,-0.0125664,0.42438,0.576884,0.000537612,0.00208673,9
17.2,0.0818084,-0.326328,-0.0125664,0.407603,0.524676,0.000175952,0.00208685,3
17.2021,0.0812911,-0.322967,-0.0125664,0.380263,0.428379,0.00012021,0.00208651,6
17.2042,0.080626,-0.317925,-0.00942478,0.320063,0.257246,0.00011451,0.00208524,6
17.2063,0.0799609,-0.308401,-0.00942478,0.269645,0.0927353,0.000114198,0.00208586,6
17.2084,0.0792957,-0.301678,-0.00942478,0.229572,-0.0415876,0.000543583,0.00208725,9
17.2105,0.0785567,-0.299998,-0.00942478,0.201804,-0.146436,0.000198693,0.00208642,3
17.2126,0.0780394,-0.299998,-0.00628319,0.165729,-0.241233,0.000117234,0.00208649,6
17.2147,0.0774482,-0.294956,-0.00628319,0.165951,-0.224383,0.000113778,0.00208776,6
17.2168,0.076857,-0.294956,-0.00628319,0.16179,-0.24279,0.000118988,0.0020865,6
17.2189,0.0761919,-0.296636,-0.00314159,0.153807,-0.234775,0.000564682,0.00208775,9
17.221,0.0754529,-0.290474,-0.00314159,0.183804,-0.0984584,0.000206157,0.00208665,3
17.2231,0.0750095,-0.288793,-0.00314159,0.208296,0.00135387,0.000111624,0.00208759,6
17.2252,0.0744922,-0.207001,-0.00314159,0.24902,0.453044,0.000115241,0.00208442,6
17.2273,0.0738271,-0.285432,-0.00314159,0.305133,0.386268,0.000106845,0.00208767,6
17.2294,0.0732359,-0.285432,-0.00314159,0.333712,0.495389,0.000568749,0.0020789,9
17.2315,0.0724969,-0.275348,-0.00314159,0.356774,0.618836,0.000207138,0.00208722,3
17.2336,0.0720534,-0.274228,-0.00314159,0.373477,0.686286,0.000116673,0.00208663,6
17.2357,0.0714622,-0.267505,-0.00314159,0.384101,0.749713,0.000105743,0.00208722,6
17.2378,0.0709449,-0.262463,-0.00314159,0.390048,0.789137,0.000106224,0.00208687,6
17.2399,0.0703537,-0.25462,-0.00314159,0.393841,0.829998,0.000560072,0.00208791,9
17.242,0.0697625,-0.246217,-0.00314159,0.399125,0.878686,0.000195668,0.00208664,3
17.2441,0.0693191,-0.241175,-0.00314159,0.367181,0.770795,0.000114219,0.00208754,6
17.2462,0.0688757,-0.22829,-0.00314159,0.32395,0.647225,0.000106846,0.00208671,6
17.2483,0.0684323,-0.223248,-0.00314159,0.272236,0.462322,0.000105543,0.00208737,6
17.2504,0.0679889,-0.210363,-0.00314159,0.215682,0.286856,0.000538233,0.00208676,9
17.2525,0.0673977,-0.205321,-0.00314159,0.158774,0.0811751,0.000178506,0.00208608,3
17.2546,0.0671021,-0.200839,-0.00314159,0.106839,-0.106057,0.000113527,0.00208776,6
17.2567,0.0666587,-0.202519,-0.00314159,0.0660438,-0.272671,0.000106274,0.00208675,6
17.2588,0.0662153,-0.197477,-0.00314159,0.0433977,-0.344347,0.000105553,0.00208779,6
17.2609,0.0658458,-0.195797,-0.00314159,0.00326601,-0.49598,0.000528545,0.00208675,9
17.263,0.0653285,-0.197477,-0.00314159,-0.0256075,-0.616434,0.00019191,0.00208762,3
17.2651,0.0650329,-0.190755,-0.00314159,-0.0378963,-0.641155,0.00011534,0.00208654,6
17.2672,0.0645894,-0.194116,-0.00314159,-0.0277132,-0.615264,0.000106364,0.00208664,6
17.2693,0.0642199,-0.192435,-0.00314159,-0.0320943,-0.627643,0.000107306,0.0020866,6
17.2714,0.0637765,-0.200839,-0.00314159,-0.023978,-0.627987,0.000506294,0.0020879,9
17.2735,0.0633331,-0.200839,-0.00314159,-0,-0.536239,0.000166614,0.00208657,3
17.2756,0.0629636,-0.202519,-0.00314159,-0,-0.543676,0.000117845,0.00208749,6
17.2777,0.0625202,-0.199158,-0.00314159,-0,-0.533204,0.000112726,0.00208663,6
17.2798,0.0621507,-0.207001,-0.00314159,-0,-0.562866,0.000107897,0.00208558,6
17.2819,0.0617073,-0.207001,-0.00314159,-0,-0.564517,0.000533384,0.00208591,9
17.284,0.06119,-0.2042,-0.00314159,-0,-0.55634,0.000156035,0.00208742,3
17.2861,0.0608205,-0.207001,-0.00314159,-0,-0.567818,0.000116253,0.00208649,6
17.2882,0.0603771,-0.205321,-0.00314159,-0,-0.563407,0.000108007,0.00208768,6
17.2903,0.0599337,-0.210363,-0.00314159,-0,-0.583242,0.000108458,0.00208696,6
17.2924,0.0595642,-0.210363,-0.00314159,-0,-0.584618,0.000494904,0.00208759,9
17.2945,0.0590469,-0.2042,-0.00314159,-0,-0.564318,0.000144333,0.00208663,3
17.2966,0.0586774,-0.208682,-0.00314159,-0,-0.581857,0.00012588,0.00208671,6
17.2987,0.058234,-0.207001,-0.00314159,-0,-0.577446,0.000111203,0.00208762,6
17.3008,0.0577906,-0.212043,-0.00314159,-0,-0.597281,0.00010964,0.00208634,6
17.3029,0.0573472,-0.205321,-0.00314159,-0,-0.574686,0.000528075,0.00208766,9
17.305,0.0568298,-0.207001,-0.00314159,-0,-0.582673,0.000131891,0.00208655,3
17.3071,0.0564603,-0.212043,-0.00314159,-0,-0.602233,0.000108017,0.00208485,6
17.3092,0.0560169,-0.210363,-0.00314159,-0,-0.597822,0.000108749,0.00208664,6
17.3113,0.0556474,-0.2042,-0.00314159,-0,-0.576972,0.000108107,0.00208715,6
17.3134,0.055204,-0.207001,-0.00314159,-0,-0.588725,0.000466272,0.00208677,9
17.3155,0.0546867,-0.205321,-0.00314159,-0,-0.584589,0.000132562,0.00208744,3
17.3176,0.0543172,-0.212043,-0.00314159,-0,-0.610211,0.00012048,0.00208596,6
17.3197,0.0538738,-0.212043,-0.00314159,-0,-0.611861,0.000116423,0.00208528,6
17.3218,0.0534304,-0.210363,-0.00314159,-0,-0.607451,0.000117815,0.00208679,6
17.3239,0.052987,-0.212043,-0.00314159,-0,-0.615163,0.000539916,0.00208567,9
17.326,0.0524697,-0.213724,-0.00314159,-0,-0.62315,0.000123947,0.00208616,6
17.3281,0.0521002,-0.217085,-0.00314159,-0,-0.636648,0.000116893,0.00208554,6
17.3302,0.0516568,-0.222127,-0.00314159,-0,-0.656483,0.000129677,0.00208651,6
17.3323,0.0511395,-0.222127,-0.00314159,-0,-0.658409,0.000130127,0.00208502,6
17.3344,0.0506961,-0.222127,-0.00314159,-0,-0.660059,0.000450814,0.00208483,9
17.3365,0.0501788,-0.220446,-0.00314159,-0,-0.655924,0.000124868,0.00207786,6
17.3386,0.0497354,-0.22997,-0.00314159,-0,-0.691923,0.000117685,0.00208622,6
17.3407,0.0492919,-0.231651,-0.00314159,-0,-0.699635,0.000118687,0.00208644,6
17.3428,0.0488485,-0.222127,-0.00314159,-0,-0.666937,0.000118096,0.0020876,6
17.3449,0.0483312,-0.222127,-0.00314159,-0,-0.668862,0.000436086,0.00208675,9
17.347,0.0478878,-0.264144,-0.00314159,-0,-0.82205,0.000116904,0.00208617,6
17.3491,0.0473705,-0.224928,-0.00314159,-0,-0.682541,0.00012553,0.0020864,6
17.3512,0.0469271,-0.231651,-0.00314159,-0,-0.708438,0.000117424,0.00208475,6
17.3533,0.0464098,-0.22829,-0.00314159,-0,-0.69824,0.000118406,0.00208389,6
17.3554,0.0459664,-0.231651,-0.00314159,-0,-0.712014,0.000416891,0.00208756,9
17.3575,0.0453752,-0.22829,-0.00314159,-0,-0.702092,0.000117375,0.00208663,6
17.3596,0.0450057,-0.22997,-0.00314159,-0,-0.709529,0.000119779,0.00208766,6
17.3617,0.0444884,-0.22997,-0.00314159,-0,-0.711454,0.000125459,0.00208671,6
17.3638,0.044045,-0.231651,-0.00314159,-0,-0.719166,0.000133143,0.00208627,6
17.3659,0.0435277,-0.236693,-0.00314159,-0,-0.739276,0.000423323,0.00208609,9
17.368,0.0430104,-0.238374,-0.00314159,-0,-0.747264,0.000118566,0.0020877,6
17.3701,0.042567,-0.233332,-0.00314159,-0,-0.73073,0.000118567,0.00208657,6
17.3722,0.0420497,-0.241175,-0.00314159,-0,-0.760942,0.000117284,0.0020869,6
17.3743,0.0415323,-0.236693,-0.00314159,-0,-0.746704,0.000117645,0.00208659,6
17.3764,0.0410889,-0.239494,-0,-0.023978,-0.804207,0.000390483,0.00208757,9
17.3785,0.0404977,-0.244536,-0,-0.0320943,-0.856207,0.00012008,0.00208649,6
17.3806,0.0400543,-0.244536,-0,-0.0277132,-0.840792,0.000114229,0.00208688,6
17.3827,0.039537,-0.249578,-0,-0.0139183,-0.807169,0.000116943,0.00208505,6
17.3848,0.0390197,-0.251259,-0,0.00648683,-0.735675,0.000510242,0.00208376,9
17.3869,0.0383546,-0.25462,-0,0.0309792,-0.654872,0.000115822,0.00208731,3
17.389,0.0379112,-0.252939,-0,0.057316,-0.547875,0.00011532,0.00208653,6
17.3911,0.0373939,-0.256301,-0,0.0835349,-0.459797,0.000117735,0.00208786,6
17.3932,0.0368766,-0.25462,-0,0.107954,-0.360546,0.000116032,0.00208646,6
17.3953,0.0363593,-0.256301,-0,0.129171,-0.285889,0.000233526,0.00208776,9
17.3974,0.0357681,-0.262463,-0,0.146065,-0.24451,0.000126982,0.00208667,6
17.3995,0.0352508,-0.25462,-0,0.157795,-0.172459,0.000118878,0.00208783,6
17.4016,0.0347335,-0.257421,-0,0.1638,-0.161096,0.000115772,0.00208668,6
17.4037,0.0342162,-0.251259,-0,0.1638,-0.140796,0.000352043,0.00208785,9
17.4058,0.0336249,-0.246217,-0,0.157795,-0.148204,0.000128224,0.00208535,6
17.4079,0.0331076,-0.244536,0.00314159,0.122087,-0.235508,0.000119128,0.00208491,7
17.41,0.0326642,-0.247897,0.00314159,0.0970766,-0.346701,0.000116503,0.00208354,7
17.4121,0.0321469,-0.240054,0.00314159,0.0802406,-0.385918,0.000114399,0.00208592,7
17.4142,0.0316296,-0.242855,0.00314159,0.0696166,-0.439329,0.000390343,0.0020864,13
17.4163,0.0310384,-0.240054,0.00314159,0.0638029,-0.454072,0.000142049,0.00208712,6
17.4184,0.030595,-0.244536,0.00314159,0.0619584,-0.479071,0.000117225,0.00208608,7
17.4205,0.0301516,-0.239494,0.00314159,0.0638029,-0.455353,0.000118527,0.00208653,7
17.4226,0.0296343,-0.240054,0.00314159,0.0696166,-0.436654,0.000117374,0.00208763,7
17.4247,0.029117,-0.238374,0.00628319,0.0562626,-0.436885,0.000495105,0.00208647,10
17.4268,0.0285258,-0.236693,0.00628319,0.0649823,-0.39906,0.000165051,0.00208661,6
17.4289,0.0281563,-0.233332,0.00628319,0.0943739,-0.273828,0.000122634,0.00208633,7
17.431,0.027639,-0.236693,0.00628319,0.143877,-0.0950556,0.000113768,0.00208662,7
17.4331,0.0271956,-0.238374,0.00628319,0.170287,0.000104627,0.000137962,0.00208642,7
17.4352,0.0266782,-0.22997,0.00942478,0.170801,0.0781381,0.000581011,0.00208486,10
17.4373,0.026087,-0.22997,0.00942478,0.183017,0.123518,0.000254805,0.00208623,6
17.4394,0.0257175,-0.22829,0.00942478,0.201887,0.201706,0.00012053,0.00208751,7
17.4415,0.0252741,-0.224928,0.00942478,0.223207,0.295222,0.000116082,0.002085,7
17.4436,0.0247568,-0.218766,0.00942478,0.243612,0.395002,0.00011499,0.00208697,7
17.4457,0.0243134,-0.217085,0.00942478,0.260579,0.465505,0.000708103,0.00208634,10
17.4478,0.0237961,-0.207001,0.00942478,0.272427,0.546097,0.000335934,0.00208202,6
17.4499,0.0234266,-0.205321,0.00942478,0.278314,0.573715,0.000122655,0.00208648,7
17.452,0.0230571,-0.197477,0.00942478,0.278241,0.60034,0.000114889,0.00208617,7
17.4541,0.0226876,-0.192435,0.00942478,0.273048,0.596921,0.000144394,0.00208379,7
17.4562,0.0222442,-0.187394,0.00942478,0.264417,0.579837,0.000116874,0.00208772,7
17.4583,0.0218747,-0.176189,0.00942478,0.254872,0.581691,0.000418835,0.00208379,13
17.4604,0.0215791,-0.0899153,0.00942478,0.247776,0.864108,0.00013688,0.00208684,7
17.4625,0.0212096,-0.285432,0.00942478,0.247335,0.155862,0.000116202,0.00208577,7
17.4646,0.020914,-0.140335,0.00942478,0.215111,0.552553,0.000115682,0.00208675,7
17.4667,0.0206184,-0.142016,0.00942478,0.177044,0.397115,0.000130629,0.00208672,7
17.4688,0.0203228,-0.142016,0.00942478,0.135658,0.234808,0.000520271,0.00208573,10
17.4709,0.0199533,-0.125769,0.00942478,0.0940355,0.129901,0.000174619,0.00208727,6
17.473,0.0197316,-0.125769,0.00942478,0.0558217,-0.0197721,0.000115391,0.00208626,7
17.4751,0.0195099,-0.122408,0.00942478,0.0252217,-0.127666,0.000107576,0.00208691,7
17.4772,0.0192882,-0.115685,0.00942478,0.00700124,-0.175217,0.000107546,0.00208661,7
17.4793,0.0189925,-0.115685,0.00942478,0.00648685,-0.178321,0.000588795,0.00208739,10
17.4814,0.0186969,-0.117366,0.00942478,-0.0139183,-0.264964,0.000260897,0.00208583,6
17.4835,0.0184752,-0.114565,0.00942478,-0.0277132,-0.30942,0.000107377,0.00208472,7
17.4856,0.0183274,-0.104481,0.00942478,-0.0320943,-0.290667,0.000107356,0.00208692,7
17.4877,0.0180318,-0.109523,0.00942478,-0.0239779,-0.278337,0.000106505,0.00208662,7
17.4898,0.0178101,-0.107842,0.00942478,-0,-0.179703,0.000681385,0.00208685,10
17.4919,0.0175145,-0.106162,0.00942478,-0,-0.174742,0.000340742,0.00208634,6
17.494,0.0173667,-0.109523,0.00942478,-0,-0.187415,0.000119198,0.00208634,7
17.4961,0.017145,-0.109523,0.00942478,-0,-0.18824,0.000110011,0.00208655,7
17.4982,0.0169233,-0.107842,0.00942478,-0,-0.183004,0.000110101,0.0020865,7
17.5003,0.0167016,-0.106162,0.00942478,-0,-0.177768,0.000138262,0.00208521,7
17.5024,0.0164799,-0.099439,0.00942478,-0,-0.154347,0.000429324,0.0020866,13
17.5045,0.0162582,-0.0949573,0.00628319,0.023978,-0.0932586,0.0001151,0.00208554,7
17.5066,0.0161104,-0.0966379,0.00628319,0.0320944,-0.0682558,0.000106344,0.00208758,7
17.5087,0.0158887,-0.0949573,0.00628319,0.0277132,-0.0800849,0.000107797,0.00208654,7
17.5108,0.015667,-0.0882346,0.00628319,0.0139184,-0.110397,0.000105983,0.00208756,7
17.5129,0.0155192,-0.086554,0.00314159,0.0174912,-0.138618,0.000543242,0.00208663,10
17.515,0.0152975,-0.081512,0.00314159,0.00111518,-0.185045,0.00020285,0.00208725,6
17.5171,0.0151497,-0.0803915,0.00314159,-0.0296028,-0.301206,0.000116212,0.00208635,7
17.5192,0.0150019,-0.0787109,0.00314159,-0.0696165,-0.451554,0.000106023,0.00208783,7
17.5213,0.0148541,-0.0736689,0.00314159,-0.114441,-0.608517,0.000107306,0.00208683,7
17.5234,0.0147063,-0.0753496,0.00314159,-0.16015,-0.793174,0.000616025,0.00208785,10
17.5255,0.0144846,-0.0753496,0.00314159,-0.203381,-0.96239,0.000281495,0.00208635,6
17.5276,0.0143368,-0.0770302,0.00314159,-0.24133,-1.11682,0.000105944,0.00208754,7
17.5297,0.014189,-0.081512,0.00314159,-0.271754,-1.25204,0.00011497,0.00208671,7
17.5318,0.0140412,-0.0787109,0.00314159,-0.292971,-1.32513,0.000105764,0.00208751,7
17.5339,0.0138934,-0.0882346,0.00314159,-0.30386,-1.40244,0.000705789,0.00208705,10
17.536,0.0135978,-0.0966379,0.00314159,-0.30386,-1.43385,0.000397816,0.00208732,6
17.5381,0.01345,-0.104481,0.00314159,-0.292971,-1.42027,0.000107536,0.00208566,7
17.5402,0.0132283,-0.115685,0.00314159,-0.271754,-1.37887,0.000107075,0.00208782,7
17.5423,0.0129327,-0.124089,0.00314159,-0.24133,-1.29177,0.000107126,0.00208664,7
17.5444,0.012711,-0.12745,0.00314159,-0.203381,-1.1569,0.000116383,0.00208214,7
17.5465,0.0124154,-0.136974,0.00314159,-0.16015,-1.02396,0.000420668,0.00207925,13
17.5486,0.0121198,-0.138654,0.00314159,-0.114441,-0.853072,0.000107707,0.00208646,7
17.5507,0.0118242,-0.145377,0.00314159,-0.0696166,-0.703822,0.000112565,0.00208219,7
17.5528,0.0115286,-0.151539,0.00314159,-0.0296028,-0.571288,0.000111423,0.00208628,7
17.5549,0.0112329,-0.147058,-0,0.0250931,-0.390824,0.000101665,0.00208793,6
17.557,0.0109373,-0.148738,-0,0.0495855,-0.302584,0.000401553,0.00208678,9
17.5591,0.0105678,-0.147058,-0,0.0416315,-0.32888,0.000101586,0.00208732,6
17.5612,0.0102722,-0.147058,-0,0.0416315,-0.329981,0.000105142,0.00208617,6
17.5633,0.00997663,-0.147058,-0,0.0256075,-0.393497,0.000101135,0.00208805,6
17.5654,0.00968103,-0.142016,-0,-0.00700124,-0.503429,0.000489324,0.00208691,9
17.5675,0.00931152,-0.140335,-0,-0.057316,-0.694727,0.000103949,0.0020848,6
17.5696,0.00908982,-0.135293,-0,-0.0835349,-0.779494,0.000123676,0.00208614,6
17.5717,0.00879422,-0.136974,-0,-0.107954,-0.881771,0.000102397,0.00208784,6
17.5738,0.00849861,-0.138654,-0,-0.129171,-0.971577,0.00062426,0.00208654,9
17.5759,0.00812911,-0.140335,-0,-0.146065,-1.04482,0.000237775,0.00208511,3
17.578,0.0079074,-0.143696,-0,-0.157795,-1.10346,0.000108669,0.00208392,6
17.5801,0.0076118,-0.147058,-0,-0.1638,-1.14007,0.000102237,0.00208753,6
17.5822,0.0073162,-0.143696,-0,-0.1638,-1.12905,0.000110302,0.00208689,6
17.5843,0.00702059,-0.15322,-0,-0.157795,-1.14111,0.000355189,0.00208788,9
17.5864,0.00665109,-0.159943,0.00314159,-0.170043,-1.16679,0.000106815,0.00208389,7
17.5885,0.00635548,-0.166665,0.00314159,-0.161265,-1.15794,0.000116623,0.00208607,7
17.5906,0.00598598,-0.174508,0.00314159,-0.135667,-1.0879,0.000109891,0.00208782,7
17.5927,0.00561647,-0.168346,0.00314159,-0.0974533,-0.918199,0.000119488,0.00208639,7
17.5948,0.00524697,-0.17955,0.00314159,-0.0508292,-0.778376,0.000440725,0.0020876,13
17.5969,0.00480356,-0.184592,0.00314159,-0,-0.600224,0.00013671,0.00208356,7
17.599,0.00450796,-0.184592,0.00314159,0.0508292,-0.403337,0.000111253,0.00208704,7
17.6011,0.00406455,-0.190755,0.00314159,0.0974533,-0.245605,0.000116322,0.00208597,7
17.6032,0.00369505,-0.186273,0.00628319,0.111689,-0.127718,0.000144715,0.0020875,7
17.6053,0.00332554,-0.184592,0.00628319,0.129171,-0.0549367,0.00054199,0.00208672,10
17.6074,0.00288214,-0.182912,0.00628319,0.14233,0.000730004,0.000217568,0.00208495,6
17.6095,0.00251263,-0.17787,0.00628319,0.143877,0.0235642,0.000135037,0.00208383,7
17.6116,0.00221703,-0.17787,0.00628319,0.170287,0.125336,0.000106615,0.00208715,7
17.6137,0.00184752,-0.17787,0.00942478,0.170801,0.173612,0.00011516,0.00208658,7
17.6158,0.00147802,-0.163304,0.00942478,0.183017,0.27235,0.000647072,0.00208779,10
17.6179,0.00103461,-0.158262,0.00942478,0.201887,0.362386,0.00030133,0.00208359,6
17.62,0.000739011,-0.154901,0.00942478,0.223207,0.456452,0.000107907,0.00208518,7
17.6221,0.000443407,-0.158262,0.00942478,0.243612,0.52271,0.000120791,0.00208593,7
17.6242,0.000147803,-0.147058,0.00942478,0.260579,0.628111,0.000110853,0.0020874,7
17.6263,-0.000147801,-0.145377,0.00942478,0.272427,0.679221,0.000719164,0.00208677,10
17.6284,-0.000517307,-0.132492,0.00942478,0.278314,0.747248,0.000370937,0.0020795,6
17.6305,-0.000739009,-0.129131,0.00942478,0.278241,0.75826,0.00011489,0.00208419,7
17.6326,-0.000960712,-0.119047,0.00942478,0.273048,0.773575,0.000117394,0.00208611,7
17.6347,-0.00118242,-0.111204,0.00942478,0.264417,0.767419,0.000111093,0.00208752,7
17.6368,-0.00147802,-0.107842,0.00942478,0.254872,0.741261,0.000139816,0.00208643,7
17.6389,-0.00162582,-0.10112,0.00942478,0.247776,0.737318,0.000515592,0.00208767,13
17.641,-0.00184752,-0.0899153,0.00942478,0.247335,0.775186,0.000132181,0.00208384,7
17.6431,-0.00199533,-0.086554,0.00942478,0.215111,0.661241,0.000125059,0.00208712,7
17.6452,-0.00221703,-0.0770302,0.00942478,0.177044,0.546488,0.000111523,0.00208612,7
17.6473,-0.00236483,-0.0686269,0.00942478,0.135658,0.415039,0.000112055,0.00208772,7
17.6494,-0.00243873,-0.0624645,0.00942478,0.0940355,0.274864,0.000550185,0.00208671,10
17.6515,-0.00266043,-0.0635849,0.00942478,0.0558217,0.121149,0.000234248,0.00208499,6
17.6536,-0.00273434,-0.0574225,0.00942478,0.0252217,0.0239075,0.000113437,0.00208335,7
17.6557,-0.00280824,-0.0540612,0.00942478,0.00700124,-0.035216,0.000144314,0.00208709,7
17.6578,-0.00295604,-0.0473386,0.00942478,0.00648685,-0.0135238,0.000106725,0.00208041,7
17.6599,-0.00302994,-0.0473386,0.00942478,-0.0139183,-0.0932801,0.000629219,0.00208746,10
17.662,-0.00310384,-0.0445375,0.00942478,-0.0277132,-0.137186,0.000297173,0.00208375,6
17.6641,-0.00317774,-0.0378148,0.00942478,-0.0320943,-0.13028,0.000104811,0.00208518,7
17.6662,-0.00325164,-0.0310922,0.00942478,-0.0239779,-0.0746949,0.000108017,0.00208637,7
17.6683,-0.00332554,-0.0310922,0.00942478,-0,0.0184278,0.000118476,0.00208787,7
17.6704,-0.00339944,-0.0344535,0.00942478,-0,0.00602972,0.000748637,0.0020865,10
17.6725,-0.00347335,-0.0294115,0.00942478,-0,0.0239391,0.000390704,0.00208339,6
17.6746,-0.00354725,-0.0266104,0.00942478,-0,0.0337665,0.000108118,0.0020853,7
17.6767,-0.00354725,-0.0182071,0.00942478,-0,0.0640739,0.000110182,0.00208612,7
17.6788,-0.00362115,-0.0249298,0.00628319,0.023978,0.0853027,0.000103379,0.00208809,7
17.6809,-0.00362115,-0.0131652,0.00628319,0.0320944,0.159348,0.000104821,0.00208697,7
17.683,-0.00369505,-0.00980385,0.00628319,0.0277132,0.15413,0.000510022,0.00208801,10
17.6851,-0.00369505,-0.00364143,0.00628319,0.0139184,0.122623,0.000131881,0.00208386,6
17.6872,-0.00369505,-0.00700275,0.00314159,0.0174912,0.0767681,0.000103629,0.0020876,7
17.6893,-0.00369505,0.00140055,0.00314159,0.00111518,0.0432885,0.00010407,0.00208692,7
17.6914,-0.00369505,0.00924363,0.00314159,-0.0296028,-0.0480758,0.000102437,0.0020881,7
17.6935,-0.00369505,0.00644253,0.00314159,-0.0696165,-0.214038,0.00058057,0.002087,10
17.6956,-0.00369505,-0.00028011,0.00314159,-0.114441,-0.41288,0.000262429,0.00208499,6
17.6977,-0.00369505,0.00308121,0.00314159,-0.16015,-0.578803,0.000106865,0.00208408,7
17.6998,-0.00369505,-0.00532209,0.00314159,-0.203381,-0.777502,0.000103699,0.00208777,7
17.7019,-0.00369505,-0.00364143,0.00314159,-0.24133,-0.919257,0.000105663,0.00208696,7
17.704,-0.00369505,-0.00700275,-0,-0.247776,-1.00414,0.000620353,0.00208806,10
17.7061,-0.00369505,-0.00868341,-0,-0.260877,-1.06123,0.000322639,0.0020838,3
17.7082,-0.00369505,-0.00700275,-0,-0.276147,-1.11465,0.00010434,0.00208493,6
17.7103,-0.00376895,-0.0131652,-0,-0.289942,-1.19088,0.000106464,0.00208636,6
17.7124,-0.00376895,-0.0131652,-0,-0.299458,-1.22795,0.000107586,0.0020838,6
17.7145,-0.00384285,-0.0277309,-0,-0.302733,-1.29351,0.000353646,0.00208692,9
17.7166,-0.00391675,-0.0294115,-0,-0.298646,-1.28393,0.000107617,0.00208375,6
17.7187,-0.00391675,-0.0344535,-0,-0.286916,-1.25642,0.000102166,0.0020877,6
17.7208,-0.00399065,-0.0378148,-0,-0.268104,-1.19554,0.000103579,0.00208691,6
17.7229,-0.00406455,-0.0428568,-0,-0.243612,-1.1186,0.000512246,0.00208806,9
17.725,-0.00421235,-0.0456579,-0,-0.215682,-1.02046,0.000107596,0.00208379,6
17.7271,-0.00428626,-0.0506999,-0,-0.187398,-0.928753,0.000101997,0.00208753,6
17.7292,-0.00436016,-0.0523805,-0,-0.162685,-0.83883,0.000103369,0.00208673,6
17.7313,-0.00450796,-0.0523805,-0,-0.146309,-0.775593,0.000588124,0.00208824,9
17.7334,-0.00465576,-0.0574225,-0,-0.143877,-0.784853,0.00021329,0.0020838,3
17.7355,-0.00472966,-0.0540612,-0,-0.118352,-0.673582,0.00010438,0.00208512,6
17.7376,-0.00480356,-0.0540612,-0,-0.0970767,-0.590987,0.000104401,0.00208637,6
17.7397,-0.00495136,-0.0540612,-0,-0.0839758,-0.540508,0.000117284,0.00208798,6
17.7418,-0.00495136,-0.00868341,-0,-0.0835349,-0.37513,0.000321888,0.00208699,9
17.7439,-0.00502527,-0.0445375,-0,-0.057316,-0.40259,0.000105322,0.00208509,6
17.746,-0.00524697,-0.106162,-0,-0.0309792,-0.523084,0.000104922,0.00208662,6
17.7481,-0.00539477,-0.0703076,-0,-0.00648684,-0.298921,0.000102537,0.0020877,6
17.7502,-0.00554257,-0.0523805,-0,0.0139183,-0.155334,0.00043267,0.00208673,9
17.7523,-0.00569037,-0.0523805,-0,0.0277132,-0.102151,0.000110973,0.002085,6
17.7544,-0.00576428,-0.0445375,-0,0.0320943,-0.0570744,0.000103399,0.00208636,6
17.7565,-0.00583818,-0.0473386,-0,0.023978,-0.0990664,0.000105413,0.00208662,6
17.7586,-0.00591208,-0.0428568,-0,-0,-0.176575,0.000567417,0.00208838,9
17.7607,-0.00605988,-0.0411762,-0,-0,-0.171064,0.00015857,0.00208401,3
17.7628,-0.00613378,-0.0445375,-0,-0,-0.183462,0.000107156,0.00208152,6
17.7649,-0.00620768,-0.0361342,-0,-0,-0.15343,0.000107607,0.00208648,6
17.767,-0.00628158,-0.0344535,-0,-0,-0.147643,0.000103699,0.00208826,6
17.7691,-0.00635548,-0.0344535,-0,-0,-0.147919,0.00031191,0.00208715,9
17.7712,-0.00642938,-0.0344535,-0,-0,-0.148194,0.000107055,0.00208489,6
17.7733,-0.00650328,-0.0294115,-0,-0,-0.130284,0.000136229,0.00208622,6
17.7754,-0.00657719,-0.0294115,-0,-0,-0.130559,0.000104461,0.00208787,6
17.7775,-0.00657719,-0.0327729,-0,-0,-0.142682,0.000418194,0.00208668,9
17.7796,-0.00665109,-0.0294115,-0,-0,-0.130834,0.000106865,0.00208517,6
17.7817,-0.00672499,-0.0277309,-0,-0,-0.125048,0.000108368,0.00208628,6
17.7838,-0.00679889,-0.0277309,-0,-0,-0.125323,0.000104571,0.002088,6
17.7859,-0.00687279,-0.0198878,-0,-0,-0.0973113,0.000534056,0.00208707,9
17.788,-0.00687279,-0.0215685,-0,-0,-0.103373,0.000106765,0.00208512,6
17.7901,-0.00694669,-0.0182071,-0,-0,-0.091525,0.000108137,0.00208603,6
17.7922,-0.00694669,-0.0182071,-0,-0,-0.091525,0.00010418,0.00208799,6
17.7943,-0.00702059,-0.0182071,-0,-0,-0.0918001,0.000105342,0.00208692,6
17.7964,-0.00702059,-0.0131652,-0.00314159,0.023978,-0.0278659,0.000337867,0.00206948,9
17.7985,-0.00702059,-0.0131652,-0.00314159,0.0320943,0.00374857,0.000103889,0.00208528,6
17.8006,-0.00709449,-0.00700275,-0.00314159,0.0277132,0.0086337,0.00010405,0.00208663,6
17.8027,-0.00709449,-0.00700275,-0.00314159,0.0139183,-0.0450994,0.000101095,0.00208786,6
17.8048,-0.00709449,0.00140055,-0.00314159,-0.00648684,-0.0942732,0.000105052,0.0020871,6
17.8069,-0.00709449,0.00308121,-0.00314159,-0.0309792,-0.183613,0.000364736,0.0020882,9
17.809,-0.00709449,0.00308121,-0.00314159,-0.057316,-0.286199,0.000107086,0.00208397,6
17.8111,-0.00709449,0.00308121,-0.00314159,-0.0835349,-0.388326,0.000102848,0.00208766,6
17.8132,-0.00702059,0.00476187,-0.00314159,-0.107954,-0.477105,0.000105182,0.0020867,6
17.8153,-0.00709449,-0.00532209,-0.00314159,-0.129171,-0.596393,0.000102447,0.00208805,6
17.8174,-0.00709449,-0.00196077,-0.00314159,-0.146065,-0.650075,0.000335663,0.00208738,9
17.8195,-0.00709449,-0.00028011,-0.00314159,-0.157795,-0.689703,0.00010402,0.00208521,6
17.8216,-0.00709449,-0.0114845,-0.00314159,-0.1638,-0.753504,0.000106675,0.00208644,6
17.8237,-0.00709449,-0.00532209,-0.00314159,-0.1638,-0.731279,0.000102747,0.00208789,6
17.8258,-0.00709449,-0.00028011,-0.00628319,-0.133817,-0.643953,0.00010418,0.002087,6
17.8279,-0.00709449,-0.00364143,-0.00628319,-0.113971,-0.578772,0.000348006,0.00208838,9
17.83,-0.00709449,-0.00364143,-0.00628319,-0.101458,-0.530032,0.000106835,0.00208411,6
17.8321,-0.00709449,0.00140055,-0.00628319,-0.0940355,-0.482937,0.000102447,0.00208745,6
17.8342,-0.00709449,-0.00532209,-0.00628319,-0.0900218,-0.491549,0.00010368,0.0020866,6
17.8363,-0.00709449,0.00140055,-0.00628319,-0.0882953,-0.460578,0.000114219,0.00208798,6
17.8384,-0.00709449,-0.00196077,-0.00628319,-0.0882953,-0.472701,0.000338398,0.00208662,9
17.8405,-0.00709449,-0.00532209,-0.00628319,-0.0900218,-0.491549,0.000105503,0.00208425,6
17.8426,-0.00709449,-0.00028011,-0.00628319,-0.0940355,-0.488998,0.000104371,0.0020875,6
17.8447,-0.00709449,-0.00196077,-0.00628319,-0.101458,-0.523971,0.000105793,0.00208687,6
17.8468,-0.00709449,0.00140055,-0.00628319,-0.113971,-0.560588,0.000102477,0.00208795,6
17.8489,-0.00709449,0.00140055,-0.00942478,-0.109839,-0.592142,0.000363283,0.0020872,9
17.851,-0.00709449,-0.00364143,-0.00942478,-0.131706,-0.695501,0.000105122,0.00208511,6
17.8531,-0.00709449,-0.00364143,-0.00942478,-0.136087,-0.712566,0.000106444,0.00208615,6
17.8552,-0.00709449,-0.00196077,-0.00942478,-0.143877,-0.736847,0.000102317,0.00208787,6
17.8573,-0.00716839,-0.00364143,-0.00942478,-0.152552,-0.776975,0.0001039,0.00208719,6
17.8594,-0.00716839,-0.00364143,-0.00942478,-0.16015,-0.806571,0.000364105,0.0020882,9
17.8615,-0.00716839,-0.00868341,-0.00942478,-0.16527,-0.844698,0.000107617,0.00208412,6
17.8636,-0.00716839,-0.0114845,-0.00942478,-0.16707,-0.861811,0.000103479,0.00208761,6
17.8657,-0.00724229,-0.0131652,-0.00942478,-0.16527,-0.861137,0.000105032,0.00208105,6
17.8678,-0.00724229,-0.0131652,-0.00942478,-0.16015,-0.841195,0.000102087,0.00208786,6
17.87,-0.00724229,-0.0165265,-0.00942478,-0.152552,-0.823721,0.00035602,0.00208707,9
17.8721,-0.0073162,-0.0198878,-0.00942478,-0.143877,-0.802328,0.00010385,0.00208523,6
17.8742,-0.0073901,-0.0198878,-0.00942478,-0.136087,-0.772261,0.000104571,0.00208623,6
17.8763,-0.0073901,-0.0294115,-0.00942478,-0.131706,-0.789544,0.000127212,0.00208798,6
17.8784,-0.007464,-0.0232491,-0.00942478,-0.133817,-0.775817,0.000106635,0.00208684,6
17.8805,-0.0075379,-0.0232491,-0.00942478,-0.146065,-0.8238,0.000345151,0.00208283,9
17.8826,-0.0075379,-0.0310922,-0.00942478,-0.129171,-0.786282,0.000104511,0.00208507,6
17.8847,-0.0076118,-0.0266104,-0.00942478,-0.107954,-0.687749,0.000106495,0.00208633,6
17.8868,-0.0076857,-0.0310922,-0.00942478,-0.0835349,-0.609073,0.000102858,0.00208808,6
17.8889,-0.0077596,-0.0327729,-0.00942478,-0.057316,-0.513283,0.000104371,0.00208707,6
17.891,-0.0078335,-0.0361342,-0.00942478,-0.0309792,-0.423095,0.00035551,0.00208854,9
17.8931,-0.0079074,-0.0378148,-0.00942478,-0.00648685,-0.33403,0.000107517,0.00208345,6
17.8952,-0.0079813,-0.0310922,-0.00942478,0.0139183,-0.230578,0.000102898,0.00208772,6
17.8973,-0.0080552,-0.0327729,-0.00942478,0.0277132,-0.183182,0.00010418,0.00208712,6
17.8994,-0.00812911,-0.0310922,-0.00942478,0.0320943,-0.16033,0.000102417,0.00208799,6
17.9015,-0.00812911,-0.0249298,-0.00942478,0.0239779,-0.169719,0.000357303,0.00208701,9
17.9036,-0.00820301,-0.0215685,-0.00942478,-0,-0.251269,0.000107236,0.002085,6
17.9057,-0.00827691,-0.0215685,-0.00942478,-0,-0.251544,0.000107686,0.00208605,6
17.9078,-0.00827691,-0.0165265,-0.00942478,-0,-0.23336,0.000104701,0.00208766,6
17.9099,-0.00835081,-0.0232491,-0.00942478,-0,-0.257881,0.000124077,0.0020867,6
17.912,-0.00835081,-0.0131652,-0.00942478,-0,-0.221512,0.00035631,0.00208795,9
17.9141,-0.00842471,-0.0148458,-0.00942478,-0,-0.227848,0.000108869,0.00208392,6
17.9162,-0.00842471,-0.0165265,-0.00942478,-0,-0.23391,0.000105363,0.00208739,6
17.9183,-0.00842471,-0.0114845,-0.00942478,-0,-0.215725,0.000108088,0.00208656,6
17.9204,-0.00849861,-0.00980385,-0.00942478,-0,-0.209939,0.00010978,0.00208788,6
17.9225,-0.00849861,-0.00980385,-0.00942478,-0,-0.209939,0.000353165,0.00208685,9
17.9246,-0.00849861,-0.00700275,-0.00942478,-0,-0.199837,0.000109961,0.00208392,6
17.9267,-0.00857251,-0.00700275,-0.00942478,-0,-0.200112,0.000105052,0.00208753,6
17.9288,-0.00857251,-0.00364143,-0.00942478,-0,-0.187989,0.000105853,0.00208686,6
17.9309,-0.00857251,-0.00364143,-0.00942478,-0,-0.187989,0.000104631,0.00208829,6
17.933,-0.00857251,-0.00028011,-0.00942478,-0,-0.175866,0.000358675,0.00208667,9
17.9351,-0.00857251,0.00140055,-0.00942478,-0,-0.169804,0.000106575,0.00208509,6
17.9372,-0.00857251,0.00308121,-0.00942478,-0,-0.163743,0.000107947,0.00208608,6
17.9393,-0.00857251,0.00476187,-0.00942478,-0,-0.157681,0.000103509,0.00208782,6
17.9414,-0.00857251,0.00140055,-0.00942478,-0,-0.169804,0.000107577,0.00208672,6
17.9435,-0.00857251,0.00308121,-0.00942478,-0,-0.163743,0.000379212,0.00208796,9
17.9456,-0.00857251,-0.00196077,-0.00942478,-0,-0.181927,0.000111013,0.00208393,6
17.9477,-0.00857251,-0.00028011,-0.00942478,-0,-0.175866,0.000104992,0.00208754,6
17.9498,-0.00857251,-0.00196077,-0.00942478,-0,-0.181927,0.000108288,0.00208643,6
17.9519,-0.00857251,-0.00196077,-0.00942478,-0,-0.181927,0.00010376,0.00207528,6
17.954,-0.00857251,0.00140055,-0.0125664,0.0239779,-0.124055,0.00037206,0.00208705,9
17.9561,-0.00857251,-0.00364143,-0.0125664,0.0320943,-0.110625,0.000104171,0.00208506,6
17.9582,-0.00857251,0.00476187,-0.0125664,0.0277131,-0.0973825,0.000106365,0.00208605,6
17.9603,-0.00857251,-0.00028011,-0.0125664,0.0139183,-0.1693,0.000101816,0.00208807,6
17.9624,-0.00857251,-0.00028011,-0.0125664,-0.00648689,-0.248781,0.00010368,0.00209638,6
17.9645,-0.00857251,0.00308121,-0.0125664,-0.0309793,-0.33206,0.000367111,0.00208697,9
17.9666,-0.00857251,0.00308121,-0.0125664,-0.0573161,-0.434646,0.00010409,0.00208518,6
17.9687,-0.00857251,-0.00028011,-0.0125664,-0.083535,-0.548895,0.000105663,0.00208069,6
17.9708,-0.00857251,-0.00028011,-0.0125664,-0.107954,-0.644011,0.000101776,0.00208795,6
17.9729,-0.00857251,0.00140055,-0.0125664,-0.129171,-0.720593,0.000105723,0.00208665,6
17.975,-0.00857251,0.00140055,-0.0125664,-0.146065,-0.786398,0.000375175,0.00208809,9
17.9771,-0.00857251,-0.00364143,-0.0125664,-0.157795,-0.850273,0.000105372,0.00208393,6
17.9792,-0.00857251,-0.00028011,-0.0125664,-0.1638,-0.861541,0.000104371,0.00208731,6
17.9813,-0.00857251,-0.00700275,-0.0125664,-0.1638,-0.885787,0.000106284,0.00208673,6
17.9834,-0.00857251,-0.00700275,-0.0125664,-0.157795,-0.862396,0.000101996,0.00208817,6
17.9855,-0.00857251,-0.00868341,-0.0125664,-0.146065,-0.822767,0.000379974,0.00208712,9
17.9876,-0.00864641,-0.00980385,-0.0125664,-0.129171,-0.761278,0.00010425,0.0020852,6
17.9897,-0.00864641,-0.0148458,-0.0125664,-0.107954,-0.696818,0.000106414,0.00208605,6
17.9918,-0.00864641,-0.0131652,-0.0125664,-0.083535,-0.595642,0.000102116,0.00208784,6
17.9939,-0.00872032,-0.0165265,-0.0125664,-0.0573161,-0.505913,0.000103649,0.00208702,6
17.996,-0.00872032,-0.0215685,-0.0125664,-0.0309793,-0.421512,0.000386266,0.0020882,9
17.9981,-0.00879421,-0.0215685,-0.0125664,-0.00648688,-0.326385,0.000107116,0.00208399,6
18.0002,-0.00879421,-0.0215685,-0.0125664,0.0139183,-0.246904,0.000103198,0.00208749,6
18.0023,-0.00886812,-0.0182071,-0.0125664,0.0277132,-0.181323,0.00010401,0.00208667,6
18.0044,-0.00894202,-0.0182071,-0.0125664,0.0320943,-0.164533,0.000119598,0.00208804,6
18.0065,-0.00894202,-0.0182071,-0.0125664,0.023978,-0.196147,0.000382078,0.00208658,9
18.0086,-0.00901592,-0.0148458,-0.0125664,-0,-0.277697,0.000108738,0.00208411,6
18.0107,-0.00901592,-0.0148458,-0.0125664,-0,-0.277697,0.000104701,0.0020871,6
18.0128,-0.00901592,-0.0114845,-0.0125664,-0,-0.265574,0.000135177,0.0020867,6
18.0149,-0.00901592,-0.0114845,-0.0125664,-0,-0.265574,0.000105443,0.00208798,6
18.017,-0.00908982,-0.00980385,-0.0125664,-0,-0.259788,0.000392727,0.00208687,9
18.0191,-0.00908982,-0.00700275,-0.0125664,-0,-0.249685,0.000107086,0.00208486,6
18.0212,-0.00908982,-0.00700275,-0.0125664,-0,-0.249685,0.000107496,0.0020862,6
18.0233,-0.00908982,-0.00196077,-0.0125664,-0,-0.231501,0.000105172,0.00208769,6
18.0254,-0.00908982,-0.00532209,-0.0125664,-0,-0.243624,0.000108729,0.00208667,6
18.0275,-0.00908982,-0.00196077,-0.0125664,-0,-0.231501,0.000403908,0.00208782,9
18.0296,-0.00916372,-0.00028011,-0.0125664,-0,-0.225715,0.000109139,0.00208393,6
18.0317,-0.00916372,-0.00196077,-0.0125664,-0,-0.231776,0.000105643,0.00208742,6
18.0338,-0.00916372,-0.00028011,-0.0125664,-0,-0.225715,0.000108528,0.00208659,6
18.0359,-0.00916372,0.00308121,-0.0125664,-0,-0.213592,0.000104491,0.00208813,6
18.038,-0.00916372,0.00140055,-0.0125664,-0,-0.219653,0.000477943,0.00208704,9
18.0401,-0.00916372,-0.00028011,-0.0125664,-0,-0.225715,0.000107256,0.00208501,6
18.0422,-0.00916372,-0.00196077,-0.0125664,-0,-0.231776,0.000108398,0.0020859,6
18.0443,-0.00916372,-0.00028011,-0.0125664,-0,-0.225715,0.000104,0.00208782,6
18.0464,-0.00916372,-0.00028011,-0.0125664,-0,-0.225715,0.000121431,0.0020869,6
18.0485,-0.00916372,-0.00028011,-0.0125664,-0,-0.225715,0.000399911,0.00208673,9
18.0506,-0.00916372,0.00476187,-0.0125664,-0,-0.20753,0.000107517,0.00208498,6
18.0527,-0.00908982,0.00140055,-0.0125664,-0,-0.219378,0.000108678,0.00208606,6
18.0548,-0.00908982,0.00140055,-0.0125664,-0,-0.219378,0.000105342,0.0020878,6
18.0569,-0.00916372,-0.00532209,-0.0125664,-0,-0.243899,0.000107527,0.00208673,6
18.059,-0.00916372,-0.00196077,-0.0125664,-0,-0.231776,0.000477973,0.00208818,9
18.0611,-0.00916372,-0.00028011,-0.0125664,-0,-0.225715,0.000108458,0.00208376,6
18.0632,-0.00916372,-0.00028011,-0.0125664,-0,-0.225715,0.000104511,0.00208736,6
18.0653,-0.00916372,0.00308121,-0.0125664,-0,-0.213592,0.000108508,0.00208626,6
18.0674,-0.00916372,-0.00028011,-0.0125664,-0,-0.225715,0.00010404,0.00208814,6
18.0695,-0.00908982,-0.00196077,-0.0125664,-0,-0.231501,0.000403697,0.00208713,9
18.0716,-0.00916372,-0.00364143,-0.0125664,-0,-0.237838,0.000106364,0.00208502,6
18.0737,-0.00908982,-0.00196077,-0.0125664,-0,-0.231501,0.000108919,0.00208036,6
18.0758,-0.00916372,-0.00364143,-0.0125664,-0,-0.237838,0.00010381,0.0020877,6
18.0779,-0.00916372,-0.00700275,-0.0125664,-0,-0.249961,0.000105463,0.0020869,6
18.08,-0.00916372,-0.00028011,-0.0125664,-0,-0.225715,0.000516253,0.00208825,9
18.0821,-0.00916372,-0.00364143,-0.0125664,-0,-0.237838,0.000107987,0.00208375,6
18.0842,-0.00908982,0.00308121,-0.0125664,-0,-0.213317,0.000105373,0.00208746,6
18.0863,-0.00908982,0.00140055,-0.0125664,-0,-0.219378,0.000105913,0.00208686,6
18.0884,-0.00916372,-0.00532209,-0.0125664,-0,-0.243899,0.000113938,0.00208791,6
18.0905,-0.00908982,-0.00196077,-0.0125664,-0,-0.231501,0.000420528,0.00208705,9
18.0926,-0.00908982,0.00308121,-0.0125664,-0,-0.213317,0.000108188,0.00208383,6
18.0947,-0.00916372,-0.00028011,-0.00942478,-0.023978,-0.271465,0.000102597,0.00208759,6
18.0968,-0.00916372,-0.00196077,-0.00942478,-0.0320944,-0.30914,0.000103779,0.00208677,6
18.0989,-0.00908982,-0.00028011,-0.00942478,-0.0277132,-0.285739,0.000101546,0.00208816,6
18.101,-0.00916372,-0.00364143,-0.00942478,-0.0139184,-0.244404,0.000469959,0.00208697,9
18.1031,-0.00916372,-0.00196077,-0.00942478,0.0064868,-0.158861,0.000104711,0.00208506,6
18.1052,-0.00916372,0.00140055,-0.00942478,0.0309792,-0.0513363,0.000104501,0.00208648,6
18.1073,-0.00916372,0.00308121,-0.00942478,0.057316,0.0573112,0.000101726,0.00208799,6
18.1094,-0.00916372,-0.00196077,-0.00942478,0.0835349,0.141253,0.000105522,0.00208691,6
18.1115,-0.00908982,0.00308121,-0.00942478,0.107954,0.254828,0.000432781,0.00208799,9
18.1136,-0.00908982,0.00308121,-0.00942478,0.129171,0.337472,0.000122293,0.00208397,6
18.1157,-0.00908982,-0.00196077,-0.00942478,0.146065,0.385093,0.000103369,0.00208763,6
18.1178,-0.00908982,0.00476187,-0.00942478,0.157795,0.455029,0.000106625,0.00208678,6
18.1199,-0.00908982,0.00644253,-0.00942478,0.1638,0.484481,0.000102758,0.00208817,6
18.122,-0.00908982,0.00476187,-0.00942478,0.1638,0.47842,0.000468305,0.00208703,9
18.1241,-0.00908982,0.00812319,-0.00942478,0.157795,0.467152,0.000104671,0.00208478,6
18.1262,-0.00908982,0.00812319,-0.00942478,0.146065,0.421462,0.000106845,0.0020855,6
18.1283,-0.00908982,0.00812319,-0.00942478,0.129171,0.355657,0.000102297,0.00208781,6
18.1304,-0.00901592,0.00644253,-0.00942478,0.107954,0.267226,0.000103739,0.0020871,6
18.1325,-0.00901592,0.00924363,-0.00942478,0.0835349,0.182213,0.00042724,0.00208195,9
18.1346,-0.00901592,0.00644253,-0.00942478,0.057316,0.0699843,0.00010433,0.00208504,6
18.1367,-0.00901592,0.00308121,-0.00942478,0.0309792,-0.0447245,0.000104732,0.0020867,6
18.1388,-0.00901592,0.00812319,-0.00942478,0.00648685,-0.121942,0.000101725,0.0020881,6
18.1409,-0.00901592,0.00140055,-0.00942478,-0.0139183,-0.225669,0.000105223,0.00208699,6
18.143,-0.00894202,0.00476187,-0.00942478,-0.0277132,-0.267004,0.000469979,0.00208799,9
18.1451,-0.00894202,0.00644253,-0.00942478,-0.0320943,-0.278008,0.000105733,0.00208404,6
18.1472,-0.00894202,0.00308121,-0.00942478,-0.023978,-0.258516,0.000118155,0.00208729,6
18.1493,-0.00894202,-0.00196077,-0.00942478,-0,-0.183303,0.000109801,0.00208659,6
18.1514,-0.00901592,-0.00532209,-0.00628319,-0.023978,-0.241451,0.000103018,0.00208777,6
18.1535,-0.00894202,0.00140055,-0.00628319,-0.0320944,-0.248544,0.000450233,0.00208697,9
18.1556,-0.00901592,-0.00532209,-0.00628319,-0.0277132,-0.256,0.000105273,0.0020851,6
18.1577,-0.00901592,0.00140055,-0.00628319,-0.0139184,-0.178021,0.000147059,0.00208621,6
18.1598,-0.00901592,-0.00028011,-0.00628319,0.00648679,-0.104601,0.000102757,0.0020878,6
18.1619,-0.00901592,-0.00196077,-0.00628319,0.0309792,-0.015261,0.000105563,0.00208681,6
18.164,-0.00901592,-0.00028011,-0.00628319,0.057316,0.0933864,0.00046522,0.00208807,9
18.1661,-0.00894202,0.00308121,-0.00628319,0.0835349,0.207911,0.000105492,0.00208397,6
18.1682,-0.00901592,-0.00196077,-0.00628319,0.107954,0.284567,0.000102447,0.00208732,6
18.1703,-0.00894202,-0.00028011,-0.00628319,0.129171,0.373548,0.0001041,0.00208683,6
18.1724,-0.00894202,0.00140055,-0.00628319,0.146065,0.445414,0.000109871,0.00208248,6
18.1745,-0.00894202,0.00476187,-0.00628319,0.157795,0.503227,0.000434704,0.00208683,9
18.1766,-0.00894202,0.00140055,-0.00628319,0.1638,0.514495,0.000106044,0.00208421,6
18.1787,-0.00894202,0.00140055,-0.00628319,0.1638,0.514495,0.000102527,0.00208771,6
18.1808,-0.00894202,0.00476187,-0.00628319,0.157795,0.503227,0.000118546,0.00208697,6
18.1829,-0.00894202,0.00476187,-0.00314159,0.122087,0.411787,0.000102858,0.00208797,6
18.185,-0.00894202,0.00308121,-0.00314159,0.0970766,0.308306,0.000469468,0.00208686,9
18.1871,-0.00894202,0.00644253,-0.00314159,0.0802406,0.25485,0.000104641,0.00208508,6
18.1892,-0.00894202,0.00308121,-0.00314159,0.0696166,0.201345,0.000105132,0.00208629,6
18.1913,-0.00894202,0.00308121,-0.00314159,0.0638029,0.1787,0.000102296,0.002088,6
18.1934,-0.00886812,0.00476187,-0.00314159,0.0619584,0.177852,0.000105332,0.00208669,6
18.1955,-0.00894202,-0.00196077,-0.00314159,0.0638029,0.160516,0.000452136,0.00208808,9
18.1976,-0.00894202,-0.00196077,-0.00314159,0.0696166,0.183161,0.000106515,0.00208408,6
18.1997,-0.00894202,-0.00196077,-0.00314159,0.0802406,0.224543,0.000102227,0.00208773,6
18.2018,-0.00894202,-0.00532209,-0.00314159,0.0970766,0.277999,0.000105403,0.00208686,6
18.2039,-0.00894202,0.00308121,-0.00314159,0.122087,0.405726,0.000101966,0.00208799,6
18.206,-0.00894202,0.00476187,-0.00314159,0.157795,0.550875,0.000463407,0.00208706,9
18.2081,-0.00894202,0.00308121,-0.00314159,0.1638,0.568205,0.00010429,0.00208509,6
18.2102,-0.00886812,0.00644253,-0.00314159,0.1638,0.580603,0.000106084,0.00208624,6
18.2123,-0.00886812,-0.00700275,-0.00314159,0.157795,0.50872,0.000101656,0.00208807,6
18.2144,-0.00886812,0.00140055,-0.00314159,0.146065,0.493337,0.000103328,0.00208709,6
18.2165,-0.00886812,0.00140055,-0.00314159,0.129171,0.427532,0.000412323,0.00207788,9
18.2186,-0.00886812,0.00924363,-0.00314159,0.107954,0.373175,0.000104501,0.00208525,6
18.2207,-0.00886812,0.00476187,-0.00314159,0.0835349,0.261896,0.000104792,0.00208655,6
18.2228,-0.00886812,0.00812319,-0.00314159,0.057316,0.171892,0.000102618,0.00208766,6
18.2249,-0.00886812,0.00644253,-0,0.00700122,0.0174952,0.000104861,0.00208677,6
18.227,-0.00886812,0.00140055,-0,-0.0256075,-0.127705,0.000298204,0.00208318,9
18.2291,-0.00886812,-0.00196077,-0,-0.0416315,-0.202244,0.000105693,0.00208389,6
18.2312,-0.00886812,-0.00364143,-0,-0.0416315,-0.208306,0.000102407,0.00208768,6
18.2333,-0.00886812,-0.00196077,-0,-0.0256075,-0.139828,0.000105513,0.0020867,6
18.2354,-0.00886812,-0.00532209,-0,0.00700124,-0.0249352,0.000427,0.00208817,9
18.2375,-0.00886812,-0.00532209,-0,0.057316,0.171049,0.000105653,0.00208389,6
18.2396,-0.00886812,-0.00028011,-0,0.0835349,0.29136,0.000102067,0.00208764,6
18.2417,-0.00886812,0.00140055,-0,0.107954,0.392536,0.000105453,0.00208643,6
18.2438,-0.00886812,0.00140055,-0,0.129171,0.475181,0.000557408,0.00208816,9
18.2459,-0.00886812,-0.00196077,-0,0.146065,0.528863,0.000137311,0.00208395,3
18.248,-0.00886812,0.00308121,-0,0.157795,0.592737,0.000102176,0.00208761,6
18.2501,-0.00886812,-0.00028011,-0,0.1638,0.604005,0.000134405,0.00208694,6
18.2522,-0.00886812,-0.00028011,-0,0.1638,0.604005,0.000101936,0.00208795,6
18.2543,-0.00886812,0.00140055,-0,0.157795,0.586676,0.000282786,0.00208723,9
18.2564,-0.00886812,0.00476187,-0,0.146065,0.553109,0.000122003,0.00208503,6
18.2585,-0.00879421,0.00140055,-0,0.129171,0.475456,0.000103158,0.00208617,6
18.2606,-0.00879421,-0.00028011,-0,0.107954,0.38675,0.000103649,0.00208717,6
18.2627,-0.00879421,0.00476187,-0,0.0835349,0.309819,0.000396765,0.00208783,9
18.2648,-0.00879421,-0.00196077,-0,0.057316,0.183447,0.000107276,0.00208379,6
18.2669,-0.00879421,0.00140055,0.00314159,0.00700123,0.047234,0.00010374,0.00208756,7
18.269,-0.00879421,0.00476187,0.00314159,-0.0256075,-0.067659,0.000105002,0.00208697,7
18.2711,-0.00879421,-0.00028011,0.00314159,-0.0416315,-0.148259,0.000102346,0.00208822,7
18.2732,-0.00879421,-0.00028011,0.00314159,-0.0416315,-0.148259,0.000428352,0.00208684,13
18.2753,-0.00879421,-0.00028011,0.00314159,-0.0256075,-0.0858434,0.00012575,0.00208167,6
18.2774,-0.00879421,-0.00364143,0.00314159,0.00700123,0.0290496,0.000106765,0.00208053,7
18.2795,-0.00879421,-0.00196077,0.00314159,0.057316,0.231095,0.000102748,0.00208776,7
18.2816,-0.00879421,-0.00196077,0.00314159,0.0835349,0.333222,0.000106184,0.00208697,7
18.2837,-0.00879421,-0.00196077,0.00314159,0.107954,0.428337,0.000526411,0.00208785,10
18.2858,-0.00879421,-0.00028011,0.00628319,0.105193,0.471293,0.000199615,0.00208407,6
18.2879,-0.00879421,0.00140055,0.00628319,0.113971,0.511545,0.000105933,0.00208519,7
18.29,-0.00879421,-0.00028011,0.00628319,0.130082,0.568238,0.000111523,0.00208631,7
18.2921,-0.00879421,0.00140055,0.00628319,0.149882,0.651424,0.000103379,0.00208801,7
18.2942,-0.00879421,-0.00028011,0.00628319,0.170287,0.724844,0.000619682,0.00208691,10
18.2963,-0.00879421,0.00644253,0.00628319,0.188774,0.8211,0.00031207,0.0020851,6
18.2984,-0.00879421,0.00644253,0.00942478,0.179403,0.832247,0.000105864,0.00208402,7
18.3005,-0.00872032,0.0109243,0.00942478,0.180612,0.853393,0.000105452,0.00207907,7
18.3026,-0.00872032,0.0159663,0.00942478,0.188194,0.901114,0.00010354,0.00208792,7
18.3047,-0.00864641,0.0193276,0.00942478,0.198788,0.954774,0.000749779,0.00208675,10
18.3068,-0.00864641,0.0226889,0.00942478,0.209868,1.01006,0.00037234,0.00208508,6
18.3089,-0.00857251,0.0243696,0.00942478,0.219753,1.0549,0.000107356,0.00208402,7
18.311,-0.00857251,0.0210082,0.00942478,0.227603,1.07335,0.000103339,0.0020877,7
18.3131,-0.00849861,0.0271707,0.00942478,0.233417,1.1185,0.00010379,0.00208686,7
18.3152,-0.00842471,0.0338933,0.00942478,0.238036,1.16101,0.000102117,0.0020882,7
18.3173,-0.00835081,0.0406159,0.00942478,0.243142,1.20542,0.000450242,0.00208705,10
18.3194,-0.00820301,0.0422966,0.00942478,0.251258,1.24364,0.000107066,0.00208512,7
18.3215,-0.00812911,0.0501397,0.00942478,0.265749,1.32865,0.000105944,0.00208674,7
18.3236,-0.0080552,0.053501,0.00942478,0.247335,1.26932,0.000103759,0.00208794,7
18.3257,-0.0079074,0.0568623,0.0125664,0.197138,1.13412,0.000106325,0.00208681,7
18.3278,-0.0077596,0.0647054,0.0125664,0.15668,1.00537,0.000648815,0.00208815,10
18.3299,-0.0076118,0.0697474,0.0125664,0.124839,0.900075,0.000265034,0.00208396,6
18.332,-0.007464,0.071428,0.0125664,0.101334,0.815134,0.000105383,0.00208529,7
18.3341,-0.0073162,0.0798313,0.0125664,0.0867275,0.789096,0.000106905,0.00208636,7
18.3362,-0.00716839,0.0731087,0.0125664,0.0824198,0.748621,0.000102237,0.00208789,7
18.3383,-0.00702059,0.0798313,0.0125664,0.0906541,0.805491,0.000652802,0.00208701,10
18.3404,-0.00679889,0.0809518,0.0125664,0.114514,0.903296,0.000325735,0.00208522,6
18.3425,-0.00665109,0.0843131,0.0125664,0.114441,0.915683,0.000105633,0.002084,7
18.3446,-0.00650328,0.0859937,0.0125664,0.115253,0.925457,0.000105773,0.00208644,7
18.3467,-0.00628158,0.0876744,0.0125664,0.118352,0.944416,0.000102257,0.00208799,7
18.3488,-0.00613378,0.094397,0.0125664,0.125701,0.997837,0.00010422,0.00208706,7
18.3509,-0.00591208,0.094397,0.0125664,0.139822,1.05367,0.000398538,0.00208828,13
18.353,-0.00569037,0.0988788,0.0125664,0.1638,1.16405,0.000132583,0.00208397,7
18.3551,-0.00546867,0.0988788,0.0125664,0.157795,1.14149,0.00010397,0.00208778,7
18.3572,-0.00517307,0.193556,0.0125664,0.146065,1.43836,0.000105423,0.00208667,7
18.3593,-0.00495136,0.0159663,0.0125664,0.129171,0.732886,0.000102978,0.00208768,7
18.3614,-0.00480356,0.114005,0.0125664,0.107954,1.00438,0.000497759,0.0020869,10
18.3635,-0.00450796,0.115125,0.0125664,0.083535,0.914405,0.000146157,0.00208493,6
18.3656,-0.00428626,0.118486,0.0125664,0.0573161,0.825227,0.000105723,0.00208623,7
18.3677,-0.00406455,0.123528,0.0125664,0.0309793,0.74165,0.000102788,0.002088,7
18.3698,-0.00376895,0.130251,0.0125664,0.00648688,0.671595,0.000106114,0.00208694,7
18.3719,-0.00347335,0.131932,0.0125664,-0.0139183,0.599276,0.000606268,0.00208834,10
18.374,-0.00317774,0.133052,0.0125664,-0.0277132,0.550684,0.000266868,0.00208394,6
18.3761,-0.00295604,0.133052,0.00942478,-0.00811633,0.580194,0.000105202,0.00208517,7
18.3782,-0.00266043,0.136414,0.00942478,0.00811638,0.656646,0.000106584,0.00208616,7
18.3803,-0.00236483,0.12857,0.00942478,0.0277132,0.705792,0.00010412,0.00208237,7
18.3824,-0.00214313,0.134733,0.00942478,0.0139184,0.67511,0.000693116,0.00208685,10
18.3845,-0.00177362,0.134733,0.00942478,-0.0064868,0.597004,0.000339981,0.00207487,6
18.3866,-0.00147802,0.144817,0.00942478,-0.0309792,0.539072,0.000119488,0.00208503,7
18.3887,-0.00125632,0.139775,0.00942478,-0.057316,0.419127,0.000108247,0.00208645,7
18.3908,-0.000960712,0.141455,0.00942478,-0.0835349,0.324162,0.000103529,0.00208797,7
18.3929,-0.000665108,0.141455,0.00942478,-0.107954,0.230147,0.000105182,0.00208671,7
18.395,-0.000369504,0.141455,0.00942478,-0.129171,0.148603,0.000442628,0.00208814,13
18.3971,0,0.141455,0.00942478,-0.146065,0.0841738,0.000107446,0.00208405,7
18.3992,0.000221703,0.138094,0.00942478,-0.157795,0.0271862,0.000103348,0.00208748,7
18.4013,0.000517307,0.141455,0.00942478,-0.1638,0.0170185,0.000105573,0.002087,7
18.4034,0.00081291,0.130251,0.00942478,-0.1638,-0.0222911,0.000103108,0.00208791,7
18.4055,0.00110851,0.131932,0.00942478,-0.157795,0.00826186,0.000518247,0.00208635,10
18.4076,0.00140412,0.12857,0.00942478,-0.146065,0.0429293,0.000199745,0.00208501,6
18.4097,0.00169972,0.12857,0.00942478,-0.129171,0.109835,0.000110362,0.00208373,7
18.4118,0.00192143,0.12689,0.00942478,-0.107954,0.187242,0.000103359,0.0020875,7
18.4139,0.00221703,0.123528,0.00942478,-0.0835349,0.271335,0.000106375,0.00208671,7
18.416,0.00243873,0.116806,0.00942478,-0.057316,0.350041,0.000609303,0.00208821,10
18.4181,0.00273434,0.118486,0.00942478,-0.0309792,0.459789,0.000337787,0.00208375,6
18.4202,0.00295604,0.118486,0.00942478,-0.00648685,0.556016,0.000106635,0.00208514,7
18.4223,0.00317774,0.120167,0.00942478,0.0139183,0.642384,0.000134365,0.00208635,7
18.4244,0.00339944,0.116806,0.00942478,0.0277132,0.684819,0.000113247,0.00208805,7
18.4265,0.00369505,0.120167,0.00942478,0.0320943,0.715108,0.000694428,0.00208706,10
18.4286,0.00399065,0.120167,0.00942478,0.023978,0.684593,0.000360328,0.00208384,6
18.4307,0.00421236,0.12857,0.00942478,-0,0.622328,0.000108748,0.00208526,7
18.4328,0.00443406,0.12857,0.00942478,-0,0.623154,0.000108488,0.00208626,7
18.4349,0.00472966,0.12857,0.00942478,-0,0.624254,0.000106034,0.00208738,7
18.437,0.00502527,0.130251,0.00942478,-0,0.631416,0.000108889,0.00208674,7
18.4391,0.00524697,0.130251,0.00942478,-0,0.632241,0.000444242,0.00208798,13
18.4412,0.00561647,0.130251,0.00942478,-0,0.633617,0.000110331,0.00208379,7
18.4433,0.00583818,0.133052,0.00942478,-0,0.644544,0.000106364,0.00208767,7
18.4454,0.00613378,0.136414,0.00942478,-0,0.657768,0.000108969,0.00208662,7
18.4475,0.00642938,0.136414,0.00942478,-0,0.658868,0.000105132,0.00208803,7
18.4496,0.00672499,0.136414,0.00942478,-0,0.659969,0.000526322,0.00208714,10
18.4517,0.00702059,0.141455,0.00942478,-0,0.679253,0.000210484,0.00208487,6
18.4538,0.0073162,0.136414,0.00942478,-0,0.662169,0.000110402,0.00208405,7
18.4559,0.0075379,0.136414,0.00942478,-0,0.662995,0.000131941,0.00208757,7
18.458,0.0079074,0.143136,0.00942478,-0,0.688616,0.000107486,0.00208685,7
18.4601,0.00820301,0.148178,0.00942478,-0,0.707901,0.000618379,0.00208806,10
18.4622,0.00857251,0.139775,0.00942478,-0,0.678969,0.000275022,0.00208373,6
18.4643,0.00879422,0.146497,0.00942478,-0,0.70404,0.000110722,0.00208515,7
18.4664,0.00908982,0.143136,0.00942478,-0,0.693018,0.000107296,0.00208626,7
18.4685,0.00938542,0.148178,0.00942478,-0,0.712302,0.000107636,0.00208494,7
18.4706,0.00968103,0.15266,0.00628319,0.023978,0.775317,0.00071756,0.00208813,10
18.4727,0.0101244,0.146497,0.00628319,0.0320944,0.786356,0.000377029,0.00208379,6
18.4748,0.0103461,0.149859,0.00628319,0.0277132,0.782239,0.000104922,0.00208485,7
18.4769,0.0106417,0.15266,0.00628319,0.0139184,0.739709,0.000105353,0.0020866,7
18.479,0.0109373,0.154341,0.00628319,-0.00648679,0.66739,0.000102166,0.00208824,7
18.4811,0.0113068,0.156021,0.00628319,-0.0309792,0.579425,0.000105503,0.00208011,7
18.4832,0.0116025,0.157702,0.00628319,-0.057316,0.484001,0.00046556,0.00208794,13
18.4853,0.0120459,0.157702,0.00628319,-0.0835349,0.383525,0.000106745,0.00208391,7
18.4874,0.0123415,0.162744,0.00628319,-0.107954,0.307694,0.000104611,0.0020811,7
18.4895,0.0126371,0.164425,0.00314159,-0.105193,0.277962,0.000133905,0.00208653,7
18.4916,0.0130066,0.157702,0.00314159,-0.113971,0.220901,0.000103198,0.00208807,7
18.4937,0.0133022,0.162744,0.00314159,-0.130082,0.17743,0.000554353,0.002087,10
18.4958,0.0137456,0.161063,0.00314159,-0.149882,0.0958954,0.000242393,0.00208502,6
18.4979,0.0140412,0.161063,0.00314159,-0.170287,0.0175146,0.000113778,0.00208399,7
18.5,0.0143368,0.154341,0.00314159,-0.188774,-0.0776416,0.0001039,0.00208778,7
18.5021,0.0146324,0.154341,0.00314159,-0.203381,-0.133437,0.000105252,0.00208702,7
18.5042,0.0150019,0.15266,0.00314159,-0.212706,-0.174445,0.000637624,0.00208805,10
18.5063,0.0153714,0.149859,0.00314159,-0.215908,-0.195643,0.000289329,0.00208374,6
18.5084,0.0155931,0.146497,0.00314159,-0.212706,-0.19447,0.000112074,0.00208523,7
18.5105,0.0158887,0.146497,0.00314159,-0.203381,-0.157048,0.00010449,0.00208633,7
18.5126,0.0161843,0.133052,0.00314159,-0.188774,-0.147543,0.00010405,0.00208674,7
18.5147,0.0164799,0.133052,0.00314159,-0.170287,-0.0744321,0.000733279,0.00208817,10
18.5168,0.0167755,0.125209,0.00314159,-0.149882,-0.0221376,0.000368984,0.00208402,6
18.5189,0.0169972,0.12857,0.00314159,-0.130082,0.0679349,0.000104401,0.00208532,7
18.521,0.0172189,0.125209,0.00314159,-0.113971,0.119392,0.000104451,0.00208652,7
18.5231,0.0175145,0.115125,0.00314159,-0.105193,0.118314,0.000129627,0.00208777,7
18.5252,0.0177362,0.110643,0.00314159,-0.107954,0.0922219,0.000112215,0.00208498,7
18.5273,0.0179579,0.115125,0.00314159,-0.0835349,0.204326,0.000448139,0.00208807,13
18.5294,0.0182535,0.108963,0.00314159,-0.057316,0.285328,0.000108798,0.00208396,7
18.5315,0.0184013,0.103921,0.00314159,-0.0309792,0.37028,0.000104111,0.00208769,7
18.5336,0.018623,0.100559,0.00314159,-0.00648684,0.454384,0.000104421,0.00208673,7
18.5357,0.0188447,0.100559,0.00314159,0.0139183,0.53469,0.000102978,0.002088,7
18.5378,0.0190665,0.0971981,0.00628319,0.00373521,0.531376,0.000534376,0.0020857,10
18.5399,0.0192882,0.103921,0.00628319,-0,0.541898,0.000226474,0.00208515,6
18.542,0.0195099,0.0988788,0.00628319,-0.00373522,0.509989,0.000107586,0.00208409,7
18.5441,0.0197316,0.10224,0.00628319,-0.0139183,0.483273,0.000103409,0.0020877,7
18.5462,0.0198794,0.10224,0.00628319,0.00648685,0.563304,0.00010447,0.00208685,7
18.5483,0.0201011,0.105601,0.00942478,0.00700124,0.625904,0.000649446,0.0020883,10
18.5504,0.0203967,0.100559,0.00942478,0.0252217,0.679792,0.000306089,0.00208403,6
18.5525,0.0206184,0.105601,0.00942478,0.0558217,0.817993,0.000107105,0.00208238,7
18.5546,0.0207662,0.108963,0.00942478,0.0940355,0.979515,0.000103139,0.00208758,7
18.5567,0.0209879,0.10224,0.00942478,0.135658,1.11822,0.000136469,0.00208554,7
18.5588,0.0212835,0.143136,0.00942478,0.177044,1.42802,0.00072791,0.00208816,10
18.5609,0.0215791,0.0159663,0.00942478,0.215111,1.11875,0.000382679,0.00208398,6
18.563,0.0217269,0.115125,0.00942478,0.247335,1.60244,0.000106053,0.00208506,7
18.5651,0.0219486,0.118486,0.00942478,0.271754,1.71051,0.000106304,0.00208641,7
18.5672,0.0221703,0.120167,0.00942478,0.286966,1.77665,0.000103308,0.00208789,7
18.5693,0.0224659,0.125209,0.00942478,0.29213,1.81605,0.000116123,0.00208577,7
18.5714,0.0227615,0.138094,0.0125664,0.262988,1.79775,0.000495555,0.00208831,10
18.5735,0.0230571,0.143136,0.0125664,0.23966,1.72617,0.000155223,0.00208376,6
18.5756,0.0233527,0.15266,0.0125664,0.219622,1.68357,0.000104261,0.00208738,7
18.5777,0.0236483,0.156021,0.0125664,0.201193,1.62501,0.000355099,0.00205688,7
18.5798,0.0240917,0.164425,0.0125664,0.183531,1.58817,0.000343036,0.00206196,7
18.5819,0.0243873,0.175629,0.0125664,0.166637,1.56388,0.000578447,0.00208603,10
18.584,0.0248307,0.180671,0.0125664,0.151352,1.52417,0.000268671,0.00208523,6
18.5861,0.0251263,0.184032,0.0125664,0.139357,1.49067,0.000106695,0.00208423,7
18.5882,0.0254958,0.188514,0.0125664,0.133176,1.48414,0.000102648,0.00208777,7
18.5903,0.0259392,0.201959,0.0125664,0.136172,1.54595,0.000106755,0.00208663,7
18.5924,0.0263087,0.20476,0.0125664,0.152552,1.62123,0.000694629,0.00208831,10
18.5945,0.0269,0.20476,0.0125664,0.143877,1.58964,0.000324032,0.0020772,6
18.5966,0.0272695,0.213164,0.0125664,0.136087,1.59098,0.000152088,0.00208355,7
18.5987,0.027639,0.218206,0.0125664,0.131706,1.59348,0.000154162,0.00208665,7
18.6008,0.0281563,0.227729,0.0125664,0.133817,1.63797,0.000154873,0.00208604,7
18.6029,0.0285997,0.232771,0.0125664,0.146065,1.70552,0.000158419,0.00208695,7
18.605,0.029117,0.234452,0.0125664,0.129171,1.6477,0.000422562,0.0020862,13
18.6071,0.0297082,0.249018,0.0125664,0.107954,1.61979,0.000149042,0.00208458,7
18.6092,0.0301516,0.25406,0.00942478,0.107513,1.59026,0.000154653,0.00208532,7
18.6113,0.0306689,0.265264,0.00942478,0.0894104,1.56208,0.000149693,0.00208661,7
18.6134,0.0312601,0.268625,0.00942478,0.0586925,1.45675,0.000148441,0.00208598,7
18.6155,0.0318513,0.273667,0.00942478,0.0204052,1.328,0.000525931,0.00208725,10
18.6176,0.0325164,0.28151,0.00942478,-0.0204051,1.1998,0.00018058,0.00208311,6
18.6197,0.0330337,0.283191,0.00942478,-0.0586924,1.05866,0.000150104,0.00208625,7
18.6218,0.0336249,0.292715,0.00942478,-0.0894104,0.975554,0.000147649,0.0020859,7
18.6239,0.0342162,0.297757,0.00628319,-0.0835349,0.971177,0.000152359,0.00208712,7
18.626,0.0348813,0.304479,0.00628319,-0.0758595,1.0278,0.000648314,0.00208609,10
18.6281,0.0356942,0.304479,0.00314159,-0.0774798,0.976862,0.000318943,0.00208442,6
18.6302,0.0362115,0.307841,0.00314159,-0.100052,0.902987,0.000152218,0.00208362,7
18.6323,0.0368027,0.315684,0.00314159,-0.136569,0.791238,0.000142821,0.00208665,7
18.6344,0.0374678,0.317364,0.00314159,-0.180861,0.62725,0.00015321,0.00208589,7
18.6365,0.0381329,0.320726,0.00314159,-0.227603,0.459782,0.000154953,0.00208522,7
18.6386,0.038798,0.319045,-0,-0.248331,0.327809,0.000301811,0.00208722,9
18.6407,0.039537,0.319045,-0,-0.279241,0.210163,0.000151957,0.00208354,6
18.6428,0.0402021,0.328569,-0,-0.314164,0.110956,0.000156486,0.00208672,6
18.6449,0.0408672,0.320726,-0,-0.348054,-0.0468644,0.000148061,0.0020858,6
18.647,0.0415323,0.320726,-0,-0.376988,-0.157089,0.000422762,0.00208688,9
18.6491,0.0422714,0.319045,-0,-0.398161,-0.24287,0.000152739,0.00208389,6
18.6512,0.0428626,0.315684,-0,-0.409891,-0.298483,0.000156035,0.00208645,6
18.6533,0.0435277,0.312323,-0.00314159,-0.387639,-0.269105,0.000148421,0.0020854,6
18.6554,0.0441189,0.30616,-0.00314159,-0.371806,-0.227459,0.000147149,0.00208694,6
18.6575,0.044784,0.301118,-0.00314159,-0.360711,-0.199948,0.000330594,0.00208169,9
18.6596,0.0454491,0.297757,-0.00314159,-0.354071,-0.183734,0.000181561,0.0020847,6
18.6617,0.0460403,0.289914,-0.00314159,-0.35301,-0.205685,0.000149172,0.00208502,6
18.6638,0.0466315,0.291594,-0.00314159,-0.360049,-0.224843,0.000148532,0.002087,6
18.6659,0.0472227,0.289914,-0.00314159,-0.33563,-0.133588,0.000148822,0.0020862,6
18.668,0.0478878,0.354899,-0.00628319,-0.281155,0.267807,0.000423233,0.00208702,9
18.6701,0.048479,0.271987,-0.00628319,-0.238985,0.135231,0.000153421,0.00208366,6
18.6722,0.0489224,0.263583,-0.00942478,-0.185424,0.267554,0.000149854,0.00208655,6
18.6743,0.0495136,0.265264,-0.00942478,-0.161994,0.367083,0.000148491,0.00208587,6
18.6764,0.050031,0.261903,-0.00942478,-0.168412,0.331884,0.000158489,0.00208714,6
18.6785,0.0506222,0.258541,-0.00942478,-0.206083,0.17523,0.00036144,0.00208588,9
18.6806,0.0512134,0.260222,-0.00942478,-0.234604,0.0723963,0.000150856,0.00208354,6
18.6827,0.0516568,0.247337,-0.00942478,-0.278796,-0.144558,0.000150064,0.00208634,6
18.6848,0.0521741,0.258541,-0.00942478,-0.297417,-0.174753,0.000148592,0.00208588,6
18.6869,0.0526914,0.252379,-0.00942478,-0.314164,-0.260285,0.000146668,0.00208688,6
18.689,0.0532826,0.247337,-0.00942478,-0.329878,-0.337479,0.000419806,0.00208605,9
18.6911,0.0537999,0.245656,-0.00942478,-0.346523,-0.406448,0.000152829,0.00208488,6
18.6932,0.0542433,0.239494,-0.00942478,-0.367181,-0.507491,0.000148221,0.00208519,6
18.6953,0.0547606,0.234452,-0.00942478,-0.352574,-0.466854,0.000156125,0.00208692,6
18.6974,0.0552779,0.232771,-0.00942478,-0.328082,-0.375588,0.000146968,0.00208598,6
18.6995,0.0557213,0.218206,-0.00942478,-0.295947,-0.301299,0.000354417,0.00208703,9
18.7016,0.0562386,0.219886,-0.00942478,-0.259253,-0.150383,0.000152078,0.00207796,6
18.7037,0.0566081,0.211483,-0.00942478,-0.221925,-0.0339152,0.000154663,0.00208627,6
18.7058,0.0570516,0.209802,-0.00942478,-0.188728,0.0909797,0.000153591,0.0020858,6
18.7079,0.057495,0.201959,-0.00942478,-0.16527,0.155716,0.00014773,0.00208677,6
18.71,0.0579384,0.200279,-0.00942478,-0.114514,0.349006,0.000418975,0.00208606,9
18.7121,0.0583818,0.196917,-0.00942478,-0.0638029,0.536062,0.000155124,0.00208459,6
18.7142,0.0587513,0.191875,-0.00942478,-0.0170609,0.70132,0.000149292,0.00208538,6
18.7163,0.0591208,0.185713,-0.00942478,0.0212264,0.829605,0.000160303,0.00208686,6
18.7184,0.0595642,0.186833,-0.00942478,0.0460127,0.931843,0.000146678,0.00208585,6
18.7205,0.0599337,0.188514,-0.00942478,0.0516912,0.961399,0.000355579,0.00207833,9
18.7226,0.0603771,0.188514,-0.00942478,0.0320943,0.886717,0.000152618,0.00208487,6
18.7247,0.0607466,0.196917,-0.00942478,0.0239779,0.886785,0.000148691,0.00208528,6
18.7268,0.0611161,0.198598,-0.00942478,-0,0.800824,0.000155544,0.00208676,6
18.7289,0.0615595,0.20364,-0.00942478,-0,0.820659,0.000160483,0.00208587,6
18.731,0.0620029,0.200279,-0.00942478,-0,0.810187,0.00042138,0.00208686,9
18.7331,0.0625202,0.208122,-0.00942478,-0,0.840399,0.000156235,0.00208293,6
18.7352,0.0628897,0.211483,-0.00942478,-0,0.853898,0.00015334,0.00208641,6
18.7373,0.0633331,0.206441,-0.00942478,-0,0.837364,0.000151436,0.00208571,6
18.7394,0.0637765,0.211483,-0.00942478,-0,0.857199,0.000156195,0.00208677,6
18.7415,0.0642199,0.213164,-0.00942478,-0,0.864911,0.000358905,0.00208584,9
18.7436,0.0646633,0.214844,-0.00942478,-0,0.872623,0.000157398,0.00208448,6
18.7457,0.0651068,0.218206,-0.00942478,-0,0.886396,0.00015331,0.00208535,6
18.7478,0.0655502,0.226049,-0.00942478,-0,0.916334,0.000163158,0.00208668,6
18.7499,0.0659936,0.221567,-0.00942478,-0,0.901821,0.000151758,0.00208598,6
18.752,0.0665109,0.224368,-0.00942478,-0,0.913849,0.000418754,0.00208696,9
18.7541,0.0670282,0.222687,-0.00942478,-0,0.909713,0.000157517,0.0020835,6
18.7562,0.0674716,0.226049,-0.00942478,-0,0.923486,0.00016417,0.00208621,6
18.7583,0.067915,0.226049,-0.00942478,-0,0.925137,0.000151567,0.00208571,6
18.7604,0.0684323,0.234452,-0.00942478,-0,0.95737,0.000160483,0.00208687,6
18.7625,0.0688757,0.231091,-0.00942478,-0,0.946898,0.000373642,0.00208542,9
18.7646,0.0694669,0.234452,-0.00942478,-0,0.961221,0.000154352,0.00208366,6
18.7667,0.0699103,0.242295,-0.00942478,-0,0.991159,0.000159932,0.00208657,6
18.7688,0.0703537,0.236133,-0.00942478,-0,0.970584,0.000151988,0.00208591,6
18.7709,0.070871,0.240614,-0.00942478,-0,0.988674,0.000152348,0.00208693,6
18.773,0.0713883,0.243976,-0.00942478,-0,1.00272,0.000415959,0.00208563,9
18.7751,0.0719795,0.249018,-0.00942478,-0,1.02311,0.000162637,0.00208469,6
18.7772,0.0724969,0.25574,-0.00942478,-0,1.04928,0.000151597,0.00208523,6
18.7793,0.0730142,0.25406,-0.00942478,-0,1.04514,0.000149463,0.00208652,6
18.7814,0.0735315,0.258541,-0.00942478,-0,1.06323,0.000151497,0.00208608,6
18.7835,0.0740488,0.260222,-0.00942478,-0,1.07122,0.000361691,0.00208689,9
18.7856,0.0747139,0.141455,-0.00942478,-0,0.645351,0.000156566,0.00208364,6
18.7877,0.0751573,0.266945,-0.00942478,-0,1.09959,0.00015291,0.00208647,6
18.7898,0.0757485,0.258541,-0.00942478,-0,1.07149,0.000151797,0.00208588,6
18.7919,0.0763397,0.273667,-0.00942478,-0,1.12824,0.000152288,0.00208695,6
18.794,0.076857,0.265264,-0.0125664,0.0239779,1.14561,0.000409007,0.00208608,9
18.7961,0.0775221,0.27983,-0.0125664,0.0320943,1.23223,0.000160663,0.00208472,6
18.7982,0.0780394,0.27983,-0.0125664,0.0277131,1.21709,0.000149483,0.00208539,6
18.8003,0.0786306,0.286552,-0.0125664,0.0139183,1.1898,0.000152669,0.0020871,6
18.8024,0.0792218,0.289914,-0.0125664,-0.00648689,1.12465,0.000150254,0.00208568,6
18.8045,0.079813,0.289914,-0.0125664,-0.0309793,1.03145,0.000384643,0.00207664,9
18.8066,0.0805521,0.294396,-0.0125664,-0.0573161,0.947775,0.000153481,0.00208475,6
18.8087,0.0810694,0.301118,-0.0125664,-0.083535,0.87182,0.000159221,0.00208544,6
18.8108,0.0817345,0.302799,-0.0125664,-0.107954,0.785242,0.000149874,0.00208109,6
18.8129,0.0823257,0.299437,-0.0125664,-0.129171,0.692676,0.000152719,0.00208588,6
18.815,0.0829908,0.309521,-0.0125664,-0.146065,0.665716,0.000430206,0.002087,9
18.8171,0.0837298,0.309521,-0.0125664,-0.157795,0.622777,0.000163248,0.00208379,6
18.8192,0.084321,0.309521,-0.0125664,-0.1638,0.601587,0.000150465,0.00208632,6
18.8213,0.0849122,0.310642,-0.0125664,-0.1638,0.607828,0.000148501,0.00208548,6
18.8234,0.0855773,0.314003,-0.0125664,-0.157795,0.645818,0.000150605,0.00208693,6
18.8255,0.0862424,0.307841,-0.015708,-0.122087,0.717508,0.000428662,0.00208604,9
18.8276,0.0869814,0.314003,-0.015708,-0.0970767,0.839904,0.00015312,0.00208488,6
18.8297,0.0875726,0.314003,-0.015708,-0.0802407,0.907684,0.000160163,0.00208533,6
18.8318,0.0882378,0.310642,-0.015708,-0.0696167,0.939419,0.000149964,0.00208691,6
18.8339,0.0889029,0.317364,-0.015708,-0.0638029,0.988786,0.000152288,0.00208593,6
18.836,0.089568,0.322406,-0.015708,-0.0619584,1.01663,0.000423564,0.00208699,9
18.8381,0.090307,0.322406,-0.015708,-0.0638029,1.0122,0.000152658,0.0020835,6
18.8402,0.0908982,0.327448,-0.015708,-0.0696166,1.00994,0.000150495,0.00208644,6
18.8423,0.0916372,0.33025,-0.0188496,-0.0562625,1.02716,0.000156276,0.00208569,6
18.8444,0.0923023,0.343695,-0.0188496,-0.0649822,1.04416,0.000152659,0.00208686,6
18.8465,0.0930413,0.340334,-0.0219912,-0.0703958,0.966055,0.00042669,0.00208602,9
18.8486,0.0938542,0.342014,-0.0219912,-0.111782,0.813936,0.000151817,0.00208386,6
18.8507,0.0944454,0.346496,-0.0219912,-0.142574,0.712363,0.000152819,0.00208614,6
18.8528,0.0951844,0.351538,-0.0219912,-0.180861,0.584164,0.000148601,0.00208579,6
18.8549,0.0959235,0.353219,-0.0219912,-0.221598,0.4343,0.000148752,0.00208701,6
18.857,0.0966625,0.353219,-0.0219912,-0.260579,0.285212,0.000441496,0.0020861,9
18.8591,0.0975493,0.354899,-0.0251327,-0.270463,0.208429,0.00015325,0.00208507,6
18.8612,0.0982144,0.353219,-0.0251327,-0.288565,0.134331,0.000149703,0.00208539,6
18.8633,0.0988795,0.353219,-0.0251327,-0.309841,0.0539363,0.000159822,0.0020867,6
18.8654,0.0996924,0.354899,-0.0251327,-0.330364,-0.0169166,0.000148582,0.00208573,6
18.8675,0.100358,0.354899,-0.0251327,-0.347331,-0.0805323,0.000473385,0.00208699,9
18.8696,0.101244,0.297757,-0.0251327,-0.359061,-0.329012,0.00015367,0.00208362,6
18.8717,0.101836,0.340334,-0.0251327,-0.364993,-0.196358,0.000149914,0.0020864,6
18.8738,0.102575,0.342014,-0.0251327,-0.365687,-0.190249,0.000149934,0.002086,6
18.8759,0.10324,0.333611,-0.0282743,-0.338848,-0.161185,0.000153651,0.00208695,6
18.878,0.103979,0.328569,-0.0282743,-0.327118,-0.130929,0.000519729,0.00208596,9
18.8801,0.104718,0.317364,-0.0282743,-0.331058,-0.183935,0.000168187,0.00208477,3
18.8822,0.105309,0.319045,-0.0282743,-0.309147,-0.0903253,0.000148181,0.00208542,6
18.8843,0.105974,0.312323,-0.0282743,-0.284801,-0.0172658,0.000157748,0.00208687,6
18.8864,0.106639,0.310642,-0.0282743,-0.258582,0.0812752,0.000147149,0.00208582,6
18.8885,0.10723,0.304479,-0.0314159,-0.208194,0.209872,0.000560093,0.00207907,9
18.8906,0.108043,0.302799,-0.0314159,-0.176279,0.331149,0.000214652,0.00208473,3
18.8927,0.108561,0.299437,-0.0314159,-0.163399,0.371123,0.000155765,0.00208521,6
18.8948,0.109152,0.291594,-0.0314159,-0.171515,0.313422,0.000149573,0.00208666,6
18.8969,0.109743,0.296076,-0.0345575,-0.180014,0.251033,0.000148902,0.00208614,6
18.899,0.110408,0.301118,-0.0345575,-0.190018,0.232729,0.000617247,0.00208725,9
18.9011,0.111147,0.296076,-0.0345575,-0.224382,0.0834418,0.000299287,0.0020836,3
18.9032,0.111664,0.299437,-0.0345575,-0.239903,0.0370319,0.000153701,0.00208476,6
18.9053,0.112256,0.296076,-0.0345575,-0.258317,-0.0446144,0.000148731,0.00208538,6
18.9074,0.112847,0.294396,-0.0345575,-0.278502,-0.127098,0.000145686,0.00208675,6
18.9095,0.113438,0.288233,-0.0345575,-0.300458,-0.232644,0.000606047,0.00208609,9
18.9116,0.114177,0.292715,-0.0345575,-0.325306,-0.310516,0.000261517,0.00208429,3
18.9137,0.114694,0.283191,-0.0345575,-0.355289,-0.459727,0.00015317,0.00208368,6
18.9158,0.115286,0.276468,-0.0345575,-0.350287,-0.46229,0.000150525,0.00208094,6
18.9179,0.115877,0.276468,-0.0345575,-0.334839,-0.399918,0.000158129,0.00208557,6
18.92,0.116394,0.270306,-0.0345575,-0.310347,-0.324816,0.000628708,0.0020868,9
18.9221,0.117133,0.266945,-0.0345575,-0.279053,-0.212293,0.000297573,0.00208362,3
18.9242,0.117576,0.256861,-0.0345575,-0.244041,-0.110634,0.000152939,0.00208477,6
18.9263,0.118094,0.25406,-0.0345575,-0.209236,0.0167608,0.000158249,0.00208534,6
18.9284,0.118611,0.25406,-0.0345575,-0.179403,0.134888,0.000155765,0.00208668,6
18.9305,0.119128,0.243976,-0.0345575,-0.16015,0.175438,0.000644858,0.00208607,9
18.9326,0.11972,0.236133,-0.0345575,-0.114441,0.327398,0.000280772,0.00208373,3
18.9347,0.120163,0.231091,-0.0345575,-0.0696167,0.485461,0.000154422,0.00208476,6
18.9368,0.120606,0.226049,-0.0345575,-0.029603,0.624786,0.000149743,0.0020854,6
18.9389,0.12105,0.227729,-0.0345575,0.00111496,0.752149,0.000150254,0.00208689,6
18.941,0.121567,0.227729,-0.0345575,0.0174911,0.817862,0.000634449,0.00208593,9
18.9431,0.122158,0.227729,-0.0345575,0.0139183,0.806147,0.000296432,0.00208471,3
18.9452,0.122528,0.232771,-0.0345575,0.0277132,0.87944,0.00015301,0.00208389,6
18.9473,0.122971,0.234452,-0.0345575,0.0320944,0.904217,0.000148181,0.00208657,6
18.9494,0.123489,0.234452,-0.0345575,0.023978,0.874528,0.000147409,0.00208573,6
18.9515,0.123932,0.237813,-0.0345575,-0,0.794904,0.0001529,0.00208715,6
18.9536,0.124449,0.237813,-0.0376991,0.023978,0.842579,0.000320816,0.00208545,9
18.9557,0.12504,0.245656,-0.0376991,0.0320944,0.904681,0.00015355,0.00208472,6
18.9578,0.125484,0.245656,-0.0376991,0.0277132,0.889267,0.000149443,0.00208559,6
18.9599,0.126001,0.247337,-0.0376991,0.0139183,0.843521,0.000151728,0.00208703,6
18.962,0.126518,0.250698,-0.0376991,-0.00648677,0.778088,0.000148371,0.00208602,6
18.9641,0.127036,0.249018,-0.0376991,-0.0309792,0.678551,0.000366289,0.00208714,9
18.9662,0.127775,0.389073,-0.0376991,-0.057316,1.08384,0.000168768,0.00208316,6
18.9683,0.128144,0.25574,-0.0376991,-0.0835349,0.50221,0.000162317,0.00208657,6
18.9704,0.128662,0.249018,-0.0376991,-0.107954,0.384775,0.000147519,0.00208555,6
18.9725,0.129179,0.256861,-0.0376991,-0.129171,0.332344,0.000146738,0.00208601,6
18.9746,0.129696,0.25406,-0.0376991,-0.146065,0.258363,0.000381106,0.00208697,9
18.9767,0.130287,0.245656,-0.0376991,-0.157795,0.184566,0.000158499,0.00208353,6
18.9788,0.130731,0.252379,-0.0376991,-0.1638,0.187071,0.000149784,0.00208672,6
18.9809,0.131248,0.249018,-0.0376991,-0.1638,0.176874,0.000149282,0.00208582,6
18.983,0.131765,0.247337,-0.0376991,-0.157795,0.196129,0.00014786,0.00208691,6
18.9851,0.132283,0.242295,-0.0376991,-0.146065,0.22556,0.000429976,0.00208603,9
18.9872,0.132874,0.236133,-0.0376991,-0.129171,0.27134,0.00015357,0.00208466,6
18.9893,0.133317,0.236133,-0.0376991,-0.107954,0.355634,0.000148321,0.00208538,6
18.9914,0.133761,0.234452,-0.0376991,-0.0835348,0.446339,0.000146287,0.00208704,6
18.9935,0.134278,0.232771,-0.0376991,-0.0573159,0.54433,0.000158269,0.00208602,6
18.9956,0.134795,0.232771,-0.0376991,-0.0309792,0.648841,0.000450743,0.00208707,9
18.9977,0.135313,0.234452,-0.0376991,-0.00648671,0.75223,0.00015352,0.0020837,6
18.9998,0.135756,0.231091,-0.0376991,0.0139182,0.821238,0.00016431,0.00208655,6
19.0019,0.136273,0.237813,-0.0376991,0.0277131,0.901143,0.000160443,0.00208592,6
19.004,0.136717,0.245656,-0.0376991,0.0320943,0.948146,0.000149022,0.00208679,6
19.0061,0.137234,0.245656,-0.0376991,0.0239778,0.918457,0.000497999,0.00208597,9
19.0082,0.137899,0.249018,-0.0376991,-0,0.839658,0.000178967,0.00208463,3
19.0103,0.138269,0.249018,-0.0376991,-0,0.841034,0.000162868,0.00208533,6
19.0124,0.13886,0.252379,-0.0376991,-0,0.855358,0.000157989,0.00208654,6
19.0145,0.139377,0.25574,-0.0376991,-0,0.869406,0.000152208,0.00208581,6
19.0166,0.139895,0.263583,-0.0376991,-0,0.899619,0.000524087,0.002086,9
19.0187,0.14056,0.261903,-0.0376991,-0,0.896033,0.0001807,0.00208459,3
19.0208,0.141003,0.265264,-0.0376991,-0,0.909807,0.0001536,0.0020851,6
19.0229,0.141594,0.274788,-0.0376991,-0,0.946356,0.00015348,0.00208658,6
19.025,0.142112,0.273667,-0.0376991,-0,0.94424,0.000152298,0.00208026,6
19.0271,0.142703,0.27983,-0.0376991,-0,0.968667,0.000559322,0.00208693,9
19.0292,0.143442,0.278149,-0.0376991,-0,0.965356,0.000198703,0.00208351,3
19.0313,0.143885,0.276468,-0.0376991,-0,0.960945,0.000151827,0.00208645,6
19.0334,0.144476,0.286552,-0.0376991,-0,0.999515,0.000152068,0.00208612,6
19.0355,0.145068,0.283191,-0.0376991,-0,0.989593,0.00016399,0.00208686,6
19.0376,0.145659,0.284872,-0.0376991,-0,0.997855,0.000600377,0.00208589,9
19.0397,0.146398,0.289914,-0.0376991,-0,1.01879,0.000259484,0.00208471,3
19.0418,0.146915,0.297757,-0.0408407,0.0239778,1.09475,0.00015362,0.00208351,6
19.0439,0.147506,0.291594,-0.0408407,0.0320941,1.10634,0.000150605,0.00208644,6
19.046,0.148098,0.301118,-0.0408407,0.0277129,1.12583,0.000149113,0.00208562,6
19.0481,0.148763,0.302799,-0.0408407,0.0139181,1.08063,0.000647172,0.00208714,9
19.0502,0.149576,0.307841,-0.0408407,-0.00648707,1.02236,0.000295229,0.00208337,3
19.0523,0.150093,0.307841,-0.0408407,-0.0309794,0.928883,0.000173507,0.00208475,6
19.0544,0.150684,0.309521,-0.0408407,-0.0573162,0.83456,0.000149353,0.00208528,6
19.0565,0.151349,0.312323,-0.0408407,-0.083535,0.745012,0.000155694,0.00208542,6
19.0586,0.152014,0.314003,-0.0408407,-0.107954,0.658434,0.000149122,0.00208699,6
19.0607,0.152679,0.320726,-0.0439823,-0.105193,0.648262,0.000357082,0.00208578,9
19.0628,0.153418,0.325768,-0.0471239,-0.0899927,0.680756,0.000154222,0.00208442,6
19.0649,0.154084,0.395795,-0.0471239,-0.0979875,0.904653,0.000152588,0.00208531,6
19.067,0.154675,0.322406,-0.0471239,-0.122169,0.54798,0.000145836,0.00208678,6
19.0691,0.155414,0.325768,-0.0471239,-0.156369,0.429639,0.000163679,0.00208576,6
19.0712,0.156079,0.324087,-0.0502655,-0.171283,0.320311,0.000418033,0.00208696,9
19.0733,0.156818,0.33193,-0.0502655,-0.202266,0.230666,0.000158369,0.0020836,6
19.0754,0.157483,0.33025,-0.0502655,-0.242309,0.0711076,0.000149302,0.0020865,6
19.0775,0.158148,0.33025,-0.0502655,-0.285524,-0.0947476,0.000153811,0.00208545,6
19.0796,0.158813,0.328569,-0.0502655,-0.327147,-0.260458,0.000149433,0.0020869,6
19.0817,0.159478,0.322406,-0.0502655,-0.363531,-0.421933,0.000415619,0.00208566,9
19.0838,0.160291,0.319045,-0.0502655,-0.392156,-0.542525,0.000146608,0.00208484,6
19.0859,0.160809,0.315684,-0.0502655,-0.411618,-0.62853,0.000155354,0.00208541,6
19.088,0.161474,0.315684,-0.0534071,-0.397658,-0.619328,0.000156306,0.00208676,6
19.0901,0.162139,0.307841,-0.0534071,-0.390959,-0.619044,0.000150154,0.00208577,6
19.0922,0.162804,0.30616,-0.0534071,-0.390118,-0.619353,0.000441105,0.00208695,9
19.0943,0.163543,0.297757,-0.0534071,-0.395135,-0.666453,0.000158149,0.00208357,6
19.0964,0.16406,0.292715,-0.0534071,-0.407412,-0.730533,0.000155444,0.00208655,6
19.0985,0.164651,0.288233,-0.0534071,-0.386268,-0.662138,0.000146437,0.00208583,6
19.1006,0.165243,0.273667,-0.0534071,-0.355962,-0.594421,0.000149012,0.00208613,6
19.1027,0.16576,0.266945,-0.0534071,-0.317895,-0.468466,0.000442619,0.00208695,9
19.1048,0.166425,0.265264,-0.0534071,-0.274591,-0.303375,0.000153681,0.00208334,6
19.1069,0.166868,0.25574,-0.0534071,-0.229693,-0.161191,0.000145576,0.00208634,6
19.109,0.167386,0.250698,-0.0565487,-0.16399,0.0308264,0.000149173,0.00208592,6
19.1111,0.167903,0.239494,-0.0565487,-0.123209,0.151192,0.000154643,0.00208708,6
19.1132,0.16842,0.242295,-0.0565487,-0.110994,0.210801,0.000480478,0.00208597,9
19.1153,0.169012,0.237813,-0.0565487,-0.13239,0.113494,0.000147439,0.00207825,6
19.1174,0.169455,0.231091,-0.0565487,-0.150363,0.0208907,0.000148572,0.00208542,6
19.1195,0.169898,0.232771,-0.0565487,-0.149331,0.0326244,0.000154131,0.00208673,6
19.1216,0.170416,0.227729,-0.0565487,-0.154392,-0.00334995,0.000149303,0.00208568,6
19.1237,0.170859,0.226049,-0.0565487,-0.167511,-0.0588586,0.000493522,0.00208713,9
19.1258,0.171376,0.224368,-0.0565487,-0.191489,-0.156391,0.000160523,0.00208383,3
19.1279,0.17182,0.227729,-0.0565487,-0.186487,-0.123137,0.000148131,0.00208653,6
19.13,0.172263,0.218206,-0.0565487,-0.177044,-0.119053,0.000149202,0.00208552,6
19.1321,0.172707,0.218206,-0.0565487,-0.164282,-0.0676916,0.000151096,0.00208114,6
19.1342,0.17315,0.211483,-0.0565487,-0.149882,-0.0341966,0.000514209,0.00208587,9
19.1363,0.173667,0.208122,-0.0565487,-0.136087,0.00933827,0.000178566,0.00208481,3
19.1384,0.174037,0.20364,-0.0565487,-0.125701,0.0350066,0.000148902,0.00208543,6
19.1405,0.17448,0.200279,-0.0565487,-0.122087,0.0386104,0.000148712,0.00208579,6
19.1426,0.17485,0.196917,-0.0565487,-0.129171,0.000269978,0.000146577,0.00208698,6
19.1447,0.175293,0.193556,-0.0565487,-0.107954,0.0724424,0.000524508,0.00208571,9
19.1468,0.175737,0.188514,-0.0565487,-0.0835348,0.151024,0.000173307,0.00208483,3
19.1489,0.176106,0.190195,-0.0565487,-0.0573159,0.260587,0.000149784,0.00208537,6
19.151,0.176476,0.180671,-0.0565487,-0.0309792,0.3302,0.000145847,0.00208707,6
19.1531,0.176845,0.182352,-0.0565487,-0.00648689,0.433038,0.000155985,0.00208567,6
19.1552,0.177215,0.182352,-0.0565487,0.0139183,0.513895,0.000566214,0.00208698,9
19.1573,0.177658,0.182352,-0.0565487,0.0277132,0.569279,0.000180289,0.00208372,3
19.1594,0.177954,0.175629,-0.0565487,0.0320944,0.563199,0.000145666,0.00208652,6
19.1615,0.178323,0.173948,-0.0565487,0.0239782,0.526899,0.000152298,0.00208596,6
19.1636,0.178693,0.173948,-0.0565487,-0,0.434875,0.000151147,0.00208683,6
19.1657,0.179062,0.180671,-0.0565487,-0,0.460497,0.00057996,0.0020857,9
19.1678,0.179505,0.180671,-0.0565487,-0,0.462147,0.000225281,0.00208443,3
19.1699,0.179801,0.175629,-0.0565487,-0,0.445063,0.00015866,0.00208546,6
19.172,0.180171,0.17731,-0.0565487,-0,0.4525,0.000159862,0.00208685,6
19.1741,0.180614,0.224368,-0.0565487,-0,0.623872,0.000151807,0.00208524,6
19.1762,0.18091,0.0439773,-0.0565487,-0,-0.0256264,0.000612269,0.00208683,9
19.1783,0.181353,0.173948,-0.0565487,-0,0.444779,0.000262259,0.0020834,3
19.1804,0.181649,0.173948,-0.0565487,-0,0.445879,0.000174018,0.0020847,6
19.1825,0.182018,0.168906,-0.0565487,-0,0.42907,0.000151366,0.00208529,6
19.1846,0.182388,0.172268,-0.0565487,-0,0.442569,0.000151286,0.00208571,6
19.1867,0.182757,0.175629,-0.0565487,-0,0.456067,0.000681304,0.00208684,9
19.1888,0.183201,0.172268,-0.0565487,-0,0.445595,0.000289759,0.00208371,3
19.1909,0.183496,0.166105,-0.0565487,-0,0.42447,0.000154863,0.00208471,6
19.193,0.183792,0.170587,-0.0565487,-0,0.441734,0.000150595,0.00208554,6
19.1951,0.184161,0.170587,-0.0565487,-0,0.443109,0.000155013,0.00208658,6
19.1972,0.184531,0.167786,-0.0534071,-0.0239781,0.388632,0.00014762,0.00208572,6
19.1993,0.1849,0.170587,-0.0534071,-0.0320944,0.368496,0.000324583,0.00208665,9
19.2014,0.18527,0.170587,-0.0534071,-0.0277132,0.386937,0.00015342,0.00208366,6
19.2035,0.185565,0.166105,-0.0534071,-0.0139184,0.425606,0.000156526,0.00208634,6
19.2056,0.185935,0.170587,-0.0534071,0.00648677,0.522627,0.000161745,0.00208557,6
19.2077,0.186304,0.167786,-0.0534071,0.0309792,0.609301,0.000152809,0.00208703,6
19.2098,0.1866,0.167786,-0.0534071,0.057316,0.712988,0.000324062,0.00208598,9
19.2119,0.187043,0.172268,-0.0534071,0.0835349,0.832929,0.000150685,0.00208459,6
19.214,0.187339,0.173948,-0.0534071,0.107954,0.935206,0.000149733,0.00208547,6
19.2161,0.187708,0.170587,-0.0534071,0.129171,1.0071,0.000150144,0.00208682,6
19.2182,0.188078,0.170587,-0.0534071,0.146065,1.07428,0.00015359,0.00208596,6
19.2203,0.188447,0.175629,-0.0534071,0.157795,1.13953,0.00028476,0.00208589,9
19.2224,0.188817,0.180671,-0.0534071,0.1638,1.18248,0.000151066,0.00208356,6
19.2245,0.189186,0.185713,-0.0534071,0.1638,1.20204,0.000149043,0.00208551,6
19.2266,0.189556,0.186833,-0.0534071,0.157795,1.18407,0.000150404,0.002087,6
19.2287,0.189999,0.196917,-0.0534071,0.146065,1.1764,0.000673831,0.00208606,9
19.2308,0.190517,0.198598,-0.0534071,0.129171,1.11858,0.00028453,0.00208472,3
19.2329,0.190886,0.206441,-0.0534071,0.107954,1.0656,0.000152949,0.00208354,6
19.235,0.191256,0.208122,-0.0534071,0.0835349,0.977921,0.000148451,0.00208673,6
19.2371,0.191699,0.211483,-0.0534071,0.057316,0.889568,0.000156175,0.0020857,6
19.2392,0.192143,0.218206,-0.0534071,0.030979,0.812878,0.00015828,0.00208703,6
19.2413,0.192586,0.213164,-0.0534071,0.00648689,0.700943,0.000278689,0.00208617,9
19.2434,0.193103,0.221567,-0.0534071,-0.0139184,0.653695,0.00015873,0.00207798,6
19.2455,0.193547,0.213164,-0.0534071,-0.0277133,0.571305,0.000156296,0.00208559,6
19.2476,0.19399,0.222687,-0.0534071,-0.0320943,0.590239,0.00014776,0.00208678,6
19.2497,0.194433,0.221567,-0.0534071,-0.023978,0.619463,0.000672929,0.00208603,9
19.2518,0.195025,0.222687,-0.0534071,-0,0.719102,0.000264192,0.00208469,3
19.2539,0.195394,0.222687,-0.0534071,-0,0.720478,0.00016394,0.00208376,6
19.256,0.195838,0.224368,-0.0565487,0.023978,0.77394,0.000150204,0.00208623,6
19.2581,0.196355,0.221567,-0.0565487,0.0320944,0.797377,0.000149052,0.00208565,6
19.2602,0.196798,0.227729,-0.0565487,0.0277132,0.804188,0.000142761,0.00208696,6
19.2623,0.197316,0.227729,-0.0565487,0.0139183,0.752381,0.00031757,0.00208607,9
19.2644,0.197833,0.231091,-0.0596903,0.0174912,0.732698,0.000161666,0.00208486,6
19.2665,0.198276,0.236133,-0.0596903,0.00111517,0.688746,0.000149964,0.00208552,6
19.2686,0.198794,0.237813,-0.0596903,-0.0296029,0.577082,0.00014763,0.00208598,6
19.2707,0.199237,0.237813,-0.0596903,-0.0696166,0.422872,0.000146327,0.00208704,6
19.2728,0.199754,0.240614,-0.0596903,-0.114441,0.260305,0.000355539,0.0020857,9
19.2749,0.200346,0.237813,-0.0628318,-0.136172,0.120107,0.000154623,0.00208474,6
19.277,0.200789,0.240614,-0.0628318,-0.171287,-0.00491701,0.000149593,0.00208552,6
19.2791,0.201306,0.240614,-0.0628318,-0.213617,-0.167873,0.000149333,0.00208651,6
19.2812,0.201824,0.237813,-0.0628318,-0.257836,-0.34829,0.00014739,0.0020856,6
19.2833,0.202267,0.240614,-0.0628318,-0.299458,-0.498662,0.000383701,0.00208701,9
19.2854,0.202858,0.231091,-0.0628318,-0.334839,-0.668625,0.000152659,0.00208383,6
19.2875,0.203302,0.22941,-0.0628318,-0.361176,-0.775622,0.000150284,0.00208672,6
19.2896,0.203745,0.222687,-0.0628318,-0.376506,-0.857929,0.000148772,0.00208582,6
19.2917,0.204188,0.219886,-0.0628318,-0.379707,-0.878851,0.000148271,0.00208716,6
19.2938,0.204632,0.211483,-0.0628318,-0.370501,-0.871646,0.00039988,0.00208598,9
19.2959,0.205149,0.20364,-0.0628318,-0.349446,-0.815996,0.000158569,0.00208487,6
19.298,0.205519,0.190195,-0.0628318,-0.317945,-0.740412,0.000148501,0.00208525,6
19.3001,0.205888,0.180671,-0.0628318,-0.278241,-0.61873,0.000147439,0.0020868,6
19.3022,0.206258,0.175629,-0.0628318,-0.233416,-0.460942,0.000146708,0.00208594,6
19.3043,0.206627,0.166105,-0.0628318,-0.187398,-0.314664,0.000406392,0.00208687,9
19.3064,0.206997,0.159383,-0.0628318,-0.14495,-0.172194,0.000152268,0.00208349,6
19.3085,0.20744,0.231091,-0.0659734,-0.0877017,0.263422,0.000160173,0.00208531,6
19.3106,0.207588,0.12689,-0.0659734,-0.0619409,-0.011498,0.000149933,0.00208684,6
19.3127,0.207883,0.136414,-0.0659734,-0.0281084,0.155734,0.000148532,0.00208585,6
19.3148,0.208105,0.130251,-0.0659734,-0.0113034,0.199791,0.000442128,0.00208645,9
19.3169,0.208475,0.12689,-0.0659734,-0.0134882,0.180534,0.000152519,0.00208355,6
19.319,0.208696,0.130251,-0.0659734,-0.037466,0.100085,0.000149303,0.0020866,6
19.3211,0.208918,0.12857,-0.0659734,-0.0433978,0.0717436,0.000149112,0.002086,6
19.3232,0.209214,0.125209,-0.0659734,-0.0558218,0.0123276,0.000149734,0.00208691,6
19.3253,0.209509,0.12857,-0.0659734,-0.0758595,-0.0524991,0.000452576,0.00208594,9
19.3274,0.209805,0.123528,-0.0659734,-0.105193,-0.183842,0.000152388,0.00208488,6
19.3295,0.209953,0.116806,-0.0659734,-0.146065,-0.36674,0.000149222,0.00208535,6
19.3316,0.210248,0.114005,-0.0659734,-0.157795,-0.421432,0.000151477,0.00208687,6
19.3337,0.21047,0.116806,-0.0628318,-0.187778,-0.479646,0.000148331,0.00208581,6
19.3358,0.210692,0.107282,-0.0628318,-0.195895,-0.544783,0.000565563,0.0020869,9
19.3379,0.210987,0.103921,-0.0628318,-0.185508,-0.515349,0.000160864,0.00208379,3
19.34,0.211135,0.0971981,-0.0628318,-0.159983,-0.439622,0.000149953,0.00208654,6
19.3421,0.211283,0.094397,-0.0628318,-0.122684,-0.303888,0.00015849,0.00208546,6
19.3442,0.211505,0.0826324,-0.0628318,-0.0769745,-0.167447,0.000148802,0.00208706,6
19.3463,0.211652,0.0747893,-0.0628318,-0.0262189,0.00251723,0.000510503,0.00208597,9
19.3484,0.2118,0.0680667,-0.0628318,0.0262188,0.183074,0.000182052,0.00207919,3
19.3505,0.211948,0.0647054,-0.0628318,0.0769747,0.369204,0.000149773,0.00208519,6
19.3526,0.212096,0.0602236,-0.0628318,0.122684,0.531635,0.000148001,0.00208593,6
19.3547,0.21217,0.058543,-0.0628318,0.159984,0.671135,0.000148963,0.00208717,6
19.3568,0.212317,0.058543,-0.0628318,0.185508,0.771109,0.000589366,0.00208617,9
19.3589,0.212465,0.058543,-0.0628318,0.195895,0.812115,0.000177775,0.00208488,3
19.361,0.212539,0.0602236,-0.0628318,0.187778,0.786837,0.000148161,0.00208534,6
19.3631,0.212687,0.0630247,-0.0628318,0.157795,0.680701,0.000150145,0.00208691,6
19.3652,0.212835,0.0602236,-0.0628318,0.146065,0.625458,0.000147299,0.00208592,6
19.3673,0.212983,0.0697474,-0.0596903,0.105193,0.548802,0.000570812,0.00208713,9
19.3694,0.21313,0.0747893,-0.0596903,0.0758596,0.453279,0.000204343,0.00208361,3
19.3715,0.213278,0.066386,-0.0596903,0.0558217,0.345471,0.000151086,0.00208645,6
19.3736,0.213426,0.07647,-0.0596903,0.0433976,0.333996,0.000149593,0.0020858,6
19.3757,0.213574,0.071428,-0.0596903,0.0374661,0.293258,0.000171012,0.00208713,6
19.3778,0.213722,0.0731087,-0.0596903,0.0374659,0.299868,0.000575902,0.00208614,9
19.3799,0.213943,0.07647,-0.0596903,0.0433976,0.335922,0.00022449,0.00208485,3
19.382,0.214091,0.0731087,-0.0596903,0.0558216,0.372742,0.000151076,0.00208546,6
19.3841,0.214239,0.066386,-0.0596903,0.0758593,0.427096,0.000149984,0.00208669,6
19.3862,0.214387,0.071428,-0.0565487,0.0812147,0.514339,0.000146417,0.00208585,6
19.3883,0.214535,0.0747893,-0.0565487,0.113971,0.654602,0.000611817,0.00208703,9
19.3904,0.214682,0.071428,-0.0565487,0.130082,0.705784,0.000280222,0.00208355,3
19.3925,0.21483,0.0747893,-0.0565487,0.149882,0.795581,0.000150625,0.00208376,6
19.3946,0.214978,0.0731087,-0.0565487,0.170287,0.869551,0.00015323,0.00208647,6
19.3967,0.215126,0.0781507,-0.0565487,0.188774,0.960297,0.000147931,0.00208593,6
19.3988,0.215274,0.0781507,-0.0534071,0.179403,0.971993,0.00065714,0.00208693,9
19.4009,0.215495,0.0798313,-0.0534071,0.180611,0.983587,0.00029568,0.00208369,3
19.403,0.215643,0.0876744,-0.0534071,0.188194,1.04196,0.000152689,0.00208475,6
19.4051,0.215791,0.0893551,-0.0534071,0.198788,1.08983,0.000147669,0.00208519,6
19.4072,0.216013,0.094397,-0.0534071,0.209868,1.152,0.000147209,0.00208674,6
19.4093,0.216234,0.0927164,-0.0534071,0.219753,1.18527,0.000650118,0.00208585,9
19.4114,0.216456,0.105601,-0.0534071,0.227603,1.26315,0.000299908,0.00208474,3
19.4135,0.216678,0.107282,-0.0534071,0.233417,1.29268,0.000153691,0.00208252,6
19.4156,0.216825,0.103921,-0.0534071,0.238036,1.2991,0.000149513,0.00208651,6
19.4177,0.217121,0.118486,-0.0534071,0.243142,1.37262,0.000150235,0.0020858,6
19.4198,0.217343,0.121848,-0.0534071,0.251258,1.41718,0.000644026,0.00208667,9
19.4219,0.217638,0.12689,-0.0534071,0.265749,1.49291,0.000276545,0.00208352,3
19.424,0.217934,0.134733,-0.0534071,0.247335,1.45057,0.000153831,0.00208414,6
19.4261,0.218156,0.139775,-0.0534071,0.221116,1.36746,0.000151246,0.00208531,6
19.4282,0.218451,0.144817,-0.0534071,0.188774,1.26076,0.000143883,0.00208694,6
19.4303,0.218747,0.148178,-0.0534071,0.152552,1.13289,0.000624461,0.0020861,9
19.4324,0.21919,0.157702,-0.0534071,0.115252,1.02361,0.000266126,0.00208464,3
19.4345,0.219486,0.164425,-0.0534071,0.0802404,0.912576,0.000152298,0.00208356,6
19.4366,0.219781,0.164425,-0.0534071,0.0514406,0.801497,0.000149563,0.0020854,6
19.4387,0.220151,0.161063,-0.0534071,0.033338,0.720236,0.000149984,0.00208707,6
19.4408,0.220447,0.166105,-0.0534071,0.030979,0.730333,0.000616476,0.00208608,9
19.4429,0.22089,0.167786,-0.0534071,0.00648689,0.642644,0.000269542,0.00208485,3
19.445,0.221186,0.172268,-0.0534071,-0.0139184,0.580427,0.000163018,0.00208355,6
19.4471,0.221555,0.173948,-0.0565487,-0.0037353,0.579881,0.000151397,0.00208645,6
19.4492,0.221925,0.172268,-0.0565487,-0,0.589744,0.000152498,0.00208566,6
19.4513,0.222294,0.17899,-0.0565487,0.00373524,0.629915,0.000646811,0.00208684,9
19.4534,0.222738,0.175629,-0.0565487,0.0139183,0.659107,0.000302282,0.00208353,3
19.4555,0.223033,0.17731,-0.0596903,0.0174912,0.632538,0.000151888,0.00208489,6
19.4576,0.223403,0.17899,-0.0596903,0.00111517,0.576188,0.000150204,0.0020797,6
19.4597,0.223772,0.17731,-0.0596903,-0.0296029,0.45185,0.000150455,0.00208688,6
19.4618,0.224142,0.185713,-0.0596903,-0.0696166,0.327673,0.000149744,0.00208584,6
19.4639,0.224511,0.180671,-0.0596903,-0.114441,0.136268,0.000348406,0.00208716,9
19.466,0.224955,0.180671,-0.0596903,-0.16015,-0.0401272,0.00015364,0.00208357,6
19.4681,0.225324,0.184032,-0.0628318,-0.179403,-0.14927,0.000151387,0.00208652,6
19.4702,0.225694,0.184032,-0.0628318,-0.209236,-0.264097,0.000148612,0.00208564,6
19.4723,0.226063,0.17731,-0.0628318,-0.244041,-0.42254,0.000170231,0.00208703,6
19.4744,0.226433,0.17731,-0.0628318,-0.279053,-0.557541,0.000376408,0.00208577,9
19.4765,0.226802,0.172268,-0.0628318,-0.310347,-0.696245,0.000151055,0.00208385,6
19.4786,0.227098,0.166105,-0.0628318,-0.334839,-0.812771,0.000160544,0.00208664,6
19.4807,0.227467,0.162744,-0.0628318,-0.350287,-0.88369,0.000149633,0.00208593,6
19.4828,0.227763,0.150979,-0.0628318,-0.355289,-0.944502,0.00014774,0.0020867,6
19.4849,0.228058,0.149859,-0.0628318,-0.349284,-0.924052,0.000452557,0.00208595,9
19.487,0.228428,0.12857,-0.0628318,-0.332552,-0.934282,0.000154152,0.0020849,6
19.4891,0.22865,0.12857,-0.0628318,-0.306215,-0.830872,0.000150014,0.00208544,6
19.4912,0.228871,0.114005,-0.0628318,-0.272236,-0.750223,0.000149954,0.00208679,6
19.4933,0.229167,0.110643,-0.0628318,-0.233416,-0.61004,0.000147649,0.00208584,6
19.4954,0.229315,0.0960777,-0.0628318,-0.193403,-0.506163,0.00040481,0.00208714,9
19.4975,0.229536,0.0893551,-0.0628318,-0.15668,-0.386542,0.000149143,0.00208386,6
19.4996,0.229684,0.0843131,-0.0628318,-0.128574,-0.294699,0.000151346,0.00208659,6
19.5017,0.229906,0.0809518,-0.0628318,-0.115252,-0.254108,0.000150044,0.00208594,6
19.5038,0.230054,0.071428,-0.0628318,-0.0802404,-0.151529,0.000149594,0.00208692,6
19.5059,0.230128,0.0619043,-0.0628318,-0.0514406,-0.073423,0.000449812,0.00208577,9
19.508,0.230349,0.066386,-0.0628318,-0.033338,0.0140788,0.00015328,0.0020849,6
19.5101,0.230423,0.0602236,-0.0628318,-0.0309791,0.00131672,0.000150154,0.00208539,6
19.5122,0.230571,0.0551816,-0.0628318,-0.00648683,0.0790836,0.000150074,0.00208673,6
19.5143,0.230645,0.0501397,-0.0628318,0.0139182,0.140655,0.000148691,0.00208613,6
19.5164,0.230793,0.0450977,-0.0628318,0.0277131,0.176754,0.000446365,0.00208709,9
19.5185,0.230867,0.0439773,-0.0628318,0.0320943,0.190053,0.000157859,0.00208365,6
19.5206,0.230941,0.048459,-0.0628318,0.0239778,0.174877,0.000149163,0.00208576,6
19.5227,0.231014,0.0439773,-0.0628318,-0,0.0655914,0.000154803,0.00208678,6
19.5248,0.231162,0.0450977,-0.0628318,-0,0.0701827,0.0001585,0.00208579,6
19.5269,0.231236,0.0422966,-0.0628318,-0,0.0603552,0.000458387,0.00208706,9
19.529,0.23131,0.0450977,-0.0628318,-0,0.0707327,0.000157177,0.0020837,6
19.5311,0.231384,0.0288513,-0.0628318,-0,0.0124135,0.000153951,0.00208644,6
19.5332,0.231458,0.0322126,-0.0628318,-0,0.0248117,0.000150074,0.00208574,6
19.5353,0.231532,0.0322126,-0.0628318,-0,0.0250868,0.000156486,0.00208695,6
19.5374,0.231606,0.0243696,-0.0628318,-0,-0.00292507,0.000462695,0.00208596,9
19.5395,0.231606,0.0271707,-0.0628318,-0,0.00717743,0.000156556,0.00208469,6
19.5416,0.23168,0.0159663,-0.0628318,-0,-0.0329574,0.000159612,0.00208503,6
19.5437,0.23168,0.0210082,-0.0628318,-0,-0.014773,0.000159171,0.00208676,6
19.5458,0.231753,0.0159663,-0.0628318,-0,-0.0326823,0.000152839,0.00208595,6
19.5479,0.231753,0.0109243,-0.0628318,-0,-0.0508668,0.00048202,0.00208711,9
19.55,0.231753,0.00308121,-0.0628318,-0,-0.0791537,0.000163138,0.00208344,6
19.5521,0.231753,0.00308121,-0.0628318,-0,-0.0791537,0.000160283,0.00208638,6
19.5542,0.231753,0.00476187,-0.0628318,-0,-0.0730922,0.000153491,0.0020858,6
19.5563,0.231753,-0.00196077,-0.0628318,-0,-0.0973382,0.00016448,0.00208715,6
19.5584,0.231753,-0.00364143,-0.0596903,-0.0239779,-0.149149,0.000512436,0.00208583,9
19.5605,0.231753,-0.00700275,-0.0596903,-0.0320942,-0.192886,0.00016444,0.00208382,3
19.5626,0.231753,-0.00868341,-0.0596903,-0.027713,-0.181883,0.000150244,0.00208667,6
19.5647,0.231753,-0.00364143,-0.0596903,-0.0139181,-0.109965,0.000155685,0.00208039,6
19.5668,0.231753,-0.00196077,-0.0596903,0.00648698,-0.0244224,0.000158068,0.00208675,6
19.5689,0.231753,0.00140055,-0.0596903,0.0309792,0.0831017,0.000535337,0.00208606,9
19.571,0.231753,0.00140055,-0.0596903,0.057316,0.185688,0.000181181,0.0020848,3
19.5731,0.231753,-0.00028011,-0.0596903,0.0835349,0.281753,0.000150345,0.00208525,6
19.5752,0.231753,0.00308121,-0.0596903,0.107954,0.388991,0.000155705,0.00208669,6
19.5773,0.231753,0.00308121,-0.0596903,0.129171,0.471634,0.000150585,0.00208593,6
19.5794,0.231753,0.00308121,-0.0565487,0.122087,0.49169,0.000596028,0.0020871,9
19.5815,0.231753,0.00140055,-0.0565487,0.125701,0.499704,0.000238466,0.00208361,3
19.5836,0.231753,0.00308121,-0.0565487,0.136087,0.546221,0.000152498,0.00208637,6
19.5857,0.231753,0.00476187,-0.0565487,0.149882,0.606016,0.000155374,0.00208584,6
19.5878,0.231753,0.00476187,-0.0565487,0.164282,0.662106,0.000144023,0.00208705,6
19.5899,0.231753,0.00644253,-0.0565487,0.177044,0.71788,0.00061307,0.00208629,9
19.592,0.231753,0.00812319,-0.0534071,0.162509,0.714972,0.000342655,0.00208474,3
19.5941,0.231753,0.00140055,-0.0534071,0.159394,0.678595,0.000157016,0.00208353,6
19.5962,0.231827,0.00924363,-0.0534071,0.163776,0.724222,0.000148271,0.00208645,6
19.5983,0.231827,0.00924363,-0.0534071,0.172569,0.758473,0.000147409,0.00208597,6
19.6004,0.231827,0.0126049,-0.0534071,0.183531,0.813296,0.000650307,0.00208731,9
19.6025,0.231901,0.0142856,-0.0534071,0.195261,0.865322,0.000295008,0.0020838,3
19.6046,0.231901,0.0126049,-0.0534071,0.207198,0.905756,0.000152659,0.00208384,6
19.6067,0.231975,0.0193276,-0.0534071,0.219622,0.978671,0.000151848,0.0020865,6
19.6088,0.231975,0.0243696,-0.0534071,0.233655,1.05152,0.00015861,0.00208604,6
19.6109,0.232049,0.0288513,-0.0534071,0.251258,1.13652,0.000610365,0.00208723,9
19.613,0.232123,0.0288513,-0.0534071,0.275236,1.2302,0.000338819,0.00208346,3
19.6151,0.232197,0.030532,-0.0534071,0.265749,1.19958,0.000162517,0.00208476,6
19.6172,0.232271,0.0406159,-0.0534071,0.247335,1.1645,0.000155233,0.00208549,6
19.6193,0.232345,0.0422966,-0.0534071,0.221116,1.06871,0.000155023,0.00208671,6
19.6214,0.232419,0.048459,-0.0534071,0.188774,0.96523,0.000617047,0.00208481,9
19.6235,0.232566,0.0518203,-0.0534071,0.152552,0.836812,0.000255837,0.00208466,3
19.6256,0.23264,0.0568623,-0.0534071,0.115252,0.709985,0.000154342,0.00208384,6
19.6277,0.232788,0.058543,-0.0534071,0.0802404,0.580219,0.000149213,0.00208677,6
19.6298,0.232936,0.0568623,-0.0534071,0.0514406,0.462529,0.000153761,0.00208584,6
19.6319,0.23301,0.0568623,-0.0534071,0.033338,0.392291,0.000620373,0.00208703,9
19.634,0.233158,0.0630247,-0.0534071,0.030979,0.405878,0.000249857,0.00208384,3
19.6361,0.233305,0.0568623,-0.0534071,0.00648689,0.288803,0.000148271,0.00208483,6
19.6382,0.233379,0.058543,-0.0534071,-0.0139184,0.215657,0.000151387,0.00208549,6
19.6403,0.233527,0.0568623,-0.0534071,-0.0277133,0.156413,0.000159661,0.00208671,6
19.6424,0.233675,0.103921,-0.0534071,-0.0320943,0.30962,0.000584007,0.00208576,9
19.6445,0.23397,0.108963,-0.0534071,-0.023978,0.360519,0.000219762,0.00208365,3
19.6466,0.23397,0.00812319,-0.0534071,-0,0.090228,0.00015901,0.00208648,6
19.6487,0.23397,0.00644253,-0.0534071,-0,0.0841664,0.0001701,0.00208569,6
19.6508,0.234118,0.0501397,-0.0534071,-0,0.242315,0.000159862,0.00208685,6
19.6529,0.234192,0.0467784,-0.0534071,-0,0.230467,0.000580561,0.00208569,9
19.655,0.23434,0.0467784,-0.0534071,-0,0.231017,0.000246931,0.00208476,3
19.6571,0.234414,0.0406159,-0.0534071,-0,0.209067,0.000154051,0.00208496,6
19.6592,0.234488,0.0406159,-0.0534071,-0,0.209342,0.000158068,0.00208655,6
19.6613,0.234562,0.0389353,-0.0534071,-0,0.203556,0.0001533,0.00208599,6
19.6634,0.234636,0.0422966,-0.0534071,-0,0.215954,0.000586782,0.00208673,9
19.6655,0.234709,0.035574,-0.0534071,-0,0.191983,0.000196429,0.00208084,3
19.6676,0.234783,0.0338933,-0.0534071,-0,0.186197,0.000149353,0.00208611,6
19.6697,0.234857,0.035574,-0.0534071,-0,0.192533,0.000154772,0.00208408,6
19.6718,0.234931,0.0389353,-0.0534071,-0,0.204931,0.000153882,0.00207947,6
19.6739,0.235005,0.0338933,-0.0534071,-0,0.187022,0.00055846,0.00208598,9
19.676,0.235079,0.0260502,-0.0534071,-0,0.15901,0.000192281,0.00208461,3
19.6781,0.235153,0.030532,-0.0534071,-0,0.175449,0.000165072,0.00208544,6
19.6802,0.235227,0.0322126,-0.0534071,-0,0.181786,0.000534607,0.00205722,6
19.6823,0.235301,0.0260502,-0.0534071,-0,0.159835,0.00016984,0.00208563,6
19.6844,0.235301,0.0243696,-0.0534071,-0,0.153774,0.000563469,0.00208668,9
19.6865,0.235375,0.0226889,-0.0534071,-0,0.147988,0.000187502,0.0020836,3
19.6886,0.235448,0.0243696,-0.0534071,-0,0.154324,0.00015344,0.00208552,6
19.6907,0.235448,0.0193276,-0.0534071,-0,0.13614,0.00015334,0.00208659,6
19.6928,0.235522,0.0142856,-0.0534071,-0,0.11823,0.000158379,0.00208564,6
19.6949,0.235522,0.0159663,-0.0534071,-0,0.124292,0.000541088,0.00208693,9
19.697,0.235596,0.0142856,-0.0534071,-0,0.118505,0.000176883,0.00208349,3
19.6991,0.235596,0.0126049,-0.0534071,-0,0.112444,0.000153942,0.00208636,6
19.7012,0.235596,0.0109243,-0.0534071,-0,0.106382,0.00015904,0.00208557,6
19.7033,0.235596,0.00644253,-0.0534071,-0,0.0902184,0.000157407,0.00208664,6
19.7054,0.23567,0.00812319,-0.0534071,-0,0.0965551,0.000539385,0.00208581,9
19.7075,0.23567,-0.00028011,-0.0534071,-0,0.0662476,0.000172205,0.00208452,3
19.7096,0.23567,0.00140055,-0.0534071,-0,0.0723091,0.000159371,0.00208509,6
19.7117,0.23567,-0.00364143,-0.0534071,-0,0.0541247,0.000158269,0.0020868,6
19.7138,0.235596,-0.00700275,-0.0534071,-0,0.0417266,0.000152418,0.0020858,6
19.7159,0.235596,-0.00196077,-0.0534071,-0,0.059911,0.000563389,0.00208683,9
19.718,0.235596,0.00140055,-0.0534071,-0,0.072034,0.000172736,0.00208344,3
19.7201,0.235596,0.00476187,-0.0534071,-0,0.084157,0.000160433,0.00208638,6
19.7222,0.235596,0.00308121,-0.0534071,-0,0.0780955,0.00015348,0.00208569,6
19.7243,0.235596,0.00140055,-0.0534071,-0,0.072034,0.000159601,0.00208696,6
19.7264,0.235596,-0.00532209,-0.0534071,-0,0.0477881,0.000517516,0.00208604,9
19.7285,0.235596,0.00140055,-0.0534071,-0,0.072034,0.000169039,0.00208374,3
19.7306,0.235596,-0.00028011,-0.0534071,-0,0.0659725,0.000154151,0.00208621,6
19.7327,0.235596,0.00140055,-0.0534071,-0,0.072034,0.0001534,0.00208554,6
19.7348,0.235596,-0.00028011,-0.0534071,-0,0.0659725,0.000157648,0.00208699,6
19.7369,0.235596,0.00140055,-0.0534071,-0,0.072034,0.000499532,0.00208591,9
19.739,0.235596,0.00140055,-0.0534071,-0,0.072034,0.000166143,0.00208471,3
19.7411,0.235596,0.00140055,-0.0534071,-0,0.072034,0.000154212,0.00208508,6
19.7432,0.235596,-0.00196077,-0.0534071,-0,0.059911,0.00015846,0.00208634,6
19.7453,0.235596,0.00140055,-0.0534071,-0,0.072034,0.000155184,0.00208593,6
19.7474,0.235596,-0.00196077,-0.0534071,-0,0.059911,0.000487711,0.00208693,9
19.7495,0.235596,0.00308121,-0.0534071,-0,0.0780955,0.000168388,0.00208326,6
19.7516,0.235596,-0.00028011,-0.0534071,-0,0.0659725,0.000159021,0.00208646,6
19.7537,0.235596,-0.00364143,-0.0534071,-0,0.0538496,0.000157678,0.00208562,6
19.7558,0.235596,-0.00028011,-0.0534071,-0,0.0659725,0.00015315,0.00208702,6
19.7579,0.235596,-0.00364143,-0.0534071,-0,0.0538496,0.000491818,0.00208596,9
19.76,0.235596,0.00476187,-0.0534071,-0,0.084157,0.000161816,0.00208457,6
19.7621,0.235596,-0.00028011,-0.0534071,-0,0.0659725,0.000158279,0.00208507,6
19.7642,0.235596,-0.00532209,-0.0534071,-0,0.0477881,0.00015343,0.00208659,6
19.7663,0.235596,-0.00196077,-0.0534071,-0,0.059911,0.000152739,0.00208572,6
19.7684,0.235596,-0.00196077,-0.0534071,-0,0.059911,0.000486448,0.00208696,9
19.7705,0.235596,-0.00028011,-0.0534071,-0,0.0659725,0.000161926,0.00208341,6
19.7726,0.235596,-0.00028011,-0.0534071,-0,0.0659725,0.000151978,0.00208547,6
19.7747,0.235596,-0.00196077,-0.0534071,-0,0.059911,0.000154111,0.00208682,6
19.7768,0.235596,0.00140055,-0.0534071,-0,0.072034,0.000159982,0.0020858,6
19.7789,0.235596,0.00140055,-0.0534071,-0,0.072034,0.000472734,0.00208701,9
19.781,0.235596,-0.00028011,-0.0534071,-0,0.0659725,0.000157368,0.0020837,6
19.7831,0.235596,0.00140055,-0.0534071,-0,0.072034,0.000164801,0.00208636,6
19.7852,0.235596,-0.00196077,-0.0534071,-0,0.059911,0.000159061,0.00208015,6
19.7873,0.235596,-0.00028011,-0.0534071,-0,0.0659725,0.000156836,0.00208667,6
19.7894,0.235596,-0.00196077,-0.0534071,-0,0.059911,0.000458819,0.00208581,9
19.7915,0.235596,0.00476187,-0.0534071,-0,0.084157,0.000157407,0.00208456,6
19.7936,0.235596,-0.00196077,-0.0534071,-0,0.059911,0.000160263,0.002085,6
19.7957,0.235596,0.00140055,-0.0534071,-0,0.072034,0.0001588,0.00208662,6
19.7978,0.235596,0.00140055,-0.0534071,-0,0.072034,0.00015314,0.00208593,6
19.7999,0.235596,-0.00196077,-0.0534071,-0,0.059911,0.000439203,0.00208682,9
19.802,0.235596,0.00140055,-0.0534071,-0,0.072034,0.000161856,0.00208347,6
19.8041,0.235596,0.00140055,-0.0534071,-0,0.072034,0.000158249,0.00208637,6
19.8062,0.235596,-0.00196077,-0.0534071,-0,0.059911,0.000151096,0.00208572,6
19.8083,0.235596,-0.00028011,-0.0534071,-0,0.0659725,0.000167696,0.00208702,6
19.8104,0.235596,-0.00028011,-0.0534071,-0,0.0659725,0.000433542,0.00208576,9
19.8125,0.235596,0.00308121,-0.0534071,-0,0.0780955,0.000154563,0.0020835,6
19.8146,0.235596,-0.00028011,-0.0534071,-0,0.0659725,0.000153159,0.00208661,6
19.8167,0.235596,-0.00364143,-0.0534071,-0,0.0538496,0.000167176,0.00208561,6
19.8188,0.235596,0.00140055,-0.0534071,-0,0.072034,0.00015858,0.00208677,6
19.8209,0.235596,-0.00196077,-0.0534071,-0,0.059911,0.000426188,0.00208571,9
19.823,0.235596,0.00476187,-0.0534071,-0,0.084157,0.000158069,0.00208458,6
19.8251,0.235596,-0.00028011,-0.0534071,-0,0.0659725,0.00015318,0.00208537,6
19.8272,0.235596,-0.00196077,-0.0534071,-0,0.059911,0.000158961,0.00208659,6
19.8293,0.235596,0.00308121,-0.0534071,-0,0.0780955,0.000156306,0.00208588,6
19.8314,0.235596,-0.00364143,-0.0534071,-0,0.0538496,0.000414457,0.00208706,9
19.8335,0.235596,-0.00028011,-0.0534071,-0,0.0659725,0.000154812,0.0020837,6
19.8356,0.235596,0.00308121,-0.0534071,-0,0.0780955,0.000159432,0.00208651,6
19.8377,0.235596,0.00140055,-0.0534071,-0,0.072034,0.00015865,0.00208552,6
19.8398,0.235596,-0.00028011,-0.0534071,-0,0.0659725,0.000152658,0.00208686,6
19.8419,0.235596,-0.00028011,-0.0534071,-0,0.0659725,0.000428973,0.00208607,9
19.844,0.235596,0.00140055,-0.0534071,-0,0.072034,0.000161024,0.00208453,6
19.8461,0.235596,-0.00028011,-0.0534071,-0,0.0659725,0.000158911,0.00208518,6
19.8482,0.235596,0.00140055,-0.0534071,-0,0.072034,0.00015318,0.00208652,6
19.8503,0.235596,0.00308121,-0.0534071,-0,0.0780955,0.00016431,0.00208586,6
19.8524,0.235596,-0.00028011,-0.0534071,-0,0.0659725,0.000400802,0.00208694,9
19.8545,0.235596,-0.00028011,-0.0534071,-0,0.0659725,0.000162456,0.00208342,6
19.8566,0.235596,-0.00196077,-0.0534071,-0,0.059911,0.000152148,0.00208561,6
19.8587,0.235596,-0.00364143,-0.0534071,-0,0.0538496,0.00015321,0.00208697,6
19.8608,0.235596,-0.00028011,-0.0534071,-0,0.0659725,0.000157848,0.00208577,6
19.8629,0.235596,-0.00028011,-0.0534071,-0,0.0659725,0.000422873,0.0020867,9
19.865,0.235596,0.00140055,-0.0534071,-0,0.072034,0.000157447,0.0020836,6
19.8671,0.235596,0.00140055,-0.0534071,-0,0.072034,0.000154732,0.00208596,6
19.8692,0.235596,-0.00028011,-0.0534071,-0,0.0659725,0.000160253,0.00208554,6
19.8713,0.235596,0.00140055,-0.0534071,-0,0.072034,0.000155264,0.00208669,6
19.8734,0.235596,-0.00364143,-0.0534071,-0,0.0538496,0.000379283,0.00208597,9
19.8755,0.235596,0.00140055,-0.0534071,-0,0.072034,0.000157668,0.00208477,6
19.8776,0.235596,0.00476187,-0.0534071,-0,0.084157,0.000159682,0.00208545,6
19.8797,0.235596,0.00140055,-0.0534071,-0,0.072034,0.00015886,0.00208684,6
19.8818,0.235596,0.00308121,-0.0534071,-0,0.0780955,0.000152469,0.00208595,6
19.8839,0.235596,0.00140055,-0.0534071,-0,0.072034,0.000437189,0.00208704,9
19.886,0.235596,-0.00196077,-0.0565487,0.023978,0.105661,0.000152258,0.00208326,6
19.8881,0.235596,-0.00028011,-0.0565487,0.0320944,0.143337,0.000154342,0.00208645,6
19.8902,0.235596,-0.00196077,-0.0565487,0.0277132,0.12021,0.000147981,0.00208569,6
19.8923,0.235596,-0.00364143,-0.0565487,0.0139183,0.0604155,0.00015375,0.00208724,6
19.8944,0.235596,0.00308121,-0.0565487,-0.00648677,0.00518035,0.000411281,0.00208598,9
19.8965,0.235596,-0.00196077,-0.0565487,-0.0309792,-0.108406,0.000150535,0.00207558,6
19.8986,0.235596,-0.00196077,-0.0565487,-0.0573161,-0.210992,0.000150605,0.0020867,6
19.9007,0.235596,-0.00028011,-0.0565487,-0.083535,-0.307057,0.000148721,0.00208602,6
19.9028,0.235596,-0.00700275,-0.0565487,-0.107954,-0.426418,0.000148602,0.00208686,6
19.9049,0.235596,-0.00196077,-0.0596903,-0.105193,-0.445128,0.000452286,0.00208571,9
19.907,0.235596,-0.00532209,-0.0596903,-0.113971,-0.491442,0.000154241,0.00208001,6
19.9091,0.235596,-0.00532209,-0.0596903,-0.130082,-0.554197,0.000150054,0.00208562,6
19.9112,0.235596,-0.00364143,-0.0596903,-0.149882,-0.62526,0.000150094,0.00208684,6
19.9133,0.235596,-0.00700275,-0.0596903,-0.170287,-0.716864,0.00015343,0.00208614,6
19.9154,0.235596,-0.00980385,-0.0596903,-0.188774,-0.798977,0.0004872,0.0020869,9
19.9175,0.235522,-0.0114845,-0.0596903,-0.203381,-0.862209,0.000164791,0.00208374,6
19.9196,0.235522,-0.00980385,-0.0596903,-0.212706,-0.892469,0.000154342,0.00208645,6
19.9217,0.235522,-0.0165265,-0.0596903,-0.215908,-0.929186,0.000155213,0.00208577,6
19.9238,0.235448,-0.0215685,-0.0596903,-0.212706,-0.935175,0.000149814,0.00208703,6
19.9259,0.235375,-0.0249298,-0.0596903,-0.203381,-0.911251,0.000486679,0.00208613,9
19.928,0.235301,-0.0327729,-0.0596903,-0.188774,-0.882918,0.000168528,0.0020849,3
19.9301,0.235301,-0.0394955,-0.0596903,-0.170287,-0.835153,0.000154563,0.00208532,6
19.9322,0.235153,-0.0411762,-0.0596903,-0.149882,-0.762283,0.000149142,0.00208675,6
19.9343,0.235079,-0.0473386,-0.0596903,-0.130082,-0.70766,0.000149202,0.00208598,6
19.9364,0.235005,-0.0428568,-0.0596903,-0.113971,-0.629016,0.000535287,0.00208718,9
19.9385,0.234857,-0.0490192,-0.0596903,-0.105193,-0.617601,0.000173406,0.00208383,3
19.9406,0.234783,-0.0540612,-0.0628318,-0.0839759,-0.601064,0.000148331,0.00208583,6
19.9427,0.234709,-0.0490192,-0.0628318,-0.0514406,-0.456425,0.000149703,0.00208689,6
19.9448,0.234562,-0.0523805,-0.0628318,-0.0296029,-0.384037,0.000148371,0.00208602,6
19.9469,0.234414,-0.0591032,-0.0628318,-0.0170609,-0.35998,0.000563149,0.00208703,9
19.949,0.23434,-0.0523805,-0.0628318,-0.0129738,-0.320089,0.000196539,0.00208375,3
19.9511,0.234192,-0.0540612,-0.0628318,-0.0170608,-0.342621,0.000167776,0.00208637,6
19.9532,0.234118,-0.0574225,-0.0628318,-0.0296027,-0.403871,0.000148561,0.00208572,6
19.9553,0.234044,-0.0490192,-0.0628318,-0.0514406,-0.458901,0.000156496,0.00208703,6
19.9574,0.23397,-0.00868341,-0.0628318,-0.0839757,-0.440429,0.000569771,0.00208624,9
19.9595,0.233897,-0.0882346,-0.0628318,-0.129171,-0.903657,0.000219401,0.00208479,3
19.9616,0.233749,-0.10112,-0.0628318,-0.146065,-1.01648,0.000150595,0.00208547,6
19.9637,0.233527,-0.0624645,-0.0628318,-0.157795,-0.923584,0.000151035,0.00208689,6
19.9658,0.233453,-0.0635849,-0.0628318,-0.1638,-0.951291,0.000149103,0.00208619,6
19.9679,0.233305,-0.0652656,-0.0628318,-0.1638,-0.957903,0.000594727,0.00208704,9
19.97,0.233158,-0.0703076,-0.0628318,-0.157795,-0.953247,0.000307402,0.00208362,3
19.9721,0.23301,-0.0719882,-0.0628318,-0.146065,-0.914168,0.000150405,0.00208469,6
19.9742,0.232862,-0.0798313,-0.0628318,-0.129171,-0.877201,0.000148842,0.00208552,6
19.9763,0.23264,-0.0798313,-0.0628318,-0.107954,-0.795382,0.000167125,0.00208707,6
19.9784,0.232492,-0.0848733,-0.0628318,-0.0835349,-0.719001,0.000601328,0.00208496,9
19.9805,0.232271,-0.0899153,-0.0628318,-0.057316,-0.635885,0.000257621,0.00208368,3
19.9826,0.232123,-0.0899153,-0.0628318,-0.0309791,-0.533848,0.000153931,0.00208477,6
19.9847,0.231901,-0.0915959,-0.0628318,-0.00648683,-0.445334,0.000149043,0.00208551,6
19.9868,0.231753,-0.0949573,-0.0628318,0.0139182,-0.378527,0.000164831,0.00208641,6
19.9889,0.231532,-0.0915959,-0.0628318,0.0277131,-0.313496,0.000889635,0.00205492,9
19.991,0.23131,-0.0899153,-0.0628318,0.0320943,-0.291194,0.000309415,0.00208477,3
19.9931,0.231162,-0.0932766,-0.0628318,0.0239778,-0.335482,0.000152719,0.00208369,6
19.9952,0.230941,-0.0899153,-0.0628318,-0,-0.417582,0.000160473,0.00208664,6
19.9973,0.230793,-0.0848733,-0.0628318,-0,-0.399948,0.0001533,0.00208544,6
19.9994,0.230571,-0.0949573,-0.0628318,-0,-0.437142,0.000617889,0.00208074,9
20.0015,0.230349,-0.0899153,-0.0596903,-0.0239779,-0.465532,0.000294418,0.00208365,3
20.0036,0.230202,-0.0899153,-0.0596903,-0.0320942,-0.497697,0.00015867,0.00208479,6
20.0057,0.22998,-0.0882346,-0.0596903,-0.027713,-0.475395,0.000150014,0.00208531,6
20.0078,0.229832,-0.0882346,-0.0596903,-0.0139181,-0.422212,0.00014187,0.00208658,6
20.0099,0.22961,-0.0899153,-0.0596903,0.00648698,-0.349618,0.000146718,0.00208597,6
20.012,0.229463,-0.0966379,-0.0596903,0.0309792,-0.279013,0.000325314,0.00208725,9
20.0141,0.229241,-0.0932766,-0.0596903,0.057316,-0.165129,0.000151416,0.00208362,6
20.0162,0.229093,-0.0882346,-0.0596903,0.0835349,-0.0453685,0.00014216,0.00208646,6
20.0183,0.228871,-0.0899153,-0.0596903,0.107954,0.0428599,0.00014835,0.00208585,6
20.0204,0.228724,-0.086554,-0.0596903,0.129171,0.137077,0.000166745,0.002087,6
20.0225,0.228502,-0.0848733,-0.0596903,0.146065,0.208118,0.000352173,0.00208597,9
20.0246,0.228354,-0.0798313,-0.0596903,0.157795,0.271442,0.000152148,0.00208363,6
20.0267,0.228206,-0.0787109,-0.0596903,0.1638,0.298323,0.000154151,0.00208665,6
20.0288,0.228058,-0.0787109,-0.0596903,0.1638,0.297773,0.000148622,0.00208586,6
20.0309,0.227911,-0.0736689,-0.0596903,0.157795,0.292017,0.000153831,0.00208703,6
20.033,0.227763,-0.0686269,-0.0596903,0.146065,0.263961,0.000389571,0.00208597,9
20.0351,0.227615,-0.0652656,-0.0596903,0.129171,0.209729,0.000149193,0.00208488,6
20.0372,0.227467,-0.0591032,-0.0596903,0.107954,0.14876,0.000148281,0.0020853,6
20.0393,0.227319,-0.0607838,-0.0596903,0.0835349,0.0470334,0.00015318,0.00208667,6
20.0414,0.227245,-0.0540612,-0.0596903,0.057316,-0.0311223,0.000147489,0.00208583,6
20.0435,0.227098,-0.0540612,-0.0596903,0.0309791,-0.134259,0.000413946,0.00208703,9
20.0456,0.227024,-0.0456579,-0.0596903,0.00648692,-0.199627,0.000151547,0.00208363,6
20.0477,0.22695,-0.0411762,-0.0596903,-0.0139181,-0.263219,0.000155474,0.0020867,6
20.0498,0.226802,-0.0445375,-0.0596903,-0.027713,-0.329626,0.000150114,0.00208566,6
20.0519,0.226728,-0.0490192,-0.0596903,-0.0320942,-0.36313,0.000150395,0.00208705,6
20.054,0.226654,-0.0456579,-0.0596903,-0.023978,-0.319668,0.000446235,0.00208602,9
20.0561,0.226506,-0.0428568,-0.0596903,-0,-0.216718,0.00016408,0.00208466,6
20.0582,0.226433,-0.0445375,-0.0596903,-0,-0.223055,0.00015351,0.00208525,6
20.0603,0.226359,-0.0411762,-0.0596903,-0,-0.211207,0.000162818,0.00208664,6
20.0624,0.226285,-0.0411762,-0.0596903,-0,-0.211482,0.000151456,0.00208568,6
20.0645,0.226211,-0.0490192,-0.0596903,-0,-0.240044,0.000475429,0.002086,9
20.0666,0.226063,-0.0394955,-0.0628318,0.023978,-0.160496,0.000162116,0.00208464,3
20.0687,0.225989,-0.0411762,-0.0628318,0.0320943,-0.135218,0.000149964,0.00208555,6
20.0708,0.225915,-0.0411762,-0.0628318,0.0277131,-0.152558,0.000150484,0.00208683,6
20.0729,0.225841,-0.0361342,-0.0628318,0.0139182,-0.188382,0.000148451,0.00208596,6
20.075,0.225767,-0.0310922,-0.0628318,-0.00648689,-0.249954,0.000507497,0.00208697,9
20.0771,0.225694,-0.0310922,-0.0628318,-0.0309792,-0.34563,0.000188294,0.00208383,3
20.0792,0.225694,-0.0327729,-0.0628318,-0.057316,-0.454278,0.000145846,0.00208639,6
20.0813,0.22562,-0.0277309,-0.0628318,-0.0835349,-0.538495,0.000147219,0.00208571,6
20.0834,0.225546,-0.0294115,-0.0628318,-0.107954,-0.639947,0.000152689,0.00208687,6
20.0855,0.225472,-0.0266104,-0.0628318,-0.129171,-0.712763,0.000518657,0.00208587,9
20.0876,0.225398,-0.0277309,-0.0628318,-0.146065,-0.782884,0.000181451,0.00208264,3
20.0897,0.225324,-0.0327729,-0.0628318,-0.157795,-0.847034,0.000156566,0.00208524,6
20.0918,0.225324,-0.0344535,-0.0628318,-0.1638,-0.876486,0.000163579,0.00208693,6
20.0939,0.22525,-0.0344535,-0.0628318,-0.1638,-0.876761,0.000149683,0.00208568,6
20.096,0.225176,-0.0361342,-0.0659734,-0.133817,-0.813957,0.000549654,0.0020871,9
20.0981,0.225028,-0.0456579,-0.0659734,-0.113971,-0.771551,0.000187983,0.00208358,3
20.1002,0.224955,-0.0428568,-0.0659734,-0.101458,-0.712984,0.000152819,0.00208634,6
20.1023,0.224881,-0.0428568,-0.0659734,-0.0940354,-0.684349,0.000146658,0.00208541,6
20.1044,0.224807,-0.0540612,-0.0659734,-0.0900217,-0.7094,0.000153179,0.00207553,6
20.1065,0.224659,-0.0540612,-0.0659734,-0.0882952,-0.703225,0.000560113,0.00208581,9
20.1086,0.224511,-0.0540612,-0.0659734,-0.0882951,-0.703775,0.000208631,0.00208365,3
20.1107,0.224437,-0.0540612,-0.0659734,-0.0900217,-0.710775,0.000155875,0.00208659,6
20.1128,0.224363,-0.0540612,-0.0659734,-0.0940356,-0.726685,0.000148441,0.00208572,6
20.1149,0.224216,-0.0540612,-0.0659734,-0.101458,-0.756146,0.000150405,0.00208691,6
20.117,0.224068,-0.0574225,-0.0659734,-0.113971,-0.817559,0.000576153,0.00208586,9
20.1191,0.22392,-0.0574225,-0.0659734,-0.133817,-0.895414,0.000208471,0.00208484,3
20.1212,0.223846,-0.0669463,-0.0659734,-0.1638,-1.04683,0.000148872,0.00208533,6
20.1233,0.223698,-0.0686269,-0.069115,-0.139822,-1.00769,0.00015865,0.00208663,6
20.1254,0.22355,-0.0686269,-0.069115,-0.125701,-0.953232,0.000147189,0.00208578,6
20.1275,0.223403,-0.0753496,-0.069115,-0.118352,-0.949404,0.00060791,0.00208706,9
20.1296,0.223255,-0.0719882,-0.069115,-0.115253,-0.925759,0.000258793,0.0020835,3
20.1317,0.223107,-0.0798313,-0.069115,-0.114441,-0.951434,0.000148772,0.00208477,6
20.1338,0.222959,-0.0787109,-0.069115,-0.114514,-0.94823,0.000150484,0.00208542,6
20.1359,0.222738,-0.0831926,-0.069115,-0.114632,-0.965678,0.000154722,0.00208693,6
20.138,0.22259,-0.0848733,-0.0722566,-0.0905364,-0.926081,0.00064087,0.00208597,9
20.1401,0.222368,-0.0899153,-0.0722566,-0.0823466,-0.91319,0.000311058,0.00208461,3
20.1422,0.22222,-0.0915959,-0.0722566,-0.0875398,-0.94003,0.000152739,0.00208362,6
20.1443,0.221998,-0.0949573,-0.0722566,-0.104434,-1.01878,0.000156285,0.00208671,6
20.1464,0.221851,-0.0932766,-0.0722566,-0.132188,-1.12138,0.000146367,0.00208558,6
20.1485,0.221629,-0.1028,-0.0722566,-0.170802,-1.30696,0.000145636,0.00208576,6
20.1506,0.221407,-0.1028,-0.0722566,-0.221117,-1.50377,0.000339951,0.00208674,9
20.1527,0.221186,-0.106162,-0.0722566,-0.24133,-1.59545,0.000153961,0.00208324,6
20.1548,0.220964,-0.114565,-0.0722566,-0.254019,-1.67601,0.000156185,0.00208663,6
20.1569,0.220668,-0.119047,-0.0722566,-0.258342,-1.71011,0.000160954,0.00208569,6
20.159,0.220447,-0.130811,-0.0722566,-0.254019,-1.73653,0.000148021,0.00208687,6
20.1611,0.220151,-0.135293,-0.0722566,-0.24133,-1.70437,0.000376177,0.002086,9
20.1632,0.219781,-0.145377,-0.0722566,-0.221116,-1.66338,0.000157968,0.00208454,6
20.1653,0.219486,-0.156581,-0.0722566,-0.19478,-1.6023,0.000157558,0.00208523,6
20.1674,0.21919,-0.163304,-0.0722566,-0.164281,-1.50885,0.000154783,0.00208696,6
20.1695,0.218821,-0.172828,-0.0722566,-0.132146,-1.41941,0.0001476,0.00208637,6
20.1716,0.218451,-0.174508,-0.0722566,-0.101458,-1.30731,0.000407154,0.00208706,9
20.1737,0.218008,-0.17787,-0.0722566,-0.0758592,-1.22137,0.000153811,0.00208361,6
20.1758,0.217712,-0.184592,-0.0722566,-0.0595566,-1.18321,0.000151687,0.0020868,6
20.1779,0.217269,-0.190755,-0.0722566,-0.0573159,-1.19836,0.000148602,0.00208581,6
20.18,0.216899,-0.195797,-0.0722566,-0.0309793,-1.11534,0.000149763,0.00208716,6
20.1821,0.216456,-0.2042,-0.0722566,-0.00648654,-1.05189,0.000427,0.00208593,9
20.1842,0.216013,-0.197477,-0.0722566,0.0139183,-0.949817,0.000145266,0.0020846,6
20.1863,0.215643,-0.210363,-0.0722566,0.0277132,-0.94393,0.000146908,0.00208566,6
20.1884,0.2152,-0.202519,-0.0722566,0.0320944,-0.900229,0.000145867,0.00208063,6
20.1905,0.214756,-0.202519,-0.069115,-0,-0.979244,0.000122604,0.00208644,6
20.1926,0.214313,-0.210363,-0.069115,-0.0320939,-1.13419,0.000477643,0.00208658,9
20.1947,0.213795,-0.208682,-0.069115,-0.0277128,-1.11299,0.000104571,0.00208513,6
20.1968,0.213426,-0.218766,-0.069115,-0.0139179,-1.097,0.000104921,0.00208646,6
20.1989,0.212983,-0.215404,-0.0659734,-0.0174909,-1.0528,0.000101606,0.00208814,6
20.201,0.212539,-0.220446,-0.0659734,-0.00111485,-1.00885,0.000105193,0.00208703,6
20.2031,0.212096,-0.22829,-0.0659734,0.0296033,-0.919132,0.000518477,0.00208795,9
20.2052,0.211505,-0.226609,-0.0659734,0.0696169,-0.759412,0.000140236,0.00208402,3
20.2073,0.211061,-0.238374,-0.0659734,0.114441,-0.628897,0.000102627,0.00208716,6
20.2094,0.210618,-0.236693,-0.0659734,0.16015,-0.44644,0.000106254,0.00208089,6
20.2115,0.2101,-0.233332,-0.0659734,0.203381,-0.267853,0.000101906,0.00208778,6
20.2136,0.209583,-0.240054,-0.0659734,0.24133,-0.146207,0.000517636,0.00208713,9
20.2157,0.208992,-0.235012,-0.0628318,0.247776,-0.057467,0.000200727,0.00208479,3
20.2178,0.208622,-0.246217,-0.0628318,0.260877,-0.048222,0.000107176,0.00208404,6
20.2199,0.208105,-0.226609,-0.0628318,0.276147,0.0800485,0.000102357,0.00208758,6
20.222,0.207662,-0.22997,-0.0628318,0.289942,0.120008,0.000103138,0.00208694,6
20.2241,0.207292,-0.132492,-0.0628318,0.299458,0.507266,0.000547811,0.00208793,9
20.2262,0.206627,-0.217085,-0.0628318,0.302733,0.212453,0.00022948,0.00208394,3
20.2283,0.206258,-0.213724,-0.0628318,0.298646,0.207281,0.000111153,0.0020853,6
20.2304,0.205888,-0.2042,-0.0628318,0.286916,0.194564,0.000103078,0.00208626,6
20.2325,0.205445,-0.207001,-0.0628318,0.268104,0.109535,0.000103328,0.00208691,6
20.2346,0.205001,-0.2042,-0.0628318,0.243612,0.0225847,0.000571994,0.00208834,9
20.2367,0.204484,-0.192435,-0.0628318,0.215682,-0.0457024,0.000227996,0.00208409,3
20.2388,0.204188,-0.189074,-0.0628318,0.187398,-0.14485,0.0001043,0.0020853,6
20.2409,0.203819,-0.189074,-0.0628318,0.162685,-0.242485,0.000104341,0.00208654,6
20.243,0.203375,-0.187394,-0.0628318,0.146309,-0.301861,0.000101345,0.00208797,6
20.2451,0.203006,-0.182912,-0.0628318,0.143877,-0.296548,0.00057503,0.00208693,9
20.2472,0.202563,-0.17955,-0.0628318,0.118352,-0.385499,0.000248674,0.00208511,3
20.2493,0.202193,-0.182912,-0.0628318,0.0970765,-0.481868,0.000105522,0.00208415,6
20.2514,0.201897,-0.182912,-0.0628318,0.0839759,-0.533997,0.000102057,0.00208756,6
20.2535,0.201454,-0.17787,-0.0628318,0.0835348,-0.519181,0.000104842,0.00208662,6
20.2556,0.201085,-0.182912,-0.0628318,0.0573159,-0.640868,0.000593304,0.00208811,9
20.2577,0.200641,-0.181231,-0.0628318,0.0309792,-0.739043,0.000248835,0.00208416,3
20.2598,0.200346,-0.187394,-0.0628318,0.00648671,-0.85777,0.000121592,0.00208511,6
20.2619,0.199976,-0.184592,-0.0628318,-0.0139183,-0.928524,0.000107025,0.00208608,6
20.264,0.199533,-0.187394,-0.0628318,-0.0277132,-0.99401,0.000103198,0.00208812,6
20.2661,0.199163,-0.195797,-0.0628318,-0.0320944,-1.04276,0.000603192,0.00208696,9
20.2682,0.198646,-0.192435,-0.0628318,-0.0239781,-1.00095,0.000284219,0.00208509,3
20.2703,0.198276,-0.197477,-0.0628318,-0,-0.927109,0.000108919,0.002084,6
20.2724,0.197907,-0.2042,-0.0628318,-0,-0.95273,0.000121982,0.00208143,6
20.2745,0.197463,-0.205321,-0.0628318,-0,-0.958422,0.000104751,0.00208776,6
20.2766,0.197094,-0.205321,-0.0628318,-0,-0.959797,0.000692926,0.00208695,9
20.2787,0.196503,-0.208682,-0.0628318,-0,-0.974121,0.000276425,0.00208502,3
20.2808,0.196133,-0.208682,-0.0628318,-0,-0.975496,0.000108257,0.00208407,6
20.2829,0.195764,-0.210363,-0.0628318,-0,-0.982933,0.000105252,0.00208748,6
20.285,0.19532,-0.212043,-0.0628318,-0,-0.990645,0.000106965,0.00208656,6
20.2871,0.194877,-0.217085,-0.0628318,-0,-1.01048,0.000104551,0.00208797,6
20.2892,0.194433,-0.218766,-0.0596903,-0.0239779,-1.06394,0.000313142,0.00208674,9
20.2913,0.193916,-0.222127,-0.0596903,-0.0320942,-1.1096,0.000104321,0.00208517,6
20.2934,0.193473,-0.217085,-0.0596903,-0.027713,-1.07601,0.000119879,0.0020863,6
20.2955,0.193029,-0.223248,-0.0596903,-0.0139181,-1.04615,0.000102747,0.00208793,6
20.2976,0.192586,-0.224928,-0.0596903,0.00648698,-0.974379,0.000106594,0.00208694,6
20.2997,0.192069,-0.233332,-0.0596903,0.0309792,-0.911211,0.000335062,0.00208825,9
20.3018,0.191551,-0.235012,-0.0596903,0.057316,-0.816613,0.000106324,0.0020841,6
20.3039,0.191108,-0.233332,-0.0596903,0.0835349,-0.710075,0.000102888,0.00208763,6
20.306,0.190591,-0.241175,-0.0565487,0.0839758,-0.690922,0.000106204,0.00208648,6
20.3081,0.190073,-0.242855,-0.0565487,0.0970765,-0.64788,0.000102708,0.00208817,6
20.3102,0.18963,-0.244536,-0.0565487,0.118352,-0.572722,0.000380535,0.002087,9
20.3123,0.189039,-0.236693,-0.0565487,0.143877,-0.447213,0.000119579,0.00208507,6
20.3144,0.188595,-0.241175,-0.0534071,0.146309,-0.407905,0.00010375,0.00208613,6
20.3165,0.188078,-0.241175,-0.0534071,0.162685,-0.346044,0.000104772,0.00208133,6
20.3186,0.187561,-0.240054,-0.0534071,0.187398,-0.247668,0.000101746,0.00208772,6
20.3207,0.187043,-0.238374,-0.0534071,0.215682,-0.133362,0.000397326,0.00208716,9
20.3228,0.186526,-0.231651,-0.0534071,0.243611,-0.00225064,0.000104661,0.0020852,6
20.3249,0.186083,-0.241175,-0.0534071,0.268104,0.0571529,0.000105052,0.00208638,6
20.327,0.185565,-0.233332,-0.0534071,0.286916,0.156789,0.000115741,0.0020878,6
20.3291,0.185122,-0.233332,-0.0534071,0.298646,0.200829,0.000105372,0.00208676,6
20.3312,0.184605,-0.231651,-0.0534071,0.302733,0.220885,0.00038879,0.00208774,9
20.3333,0.184087,-0.224928,-0.0534071,0.299458,0.230448,0.000106344,0.00208394,6
20.3354,0.183718,-0.222127,-0.0534071,0.289942,0.202108,0.000103118,0.00208784,6
20.3375,0.183201,-0.217085,-0.0534071,0.276147,0.164634,0.000104961,0.00208684,6
20.3396,0.182757,-0.212043,-0.0534071,0.260877,0.121689,0.000101305,0.00208813,6
20.3417,0.182388,-0.210363,-0.0534071,0.247776,0.075344,0.000388028,0.00208715,9
20.3438,0.18187,-0.202519,-0.0534071,0.24133,0.0765976,0.000103459,0.00208514,6
20.3459,0.181501,-0.195797,-0.0534071,0.203381,-0.0483485,0.000106104,0.00208622,6
20.348,0.181131,-0.187394,-0.0534071,0.16015,-0.187809,0.000101856,0.00208803,6
20.3501,0.18091,-0.0456579,-0.0534071,0.114441,0.144506,0.000103809,0.00208689,6
20.3522,0.180392,-0.213724,-0.0534071,0.0696165,-0.638165,0.000369756,0.00208804,9
20.3544,0.179949,-0.174508,-0.0534071,0.0296026,-0.654241,0.00010425,0.0020841,6
20.3565,0.179653,-0.176189,-0.0534071,-0.00111508,-0.781053,0.00012022,0.00207729,6
20.3586,0.179284,-0.172828,-0.0534071,-0.0174911,-0.834092,0.000102046,0.00208771,6
20.3607,0.178914,-0.174508,-0.0534071,-0.0139184,-0.827613,0.000103529,0.0020871,6
20.3628,0.178545,-0.174508,-0.0534071,-0.0277133,-0.882722,0.000380475,0.00208803,9
20.3649,0.178101,-0.182912,-0.0534071,-0.0320943,-0.931745,0.000106475,0.00208408,6
20.367,0.177806,-0.181231,-0.0534071,-0.023978,-0.895169,0.000102737,0.00208764,6
20.3691,0.177436,-0.181231,-0.0534071,-0,-0.803147,0.000106856,0.00208674,6
20.3712,0.176993,-0.189074,-0.0534071,-0,-0.833084,0.000104712,0.00208781,6
20.3733,0.176623,-0.189074,-0.0534071,-0,-0.83446,0.000367632,0.00208664,9
20.3754,0.17618,-0.190755,-0.0534071,-0,-0.842172,0.000106705,0.00208496,6
20.3775,0.17581,-0.195797,-0.0534071,-0,-0.861732,0.000106555,0.00208601,6
20.3796,0.175441,-0.195797,-0.0534071,-0,-0.863107,0.00010419,0.00208793,6
20.3817,0.174997,-0.199158,-0.0534071,-0,-0.876881,0.000107497,0.00208661,6
20.3838,0.174554,-0.202519,-0.0534071,-0,-0.890654,0.000347545,0.00208806,9
20.3859,0.174111,-0.200839,-0.0534071,-0,-0.886243,0.000108308,0.00208388,6
20.388,0.173741,-0.2042,-0.0534071,-0,-0.899742,0.000104641,0.00208756,6
20.3901,0.173298,-0.2042,-0.0534071,-0,-0.901392,0.000107136,0.00208635,6
20.3922,0.172928,-0.205321,-0.0534071,-0,-0.906809,0.00010379,0.00208797,6
20.3943,0.172485,-0.213724,-0.0534071,-0,-0.938767,0.000331556,0.00208696,9
20.3964,0.171968,-0.205321,-0.0534071,-0,-0.910385,0.000160283,0.00208502,6
20.3985,0.171524,-0.215404,-0.0534071,-0,-0.948404,0.000106445,0.002085,6
20.4006,0.171155,-0.212043,-0.0534071,-0,-0.937657,0.00010985,0.0020864,6
20.4027,0.170637,-0.215404,-0.0534071,-0,-0.951706,0.000104561,0.00208766,6
20.4048,0.170194,-0.217085,-0.0534071,-0,-0.959418,0.000326546,0.00208696,9
20.4069,0.169677,-0.22829,-0.0534071,-0,-1.00175,0.000107276,0.00208506,6
20.409,0.169307,-0.223248,-0.0534071,-0,-0.984944,0.000108808,0.00208628,6
20.4111,0.16879,-0.22829,-0.0534071,-0,-1.00505,0.000104951,0.00208789,6
20.4132,0.168346,-0.236693,-0.0534071,-0,-1.03701,0.000106845,0.00208665,6
20.4153,0.167829,-0.235012,-0.0534071,-0,-1.03288,0.000325755,0.00208811,9
20.4174,0.167312,-0.240054,-0.0534071,-0,-1.05299,0.00011506,0.0020835,6
20.4195,0.166868,-0.241175,-0.0534071,-0,-1.05868,0.000105283,0.00208739,6
20.4216,0.166351,-0.244536,-0.0534071,-0,-1.07273,0.000113097,0.00208578,6
20.4237,0.165834,-0.244536,-0.0534071,-0,-1.07465,0.000676747,0.00208782,6
20.4258,0.165169,-0.249578,-0.0534071,-0,-1.09531,0.000302793,0.00207805,3
20.4279,0.164725,-0.252939,-0.0534071,-0,-1.10909,0.000106083,0.00208522,6
20.43,0.164208,-0.259102,-0.0534071,-0,-1.13324,0.000137531,0.00208635,6
20.4321,0.163691,-0.264144,-0.0534071,-0,-1.15335,0.000105923,0.00208798,6
20.4342,0.163099,-0.272547,-0.0534071,-0,-1.18586,0.000106935,0.00208681,6
20.4363,0.162582,-0.272547,-0.0534071,-0,-1.18778,0.000315236,0.00208806,9
20.4384,0.161917,-0.274228,-0.0534071,-0,-1.19632,0.000107606,0.00208764,6
20.4405,0.1614,-0.282071,-0.0534071,-0,-1.22653,0.000121182,0.00208663,6
20.4426,0.160809,-0.275348,-0.0534071,-0,-1.20449,0.000105172,0.00208785,6
20.4447,0.160217,-0.290474,-0.0534071,-0,-1.26124,0.000672678,0.00208693,9
20.4468,0.159404,-0.296636,-0.0502655,-0.0239779,-1.33224,0.000302002,0.00208447,3
20.4489,0.158961,-0.296636,-0.0502655,-0.0320943,-1.36551,0.000106795,0.00208414,6
20.451,0.15837,-0.299998,-0.0502655,-0.0277131,-1.36276,0.000102667,0.00208779,6
20.4531,0.157705,-0.312883,-0.0502655,-0.0139183,-1.35798,0.000106475,0.00208652,6
20.4552,0.15704,-0.316244,-0.0502655,0.00648689,-1.2931,0.000102116,0.00208827,6
20.4573,0.156374,-0.321286,-0.0502655,0.0309792,-1.21836,0.000302152,0.00208714,9
20.4594,0.155635,-0.328009,-0.0502655,0.057316,-1.14277,0.00010422,0.00208516,6
20.4615,0.155044,-0.328009,-0.0502655,0.0835348,-1.04284,0.000105923,0.00208618,6
20.4636,0.154379,-0.324647,-0.0502655,0.107954,-0.938079,0.000126752,0.00208797,6
20.4657,0.15364,-0.358821,-0.0502655,0.129171,-0.981436,0.00010408,0.0020868,6
20.4678,0.152975,-0.326328,-0.0502655,0.146065,-0.800918,0.000321717,0.0020882,9
20.4699,0.152236,-0.33249,-0.0502655,0.157795,-0.780205,0.000107427,0.00208296,6
20.472,0.151571,-0.328009,-0.0502655,0.1638,-0.743126,0.000102828,0.00208778,6
20.4741,0.150906,-0.324647,-0.0471239,0.139822,-0.779228,0.000103599,0.00208676,6
20.4762,0.150241,-0.33081,-0.0471239,0.1257,-0.858935,0.000101224,0.00208808,6
20.4783,0.149502,-0.329129,-0.0471239,0.118352,-0.884249,0.000342696,0.00208646,9
20.4804,0.148763,-0.329129,-0.0439823,0.0912744,-0.944822,0.000110912,0.0020851,6
20.4825,0.148098,-0.337532,-0.0439823,0.0823461,-1.01238,0.000102707,0.00208625,6
20.4846,0.147432,-0.33249,-0.0439823,0.0868008,-0.979322,0.000103088,0.00208702,6
20.4867,0.146693,-0.340894,-0.0408407,0.0767357,-1.00394,0.000102056,0.00208815,6
20.4888,0.146028,-0.348737,-0.0408407,0.0889067,-0.987292,0.000401573,0.00208703,9
20.4909,0.145141,-0.348737,-0.0408407,0.117707,-0.878413,0.00010374,0.00208533,6
20.493,0.14455,-0.358821,-0.0408407,0.15865,-0.7575,0.000104912,0.00208638,6
20.4951,0.143737,-0.358821,-0.0408407,0.208374,-0.566847,0.000101405,0.00208788,6
20.4972,0.142998,-0.362182,-0.0376991,0.240656,-0.408329,0.000128685,0.0020869,6
20.4993,0.142259,-0.368344,-0.0376991,0.294215,-0.224683,0.000461974,0.00208809,9
20.5014,0.141373,-0.371706,-0.0376991,0.365687,0.0382861,0.000106995,0.00208415,6
20.5035,0.140707,-0.366664,-0.0376991,0.409626,0.225142,0.000102887,0.00208759,6
20.5056,0.139968,-0.358821,-0.0376991,0.445523,0.390504,0.000106675,0.00208658,6
20.5077,0.139229,-0.35714,-0.0376991,0.470015,0.489217,0.000101626,0.0020883,6
20.5098,0.13849,-0.353779,-0.0376991,0.48086,0.540829,0.000562588,0.00208707,9
20.5119,0.137604,-0.342574,-0.0376991,0.476935,0.562651,0.000154342,0.00208516,3
20.514,0.137012,-0.345936,-0.0345575,0.434263,0.429762,0.000106234,0.00208551,6
20.5161,0.136347,-0.337532,-0.0345575,0.393805,0.300002,0.000102117,0.00208786,6
20.5182,0.135608,-0.324647,-0.0345575,0.354439,0.190385,0.00010372,0.00208409,6
20.5203,0.134943,-0.319605,-0.0345575,0.316445,0.0581041,0.000527113,0.00208802,9
20.5224,0.134204,-0.311202,-0.0345575,0.281507,-0.0504309,0.000163449,0.00208394,3
20.5245,0.133613,-0.30672,-0.0314159,0.228728,-0.194399,0.000118686,0.00208588,6
20.5266,0.133022,-0.308401,-0.0314159,0.202436,-0.305073,0.000101786,0.00208792,6
20.5287,0.132357,-0.303359,-0.0314159,0.205153,-0.278784,0.000102527,0.00208714,6
20.5308,0.131765,-0.299998,-0.0282743,0.173621,-0.344035,0.00057502,0.00208827,9
20.5329,0.130953,-0.299998,-0.0282743,0.173621,-0.347061,0.000242132,0.00208412,3
20.535,0.130435,-0.301678,-0.0282743,0.205153,-0.232226,0.000105723,0.00207957,6
20.5371,0.129844,-0.296636,-0.0282743,0.226415,-0.133425,0.000104872,0.0020864,6
20.5392,0.129253,-0.303359,-0.0282743,0.260823,-0.0258444,0.000103799,0.00208786,6
20.5413,0.128588,-0.298317,-0.0282743,0.30922,0.178377,0.000608551,0.00208674,9
20.5434,0.127849,-0.294956,-0.0282743,0.330364,0.270108,0.000259454,0.00208516,3
20.5455,0.127331,-0.443414,-0.0282743,0.347952,-0.198741,0.000106404,0.00208425,6
20.5476,0.12674,-0.282071,-0.0282743,0.362826,0.438895,0.000102878,0.00208758,6
20.5497,0.126149,-0.287113,-0.0282743,0.376947,0.473516,0.000105463,0.00208675,6
20.5518,0.125632,-0.277029,-0.0282743,0.3934,0.572046,0.000625612,0.00208814,9
20.5539,0.124893,-0.270866,-0.0282743,0.372906,0.511694,0.000282075,0.0020841,3
20.556,0.124449,-0.264144,-0.0282743,0.340844,0.409403,0.000104191,0.00208513,6
20.5581,0.123932,-0.260782,-0.0282743,0.299458,0.258395,0.000105963,0.00208614,6
20.5602,0.123415,-0.256301,-0.0282743,0.251831,0.0871166,0.000102347,0.00208769,6
20.5623,0.122897,-0.247897,-0.0282743,0.201887,-0.0790408,0.000660357,0.00208694,6
20.5644,0.122232,-0.241175,-0.0282743,0.154393,-0.242267,0.000318332,0.00208533,3
20.5665,0.121789,-0.238374,-0.0282743,0.114955,-0.387431,0.000132873,0.00208409,6
20.5686,0.121345,-0.22997,-0.0282743,0.0900218,-0.455893,0.000106976,0.00208641,6
20.5707,0.120902,-0.22829,-0.0282743,0.0433977,-0.63309,0.000103409,0.00208789,6
20.5728,0.120385,-0.22829,-0.0282743,0.00326607,-0.791334,0.000103499,0.00208691,6
20.5749,0.119941,-0.22997,-0.0282743,-0.0256076,-0.911514,0.000345851,0.00208821,9
20.577,0.11935,-0.233332,-0.0282743,-0.0378962,-0.973703,0.000107716,0.00208388,6
20.5791,0.118981,-0.241175,-0.0282743,-0.0277131,-0.963701,0.000102848,0.00208754,6
20.5812,0.118463,-0.246217,-0.0282743,-0.0320943,-1.00088,0.000103739,0.00208688,6
20.5833,0.117946,-0.249578,-0.0282743,-0.0239781,-0.983311,0.000102177,0.00208792,6
20.5854,0.117429,-0.247897,-0.0282743,-0,-0.885777,0.000369425,0.00208714,9
20.5875,0.116837,-0.246217,-0.0282743,-0,-0.881916,0.000107116,0.00208512,6
20.5896,0.11632,-0.257421,-0.0282743,-0,-0.924252,0.000107486,0.00208634,6
20.5917,0.115803,-0.256301,-0.0282743,-0,-0.922136,0.000105222,0.00208783,6
20.5938,0.115286,-0.264144,-0.0282743,-0,-0.952349,0.000108228,0.00208697,6
20.5959,0.114694,-0.262463,-0.0282743,-0,-0.948488,0.000457636,0.00208761,9
20.598,0.114103,-0.267505,-0.0282743,-0,-0.968874,0.000107746,0.00208402,6
20.6001,0.113586,-0.267505,-0.0282743,-0,-0.970799,0.00012037,0.00208751,6
20.6022,0.113068,-0.272547,-0.0282743,-0,-0.990909,0.00010941,0.00208637,6
20.6043,0.112477,-0.272547,-0.0282743,-0,-0.99311,0.000105573,0.00208797,6
20.6064,0.111886,-0.272547,-0.0282743,-0,-0.995311,0.000432851,0.00208943,9
20.6085,0.111221,-0.278709,-0.0282743,-0,-1.02001,0.000124577,0.00208369,6
20.6106,0.110778,-0.282071,-0.0282743,-0,-1.03379,0.000104441,0.00208745,6
20.6127,0.110186,-0.285432,-0.0251327,-0.023978,-1.09386,0.000103009,0.00208704,6
20.6148,0.109595,-0.287113,-0.0251327,-0.0320944,-1.13374,0.000102047,0.00208821,6
20.6169,0.10893,-0.287113,-0.0251327,-0.0277132,-1.11915,0.000462906,0.00208709,9
20.619,0.108265,-0.293275,-0.0251327,-0.0139183,-1.09011,0.00010437,0.00208508,6
20.6211,0.107748,-0.294956,-0.0251327,0.00648683,-1.01862,0.00010417,0.00208656,6
20.6232,0.107083,-0.301678,-0.0251327,0.0309792,-0.949941,0.000101706,0.00208773,6
20.6253,0.106491,-0.303359,-0.0251327,0.057316,-0.855617,0.000105031,0.00208669,6
20.6274,0.105826,-0.308401,-0.0251327,0.0835348,-0.774151,0.000498831,0.00208822,9
20.6295,0.105087,-0.310082,-0.0251327,0.107954,-0.687849,0.000105733,0.00208414,3
20.6316,0.10457,-0.316244,-0.0251327,0.129171,-0.629356,0.000101616,0.00208745,6
20.6337,0.103905,-0.314563,-0.0251327,0.146065,-0.559965,0.000134205,0.00208658,6
20.6358,0.103166,-0.317925,-0.0251327,0.157795,-0.529149,0.000102728,0.00208832,6
20.6379,0.102575,-0.319605,-0.0219912,0.139822,-0.55977,0.000529788,0.00208733,9
20.64,0.101762,-0.316244,-0.0219912,0.131706,-0.582287,0.000185148,0.00208514,3
20.6421,0.101244,-0.267505,-0.0219912,0.130082,-0.414756,0.000117815,0.00207825,6
20.6442,0.100579,-0.33249,-0.0219912,0.132147,-0.643566,0.000103078,0.00208741,6
20.6463,0.0999141,-0.317925,-0.0219912,0.135658,-0.579833,0.000103479,0.00208673,6
20.6484,0.099249,-0.312883,-0.0219912,0.138933,-0.551367,0.00055283,0.00208784,9
20.6505,0.0984361,-0.311202,-0.0188496,0.116873,-0.58661,0.000226444,0.00208402,3
20.6526,0.0978449,-0.308401,-0.0188496,0.108757,-0.610322,0.000105743,0.00208416,6
20.6547,0.0972537,-0.312883,-0.0188496,0.11122,-0.619092,0.000102267,0.00208748,6
20.6568,0.0965886,-0.314563,-0.0188496,0.121739,-0.586654,0.000103369,0.00208692,6
20.6589,0.0959235,-0.316244,-0.015708,0.114655,-0.575137,0.000556637,0.0020883,9
20.661,0.0951106,-0.314563,-0.015708,0.128967,-0.516357,0.000225312,0.00208406,3
20.6631,0.0945932,-0.322967,-0.015708,0.161309,-0.422613,0.00010385,0.00208512,6
20.6652,0.0939281,-0.324647,-0.015708,0.209439,-0.243676,0.00010391,0.00208634,6
20.6673,0.093263,-0.317925,-0.015708,0.272236,0.0226971,0.000118426,0.00206812,6
20.6694,0.0925979,-0.326328,-0.015708,0.306215,0.12227,0.000554663,0.00208616,9
20.6715,0.091785,-0.322967,-0.015708,0.332552,0.233953,0.000206678,0.00208496,3
20.6736,0.0911938,-0.314563,-0.015708,0.349284,0.327232,0.000107125,0.00208411,6
20.6757,0.0906026,-0.310082,-0.015708,0.355289,0.364587,0.000103519,0.00208748,6
20.6778,0.0899375,-0.308401,-0.015708,0.350287,0.34869,0.000105553,0.00208656,6
20.6799,0.0893463,-0.303359,-0.0125664,0.310861,0.258751,0.000561055,0.00208794,9
20.682,0.0885334,-0.294956,-0.0125664,0.278253,0.159017,0.000211647,0.0020841,3
20.6841,0.08809,-0.296636,-0.0125664,0.25134,0.0464747,0.000104301,0.00208518,6
20.6862,0.0874987,-0.292155,-0.0125664,0.230123,-0.0222056,0.000106374,0.00208613,6
20.6883,0.0869075,-0.278709,-0.0125664,0.215723,-0.0320051,0.000102437,0.00208809,6
20.6904,0.0863163,-0.275348,-0.0125664,0.210382,-0.0428839,0.000552338,0.00208716,9
20.6925,0.0856512,-0.278709,-0.0125664,0.217466,-0.0298899,0.000235149,0.00208374,3
20.6946,0.0851339,-0.270866,-0.0125664,0.197976,-0.0794476,0.00010424,0.00208538,6
20.6967,0.0846166,-0.274228,-0.0125664,0.17757,-0.172978,0.000104551,0.0020865,6
20.6988,0.0840254,-0.262463,-0.0125664,0.158774,-0.205964,0.000101555,0.00208784,6
20.7009,0.0835081,-0.269186,-0.0125664,0.14495,-0.285982,0.000556948,0.00208691,9
20.703,0.082843,-0.264144,-0.0125664,0.140304,-0.28837,0.000249656,0.00208501,3
20.7051,0.0823257,-0.262463,-0.0125664,0.149882,-0.246927,0.000106766,0.00208405,6
20.7072,0.0818084,-0.265824,-0.0125664,0.136087,-0.314709,0.000103849,0.00208771,6
20.7093,0.0812911,-0.259102,-0.0125664,0.125701,-0.332844,0.000106845,0.00208663,6
20.7114,0.0807738,-0.260782,-0.0125664,0.122087,-0.354907,0.000575321,0.00208761,9
20.7135,0.0801087,-0.259102,-0.0125664,0.129171,-0.323728,0.000239618,0.00208395,3
20.7156,0.0795913,-0.262463,-0.0125664,0.107954,-0.420421,0.000104401,0.0020851,6
20.7177,0.079074,-0.265824,-0.0125664,0.0835349,-0.529585,0.000107046,0.0020862,6
20.7198,0.0785567,-0.256301,-0.0125664,0.057316,-0.599289,0.000102928,0.00208803,6
20.7219,0.0780394,-0.267505,-0.0125664,0.0309792,-0.74421,0.000567657,0.00208716,9
20.724,0.0773004,-0.265824,-0.0125664,0.00648685,-0.836301,0.000243835,0.00208527,3
20.7261,0.076857,-0.267505,-0.0125664,-0.0139183,-0.923495,0.000108148,0.00208389,6
20.7282,0.0763397,-0.267505,-0.0125664,-0.0277132,-0.979153,0.000102988,0.00208757,6
20.7303,0.0757485,-0.274228,-0.0125664,-0.0320943,-1.02267,0.000103139,0.00208695,6
20.7324,0.0751573,-0.272547,-0.0125664,-0.023978,-0.98719,0.000574419,0.0020881,9
20.7345,0.07464,-0.099439,-0.0125664,-0,-0.271385,0.000244417,0.00208416,3
20.7366,0.0739749,-0.277029,-0.0125664,-0,-0.914358,0.000138623,0.00208403,6
20.7387,0.0734576,-0.28039,-0.00942478,-0.023978,-0.974156,0.000103569,0.00208764,6
20.7408,0.0728664,-0.275348,-0.00942478,-0.0320944,-0.989787,0.000104401,0.00208688,6
20.7429,0.0722752,-0.275348,-0.00942478,-0.0277132,-0.974922,0.000599916,0.00208782,9
20.745,0.0715361,-0.283751,-0.00942478,-0.0139184,-0.954248,0.000258683,0.00208396,3
20.7471,0.0710927,-0.282071,-0.00942478,0.0064868,-0.870355,0.000105804,0.00207945,6
20.7492,0.0705015,-0.283751,-0.00942478,0.0309792,-0.783216,0.000104491,0.00208624,6
20.7513,0.0699103,-0.285432,-0.00942478,0.057316,-0.688892,0.000102317,0.00208807,6
20.7534,0.0693191,-0.292155,-0.00942478,0.0835349,-0.613213,0.000621986,0.00208687,9
20.7555,0.0685801,-0.294956,-0.00628319,0.0839758,-0.5767,0.000293887,0.0020851,3
20.7576,0.0680628,-0.290474,-0.00628319,0.0970766,-0.511432,0.000106083,0.00208409,6
20.7597,0.0674716,-0.294956,-0.00628319,0.118352,-0.446927,0.000102127,0.00208762,6
20.7618,0.0668804,-0.293275,-0.00628319,0.143877,-0.343643,0.000104881,0.00208669,6
20.7639,0.0662892,-0.293275,-0.00314159,0.146309,-0.288721,0.000664834,0.00208806,9
20.766,0.0655502,-0.290474,-0.00314159,0.162685,-0.217583,0.000353025,0.00208409,3
20.7681,0.064959,-0.292155,-0.00314159,0.187398,-0.129585,0.000104,0.00208519,6
20.7702,0.0644416,-0.290474,-0.00314159,0.215682,-0.0152794,0.000129887,0.00208596,6
20.7723,0.0638504,-0.292155,-0.00314159,0.243612,0.0852499,0.0001041,0.00208797,6
20.7744,0.0632592,-0.283751,-0.00314159,0.268104,0.208758,0.000637835,0.00208624,9
20.7765,0.0625202,-0.290474,-0,0.262938,0.209287,0.000269753,0.00207078,3
20.7786,0.0620029,-0.28039,-0,0.266552,0.257806,0.000104581,0.00208527,6
20.7807,0.0614117,-0.282071,-0,0.27502,0.28253,0.000104471,0.00208659,6
20.7828,0.0608944,-0.28039,-0,0.28554,0.327641,0.000101847,0.00208771,6
20.7849,0.0603032,-0.270866,-0,0.296429,0.402203,0.000453869,0.00208682,9
20.787,0.0596381,-0.265824,-0,0.307126,0.45958,0.00010421,0.00208505,6
20.7891,0.0591947,-0.267505,-0,0.318193,0.494974,0.000103529,0.00208639,6
20.7912,0.0586035,-0.262463,-0,0.331311,0.562055,0.000101295,0.00208794,6
20.7933,0.0580862,-0.259102,-0,0.349284,0.642259,0.000488733,0.00208674,9
20.7954,0.0574211,-0.247897,-0,0.332552,0.615021,0.00010399,0.00208495,6
20.7975,0.0569776,-0.251259,-0,0.306215,0.498661,0.00010385,0.00208658,6
20.7996,0.0565342,-0.240054,-0,0.272236,0.405065,0.000101435,0.00208806,6
20.8017,0.0560169,-0.233332,-0,0.233417,0.27618,0.00063483,0.00208711,9
20.8038,0.0554257,-0.226609,-0,0.193403,0.142365,0.000230361,0.00208487,3
20.8059,0.0550562,-0.217085,-0,0.15668,0.0322959,0.000132502,0.00208404,6
20.808,0.0546128,-0.217085,-0,0.128574,-0.0788317,0.00010378,0.00208751,6
20.8101,0.0541694,-0.208682,-0,0.115253,-0.102063,0.000118346,0.00208672,6
20.8122,0.053726,-0.213724,-0,0.0802406,-0.258275,0.000352083,0.00208799,9
20.8143,0.0532826,-0.202519,-0,0.0514406,-0.331697,0.000104891,0.00208384,6
20.8164,0.0528392,-0.200839,-0,0.0333381,-0.397798,0.000117565,0.00208769,6
20.8185,0.0524697,-0.202519,-0,0.0309792,-0.414423,0.000103038,0.00208636,6
20.8206,0.0520263,-0.2042,-0,0.00648684,-0.517537,0.000469828,0.00208721,9
20.8227,0.051509,-0.200839,-0,-0.0139183,-0.58682,0.00010431,0.00208481,6
20.8248,0.0512134,-0.202519,-0,-0.0277132,-0.647715,0.000106465,0.00208615,6
20.8269,0.05077,-0.200839,-0,-0.0320943,-0.66037,0.000102357,0.00208763,6
20.829,0.0503266,-0.2042,-0,-0.023978,-0.642529,0.000586111,0.00208695,9
20.8311,0.0498093,-0.208682,-0,-0,-0.567221,0.000243024,0.0020849,3
20.8332,0.0494397,-0.207001,-0,-0,-0.562535,0.00010962,0.00208389,6
20.8353,0.0490702,-0.208682,-0,-0,-0.569972,0.000104481,0.00208744,6
20.8374,0.0486268,-0.202519,-0,-0,-0.549397,0.000106074,0.0020871,6
20.8395,0.0481834,-0.205321,-0,-0,-0.56115,0.000327128,0.00208813,9
20.8416,0.04774,-0.358821,-0,-0,-1.11642,0.000110371,0.00208383,6
20.8437,0.0472966,-0.202519,-0,-0,-0.554348,0.000106044,0.00208749,6
20.8458,0.0469271,-0.207001,-0,-0,-0.571888,0.000106414,0.0020869,6
20.8479,0.0464837,-0.207001,-0,-0,-0.573538,0.000447177,0.00208794,9
20.85,0.0459664,-0.205321,-0,-0,-0.569402,0.000110071,0.00208391,6
20.8521,0.0455969,-0.2042,-0,-0,-0.566737,0.000104782,0.00208766,6
20.8542,0.0452274,-0.205321,-0,-0,-0.572153,0.000106775,0.00208669,6
20.8563,0.044784,-0.200839,-0,-0,-0.55764,0.000567256,0.00208831,9
20.8584,0.0442667,-0.208682,-0,-0,-0.587853,0.000140817,0.0020792,3
20.8605,0.0438972,-0.208682,-0,-0,-0.589228,0.000108798,0.00206381,6
20.8626,0.0434538,-0.207001,-0,-0,-0.584817,0.000105653,0.00208748,6
20.8647,0.0430843,-0.2042,-0,-0,-0.57609,0.000110111,0.00208689,6
20.8668,0.0426409,-0.205321,-0,-0,-0.581782,0.000286734,0.00208817,9
20.8689,0.0421236,-0.207001,-0,-0,-0.589769,0.000108288,0.00208375,6
20.871,0.041754,-0.212043,-0,-0,-0.609329,0.000104571,0.00208769,6
20.8731,0.0413106,-0.208682,-0,-0,-0.598856,0.000136229,0.00208667,6
20.8752,0.0408672,-0.217085,-0,-0,-0.630814,0.000398437,0.00208797,9
20.8773,0.0403499,-0.213724,-0,-0,-0.620617,0.000108939,0.00208405,6
20.8794,0.0399804,-0.215404,-0,-0,-0.628054,0.000104902,0.00208749,6
20.8815,0.039537,-0.223248,-0,-0,-0.657992,0.000105022,0.00208713,6
20.8836,0.0390197,-0.220446,-0,-0,-0.649815,0.000516454,0.00208807,9
20.8857,0.0385024,-0.222127,-0,-0,-0.657802,0.000108147,0.00208391,6
20.8878,0.0381329,-0.223248,-0,-0,-0.663218,0.000104531,0.00208759,6
20.8899,0.0376156,-0.223248,-0,-0,-0.665144,0.000105994,0.00208702,6
20.892,0.0371722,-0.222127,-0,-0,-0.662754,0.000650027,0.00208828,6
20.8941,0.036581,-0.226609,-0,-0,-0.681118,0.000256138,0.00208401,3
20.8962,0.0362115,-0.223248,-0,-0,-0.670371,0.000106285,0.00208505,6
20.8983,0.0357681,-0.231651,-0,-0,-0.702329,0.000106575,0.00208636,6
20.9004,0.0352508,-0.224928,-0,-0,-0.680009,0.000148331,0.00208485,6
20.9025,0.0348074,-0.22829,-0,-0,-0.693782,0.000374444,0.00208538,9
20.9046,0.03429,-0.22829,0.00314159,-0.023978,-0.741457,0.000106905,0.00208375,7
20.9067,0.0338466,-0.22997,0.00314159,-0.0320943,-0.780784,0.000131971,0.0020873,7
20.9088,0.0334032,-0.22829,0.00314159,-0.0277132,-0.759308,0.000105613,0.00208701,7
20.9109,0.0328859,-0.22997,0.00314159,-0.0139183,-0.713562,0.000103249,0.00208822,7
20.913,0.0324425,-0.235012,0.00314159,0.00648684,-0.653916,0.000462174,0.00208691,13
20.9151,0.0318513,-0.22997,0.00314159,0.0309792,-0.54253,0.000105433,0.00208503,7
20.9172,0.0314079,-0.235012,0.00314159,0.057316,-0.459779,0.000105653,0.00208644,7
20.9193,0.0309645,-0.22997,0.00314159,0.0835349,-0.341119,0.000103259,0.00208795,7
20.9214,0.0304472,-0.238374,0.00314159,0.107954,-0.278237,0.000106274,0.0020868,7
20.9235,0.0300038,-0.233332,0.00628319,0.105193,-0.224808,0.000551627,0.00208804,10
20.9256,0.0294126,-0.22829,0.00628319,0.113971,-0.174634,0.000232164,0.00208388,6
20.9277,0.0289692,-0.224928,0.00628319,0.130082,-0.101407,0.000105463,0.00208517,7
20.9298,0.0285258,-0.223248,0.00628319,0.149882,-0.0198716,0.000106935,0.0020861,7
20.9319,0.0280824,-0.218766,0.00628319,0.170287,0.074123,0.000102447,0.00208802,7
20.934,0.027639,-0.222127,0.00942478,0.164796,0.0866103,0.000677016,0.00208691,10
20.9361,0.0270478,-0.213724,0.00942478,0.171287,0.139999,0.000328199,0.00208503,6
20.9382,0.0266782,-0.217085,0.00942478,0.184993,0.179887,0.000107516,0.00208398,7
20.9403,0.0263087,-0.207001,0.00942478,0.201989,0.281085,0.00012594,0.00208749,7
20.9424,0.0258653,-0.200839,0.00942478,0.219193,0.368669,0.000105513,0.00208684,7
20.9445,0.0254219,-0.2042,0.00942478,0.23436,0.413976,0.00080464,0.00206986,7
20.9466,0.0249046,-0.194116,0.00942478,0.24609,0.494109,0.000412654,0.00208522,6
20.9487,0.0245351,-0.192435,0.00942478,0.253822,0.528911,0.000107416,0.00208007,7
20.9508,0.0242395,-0.186273,0.00942478,0.257836,0.56567,0.00010419,0.00208746,7
20.9529,0.0237961,-0.184592,0.00942478,0.259253,0.575601,0.000104361,0.00208677,7
20.955,0.0234266,-0.176189,0.00942478,0.260036,0.607583,0.000102828,0.00208812,7
20.9571,0.023131,-0.174508,0.00942478,0.262988,0.624044,0.000490907,0.00208693,10
20.9592,0.0226876,-0.163304,0.00942478,0.271754,0.696947,0.000143903,0.002085,6
20.9613,0.022392,-0.159943,0.00942478,0.247335,0.612855,0.000105373,0.00208585,7
20.9634,0.0220964,-0.151539,0.00942478,0.215111,0.516544,0.000102978,0.00208798,7
20.9655,0.0218008,-0.143696,0.00942478,0.177044,0.395455,0.000106084,0.00208695,7
20.9676,0.0215791,-0.0753496,0.00942478,0.135658,0.479923,0.000567717,0.00208829,10
20.9697,0.0212096,-0.22829,0.00942478,0.0940355,-0.235172,0.000240739,0.00208394,6
20.9718,0.0209879,-0.117366,0.00942478,0.0558217,0.015212,0.000106785,0.00207691,7
20.9739,0.0207662,-0.112884,0.00942478,0.0252217,-0.0886414,0.000106905,0.00208604,7
20.976,0.0205445,-0.107842,0.00942478,0.00700124,-0.142254,0.000105292,0.00208802,7
20.9781,0.0203228,-0.109523,0.00942478,0.00648685,-0.151144,0.000662991,0.00208694,10
20.9802,0.0200272,-0.104481,0.00942478,-0.0139183,-0.213541,0.000336164,0.00208517,6
20.9823,0.0198794,-0.099439,0.00942478,-0.0277132,-0.24964,0.000106144,0.00208391,7
20.9844,0.0196577,-0.10112,0.00942478,-0.0320943,-0.273592,0.000108969,0.00208753,7
20.9865,0.019436,-0.0949573,0.00942478,-0.0239779,-0.220577,0.000102988,0.00208688,7
20.9886,0.0192882,-0.0932766,0.00942478,-0,-0.121668,0.00010921,0.00208656,7
20.9907,0.0190665,-0.0966379,0.00942478,-0,-0.134616,0.000414377,0.00208788,13
20.9928,0.0188447,-0.0882346,0.00942478,-0,-0.105134,0.000110371,0.00208372,7
20.9949,0.0186969,-0.0899153,0.00628319,0.023978,-0.0659961,0.00010411,0.00208746,7
20.997,0.0184752,-0.0831926,0.00628319,0.0320944,-0.0109609,0.000104672,0.00208698,7
20.9991,0.0183274,-0.081512,0.00628319,0.0277132,-0.0225149,0.000101896,0.00208821,7
21.0012,0.0181796,-0.081512,0.00314159,0.0378964,-0.0310485,0.000517565,0.00208671,10
21.0033,0.0179579,-0.081512,0.00314159,0.0256075,-0.0797405,0.000157739,0.00208496,6
21.0054,0.0178101,-0.0736689,0.00314159,-0.00326596,-0.16447,0.000105112,0.00208592,7
21.0075,0.0176623,-0.0703076,0.00314159,-0.0433977,-0.309217,0.000102618,0.00208791,7
21.0096,0.0175145,-0.0703076,0.00314159,-0.0900217,-0.491375,0.000134315,0.00208703,7
21.0117,0.0173667,-0.0669463,0.00314159,-0.138933,-0.670319,0.000614182,0.00208835,10
21.0138,0.0172189,-0.0624645,0.00314159,-0.186487,-0.839935,0.000265065,0.00208376,6
21.0159,0.0170711,-0.0686269,0.00314159,-0.2296,-1.03064,0.000105693,0.0020851,7
21.018,0.0169972,-0.0652656,0.00314159,-0.265749,-1.1596,0.000106394,0.00208611,7
21.0201,0.0168494,-0.0719882,0.00314159,-0.292971,-1.29043,0.000102938,0.00208785,7
21.0222,0.0167016,-0.0736689,-0,-0.285887,-1.3171,0.000574419,0.00208715,9
21.0243,0.0164799,-0.0787109,-0,-0.283496,-1.32679,0.000172936,0.00208476,3
21.0264,0.0163321,-0.0932766,-0,-0.282152,-1.37464,0.000103189,0.00208593,6
21.0285,0.0161104,-0.0915959,-0,-0.279053,-1.35733,0.000103088,0.00208039,6
21.0306,0.0159626,-0.099439,-0,-0.272236,-1.35962,0.000104941,0.00208826,6
21.0327,0.015667,-0.109523,-0,-0.260579,-1.35168,0.00031252,0.00208669,9
21.0348,0.0154453,-0.115685,-0,-0.243803,-1.30939,0.000103419,0.00208494,6
21.0369,0.0152236,-0.119047,-0,-0.222468,-1.23923,0.00010373,0.00208632,6
21.039,0.0150019,-0.125769,-0,-0.197976,-1.1689,0.000101575,0.00208804,6
21.0411,0.0147063,-0.12745,-0,-0.172569,-1.0771,0.000423925,0.00208712,9
21.0432,0.0144107,-0.135293,-0,-0.149331,-1.01597,0.00013099,0.00208496,6
21.0453,0.014189,-0.130811,-0,-0.132188,-0.933858,0.000104951,0.00208648,6
21.0474,0.0138934,-0.138654,-0,-0.125904,-0.938769,0.000102107,0.00208796,6
21.0495,0.0135978,-0.145377,-0,-0.136087,-1.00378,0.000543413,0.00208703,9
21.0516,0.0132283,-0.148738,-0,-0.125701,-0.976823,0.000134185,0.00208503,3
21.0537,0.0129327,-0.147058,-0,-0.122087,-0.957786,0.00010436,0.00208613,6
21.0558,0.0126371,-0.148738,-0,-0.129171,-0.992541,0.000101065,0.00208793,6
21.0579,0.0123415,-0.154901,-0,-0.107954,-0.933222,0.000103158,0.00208715,6
21.06,0.011972,-0.154901,-0,-0.0835349,-0.839483,0.000313072,0.00208815,9
21.0621,0.0116025,-0.156581,-0,-0.057316,-0.744793,0.000105462,0.00208383,6
21.0642,0.0113068,-0.159943,-0,-0.0309792,-0.655431,0.000102477,0.00208737,6
21.0663,0.0110112,-0.161623,-0,-0.00648684,-0.567191,0.000103499,0.00208634,6
21.0684,0.0106417,-0.163304,-0,0.0139183,-0.495147,0.000392727,0.0020881,9
21.0705,0.0102722,-0.159943,-0,0.0277132,-0.430666,0.000103699,0.00208371,6
21.0726,0.00997663,-0.163304,-0,0.0320943,-0.426824,0.000103249,0.00208673,6
21.0747,0.00960713,-0.168346,-0,0.023978,-0.477998,0.000101275,0.00208794,6
21.0768,0.00931152,-0.163304,-0,-0,-0.554312,0.000537041,0.00208692,9
21.0789,0.00886812,-0.159943,-0,-0,-0.54384,0.000107075,0.00208513,6
21.081,0.00857251,-0.163304,-0,-0,-0.557063,0.000108388,0.00208087,6
21.0831,0.00827691,-0.159943,0.00314159,-0.023978,-0.59179,0.000103419,0.00208758,7
21.0852,0.0079074,-0.169466,0.00314159,-0.0320943,-0.659129,0.000106614,0.00208664,7
21.0873,0.0075379,-0.166665,0.00314159,-0.0277132,-0.633337,0.000484926,0.00208821,10
21.0894,0.00716839,-0.164985,0.00314159,-0.0139183,-0.574917,0.000138383,0.00208393,6
21.0915,0.00687279,-0.168346,0.00314159,0.00648684,-0.508659,0.00010384,0.00208703,7
21.0936,0.00650329,-0.169466,0.00314159,0.0309792,-0.418674,0.000107216,0.00208662,7
21.0957,0.00613378,-0.172828,0.00314159,0.057316,-0.329587,0.000103049,0.0020881,7
21.0978,0.00576428,-0.172828,0.00314159,0.0835349,-0.228836,0.000554563,0.00208713,10
21.0999,0.00532087,-0.174508,0.00314159,0.107954,-0.141432,0.000236512,0.00208514,6
21.102,0.00502527,-0.171147,0.00314159,0.129171,-0.0477658,0.000108538,0.00208399,7
21.1041,0.00472966,-0.171147,0.00628319,0.122087,-0.0288109,0.00010361,0.00208755,7
21.1062,0.00436016,-0.166665,0.00628319,0.125701,5.31398e-05,0.00010442,0.0020868,7
21.1083,0.00399065,-0.164985,0.00628319,0.136087,0.0451952,0.000657661,0.0020878,10
21.1104,0.00362115,-0.164985,0.00628319,0.149882,0.0975529,0.000323882,0.00208375,6
21.1125,0.00332554,-0.156581,0.00628319,0.164282,0.18285,0.000134616,0.00207998,7
21.1146,0.00302994,-0.151539,0.00628319,0.177044,0.249646,0.00010427,0.00208774,7
21.1167,0.00273434,-0.150419,0.00628319,0.186487,0.289367,0.000105082,0.00208694,7
21.1188,0.00243873,-0.143696,0.00628319,0.191489,0.331996,0.000734241,0.00208825,7
21.1209,0.00206923,-0.135293,0.00628319,0.191489,0.360927,0.000400782,0.00208421,6
21.123,0.00177362,-0.130811,0.00628319,0.186487,0.356509,0.000106184,0.0020853,7
21.1251,0.00155192,-0.12745,0.00628319,0.177044,0.331025,0.000105723,0.00208633,7
21.1272,0.00133022,-0.122408,0.00628319,0.164282,0.298673,0.000103219,0.00208764,7
21.1293,0.00103461,-0.117366,0.00942478,0.125904,0.213917,0.000106354,0.00208681,7
21.1314,0.00081291,-0.111204,0.00942478,0.103993,0.14997,0.000506906,0.00208834,10
21.1335,0.000591208,-0.104481,0.00942478,0.0979875,0.149999,0.000157538,0.0020838,6
21.1356,0.000369505,-0.0977584,0.00942478,0.108169,0.213077,0.000103869,0.00208705,7
21.1377,0.000147803,-0.0966379,0.00942478,0.135658,0.323367,0.000106044,0.00208672,7
21.1398,0,-0.0915959,0.00942478,0.138933,0.353759,0.000102237,0.00208806,7
21.1419,-0.000221703,-0.0899153,0.00942478,0.140851,0.366466,0.000582443,0.00208709,10
21.144,-0.000443405,-0.086554,0.00942478,0.140851,0.377763,0.000298746,0.00208496,6
21.1461,-0.000591208,-0.081512,0.00942478,0.138933,0.387927,0.000134646,0.00208395,7
21.1482,-0.000739009,-0.0770302,0.00942478,0.135658,0.390783,0.000104481,0.0020874,7
21.1503,-0.000886812,-0.0719882,0.00942478,0.132147,0.394742,0.000105192,0.00208676,7
21.1524,-0.000960712,-0.0624645,0.00942478,0.130082,0.420772,0.000685842,0.00208799,10
21.1545,-0.00118242,-0.0591032,0.00942478,0.131706,0.438395,0.000334501,0.00208385,6
21.1566,-0.00125632,-0.0607838,0.00942478,0.139822,0.463673,0.000106704,0.00208416,7
21.1587,-0.00133022,-0.0473386,0.00942478,0.157795,0.581897,0.000103179,0.0020876,7
21.1608,-0.00147802,-0.0490192,0.00942478,0.146065,0.529595,0.000106625,0.00208664,7
21.1629,-0.00155192,-0.0445375,0.00942478,0.129171,0.479679,0.000106415,0.00208797,7
21.165,-0.00162582,-0.0361342,0.00942478,0.107954,0.427067,0.000447718,0.00208267,13
21.1671,-0.00169972,-0.0277309,0.00942478,0.0835349,0.361984,0.000105382,0.00208507,7
21.1692,-0.00177362,-0.0232491,0.00942478,0.057316,0.275746,0.000144223,0.00207734,7
21.1713,-0.00177362,-0.0182071,0.00942478,0.0309792,0.191345,0.000102468,0.00208784,7
21.1734,-0.00177362,-0.0114845,0.00628319,0.0304648,0.165939,0.000105483,0.00208683,7
21.1755,-0.00184752,-0.00868341,0.00628319,0.018176,0.1279,0.000528335,0.00208807,10
21.1776,-0.00184752,-0.00028011,0.00628319,-0,0.0874087,0.000188544,0.00208373,6
21.1797,-0.00184752,-0.00028011,0.00314159,0.00580199,0.0623602,0.000128485,0.00208494,7
21.1818,-0.00184752,0.00308121,0.00314159,0.00162956,0.0582309,0.000111935,0.00208546,7
21.1839,-0.00177362,0.00644253,0.00314159,-0.00326596,0.0515602,0.000105583,0.00208114,7
21.186,-0.00177362,0.00644253,0.00314159,-0.0433977,-0.104759,0.000616626,0.00208569,10
21.1881,-0.00177362,0.00644253,0.00314159,-0.0900217,-0.286367,0.000285912,0.0020849,6
21.1902,-0.00177362,0.00308121,-0,-0.114955,-0.443257,0.000108247,0.00208405,6
21.1923,-0.00177362,0.00812319,-0,-0.154393,-0.578688,0.000102567,0.00208728,6
21.1944,-0.00177362,-0.00028011,-0,-0.201887,-0.793992,0.000105282,0.00208651,6
21.1965,-0.00177362,0.00308121,-0,-0.25183,-0.976408,0.000431538,0.00207818,9
21.1986,-0.00177362,-0.00364143,-0,-0.299458,-1.18617,0.000104712,0.00208501,6
21.2007,-0.00177362,-0.00700275,-0,-0.340844,-1.3595,0.000107156,0.00208633,6
21.2028,-0.00177362,-0.00700275,-0,-0.372906,-1.48438,0.000101556,0.00208777,6
21.2049,-0.00184752,-0.0148458,-0,-0.3934,-1.59277,0.000555856,0.00208666,9
21.207,-0.00184752,-0.0182071,-0,-0.400925,-1.63421,0.000148672,0.00208491,3
21.2091,-0.00192142,-0.0277309,-0,-0.39492,-1.64544,0.000106655,0.00208568,6
21.2112,-0.00199533,-0.0294115,-0,-0.375665,-1.57678,0.000102167,0.00208769,6
21.2133,-0.00206923,-0.0445375,-0,-0.344282,-1.50936,0.000129988,0.00208697,6
21.2154,-0.00214313,-0.0506999,-0,-0.302733,-1.37002,0.000285702,0.00208813,9
21.2175,-0.00229093,-0.0574225,-0.00314159,-0.229844,-1.15855,0.000108829,0.00208387,6
21.2196,-0.00243873,-0.0652656,-0.00314159,-0.169098,-0.950778,0.000103579,0.00208754,6
21.2217,-0.00251263,-0.0669463,-0.00314159,-0.121618,-0.772171,0.000105353,0.00208691,6
21.2238,-0.00266043,-0.0703076,-0.00314159,-0.0896452,-0.660305,0.000626274,0.00208826,9
21.2259,-0.00288214,-0.0686269,-0.00314159,-0.0765444,-0.604039,0.000282526,0.00208395,3
21.228,-0.00302994,-0.0686269,-0.00314159,-0.086801,-0.644541,0.000104461,0.00208518,6
21.2301,-0.00310384,-0.0736689,-0.00314159,-0.0825377,-0.646394,0.000105533,0.00208631,6
21.2322,-0.00325164,-0.0703076,-0.00314159,-0.0905362,-0.665977,0.000102206,0.00208793,6
21.2343,-0.00339944,-0.0736689,-0.00314159,-0.114441,-0.771761,0.000618139,0.00208656,9
21.2364,-0.00362115,-0.0719882,-0.00314159,-0.115253,-0.769688,0.000282496,0.00208508,3
21.2385,-0.00376895,-0.0703076,-0.00314159,-0.118352,-0.776249,0.000104611,0.00208403,6
21.2406,-0.00391675,-0.0719882,-0.00314159,-0.125701,-0.811485,0.000113388,0.00208629,6
21.2427,-0.00406455,-0.0686269,-0.00314159,-0.139822,-0.854918,0.000101736,0.00208793,6
21.2448,-0.00421235,-0.0787109,-0.00314159,-0.1638,-0.985235,0.000605045,0.00208692,9
21.2469,-0.00436016,-0.0719882,-0.00314159,-0.157795,-0.938148,0.000268811,0.00208521,3
21.249,-0.00450796,-0.0787109,-0.00314159,-0.146065,-0.917254,0.000134356,0.00208413,6
21.2511,-0.00465576,-0.0770302,-0.00314159,-0.129171,-0.845938,0.000103358,0.00208763,6
21.2532,-0.00480356,-0.0787109,-0.00314159,-0.107954,-0.769906,0.000106735,0.00208658,6
21.2553,-0.00495136,-0.0540612,-0.00314159,-0.0835349,-0.586439,0.000606458,0.002088,9
21.2574,-0.00509917,-0.114565,-0,-0.081294,-0.748825,0.000245809,0.0020827,3
21.2595,-0.00539477,-0.151539,-0,-0.0630736,-0.812307,0.000105052,0.00208497,6
21.2616,-0.00554257,-0.0899153,-0,-0.0342,-0.478136,0.000107045,0.00208618,6
21.2637,-0.00576428,-0.0949573,-0,-0,-0.363931,0.000105532,0.00208726,6
21.2658,-0.00598598,-0.0966379,-0,0.0342,-0.237604,0.000354978,0.00208673,9
21.2679,-0.00620768,-0.0966379,-0,0.0630735,-0.125962,0.000103179,0.00208474,6
21.27,-0.00635548,-0.0899153,-0,0.081294,-0.0312949,0.000105442,0.00208622,6
21.2721,-0.00650328,-0.0915959,-0,0.0835349,-0.0291779,0.000101275,0.00208783,6
21.2742,-0.00672499,-0.0848733,-0,0.107954,0.089358,0.000474416,0.00208693,9
21.2763,-0.00694669,-0.0831926,-0,0.129171,0.177238,0.00010365,0.00208491,6
21.2784,-0.00702059,-0.0787109,-0,0.146065,0.258932,0.00010394,0.00208613,6
21.2805,-0.00724229,-0.0719882,-0,0.157795,0.328043,0.00010441,0.00207433,6
21.2826,-0.0073901,-0.0703076,-0,0.1638,0.356945,0.000614443,0.00208783,9
21.2847,-0.0075379,-0.0652656,-0,0.1638,0.374579,0.000215574,0.00208355,3
21.2868,-0.0076118,-0.0607838,-0,0.157795,0.367077,0.000104541,0.00208502,6
21.2889,-0.0077596,-0.0624645,-0,0.146065,0.314776,0.00010939,0.0020805,6
21.291,-0.0079074,-0.0523805,-0,0.129171,0.284789,0.000101516,0.00208783,6
21.2931,-0.0079813,-0.0456579,-0,0.107954,0.226116,0.000323531,0.00208647,9
21.2952,-0.0080552,-0.0445375,-0,0.0835349,0.134767,0.00010382,0.00208493,6
21.2973,-0.00812911,-0.0394955,-0,0.057316,0.0505495,0.00010423,0.00208602,6
21.2994,-0.00820301,-0.0361342,-0,0.0309792,-0.0401886,0.000101725,0.00208786,6
21.3015,-0.00827691,-0.0277309,-0,0.00648684,-0.105558,0.000442859,0.00208706,9
21.3036,-0.00835081,-0.0266104,-0,-0.0139183,-0.181273,0.000103789,0.00208491,6
21.3057,-0.00835081,-0.0232491,-0,-0.0277132,-0.222883,0.00010387,0.00208633,6
21.3078,-0.00842471,-0.0249298,-0,-0.0320943,-0.246285,0.000101446,0.00208775,6
21.3099,-0.00849861,-0.0198878,-0,-0.023978,-0.196761,0.000559943,0.0020868,9
21.312,-0.00849861,-0.0148458,-0,-0,-0.085179,0.000184027,0.00208493,3
21.3141,-0.00857251,-0.0182071,-0,-0,-0.0975771,0.000108017,0.00208392,6
21.3162,-0.00857251,-0.0131652,-0,-0,-0.0793926,0.000134255,0.00208762,6
21.3183,-0.00857251,-0.00868341,-0,-0,-0.0632286,0.0001095,0.00208644,6
21.3204,-0.00864641,-0.0114845,-0,-0,-0.0736062,0.000304486,0.00208804,9
21.3225,-0.00864641,-0.00980385,-0,-0,-0.0675447,0.000107426,0.00208384,6
21.3246,-0.00864641,-0.00364143,-0,-0,-0.0453193,0.000106795,0.00208656,6
21.3267,-0.00864641,-0.00532209,-0,-0,-0.0513808,0.000104291,0.002088,6
21.3288,-0.00864641,-0.00196077,-0,-0,-0.0392578,0.00049294,0.00208675,9
21.3309,-0.00864641,-0.00364143,-0,-0,-0.0453193,0.000106024,0.00208047,6
21.333,-0.00864641,-0.00028011,-0,-0,-0.0331963,0.000106295,0.00208645,6
21.3351,-0.00864641,0.00308121,-0.00314159,0.023978,0.0246764,0.000111613,0.00208798,6
21.3372,-0.00864641,0.00476187,-0.00314159,0.0320943,0.0623523,0.000105502,0.00208685,6
21.3393,-0.00864641,0.00140055,-0.00314159,0.0277132,0.0331641,0.000322058,0.00208817,9
21.3414,-0.00864641,0.00140055,-0.00314159,0.0139183,-0.020569,0.000106034,0.00208404,6
21.3435,-0.00864641,-0.00532209,-0.00314159,-0.00648684,-0.124296,0.000102487,0.00208752,6
21.3456,-0.00864641,0.00308121,-0.00314159,-0.0309792,-0.18939,0.000105733,0.00208688,6
21.3477,-0.00864641,0.00140055,-0.00314159,-0.057316,-0.298038,0.000101776,0.00208823,6
21.3498,-0.00864641,-0.00196077,-0.00314159,-0.0835349,-0.412287,0.000321297,0.00208662,9
21.3519,-0.00864641,-0.00196077,-0.00314159,-0.107954,-0.507403,0.000105763,0.00208508,6
21.354,-0.00864641,-0.00196077,-0.00314159,-0.129171,-0.590047,0.000107186,0.00208622,6
21.3561,-0.00864641,-0.00532209,-0.00314159,-0.146065,-0.667975,0.000102848,0.00208806,6
21.3582,-0.00864641,-0.00364143,-0.00314159,-0.157795,-0.707603,0.000647473,0.0020868,9
21.3603,-0.00864641,-0.00196077,-0.00314159,-0.1638,-0.724933,0.000297213,0.00208516,3
21.3624,-0.00864641,-0.00532209,-0.00314159,-0.1638,-0.737056,0.000105122,0.00208382,6
21.3645,-0.00864641,-0.00028011,-0.00314159,-0.157795,-0.69548,0.000104882,0.00208172,6
21.3666,-0.00864641,-0.00196077,-0.00314159,-0.146065,-0.655852,0.000102898,0.00208829,6
21.3687,-0.00872032,-0.00980385,-0.00314159,-0.129171,-0.618609,0.000641511,0.0020871,9
21.3708,-0.00872032,-0.0182071,-0.00314159,-0.107954,-0.566272,0.000291423,0.00208515,3
21.3729,-0.00872032,-0.0131652,-0.00314159,-0.0835349,-0.452972,0.000105803,0.00208403,6
21.375,-0.00879421,-0.00980385,-0.00314159,-0.057316,-0.338998,0.000102708,0.00208766,6
21.3771,-0.00879421,-0.0114845,-0.00314159,-0.0309792,-0.242473,0.00010359,0.00208684,6
21.3792,-0.00879421,-0.0114845,-0.00314159,-0.00648684,-0.147072,0.000637615,0.00208425,9
21.3813,-0.00886812,-0.0165265,-0.00314159,0.0139183,-0.0860502,0.000279861,0.00208406,3
21.3834,-0.00886812,-0.0114845,-0.00314159,0.0277132,-0.0141326,0.000104161,0.00208498,6
21.3855,-0.00886812,-0.00700275,-0.00314159,0.0320943,0.0190966,0.000133413,0.00208649,6
21.3876,-0.00894202,-0.00980385,-0.00314159,0.023978,-0.0228954,0.000103158,0.00208805,6
21.3897,-0.00894202,-0.00700275,-0.00314159,-0,-0.106191,0.000624591,0.00208717,9
21.3918,-0.00894202,-0.00532209,-0.00314159,-0,-0.100129,0.000278229,0.002085,3
21.3939,-0.00894202,-0.00028011,-0.00628319,0.023978,-0.0361952,0.000107667,0.00207816,6
21.396,-0.00894202,-0.00364143,-0.00628319,0.0320943,-0.0167037,0.000103349,0.00208748,6
21.3981,-0.00894202,-0.00028011,-0.00628319,0.0277132,-0.0216459,0.000106214,0.00208678,6
21.4002,-0.00894202,0.00308121,-0.00628319,0.0139183,-0.0632561,0.000639809,0.00208796,9
21.4023,-0.00894202,-0.00028011,-0.00628319,-0.00648685,-0.15486,0.00027894,0.00208397,3
21.4044,-0.00894202,-0.00196077,-0.00628319,-0.0309792,-0.256323,0.000151016,0.00208513,6
21.4065,-0.00894202,0.00140055,-0.00628319,-0.057316,-0.346786,0.000104501,0.00208358,6
21.4086,-0.00894202,0.00140055,-0.00628319,-0.0835349,-0.448913,0.000106424,0.00208644,6
21.4107,-0.00894202,-0.00364143,-0.00628319,-0.107954,-0.562213,0.000630672,0.00208775,9
21.4128,-0.00894202,-0.00532209,-0.00628319,-0.129171,-0.650918,0.00027949,0.0020844,3
21.4149,-0.00894202,-0.00364143,-0.00628319,-0.146065,-0.710662,0.000345511,0.00205222,6
21.417,-0.00894202,-0.00364143,-0.00628319,-0.157795,-0.756352,0.000353475,0.00205548,6
21.4191,-0.00894202,-0.00700275,-0.00628319,-0.1638,-0.791866,0.0001258,0.00208761,6
21.4212,-0.00894202,-0.00364143,-0.00628319,-0.1638,-0.779743,0.000624301,0.00208669,9
21.4233,-0.00901592,-0.00700275,-0.00628319,-0.157795,-0.76875,0.000268761,0.0020845,3
21.4254,-0.00901592,-0.00700275,-0.00628319,-0.146065,-0.72306,0.000106074,0.00208414,6
21.4275,-0.00901592,-0.0148458,-0.00628319,-0.129171,-0.685542,0.000103649,0.00208765,6
21.4296,-0.00901592,-0.0148458,-0.00628319,-0.107954,-0.602898,0.000105342,0.00208666,6
21.4317,-0.00908982,-0.0148458,-0.00628319,-0.0835349,-0.508057,0.00062438,0.00208824,9
21.4338,-0.00908982,-0.0198878,-0.00628319,-0.057316,-0.424115,0.000268029,0.00208401,3
21.4359,-0.00916372,-0.0232491,-0.00628319,-0.0309792,-0.333927,0.000104381,0.00208518,6
21.438,-0.00916372,-0.0165265,-0.00942478,0.0174911,-0.16853,0.000106123,0.00208629,6
21.4401,-0.00923762,-0.0165265,-0.00942478,0.0460127,-0.0577096,0.000101646,0.00208796,6
21.4422,-0.00923762,-0.0131652,-0.00942478,0.0554264,-0.00891871,0.000639578,0.00208691,9
21.4443,-0.00931152,-0.0114845,-0.00942478,0.0460127,-0.0398002,0.000341564,0.00208537,3
21.4464,-0.00931152,-0.00868341,-0.00942478,0.0174911,-0.140793,0.000392327,0.00204506,6
21.4485,-0.00931152,-0.00364143,-0.00942478,-0.0309792,-0.311408,0.000387698,0.00205413,6
21.4506,-0.00931152,0.00140055,-0.00942478,-0.057316,-0.39581,0.000364536,0.00205911,6
21.4527,-0.00931152,0.00476187,-0.00942478,-0.0835349,-0.485814,0.00101562,0.00205468,9
21.4548,-0.00931152,0.00308121,-0.00942478,-0.107954,-0.58699,0.000292274,0.00208442,3
21.4569,-0.00931152,0.00140055,-0.00942478,-0.129171,-0.675696,0.000111163,0.00208337,6
21.459,-0.00931152,0.00140055,-0.00942478,-0.146065,-0.741501,0.000107676,0.00208709,6
21.4611,-0.00931152,-0.00532209,-0.00942478,-0.157795,-0.811437,0.000108408,0.00208655,6
21.4632,-0.00931152,-0.00700275,-0.00942478,-0.1638,-0.840889,0.000644988,0.00208746,9
21.4653,-0.00931152,-0.00532209,-0.00942478,-0.1638,-0.834828,0.000299076,0.00208301,3
21.4674,-0.00931152,-0.00532209,-0.00942478,-0.157795,-0.811437,0.000108939,0.00208459,6
21.4695,-0.00931152,-0.00980385,-0.00942478,-0.146065,-0.781911,0.000108619,0.00208584,6
21.4716,-0.00931152,-0.00980385,-0.00942478,-0.129171,-0.716106,0.000106044,0.00208755,6
21.4737,-0.00938542,-0.0165265,-0.00942478,-0.107954,-0.657983,0.000641762,0.00208625,9
21.4758,-0.00938542,-0.0131652,-0.00942478,-0.0835349,-0.550744,0.000294127,0.00208391,3
21.4779,-0.00945932,-0.0131652,-0.00942478,-0.057316,-0.448893,0.000110742,0.00208337,6
21.48,-0.00945932,-0.0215685,-0.00942478,-0.0309792,-0.376614,0.000107086,0.00208715,6
21.4821,-0.00945932,-0.0148458,-0.00942478,-0.00648685,-0.256967,0.000109991,0.00208608,6
21.4842,-0.00953323,-0.0131652,-0.00942478,0.0139183,-0.171699,0.000643385,0.00208764,9
21.4863,-0.00960713,-0.0148458,-0.00942478,0.0277132,-0.124303,0.000312611,0.00208317,3
21.4884,-0.00960713,-0.0114845,-0.00942478,0.0320943,-0.0951147,0.000144524,0.00208444,6
21.4905,-0.00960713,-0.00700275,-0.00942478,0.0239779,-0.110565,0.000111994,0.00207498,6
21.4926,-0.00960713,-0.00868341,-0.00942478,-0,-0.210024,0.000148502,0.00207953,6
21.4947,-0.00960713,-0.00364143,-0.00942478,-0,-0.19184,0.000653234,0.00208727,6
21.4968,-0.00960713,0.00476187,-0.00942478,-0,-0.161533,0.0002953,0.00208301,3
21.4989,-0.00960713,0.00308121,-0.00942478,-0,-0.167594,0.000112296,0.00208414,6
21.501,-0.00960713,0.00476187,-0.00942478,-0,-0.161533,0.000111333,0.00208571,6
21.5031,-0.00960713,-0.00196077,-0.00942478,-0,-0.185778,0.000110191,0.00208709,6
21.5052,-0.00960713,0.00308121,-0.00942478,-0,-0.167594,0.000650569,0.00208641,9
21.5073,-0.00960713,0.00140055,-0.00942478,-0,-0.173656,0.000302442,0.00208424,3
21.5094,-0.00960713,-0.00028011,-0.00942478,-0,-0.179717,0.000113958,0.00208298,6
21.5115,-0.00960713,-0.00196077,-0.00942478,-0,-0.185778,0.000109991,0.00208678,6
21.5136,-0.00960713,-0.00196077,-0.00942478,-0,-0.185778,0.000111885,0.00208607,6
21.5157,-0.00960713,-0.00028011,-0.00942478,-0,-0.179717,0.000643766,0.00208725,9
21.5178,-0.00960713,0.00308121,-0.00942478,-0,-0.167594,0.0003009,0.00208257,3
21.5199,-0.00960713,-0.00364143,-0.00942478,-0,-0.19184,0.000112055,0.00208429,6
21.522,-0.00960713,0.00140055,-0.00942478,-0,-0.173656,0.000113928,0.00208569,6
21.5241,-0.00960713,-0.00028011,-0.00942478,-0,-0.179717,0.000110482,0.00208729,6
21.5262,-0.00960713,0.00140055,-0.00942478,-0,-0.173656,0.000649627,0.00208587,9
21.5283,-0.00960713,0.00140055,-0.00942478,-0,-0.173656,0.00031222,0.00208418,3
21.5304,-0.00960713,-0.00364143,-0.00942478,-0,-0.19184,0.000112586,0.00208288,6
21.5325,-0.00960713,0.00140055,-0.00942478,-0,-0.173656,0.000114569,0.00207648,6
21.5346,-0.00960713,-0.00364143,-0.00942478,-0,-0.19184,0.000110031,0.00208737,6
21.5367,-0.00960713,0.00140055,-0.00942478,-0,-0.173656,0.000641552,0.00208633,9
21.5388,-0.00960713,0.00140055,-0.00942478,-0,-0.173656,0.000298595,0.00208429,3
21.5409,-0.00960713,-0.00196077,-0.00942478,-0,-0.185778,0.00011511,0.00208307,6
21.543,-0.00960713,0.00140055,-0.00942478,-0,-0.173656,0.00010937,0.00208697,6
21.5451,-0.00960713,-0.00196077,-0.00942478,-0,-0.185778,0.000110562,0.00208599,6
21.5472,-0.00960713,0.00140055,-0.00942478,-0,-0.173656,0.000647412,0.00208719,9
21.5493,-0.00960713,-0.00028011,-0.00942478,-0,-0.179717,0.000302323,0.00208298,3
21.5514,-0.00960713,-0.00196077,-0.00942478,-0,-0.185778,0.000111734,0.00208426,6
21.5535,-0.00502527,0.0456579,-0.0125664,0.0239779,0.048769,0.000109049,0.00208567,6
21.5556,-0.00502527,0.0456579,-0.0125664,0.0320943,0.0803834,0.000109259,0.0020873,6
21.5577,-0.00502527,0.0456579,-0.0125664,0.0277131,0.0633181,0.000109601,0.00208637,6
21.5598,-0.00502527,0.0456579,-0.0125664,0.0139183,0.00958501,0.000326747,0.00208769,9
21.5619,-0.00502527,0.0456579,-0.0125664,-0.00648689,-0.0698962,0.000111674,0.00208322,6
21.564,-0.00502527,0.0456579,-0.0125664,-0.0309793,-0.165298,0.000107256,0.00208715,6
21.5661,-0.00502527,0.0456579,-0.0125664,-0.0573161,-0.267884,0.000107978,0.00208623,6
21.5682,-0.00502527,0.0456579,-0.0125664,-0.083535,-0.37001,0.000107196,0.00208761,6
21.5703,-0.00502527,0.0456579,-0.0125664,-0.107954,-0.465126,0.000311919,0.00208627,9
21.5724,-0.00502527,0.0456579,-0.0125664,-0.129171,-0.54777,0.000118206,0.00208436,6
21.5745,-0.00502527,0.0456579,-0.0125664,-0.146065,-0.613575,0.000108057,0.00208567,6
21.5766,-0.00502527,0.0456579,-0.0125664,-0.157795,-0.659265,0.000110672,0.00208604,6
21.5787,-0.00502527,0.0456579,-0.0125664,-0.1638,-0.682656,0.000106595,0.0020877,6
21.5808,-0.00502527,0.0456579,-0.0125664,-0.1638,-0.682656,0.000318372,0.0020865,9
21.5829,-0.00502527,0.0456579,-0.0125664,-0.157795,-0.659265,0.000108749,0.00208415,6
21.585,-0.00502527,0.0456579,-0.0125664,-0.146065,-0.613575,0.000110301,0.00208552,6
21.5871,-0.00502527,0.0456579,-0.0125664,-0.129171,-0.54777,0.000106725,0.00208735,6
21.5892,-0.00502527,0.0456579,-0.0125664,-0.107954,-0.465125,0.000136469,0.00208643,6
21.5913,-0.00502527,0.0456579,-0.0125664,-0.083535,-0.37001,0.000334571,0.00208764,9
21.5934,-0.00502527,0.0456579,-0.0125664,-0.0573161,-0.267884,0.000113939,0.00208296,6
21.5955,-0.00502527,0.0456579,-0.0125664,-0.0309793,-0.165298,0.000108788,0.00208136,6
21.5976,-0.00502527,0.0456579,-0.0125664,-0.00648688,-0.0698961,0.000113297,0.00208527,6
21.5997,-0.00502527,0.0456579,-0.0125664,0.0139183,0.00958513,0.000106224,0.00208777,6
21.6018,-0.00502527,0.0456579,-0.0125664,0.0277132,0.0633184,0.000329762,0.00208624,9
21.6039,-0.00502527,0.0456579,-0.0125664,0.0320943,0.0803835,0.00010931,0.00208428,6
21.606,-0.00502527,0.0456579,-0.0125664,0.023978,0.048769,0.000108568,0.00208586,6
21.6081,-0.00502527,0.0456579,-0.0125664,-0,-0.0446288,0.000108809,0.00208756,6
21.6102,-0.00502527,0.0456579,-0.0125664,-0,-0.0446288,0.000112826,0.0020858,6
21.6123,-0.00502527,0.0456579,-0.0125664,-0,-0.0446288,0.000344129,0.00208726,9
21.6144,-0.00502527,0.0456579,-0.0125664,-0,-0.0446288,0.000111915,0.00208294,6
21.6165,-0.00502527,0.0456579,-0.0125664,-0,-0.0446288,0.000113677,0.00208543,6
21.6186,-0.00502527,0.0456579,-0.0125664,-0,-0.0446288,0.000109681,0.00208731,6
21.6207,-0.00502527,0.0456579,-0.0125664,-0,-0.0446288,0.000110592,0.00208665,6
21.6228,-0.00502527,0.0456579,-0.0125664,-0,-0.0446288,0.000352123,0.00208765,9
21.6249,-0.00502527,0.0456579,-0.0125664,-0,-0.0446288,0.000115692,0.00208306,6
21.627,-0.00502527,0.0456579,-0.0125664,-0,-0.0446288,0.000111274,0.00208716,6
21.6291,-0.00502527,0.0456579,-0.0125664,-0,-0.0446288,0.000112946,0.0020861,6
21.6312,-0.00502527,0.0456579,-0.0125664,-0,-0.0446288,0.00010955,0.00208759,6
21.6333,-0.00502527,0.0456579,-0.0125664,-0,-0.0446288,0.000329221,0.00208582,9
21.6354,-0.00502527,0.0456579,-0.0125664,-0,-0.0446288,0.000111795,0.00208438,6
21.6375,-0.00502527,0.0456579,-0.0125664,-0,-0.0446288,0.000112215,0.0020857,6
21.6396,-0.00502527,0.0456579,-0.0125664,-0,-0.0446288,0.00010981,0.00208728,6
21.6417,-0.00502527,0.0456579,-0.0125664,-0,-0.0446288,0.000112606,0.00208638,6
21.6438,-0.00502527,0.0456579,-0.0125664,-0,-0.0446288,0.000348186,0.00208779,9
21.6459,-0.00502527,0.0456579,-0.0125664,-0,-0.0446288,0.000113297,0.00208305,6
21.648,-0.00502527,0.0456579,-0.0125664,-0,-0.0446288,0.0001094,0.00208699,6
21.6501,-0.00502527,0.0456579,-0.0125664,-0,-0.0446288,0.000113107,0.00208605,6
21.6522,-0.00502527,0.0456579,-0.0125664,-0,-0.0446288,0.00010929,0.00208745,6
21.6543,-0.00502527,0.0456579,-0.0125664,-0,-0.0446288,0.000351822,0.00208643,9
21.6564,-0.00502527,0.0456579,-0.0125664,-0,-0.0446288,0.000155404,0.00208444,6
21.6585,-0.00502527,0.0456579,-0.0125664,-0,-0.0446288,0.000111624,0.00208509,6
21.6606,-0.00502527,0.0456579,-0.0125664,-0,-0.0446288,0.000122294,0.00208648,6
21.6627,-0.00502527,0.0456579,-0.0125664,-0,-0.0446288,0.00010954,0.00208749,6
21.6648,-0.00502527,0.0456579,-0.0125664,-0,-0.0446288,0.000347104,0.0020861,9
21.6669,-0.00502527,0.0456579,-0.0125664,-0,-0.0446288,0.000112666,0.00208418,6
21.669,-0.00502527,0.0456579,-0.0125664,-0,-0.0446288,0.000112736,0.00208574,6
21.6711,-0.00502527,0.0456579,-0.0125664,-0,-0.0446288,0.000141299,0.00208182,6
21.6732,-0.00502527,0.0456579,-0.0125664,-0,-0.0446288,0.000126171,0.00208472,6
21.6753,-0.00502527,0.0456579,-0.0125664,-0,-0.0446288,0.000356892,0.00208749,9
21.6774,-0.00502527,0.0456579,-0.00942478,-0.023978,-0.0903787,0.000110011,0.00208291,6
21.6795,-0.00502527,0.0456579,-0.00942478,-0.0320944,-0.121993,0.000112416,0.00208707,6
21.6816,-0.00502527,0.0456579,-0.00942478,-0.0277132,-0.104928,0.000119208,0.00208605,6
21.6837,-0.00502527,0.0456579,-0.00942478,-0.0139184,-0.0511948,0.000106936,0.00208745,6
21.6858,-0.00502527,0.0456579,-0.00942478,0.0064868,0.0282865,0.000376758,0.00208668,9
21.6879,-0.00502527,0.0456579,-0.00942478,0.0309792,0.123688,0.00010941,0.0020842,6
21.69,-0.00502527,0.0456579,-0.00942478,0.057316,0.226274,0.000140056,0.00208551,6
21.6921,-0.00502527,0.0456579,-0.00942478,0.0835349,0.328401,0.000107897,0.00208748,6
21.6942,-0.00502527,0.0456579,-0.00942478,0.107954,0.423516,0.000108438,0.00208657,6
21.6963,-0.00502527,0.0456579,-0.00942478,0.129171,0.50616,0.000383551,0.0020876,9
21.6984,-0.00502527,0.0456579,-0.00942478,0.146065,0.571965,0.000110051,0.00208294,6
21.7005,-0.00502527,0.0456579,-0.00942478,0.157795,0.617655,0.000110322,0.00207176,6
21.7026,-0.00502527,0.0456579,-0.00942478,0.1638,0.641046,0.000107156,0.00208705,6
21.7047,-0.00502527,0.0456579,-0.00942478,0.1638,0.641046,0.00010922,0.00208657,6
21.7068,-0.00502527,0.0456579,-0.00942478,0.157795,0.617655,0.000372922,0.00208777,9
21.7089,-0.00502527,0.0456579,-0.00942478,0.146065,0.571965,0.000111123,0.00208319,6
21.711,-0.00502527,0.0456579,-0.00942478,0.129171,0.50616,0.000106344,0.00208711,6
21.7131,-0.00502527,0.0456579,-0.00942478,0.107954,0.423516,0.000108238,0.00208625,6
21.7152,-0.00502527,0.0456579,-0.00942478,0.0835349,0.328401,0.000105793,0.00208767,6
21.7173,-0.00502527,0.0456579,-0.00942478,0.057316,0.226274,0.000360008,0.00208623,9
21.7194,-0.00502527,0.0456579,-0.00942478,0.0309792,0.123688,0.000112035,0.00208439,6
21.7215,-0.00502527,0.0456579,-0.00942478,0.00648685,0.0282867,0.000108809,0.00208602,6
21.7236,-0.00502527,0.0456579,-0.00942478,-0.0139183,-0.0511945,0.000105803,0.00208727,6
21.7257,-0.00502527,0.0456579,-0.00942478,-0.0277132,-0.104928,0.000112345,0.00208622,6
21.7278,-0.00502527,0.0456579,-0.00942478,-0.0320943,-0.121993,0.000370747,0.00208747,9
21.7299,-0.00502527,0.0456579,-0.00942478,-0.023978,-0.0903784,0.000111563,0.0020832,6
21.732,-0.00502527,0.0456579,-0.00942478,-0,0.0030194,0.000110031,0.00208713,6
21.7341,-0.00502527,0.0456579,-0.00942478,-0,0.0030194,0.000112876,0.00208574,6
21.7362,-0.00502527,0.0456579,-0.00942478,-0,0.0030194,0.00010962,0.00208722,6
21.7383,-0.00502527,0.0456579,-0.00942478,-0,0.0030194,0.000373963,0.0020864,9
21.7404,-0.00502527,0.0456579,-0.00942478,-0,0.0030194,0.000150575,0.00208418,6
21.7425,-0.00502527,0.0456579,-0.00942478,-0,0.0030194,0.00010968,0.00208529,6
21.7446,-0.00502527,0.0456579,-0.00942478,-0,0.0030194,0.000111173,0.00208621,6
21.7467,-0.00502527,0.0456579,-0.00942478,-0,0.0030194,0.000109179,0.00208749,6
21.7488,-0.00502527,0.0456579,-0.00942478,-0,0.0030194,0.000366931,0.00208588,9
21.7509,-0.00502527,0.0456579,-0.00942478,-0,0.0030194,0.000112085,0.00208411,6
21.753,-0.00502527,0.0456579,-0.00942478,-0,0.0030194,0.000111775,0.00208564,6
21.7551,-0.00502527,0.0456579,-0.00942478,-0,0.0030194,0.000109721,0.00208739,6
21.7572,-0.00502527,0.0456579,-0.00942478,-0,0.0030194,0.000113036,0.00208604,6
21.7593,-0.00502527,0.0456579,-0.00942478,-0,0.0030194,0.000367812,0.00208754,9
21.7614,-0.00502527,0.0456579,-0.00942478,-0,0.0030194,0.000114479,0.00207937,6
21.7635,-0.00502527,0.0456579,-0.00942478,-0,0.0030194,0.000110832,0.00208683,6
21.7656,-0.00502527,0.0456579,-0.00942478,-0,0.0030194,0.000112956,0.00208612,6
21.7677,-0.00502527,0.0456579,-0.00942478,-0,0.0030194,0.000109581,0.0020875,6
21.7698,-0.00502527,0.0456579,-0.00942478,-0,0.0030194,0.000460341,0.0020866,9
21.7719,-0.00502527,0.0456579,-0.00942478,-0,0.0030194,0.000112917,0.00208414,6
21.774,-0.00502527,0.0456579,-0.00942478,-0,0.0030194,0.000114429,0.00208528,6
21.7761,-0.00502527,0.0456579,-0.00942478,-0,0.0030194,0.000109189,0.00208708,6
21.7782,-0.00502527,0.0456579,-0.00942478,-0,0.0030194,0.000113668,0.00208627,6
21.7803,-0.00502527,0.0456579,-0.00942478,-0,0.0030194,0.000401984,0.0020874,9
21.7824,-0.00502527,0.0456579,-0.00942478,-0,0.0030194,0.000111884,0.00208296,6
21.7845,-0.00502527,0.0456579,-0.00942478,-0,0.0030194,0.000113027,0.00208002,6
21.7866,-0.00502527,0.0456579,-0.0125664,0.0239779,0.048769,0.000107296,0.00208741,6
21.7887,-0.00502527,0.0456579,-0.0125664,0.0320943,0.0803834,0.000108718,0.00208667,6
21.7908,-0.00502527,0.0456579,-0.0125664,0.0277131,0.0633181,0.000477813,0.00208772,9
21.7929,-0.00502527,0.0456579,-0.0125664,0.0139183,0.00958501,0.000141028,0.00208323,6
21.795,-0.00502527,0.0456579,-0.0125664,-0.00648689,-0.0698962,0.000108528,0.00208701,6
21.7971,-0.00502527,0.0456579,-0.0125664,-0.0309793,-0.165298,0.000108879,0.00208648,6
21.7992,-0.00502527,0.0456579,-0.0125664,-0.0573161,-0.267884,0.000106865,0.00208764,6
21.8013,-0.00502527,0.0456579,-0.0125664,-0.083535,-0.37001,0.000397396,0.00208614,9
21.8034,-0.00502527,0.0456579,-0.0125664,-0.107954,-0.465126,0.000110562,0.00207825,6
21.8055,-0.00502527,0.0456579,-0.0125664,-0.129171,-0.54777,0.000110351,0.00208538,6
21.8076,-0.00502527,0.0456579,-0.0125664,-0.146065,-0.613575,0.000107436,0.00208716,6
21.8097,-0.00502527,0.0456579,-0.0125664,-0.157795,-0.659265,0.000110452,0.00208259,6
21.8118,-0.00502527,0.0456579,-0.0125664,-0.1638,-0.682656,0.000455623,0.00208749,9
21.8139,-0.00502527,0.0456579,-0.0125664,-0.1638,-0.682656,0.000110582,0.00208302,6
21.816,-0.00502527,0.0456579,-0.0125664,-0.157795,-0.659265,0.000107076,0.00208709,6
21.8181,-0.00502527,0.0456579,-0.0125664,-0.146065,-0.613575,0.000110111,0.0020862,6
21.8202,-0.00502527,0.0456579,-0.0125664,-0.129171,-0.54777,0.000106334,0.00208763,6
21.8223,-0.00502527,0.0456579,-0.015708,-0.0839759,-0.419376,0.000412473,0.00208648,9
21.8244,-0.00502527,0.0456579,-0.015708,-0.0514407,-0.292646,0.000143772,0.00208427,6
21.8265,-0.00502527,0.0456579,-0.015708,-0.029603,-0.207585,0.000135387,0.00208528,6
21.8286,-0.00502527,0.0456579,-0.015708,-0.0170609,-0.158732,0.000108869,0.00208626,6
21.8307,-0.00502527,0.0456579,-0.015708,-0.0129737,-0.142811,0.000106144,0.00208768,6
21.8328,-0.00502527,0.0456579,-0.015708,-0.0170609,-0.158732,0.000457335,0.00208608,9
21.8349,-0.00502527,0.0456579,-0.015708,-0.0296028,-0.207584,0.000110031,0.00208418,6
21.837,-0.00502527,0.0456579,-0.015708,-0.0514405,-0.292646,0.000108979,0.0020858,6
21.8391,-0.00502527,0.0456579,-0.015708,-0.0839758,-0.419375,0.000106124,0.00208739,6
21.8412,-0.00502527,0.0456579,-0.015708,-0.129171,-0.595417,0.000111734,0.00208599,6
21.8433,-0.00502527,0.0456579,-0.0188496,-0.122087,-0.615473,0.00041078,0.0020875,9
21.8454,-0.00502527,0.0456579,-0.0188496,-0.125701,-0.629548,0.000110692,0.0020831,6
21.8475,-0.00502527,0.0456579,-0.0219912,-0.112109,-0.624255,0.000107085,0.00208702,6
21.8496,-0.00502527,0.0456579,-0.0219912,-0.117787,-0.646373,0.000110301,0.00208591,6
21.8517,-0.00502527,0.0456579,-0.0219912,-0.136569,-0.719529,0.000106635,0.00208765,6
21.8538,-0.00502527,0.0456579,-0.0219912,-0.163126,-0.822974,0.00044931,0.00208669,9
21.8559,-0.00502527,0.0456579,-0.0219912,-0.192974,-0.939236,0.000108448,0.00208436,6
21.858,-0.00502527,0.0456579,-0.0251327,-0.19849,-1.00837,0.000110743,0.00208569,6
21.8601,-0.00502527,0.0456579,-0.0251327,-0.21671,-1.07934,0.000107196,0.00208699,6
21.8622,-0.00502527,0.0456579,-0.0251327,-0.242309,-1.17905,0.000110232,0.00208628,6
21.8643,-0.00502527,0.0456579,-0.0251327,-0.27108,-1.29112,0.000475618,0.00208749,9
21.8664,-0.00502527,0.0456579,-0.0251327,-0.29994,-1.40353,0.00010995,0.00208252,6
21.8685,-0.00502527,0.0456579,-0.0251327,-0.326926,-1.50865,0.000108708,0.00208409,6
21.8706,-0.00502527,0.0456579,-0.0251327,-0.351198,-1.60319,0.000106194,0.00208747,6
21.8727,-0.00502527,0.0456579,-0.0251327,-0.373036,-1.68825,0.000108227,0.00208635,6
21.8748,-0.00502527,0.0456579,-0.0282743,-0.369863,-1.72354,0.000520881,0.00208762,9
21.8769,-0.00502527,0.0456579,-0.0282743,-0.384043,-1.77877,0.000151627,0.00208296,3
21.879,-0.00502527,0.0456579,-0.0282743,-0.372371,-1.73331,0.000106925,0.00208663,6
21.8811,-0.00502527,0.0456579,-0.0282743,-0.356583,-1.67181,0.000108618,0.00208608,6
21.8832,-0.00502527,0.0456579,-0.0282743,-0.335557,-1.58991,0.000106985,0.00208763,6
21.8853,-0.00502527,0.0456579,-0.0314159,-0.285316,-1.44187,0.000573789,0.00208625,9
21.8874,-0.00502527,0.0456579,-0.0345575,-0.222842,-1.24617,0.000255597,0.0020843,3
21.8895,-0.00502527,0.0456579,-0.0345575,-0.186853,-1.10599,0.000110322,0.00208329,6
21.8916,-0.00502527,0.0456579,-0.0345575,-0.174267,-1.05696,0.000106475,0.00208701,6
21.8937,-0.00502527,0.0456579,-0.0345575,-0.183681,-1.09363,0.000110642,0.00208611,6
21.8958,-0.00502527,0.0456579,-0.0376991,-0.191397,-1.17133,0.000646461,0.00208777,9
21.8979,-0.00502527,0.0456579,-0.0376991,-0.239218,-1.3576,0.000342746,0.0020831,3
21.9,-0.00502527,0.0456579,-0.0376991,-0.283939,-1.5318,0.000110191,0.00208424,6
21.9021,-0.00502527,0.0456579,-0.0376991,-0.347857,-1.78077,0.000111784,0.00208516,6
21.9042,-0.00502527,0.0456579,-0.0376991,-0.387488,-1.93514,0.000109039,0.00208134,6
21.9063,-0.00502527,0.0456579,-0.0408407,-0.400589,-2.03382,0.000107707,0.00208628,6
21.9084,-0.00502527,0.0456579,-0.0408407,-0.426159,-2.13341,0.000322469,0.00208761,9
21.9105,-0.00502527,0.0456579,-0.0408407,-0.461393,-2.27066,0.000109359,0.00208307,6
21.9126,-0.00502527,0.0456579,-0.0408407,-0.505171,-2.44118,0.000109601,0.00208582,6
21.9147,-0.00502527,0.0456579,-0.0439823,-0.490591,-2.43204,0.000107616,0.00208733,6
21.9168,-0.00502527,0.0456579,-0.0471239,-0.455811,-2.34421,0.000108308,0.00208659,6
21.9189,-0.00502527,0.0456579,-0.0471239,-0.437027,-2.27104,0.00039417,0.00208762,9
21.921,-0.00502527,0.0456579,-0.0471239,-0.42891,-2.23943,0.000111323,0.00208317,6
21.9231,-0.00502527,0.0456579,-0.0502655,-0.40412,-2.19052,0.000134836,0.00208408,6
21.9252,-0.00502527,0.0456579,-0.0502655,-0.401094,-2.17873,0.000109671,0.00208621,6
21.9273,-0.00502527,0.0456579,-0.0502655,-0.417029,-2.2408,0.000107186,0.00208737,6
21.9294,-0.00502527,0.0456579,-0.0534071,-0.427387,-2.32879,0.000455452,0.00208645,9
21.9315,-0.00502527,0.0456579,-0.0534071,-0.430204,-2.33976,0.000110852,0.00208445,6
21.9336,-0.00502527,0.0456579,-0.0534071,-0.446094,-2.40166,0.000110892,0.00208559,6
21.9357,-0.00502527,0.0456579,-0.0534071,-0.473937,-2.51011,0.000107727,0.00208758,6
21.9378,-0.00502527,0.0456579,-0.0565487,-0.490876,-2.62374,0.000111694,0.00208631,6
21.9399,-0.00502527,0.0456579,-0.0596903,-0.516136,-2.76978,0.000489174,0.00208753,9
21.942,-0.00502527,0.0456579,-0.0596903,-0.548316,-2.89512,0.000110011,0.00208321,6
21.9441,-0.00502527,0.0456579,-0.0628318,-0.541407,-2.91586,0.000106644,0.00208706,6
21.9462,-0.00502527,0.0456579,-0.0628318,-0.555305,-2.97,0.000110793,0.00208608,6
21.9483,-0.00502527,0.0456579,-0.0628318,-0.584962,-3.08551,0.000106925,0.00208753,6
21.9504,-0.00502527,0.0456579,-0.0659734,-0.603876,-3.20684,0.000547109,0.00208655,9
21.9525,-0.00502527,0.0456579,-0.0659734,-0.608404,-3.22447,0.000167306,0.00208298,3
21.9546,-0.00502527,0.0456579,-0.0659734,-0.617757,-3.26091,0.000107076,0.00208643,6
21.9567,-0.00502527,0.0456579,-0.069115,-0.605716,-3.26165,0.000109209,0.00208621,6
21.9588,-0.00502527,0.0456579,-0.069115,-0.6124,-3.28769,0.000107105,0.00208782,6
21.9609,-0.00502527,0.0456579,-0.0722566,-0.61327,-3.33873,0.000588595,0.00208643,9
21.963,-0.00502527,0.0456579,-0.0753982,-0.582947,-3.26826,0.000282716,0.00208404,3
21.9651,-0.00502527,0.0456579,-0.0753982,-0.583005,-3.26849,0.000140848,0.00208341,6
21.9672,-0.00502527,0.0456579,-0.0753982,-0.610641,-3.37613,0.000107978,0.00208719,6
21.9693,-0.00502527,0.0456579,-0.0785398,-0.642157,-3.54654,0.000114019,0.00208605,6
21.9714,-0.00502527,0.0456579,-0.0785398,-0.677274,-3.68333,0.000654064,0.00208742,6
21.9735,-0.00502527,0.0456579,-0.0816814,-0.671665,-3.70913,0.000320326,0.00208326,3
21.9756,-0.00502527,0.0456579,-0.084823,-0.663489,-3.72493,0.000109129,0.0020844,6
21.9777,-0.00502527,0.0456579,-0.084823,-0.690342,-3.82953,0.000110853,0.00208576,6
21.9798,-0.00502527,0.0456579,-0.084823,-0.706218,-3.89136,0.000106575,0.00208733,6
21.9819,-0.00502527,0.0456579,-0.0879646,-0.708031,-3.94607,0.000107676,0.00208611,6
21.984,-0.00502527,0.0456579,-0.0879646,-0.735622,-4.05355,0.00037762,0.00208741,9
21.9861,-0.00502527,0.0456579,-0.0911062,-0.72125,-4.04521,0.000112635,0.00208299,6
21.9882,-0.00502527,0.0456579,-0.0911062,-0.727889,-4.07107,0.000107346,0.00208722,6
21.9903,-0.00502527,0.0456579,-0.0911062,-0.754419,-4.17441,0.000108087,0.0020862,6
21.9924,-0.00502527,0.0456579,-0.0942478,-0.779104,-4.31821,0.00011491,0.00208758,6
21.9945,-0.00502527,0.0456579,-0.0973894,-0.779931,-4.36908,0.000441677,0.00208622,9
21.9966,-0.00502527,0.0456579,-0.100531,-0.754934,-4.31936,0.000109871,0.00208331,6
21.9987,-0.00502527,0.0456579,-0.100531,-0.765689,-4.36125,0.000134085,0.00208702,6
22.0008,-0.00502527,0.0456579,-0.100531,-0.76647,-4.36429,0.000108528,0.00208644,6
22.0029,-0.00502527,0.0456579,-0.103673,-0.754754,-4.36631,0.000107266,0.00208746,6
22.005,-0.00502527,0.0456579,-0.106814,-0.747242,-4.3847,0.000513338,0.00208627,9
22.0071,-0.00502527,0.0456579,-0.109956,-0.717155,-4.31515,0.00016959,0.00207816,3
22.0092,-0.00502527,0.0456579,-0.109956,-0.725505,-4.34768,0.00010926,0.00208496,6
22.0113,-0.00502527,0.0456579,-0.113097,-0.745793,-4.47435,0.00010921,0.00208723,6
22.0134,-0.00502527,0.0456579,-0.113097,-0.775774,-4.59113,0.000108277,0.00208636,6
22.0155,-0.00502527,0.0456579,-0.116239,-0.813486,-4.78567,0.000605056,0.00208754,9
22.0176,-0.00502527,0.0456579,-0.116239,-0.857249,-4.95613,0.000264994,0.00208306,3
22.0197,-0.00502527,0.0456579,-0.116239,-0.886154,-5.06872,0.000108919,0.00208431,6
22.0218,-0.00502527,0.0456579,-0.119381,-0.898799,-5.16563,0.00010948,0.00208584,6
22.0239,-0.00502527,0.0456579,-0.122522,-0.913287,-5.26971,0.000107155,0.00208719,6
22.026,-0.00502527,0.0456579,-0.122522,-0.928499,-5.32896,0.000109821,0.00208632,6
22.0281,-0.00502527,0.0456579,-0.125664,-0.943593,-5.4354,0.00032885,0.00208761,9
22.0302,-0.00502527,0.0456579,-0.125664,-0.958008,-5.49155,0.000110171,0.00208285,6
22.0323,-0.00502527,0.0456579,-0.128805,-0.927982,-5.42224,0.000149412,0.00208691,6
22.0344,-0.00502527,0.0456579,-0.128805,-0.917048,-5.37965,0.000108959,0.00208578,6
22.0365,-0.00502527,0.0456579,-0.131947,-0.901231,-5.36569,0.00010987,0.00208629,6
22.0386,-0.00502527,0.0456579,-0.135088,-0.856833,-5.2404,0.000413415,0.00208769,9
22.0407,-0.00502527,0.0456579,-0.13823,-0.824253,-5.16115,0.000113617,0.00208297,6
22.0428,-0.00502527,0.0456579,-0.13823,-0.800968,-5.07045,0.000108688,0.00208682,6
22.0449,-0.00502527,0.0456579,-0.13823,-0.808995,-5.10172,0.000108999,0.00208628,6
22.047,-0.00502527,0.0456579,-0.141372,-0.8266,-5.21794,0.000106314,0.00208744,6
22.0491,-0.00502527,0.0456579,-0.144513,-0.832605,-5.28898,0.000483213,0.0020863,9
22.0512,-0.00502527,0.0456579,-0.147655,-0.826731,-5.31375,0.000129997,0.00208433,3
22.0533,-0.00502527,0.0456579,-0.147655,-0.829593,-5.32489,0.00010956,0.00208573,6
22.0554,-0.00502527,0.0456579,-0.150796,-0.838385,-5.40679,0.000107086,0.00208741,6
22.0575,-0.00502527,0.0456579,-0.150796,-0.894351,-5.62478,0.000111293,0.00208613,6
22.0596,-0.00502527,0.0456579,-0.153938,-0.932272,-5.82014,0.000631674,0.00208761,9
22.0617,-0.00502527,0.0456579,-0.153938,-0.975282,-5.98767,0.000236882,0.00208302,3
22.0638,-0.00502527,0.0456579,-0.160221,-0.955641,-6.00646,0.00010912,0.00208451,6
22.0659,-0.00502527,0.0456579,-0.160221,-0.977004,-6.08967,0.000111564,0.00208564,6
22.068,-0.00502527,0.0456579,-0.163363,-0.969109,-6.10657,0.000110101,0.00208737,6
22.0701,-0.00502527,0.0456579,-0.166504,-0.96955,-6.15593,0.000649767,0.00208642,6
22.0722,-0.00502527,0.0456579,-0.166504,-0.973282,-6.17047,0.000332968,0.00208418,3
22.0743,-0.00502527,0.0456579,-0.169646,-0.976099,-6.22909,0.000109841,0.002083,6
22.0764,-0.00502527,0.0456579,-0.172788,-0.994142,-6.34702,0.000118316,0.002087,6
22.0785,-0.00502527,0.0456579,-0.172788,-1.02517,-6.46788,0.000106975,0.00208615,6
22.0806,-0.00502527,0.0456579,-0.175929,-1.02458,-6.51323,0.000110031,0.00208658,7
22.0827,-0.00502527,0.0456579,-0.179071,-1.03193,-6.5895,0.000642324,0.00208742,10
22.0848,-0.00502527,0.0456579,-0.179071,-1.04441,-6.63812,0.000334541,0.00208297,6
22.0869,-0.00502527,0.0456579,-0.182212,-1.06034,-6.74783,0.000110161,0.00208454,7
22.089,-0.00502527,0.0456579,-0.185354,-1.05519,-6.77542,0.00010974,0.00208592,7
22.0911,-0.00502527,0.0456579,-0.188496,-1.06936,-6.87823,0.000107046,0.00208734,7
22.0932,-0.00502527,0.0456579,-0.188496,-1.10116,-7.00209,0.000110973,0.00208624,7
22.0953,-0.00502527,0.0456579,-0.191637,-1.10682,-7.07181,0.000709346,0.00208787,10
22.0974,-0.00502527,0.0456579,-0.194779,-1.08355,-7.02881,0.000438821,0.0020827,6
22.0995,-0.00502527,0.0456579,-0.19792,-1.0695,-7.02174,0.00014229,0.00208438,6
22.1016,-0.00502527,0.0456579,-0.201062,-1.08026,-7.11128,0.000141108,0.00208522,7
22.1037,-0.00502527,0.0456579,-0.201062,-1.11357,-7.24106,0.000108298,0.00208695,7
22.1058,-0.00502527,0.0456579,-0.204204,-1.12541,-7.3348,0.000108358,0.00208645,7
22.1079,-0.00502527,0.0456579,-0.204204,-1.13693,-7.37969,0.000107486,0.00208774,7
22.11,-0.00502527,0.0456579,-0.210487,-1.12276,-7.4198,0.000554523,0.00207996,10
22.1121,-0.00502527,0.0456579,-0.213628,-1.09877,-7.37399,0.000285141,0.00208414,6
22.1142,-0.00502527,0.0456579,-0.213628,-1.1268,-7.48319,0.000111854,0.00208299,7
22.1163,-0.00502527,0.0456579,-0.21677,-1.1394,-7.57991,0.000108267,0.00208688,7
22.1184,-0.00502527,0.0456579,-0.219911,-1.17809,-7.77826,0.000108849,0.00208571,7
22.1205,-0.00502527,0.0456579,-0.223053,-1.1754,-7.81543,0.000108969,0.00208661,7
22.1226,-0.00502527,0.0456579,-0.226195,-1.1932,-7.93239,0.000677998,0.0020877,10
22.1247,-0.00502527,0.0456579,-0.229336,-1.20385,-8.02152,0.000517455,0.00208292,6
22.1268,-0.00502527,0.0456579,-0.229336,-1.22601,-8.10784,0.00030107,0.00208432,6
22.1289,-0.00502527,0.0456579,-0.235619,-1.23234,-8.22779,0.000110863,0.00208314,7
22.131,-0.00502527,0.0456579,-0.238761,-1.23729,-8.29474,0.000107286,0.00208702,7
22.1331,-0.00502527,0.0456579,-0.238761,-1.2584,-8.37697,0.000110633,0.00208594,7
22.1352,-0.00502527,0.0456579,-0.241903,-1.29147,-8.55342,0.000132532,0.0020875,7
22.1373,-0.00502527,0.0456579,-0.248186,-1.28657,-8.62962,0.000741825,0.00208661,7
22.1394,-0.00502527,0.0456579,-0.251327,-1.28018,-8.65237,0.000457486,0.00208417,6
22.1415,-0.00502527,0.0456579,-0.251327,-1.33163,-8.85278,0.000154552,0.00208314,6
22.1436,-0.00502527,0.0456579,-0.254469,-1.37177,-9.05681,0.00010908,0.0020862,7
22.1457,-0.00502527,0.0456579,-0.254469,-1.4218,-9.25165,0.000109811,0.0020863,7
22.1478,-0.00502527,0.0456579,-0.260752,-1.41394,-9.31636,0.000107456,0.00208748,7
22.1499,-0.00502527,0.0456579,-0.263894,-1.42986,-9.42601,0.000113948,0.00208642,7
22.152,-0.00502527,0.0456579,-0.267035,-1.44305,-9.52503,0.000599836,0.00208779,10
22.1541,-0.00502527,0.0456579,-0.267035,-1.47413,-9.64607,0.000293516,0.00208273,6
22.1562,-0.00502527,0.0456579,-0.273319,-1.45506,-9.66711,0.000110191,0.00208441,7
22.1583,-0.00502527,0.0456579,-0.27646,-1.42401,-9.59382,0.000111433,0.00208572,7
22.1604,-0.00502527,0.0456579,-0.27646,-1.44228,-9.66498,0.000123185,0.00208735,7
22.1625,-0.00502527,0.0456579,-0.279602,-1.44296,-9.71527,0.000107957,0.00208622,7
22.1646,-0.00502527,0.0456579,-0.285885,-1.44528,-9.81959,0.000728341,0.00208651,10
22.1667,-0.00502527,0.0456579,-0.289027,-1.42441,-9.78596,0.000515271,0.00208415,6
22.1688,-0.00502527,0.0456579,-0.292168,-1.3993,-9.73579,0.000176362,0.00208319,6
22.1709,-0.00502527,0.0456579,-0.292168,-1.43179,-9.86234,0.000110942,0.00208656,7
22.173,-0.00502527,0.0456579,-0.298451,-1.43184,-9.95786,0.000116222,0.00207952,7
22.1751,-0.00502527,0.0456579,-0.301593,-1.44015,-10,0.000116643,0.00208604,7
22.1772,-0.00502527,0.0456579,-0.301593,-1.4776,-10,0.000109119,0.00208608,7
22.1793,-0.00502527,0.0456579,-0.307876,-1.47701,-10,0.000587893,0.00208737,10
22.1814,-0.00502527,0.0456579,-0.311018,-1.47794,-10,0.000330063,0.00208276,6
22.1835,-0.00502527,0.0456579,-0.314159,-1.51966,-10,0.000110602,0.00208388,7
22.1856,-0.00502527,0.0456579,-0.317301,-1.53417,-10,0.000110532,0.00208566,7
22.1877,-0.00502527,0.0456579,-0.317301,-1.56491,-10,0.000108318,0.00208722,7
22.1898,-0.00502527,0.0456579,-0.323584,-1.58681,-10,0.000110953,0.00208632,7
22.1919,-0.00502527,0.0456579,-0.326726,-1.61796,-10,0.000113728,0.0020825,7
22.194,-0.00502527,0.0456579,-0.329867,-1.61347,-10,0.000452276,0.0020864,13
22.1961,-0.00502527,0.0456579,-0.33615,-1.56802,-10,0.000198473,0.00208388,6
22.1982,-0.00502527,0.0456579,-0.339292,-1.55933,-10,0.000113738,0.00208264,7
22.2003,-0.00502527,0.0456579,-0.342434,-1.55808,-10,0.000109059,0.00208679,7
22.2024,-0.00502527,0.0456579,-0.342434,-1.62671,-10,0.000108368,0.00208583,7
22.2045,-0.00502527,0.0456579,-0.348717,-1.63309,-10,0.000141599,0.0020863,7
22.2066,-0.00502527,0.0456579,-0.355,-1.6162,-10,0.00063531,0.00208731,10
22.2087,-0.00502527,0.0456579,-0.355,-1.63568,-10,0.000331886,0.00208264,6
22.2108,-0.00502527,0.0456579,-0.361283,-1.66389,-10,0.000109821,0.00208395,7
22.2129,-0.00502527,0.0456579,-0.364425,-1.67377,-10,0.000110813,0.0020856,7
22.215,-0.00502527,0.0456579,-0.367566,-1.68314,-10,0.000108238,0.00208665,7
22.2171,-0.00502527,0.0456579,-0.370708,-1.72987,-10,0.000112977,0.00207997,7
22.2192,-0.00502527,0.0456579,-0.37385,-1.78886,-10,0.000106614,0.0020875,7
22.2213,-0.00502527,0.0456579,-0.380133,-1.79237,-10,0.000510001,0.00208637,10
22.2234,-0.00502527,0.0456579,-0.383274,-1.80085,-10,0.000261217,0.00208398,6
22.2255,-0.00502527,0.0456579,-0.389557,-1.78416,-10,0.000113898,0.00208281,7
22.2276,-0.00502527,0.0456579,-0.389557,-1.84427,-10,0.000107496,0.00208716,7
22.2297,-0.00502527,0.0456579,-0.392699,-1.86995,-10,0.000108989,0.00208613,7
22.2318,-0.00502527,0.0456579,-0.398982,-1.85813,-10,0.000107125,0.00208762,7
22.2339,-0.00502527,0.0456579,-0.405265,-1.86591,-10,0.000697724,0.00208627,10
22.236,-0.00502527,0.0456579,-0.408407,-1.86481,-10,0.000413596,0.00208402,6
22.2381,-0.00502527,0.0456579,-0.411549,-1.8721,-10,0.00014786,0.0020829,6
22.2402,-0.00502527,0.0456579,-0.41469,-1.88245,-10,0.000111354,0.00208551,7
22.2423,-0.00502527,0.0456579,-0.417832,-1.89191,-10,0.000112345,0.00208587,7
22.2444,-0.00502527,0.0456579,-0.424115,-1.9175,-10,0.000128104,0.00208717,7
22.2465,-0.00502527,0.0456579,-0.427257,-1.93438,-10,0.000107727,0.00208607,7
22.2486,-0.00502527,0.0456579,-0.43354,-1.93975,-10,0.000611958,0.00208628,10
22.2507,-0.00502527,0.0456579,-0.439823,-1.94835,-10,0.000334191,0.00208407,6
22.2528,-0.00502527,0.0456579,-0.442965,-1.95373,-10,0.000112445,0.00208272,7
22.2549,-0.00502527,0.0456579,-0.446106,-1.97174,-10,0.000107236,0.00208701,7
22.257,-0.00502527,0.0456579,-0.452389,-1.97224,-10,0.000110531,0.00208597,7
22.2591,-0.00502527,0.0456579,-0.452389,-2.05833,-10,0.000107597,0.00208736,7
22.2612,-0.00502527,0.0456579,-0.455531,-2.12101,-10,0.000108959,0.00208633,7
22.2633,-0.00502527,0.0456579,-0.464956,-2.0931,-10,0.000519509,0.00208714,10
22.2654,-0.00502527,0.0456579,-0.468097,-2.12007,-10,0.000253072,0.00208277,6
22.2675,-0.00502527,0.0456579,-0.47438,-2.10767,-10,0.000110001,0.00208396,7
22.2696,-0.00502527,0.0456579,-0.477522,-2.11553,-10,0.000110061,0.00208564,7
22.2717,-0.00502527,0.0456579,-0.480664,-2.13829,-10,0.000124768,0.0020873,7
22.2738,-0.00502527,0.0456579,-0.486947,-2.14919,-10,0.000113017,0.00208581,7
22.2759,-0.00502527,0.0456579,-0.49323,-2.16381,-10,0.000709977,0.00208765,10
22.278,-0.00502527,0.0456579,-0.499513,-2.1534,-10,0.000453579,0.00208275,6
22.2801,-0.00502527,0.0456579,-0.502655,-2.17619,-10,0.000160934,0.0020841,6
22.2822,-0.00502527,0.0456579,-0.505796,-2.1825,-10,0.000112134,0.00208484,7
22.2843,-0.00502527,0.0456579,-0.51208,-2.20882,-10,0.000108298,0.00208703,7
22.2864,-0.00502527,0.0456579,-0.515221,-2.27073,-10,0.000107987,0.00208604,7
22.2885,-0.00502527,0.0456579,-0.518363,-2.32419,-10,0.00010952,0.00208664,7
22.2906,-0.00502527,0.0456579,-0.527788,-2.30061,-10,0.000657882,0.0020876,10
22.2927,-0.00502527,0.0456579,-0.534071,-2.27771,-10,0.000396484,0.00208282,6
22.2948,-0.00502527,0.0456579,-0.540354,-2.26545,-10,0.00010952,0.00208421,7
22.2969,-0.00502527,0.0456579,-0.543496,-2.29781,-10,0.00010942,0.00208583,7
22.299,-0.00502527,0.0456579,-0.546637,-2.36916,-10,0.000107767,0.00208733,7
22.3011,-0.00502527,0.0456579,-0.55292,-2.41037,-10,0.000111513,0.00208599,7
22.3032,-0.00502527,0.0456579,-0.556062,-2.48357,-10,0.000107026,0.00208725,7
22.3053,-0.00502527,0.0456579,-0.565487,-2.49591,-10,0.000624331,0.00208635,10
22.3074,-0.00502527,0.0456579,-0.568628,-2.50618,-10,0.000349959,0.00208404,6
22.3095,-0.00502527,0.0456579,-0.574911,-2.50596,-10,0.00011486,0.00208263,7
22.3116,-0.00502527,0.0456579,-0.581195,-2.50662,-10,0.000109189,0.00208668,7
22.3137,-0.00502527,0.0456579,-0.584336,-2.5006,-10,0.00010915,0.00208596,7
22.3158,-0.00502527,0.0456579,-0.590619,-2.52437,-10,0.000108308,0.00208724,7
22.3179,-0.00502527,0.0456579,-0.593761,-2.59491,-10,0.000111473,0.00208621,7
22.32,-0.00502527,0.0456579,-0.603186,-2.57955,-10,0.000569951,0.00208731,10
22.3221,-0.00502527,0.0456579,-0.609469,-2.58109,-10,0.000325785,0.00208266,6
22.3242,-0.00502527,0.0456579,-0.615752,-2.56856,-10,0.000110873,0.00208392,7
22.3263,-0.00502527,0.0456579,-0.618894,-2.59989,-10,0.000112115,0.00208527,7
22.3284,-0.00502527,0.0456579,-0.625177,-2.64661,-10,0.000127143,0.00208079,7
22.3305,-0.00502527,0.0456579,-0.628319,-2.70562,-10,0.000108118,0.00208607,7
22.3326,-0.00502527,0.0456579,-0.634602,-2.73178,-10,0.000110492,0.00208636,7
22.3347,-0.00502527,0.0456579,-0.644027,-2.69689,-10,0.000563419,0.00208743,10
22.3368,-0.00502527,0.0456579,-0.65031,-2.67756,-10,0.000297443,0.00208295,6
22.3389,-0.00502527,0.0456579,-0.656593,-2.6846,-10,0.000110361,0.00208399,7
22.341,-0.00502527,0.0456579,-0.662876,-2.6873,-10,0.000141679,0.00208395,7
22.3431,-0.00502527,0.0456579,-0.666018,-2.74471,-10,0.000108839,0.00208663,7
22.3452,-0.00502527,0.0456579,-0.669159,-2.8543,-10,0.000112385,0.00208568,7
22.3473,-0.00502527,0.0456579,-0.678584,-2.88454,-10,0.000107977,0.00208744,7
22.3494,-0.00502527,0.0456579,-0.688009,-2.873,-10,0.0005635,0.00208635,10
22.3515,-0.00502527,0.0456579,-0.69115,-2.87593,-10,0.000303534,0.00208394,6
22.3536,-0.00502527,0.0456579,-0.697434,-2.88437,-10,0.000113337,0.00208293,7
22.3557,-0.00502527,0.0456579,-0.703717,-2.91109,-10,0.000108468,0.00208682,7
22.3578,-0.00502527,0.0456579,-0.706858,-2.95188,-10,0.00010919,0.00208622,7
22.3599,-0.00502527,0.0456579,-0.716283,-2.9811,-10,0.000107396,0.00208742,7
22.362,-0.00502527,0.0456579,-0.719425,-2.99592,-10,0.000110412,0.00208618,7
22.3641,-0.00502527,0.0456579,-0.731991,-2.96846,-10,0.000562477,0.00208742,10
22.3662,-0.00502527,0.0456579,-0.738274,-2.95301,-10,0.000298585,0.00208257,6
22.3683,-0.00502527,0.0456579,-0.741416,-2.9643,-10,0.000140977,0.00208414,7
22.3704,-0.00502527,0.0456579,-0.750841,-2.97217,-10,0.0001091,0.00208521,7
22.3725,-0.00502527,0.0456579,-0.753982,-3.0134,-10,0.00010932,0.00208614,7
22.3746,-0.00502527,0.0456579,-0.760265,-3.0846,-10,0.000132492,0.00208745,7
22.3767,-0.00502527,0.0456579,-0.766549,-3.11833,-10,0.000111543,0.0020862,7
22.3788,-0.00502527,0.0456579,-0.779115,-3.0864,-10,0.000586621,0.00208751,10
22.3809,-0.00502527,0.0456579,-0.782257,-3.0877,-10,0.000314014,0.00208285,6
22.383,-0.00502527,0.0456579,-0.791681,-3.08983,-10,0.000110892,0.00208387,7
22.3851,-0.00502527,0.0456579,-0.794823,-3.12788,-10,0.000112626,0.00208543,7
22.3872,-0.00502527,0.0456579,-0.801106,-3.19736,-10,0.000107076,0.00208702,7
22.3893,-0.00502527,0.0456579,-0.807389,-3.27373,-10,0.000108468,0.00208623,7
22.3914,-0.00502527,0.0456579,-0.813672,-3.31323,-10,0.000107767,0.00208753,7
22.3935,-0.00502527,0.0456579,-0.826239,-3.28794,-10,0.00070061,0.00208529,10
22.3956,-0.00502527,0.0456579,-0.832522,-3.27365,-10,0.000362743,0.00208348,6
22.3977,-0.00502527,0.0456579,-0.838805,-3.25967,-10,0.000160393,0.00208237,7
22.3998,-0.00502527,0.0456579,-0.845088,-3.27942,-10,0.000163448,0.00208586,7
22.4019,-0.00502527,0.0456579,-0.851372,-3.34678,-10,0.000163329,0.00208513,7
22.404,-0.00502527,0.0456579,-0.854513,-3.41741,-10,0.000154953,0.00208602,7
22.4061,-0.00502527,0.0456579,-0.863938,-3.40438,-10,0.000156816,0.00208504,7
22.4082,-0.00502527,0.0456579,-0.876504,-3.36366,-10,0.000682948,0.00208634,10
22.4103,-0.00502527,0.0456579,-0.879646,-3.37239,-10,0.000426078,0.00208235,6
22.4124,-0.00502527,0.0456579,-0.889071,-3.35836,-10,0.000177414,0.0020835,6
22.4145,-0.00502527,0.0456579,-0.892212,-3.42521,-10,0.000156597,0.00208417,7
22.4166,-0.00502527,0.0456579,-0.901637,-3.43971,-10,0.000156485,0.00208488,7
22.4187,-0.00502527,0.0456579,-0.904779,-3.5323,-10,0.000160704,0.00208626,7
22.4208,-0.00502527,0.0456579,-0.914203,-3.52906,-10,0.000155434,0.00208506,7
22.4229,-0.00502527,0.0456579,-0.92677,-3.46785,-10,0.000742787,0.0020862,7
22.425,-0.00502527,0.0456579,-0.933053,-3.46736,-10,0.00049303,0.00208199,3
22.4271,-0.00502527,0.0456579,-0.939336,-3.45396,-10,0.000231743,0.00208352,6
22.4292,-0.00502527,0.0456579,-0.945619,-3.48698,-10,0.000158159,0.00208436,7
22.4313,-0.00502527,0.0456579,-0.951903,-3.53992,-10,0.000158389,0.00208595,7
22.4334,-0.00502527,0.0456579,-0.958186,-3.61222,-10,0.000156936,0.00208502,7
22.4355,-0.00502527,0.0456579,-0.964469,-3.61831,-10,0.000156496,0.00208619,7
22.4376,-0.00502527,0.0456579,-0.970752,-3.64515,-10,0.000155143,0.00208521,7
22.4397,-0.00502527,0.0456579,-0.983319,-3.57816,-10,0.000549955,0.00207984,10
22.4418,-0.00502527,0.0456579,-0.992743,-3.5391,-10,0.000390002,0.00208255,6
22.4439,-0.00502527,0.0456579,-0.995885,-3.56502,-10,0.000178146,0.00208353,7
22.446,-0.00502527,0.0456579,-1.00531,-3.58815,-10,0.000157448,0.00208435,7
22.4481,-0.00502527,0.0456579,-1.01159,-3.65031,-10,0.000156646,0.00208596,7
22.4502,-0.00502527,0.0456579,-1.01788,-3.66538,-10,0.000158209,0.00208526,7
22.4523,-0.00502527,0.0456579,-1.02416,-3.67681,-10,0.000179007,0.00208605,7
22.4544,-0.00502527,0.0456579,-1.03987,-3.61015,-10,0.000661267,0.00208492,10
22.4565,-0.00502527,0.0456579,-1.04301,-3.60835,-10,0.000399991,0.00208263,6
22.4586,-0.00502527,0.0456579,-1.05243,-3.59889,-10,0.000161915,0.00208393,6
22.4607,-0.00502527,0.0456579,-1.05872,-3.66258,-10,0.000168167,0.00208475,7
22.4628,-0.00502527,0.0456579,-1.065,-3.7325,-10,0.000158179,0.00208591,7
22.4649,-0.00502527,0.0456579,-1.07128,-3.74539,-10,0.000157598,0.00208492,7
22.467,-0.00502527,0.0456579,-1.08071,-3.76339,-10,0.000158019,0.00208626,7
22.4691,-0.00502527,0.0456579,-1.09327,-3.71176,-10,0.000741604,0.00208511,7
22.4712,-0.00502527,0.0456579,-1.09956,-3.73372,-10,0.000489254,0.0020835,6
22.4733,-0.00502527,0.0456579,-1.10584,-3.7576,-10,0.000215995,0.00208251,6
22.4754,-0.00502527,0.0456579,-1.11212,-3.84607,-10,0.000155814,0.00208581,7
22.4775,-0.00502527,0.0456579,-1.11841,-3.93395,-10,0.000174739,0.00208498,7
22.4796,-0.00502527,0.0456579,-1.12783,-3.93594,-10,0.00015845,0.00208641,7
22.4817,-0.00502527,0.0456579,-1.13411,-3.93675,-10,0.000158129,0.00208544,7
22.4838,-0.00502527,0.0456579,-1.1404,-3.93246,-10,0.000155785,0.00208653,7
22.4859,-0.00502527,0.0456579,-1.15611,-3.85001,-10,0.00057994,0.00208552,10
22.488,-0.00502527,0.0456579,-1.15925,-3.83457,-10,0.000325324,0.00208383,6
22.4901,-0.00502527,0.0456579,-1.16867,-3.81673,-10,0.000163117,0.00208227,7
22.4922,-0.00502527,0.0456579,-1.17496,-3.83773,-10,0.000158088,0.00208595,7
22.4943,-0.00502527,0.0456579,-1.18124,-3.89896,-10,0.000162356,0.00208493,7
22.4964,-0.00502527,0.0456579,-1.19066,-3.89454,-10,0.000157648,0.00207403,7
22.4985,-0.00502527,0.0456579,-1.19695,-3.8696,-10,0.000157518,0.00208518,7
22.5006,-0.00502527,0.0456579,-1.20951,-3.8403,-10,0.000666297,0.00208532,10
22.5027,-0.00502527,0.0456579,-1.21894,-3.79851,-10,0.000484715,0.00208366,6
22.5048,-0.00502527,0.0456579,-1.22522,-3.80441,-10,0.000185179,0.00208243,6
22.5069,-0.00502527,0.0456579,-1.2315,-3.85463,-10,0.00015919,0.0020858,7
22.509,-0.00502527,0.0456579,-1.24093,-3.92577,-10,0.000157627,0.00208492,7
22.5111,-0.00502527,0.0456579,-1.24721,-3.93168,-10,0.000162738,0.00208623,7
22.5132,-0.00502527,0.0456579,-1.25664,-3.95708,-10,0.000157557,0.00208523,7
22.5153,-0.00502527,0.0456579,-1.25978,-3.9989,-10,0.000155154,0.0020864,7
22.5174,-0.00502527,0.0456579,-1.27549,-3.96625,-10,0.000540378,0.00208532,10
22.5195,-0.00502527,0.0456579,-1.28177,-3.98256,-10,0.000278068,0.00208379,6
22.5216,-0.00502527,0.0456579,-1.29119,-4.02108,-10,0.000159712,0.0020826,7
22.5237,-0.00502527,0.0456579,-1.29748,-4.07953,-10,0.00015898,0.00208577,7
22.5258,-0.00502527,0.0456579,-1.3069,-4.0693,-10,0.000159481,0.00208505,7
22.5279,-0.00502527,0.0456579,-1.31004,-4.0968,-10,0.000158009,0.00208636,7
22.53,-0.00502527,0.0456579,-1.31947,-4.09318,-10,0.000158299,0.00208514,7
22.5321,-0.00502527,0.0456579,-1.33204,-4.05257,-10,0.000647583,0.00208623,10
22.5342,-0.00502527,0.0456579,-1.34146,-4.0332,-10,0.000399229,0.00208249,6
22.5363,-0.00502527,0.0456579,-1.34774,-4.03113,-10,0.000173677,0.00208359,7
22.5384,-0.00502527,0.0456579,-1.35717,-4.04329,-10,0.00015886,0.00208466,7
22.5405,-0.00502527,0.0456579,-1.36345,-4.11092,-10,0.000157047,0.00208458,7
22.5426,-0.00502527,0.0456579,-1.36973,-4.10606,-10,0.000157437,0.00208601,7
22.5447,-0.00502527,0.0456579,-1.37916,-4.11572,-10,0.000163669,0.0020853,7
22.5468,-0.00502527,0.0456579,-1.38544,-4.11561,-10,0.000168287,0.00208629,7
22.5489,-0.00502527,0.0456579,-1.39801,-4.08202,-10,0.000499974,0.00208433,10
22.551,-0.00502527,0.0456579,-1.40743,-4.07516,-10,0.000265635,0.00207631,6
22.5531,-0.00502527,0.0456579,-1.41372,-4.09334,-10,0.000168748,0.00208251,7
22.5552,-0.00502527,0.0456579,-1.42,-4.15998,-10,0.000156606,0.00208584,7
22.5573,-0.00502527,0.0456579,-1.42942,-4.16831,-10,0.000157809,0.00208509,7
22.5594,-0.00502527,0.0456579,-1.43571,-4.16382,-10,0.000156146,0.00208637,7
22.5615,-0.00502527,0.0456579,-1.44513,-4.1445,-10,0.000165162,0.00208514,7
22.5636,-0.00502527,0.0456579,-1.4577,-4.10449,-10,0.0006129,0.00208618,10
22.5657,-0.00502527,0.0456579,-1.46712,-4.05912,-10,0.00038318,0.0020822,6
22.5678,-0.00502527,0.0456579,-1.47341,-4.06908,-10,0.000162177,0.00208394,7
22.5699,-0.00502527,0.0456579,-1.47969,-4.08922,-10,0.000118026,0.00208362,7
22.572,-0.00502527,0.0456579,-1.48597,-4.18643,-10,0.000107777,0.0020874,7
22.5741,-0.00502527,0.0456579,-1.4954,-4.19047,-10,0.000113006,0.00208583,7
22.5762,-0.00502527,0.0456579,-1.50168,-4.21448,-10,0.000108648,0.00208715,7
22.5783,-0.00502527,0.0456579,-1.51739,-4.14528,-10,0.000733209,0.0020865,10
22.5804,-0.00502527,0.0456579,-1.52367,-4.1292,-10,0.000474226,0.0020692,6
22.5825,-0.00502527,0.0456579,-1.5331,-4.09567,-10,0.000256699,0.00208282,6
22.5846,-0.00502527,0.0456579,-1.53624,-4.17403,-10,0.000112636,0.00208297,7
22.5867,-0.00502527,0.0456579,-1.54566,-4.23634,-10,0.000108608,0.0020869,7
22.5888,-0.00502527,0.0456579,-1.55509,-4.24362,-10,0.0001094,0.002086,7
22.5909,-0.00502527,0.0456579,-1.56137,-4.24183,-10,0.000108098,0.00208743,7
22.593,-0.00502527,0.0456579,-1.56765,-4.25387,-10,0.000111915,0.00208605,7
22.5951,-0.00502527,0.0456579,-1.58336,-4.16767,-10,0.000595748,0.00208736,10
22.5972,-0.00502527,0.0456579,-1.58965,-4.13066,-10,0.000364065,0.00208281,6
22.5993,-0.00502527,0.0456579,-1.59593,-4.14085,-10,0.000110943,0.00208402,7
22.6014,-0.00502527,0.0456579,-1.60535,-4.13388,-10,0.000111824,0.00208563,7
22.6035,-0.00502527,0.0456579,-1.61164,-4.17778,-10,0.000108188,0.00208719,7
22.6056,-0.00502527,0.0456579,-1.62106,-4.16721,-10,0.000109219,0.00208639,7
22.6077,-0.00502527,0.0456579,-1.62734,-4.14926,-10,0.000107637,0.00208743,7
22.6098,-0.00502527,0.0456579,-1.64305,-4.07601,-10,0.000716579,0.00208628,10
22.6119,-0.00502527,0.0456579,-1.64934,-4.07143,-10,0.000456835,0.00208419,6
22.614,-0.00502527,0.0456579,-1.65876,-4.06697,-10,0.000236822,0.00208251,6
22.6161,-0.00502527,0.0456579,-1.6619,-4.15066,-10,0.000133674,0.00208413,7
22.6182,-0.00502527,0.0456579,-1.67133,-4.2172,-10,0.000112376,0.0020855,7
22.6203,-0.00502527,0.0456579,-1.68075,-4.22619,-10,0.000113948,0.00208719,7
22.6224,-0.00502527,0.0456579,-1.68704,-4.22222,-10,0.000111704,0.00208482,7
22.6245,-0.00502527,0.0456579,-1.69646,-4.20273,-10,0.000111905,0.00208602,7
22.6266,-0.00502527,0.0456579,-1.70903,-4.16162,-10,0.000585569,0.00208761,10
22.6287,-0.00502527,0.0456579,-1.71845,-4.15763,-10,0.000341945,0.00208302,6
22.6308,-0.00502527,0.0456579,-1.72473,-4.18826,-10,0.00010979,0.00208425,7
22.6329,-0.00502527,0.0456579,-1.73416,-4.25266,-10,0.000111373,0.00208554,7
22.635,-0.00502527,0.0456579,-1.7373,-4.2887,-10,0.000107446,0.00208724,7
22.6371,-0.00502527,0.0456579,-1.74673,-4.29914,-10,0.000109099,0.00208636,8
22.6392,-0.00502527,0.0456579,-1.75615,-4.25918,-10,0.000108648,0.00208751,8
22.6413,-0.00502527,0.0456579,-1.76243,-4.27613,-10,0.000111634,0.00208641,8
22.6434,-0.00502527,0.0456579,-1.77814,-4.21562,-10,0.000820949,0.00208764,8
22.6455,-0.00502527,0.0456579,-1.78442,-4.18383,-10,0.000674312,0.00208307,3
22.6476,-0.00502527,0.0456579,-1.79385,-4.17768,-10,0.000430977,0.00208412,6
22.6497,-0.00502527,0.0456579,-1.80013,-4.23929,-10,0.000243174,0.00208278,6
22.6518,-0.00502527,0.0456579,-1.80956,-4.21837,-10,0.000110902,0.00208415,8
22.6539,-0.00502527,0.0456579,-1.81898,-4.20079,-10,0.000111063,0.00208567,8
22.656,-0.00502527,0.0456579,-1.82527,-4.22584,-10,0.000107927,0.00208759,8
22.6581,-0.00502527,0.0456579,-1.83469,-4.22713,-10,0.000112856,0.00208566,8
22.6602,-0.00502527,0.0456579,-1.84097,-4.27107,-10,0.000108408,0.00208759,8
22.6623,-0.00502527,0.0456579,-1.8504,-4.29437,-10,0.000110202,0.00208668,8
22.6644,-0.00502527,0.0456579,-1.86296,-4.31846,-10,0.000772651,0.00207647,11
22.6665,-0.00502527,0.0456579,-1.87239,-4.27593,-10,0.000676536,0.00208415,3
22.6686,-0.00502527,0.0456579,-1.88181,-4.24868,-10,0.000409528,0.00208294,6
22.6707,-0.00502527,0.0456579,-1.8881,-4.22886,-10,0.000213259,0.0020841,6
22.6728,-0.00502527,0.0456579,-1.89752,-4.25375,-10,0.000112335,0.00208285,8
22.6749,-0.00502527,0.0456579,-1.90695,-4.27489,-10,0.00014785,0.00208252,8
22.677,-0.00502527,0.0456579,-1.91323,-4.31397,-10,0.000116973,0.00208449,8
22.6791,-0.00502527,0.0456579,-1.92265,-4.37073,-10,0.000108027,0.00208738,8
22.6812,-0.00502527,0.0456579,-1.93208,-4.42288,-10,0.000110041,0.00208641,8
22.6833,-0.00502527,0.0456579,-1.93836,-4.4509,-10,0.000108798,0.00208745,8
22.6854,-0.00502527,0.0456579,-1.95721,-4.36139,-10,0.000806323,0.00208625,11
22.6875,-0.00502527,0.0456579,-1.9635,-4.33714,-10,0.000582494,0.00208393,3
22.6896,-0.00502527,0.0456579,-1.97292,-4.30167,-10,0.000416942,0.00208277,6
22.6917,-0.00502527,0.0456579,-1.9792,-4.35563,-10,0.000237744,0.00208408,6
22.6938,-0.00502527,0.0456579,-1.98863,-4.40724,-10,0.00011478,0.00208298,8
22.6959,-0.00502527,0.0456579,-1.99805,-4.45511,-10,0.000118516,0.00208585,8
22.698,-0.00502527,0.0456579,-2.00434,-4.5642,-10,0.000111072,0.00208609,8
22.7001,-0.00502527,0.0456579,-2.01376,-4.58399,-10,0.000108308,0.00208729,8
22.7022,-0.00502527,0.0456579,-2.02319,-4.60086,-10,0.00010954,0.00208661,8
22.7043,-0.00502527,0.0456579,-2.02947,-4.61204,-10,0.000127292,0.00208754,8
22.7064,-0.00502527,0.0456579,-2.04832,-4.54499,-10,0.000790895,0.00208594,11
22.7085,-0.00502527,0.0456579,-2.05774,-4.49697,-10,0.00066234,0.00207643,3
22.7106,-0.00502527,0.0456579,-2.06403,-4.48215,-10,0.000403106,0.00208409,6
22.7127,-0.00502527,0.0456579,-2.07345,-4.49377,-10,0.000236171,0.00208288,6
22.7148,-0.00502527,0.0456579,-2.08288,-4.50423,-10,0.000110141,0.00208403,8
22.7169,-0.00502527,0.0456579,-2.08916,-4.57678,-10,0.000110452,0.00208569,8
22.719,-0.00502527,0.0456579,-2.09858,-4.64677,-10,0.000137591,0.00208751,8
22.7211,-0.00502527,0.0456579,-2.10801,-4.67295,-10,0.000112656,0.00208617,8
22.7232,-0.00502527,0.0456579,-2.11429,-4.70103,-10,0.000110001,0.00208721,8
22.7253,-0.00502527,0.0456579,-2.12372,-4.6881,-10,0.000115802,0.00208573,8
22.7274,-0.00502527,0.0456579,-2.13942,-4.6291,-10,0.000831739,0.00208745,11
22.7295,-0.00502527,0.0456579,-2.14885,-4.582,-10,0.000667309,0.00208286,3
22.7316,-0.00502527,0.0456579,-2.15827,-4.54148,-10,0.000469568,0.0020837,6
22.7337,-0.00502527,0.0456579,-2.1677,-4.54537,-10,0.00026817,0.002083,6
22.7358,-0.00502527,0.0456579,-2.17398,-4.59175,-10,0.000111354,0.00208411,8
22.7379,-0.00502527,0.0456579,-2.18655,-4.61485,-10,0.000113186,0.00208554,8
