time_sec,x_cart,vel_cart,ang_pole,vel_pole,torque_input,encoder_duration_s,iteration_duration_s,bytesWaiting
0.0122486,0,-0.00196077,-0,-0,-0.00514685,0.011989,0.0122484,4019
0.0157487,0,-0.00196077,-0,-0,-0.00514685,0.000219332,0.00343071,3
0.0192488,0,0.00308121,-0,-0,0.00808791,0.000211538,0.00348353,9
0.0227489,0,-0.00028011,-0,-0,-0.000735265,0.000124348,0.00348355,12
0.026249,0,-0.00364143,-0,-0,-0.00955844,0.000121653,0.00348569,12
0.029749,0,0.00476187,-0,-0,0.0124995,0.000120611,0.00348642,12
0.0332491,0,-0.00196077,-0,-0,-0.00514685,0.000131942,0.00348484,12
0.0367492,0,-0.00028011,-0,-0,-0.000735265,0.000118978,0.0034868,12
0.0402492,0,0.00476187,-0,-0,0.0124995,0.000124117,0.00348595,12
0.0437493,0,-0.00364143,-0,-0,-0.00955844,0.000118498,0.00348698,12
0.0472494,0,0.00140055,-0,-0,0.00367632,0.0001258,0.00348657,12
0.0507495,0,-0.00028011,-0,-0,-0.000735265,0.000118848,0.00348681,12
0.0542496,0,-0.00196077,-0,-0,-0.00514685,0.000125059,0.00348606,12
0.0577496,0,0.00140055,-0,-0,0.00367632,0.000126822,0.00348588,12
0.0612497,0,-0.00196077,-0,-0,-0.00514685,0.000123216,0.00348727,12
0.0647498,0,-0.00364143,-0,-0,-0.00955844,0.000120801,0.00348676,12
0.0682499,0,-0.00028011,-0,-0,-0.000735265,0.000606702,0.00348578,15
0.0717499,0,0.00140055,-0,-0,0.00367632,0.000528709,0.00348647,9
0.07525,0,-0.00364143,-0,-0,-0.00955844,0.000417786,0.00348658,9
0.0787501,0,-0.00028011,-0,-0,-0.000735265,0.000356323,0.00348674,9
0.0822501,0,-0.00364143,-0,-0,-0.00955844,0.000277368,0.00348113,9
0.0857502,0,-0.00028011,-0,-0,-0.000735265,0.000157158,0.00348387,9
0.0892503,0,-0.00196077,-0,-0,-0.00514685,0.000116353,0.00348668,12
0.0927503,0,-0.00028011,-0,-0,-0.000735265,0.000127243,0.00348149,12
0.0962504,0,-0.00700275,-0,-0,-0.0183816,0.000121413,0.0034855,12
0.0997505,0,0.00308121,-0,-0,0.00808791,0.000132933,0.00347944,12
0.103251,0,0.00140055,-0,-0,0.00367632,0.000120351,0.00348541,12
0.106751,0,0.00308121,-0,-0,0.00808791,0.000115171,0.00348697,12
0.110251,0,0.00644253,-0,-0,0.0169111,0.000117345,0.00348702,12
0.113751,0,-0.00028011,-0,-0,-0.000735265,0.000117295,0.00348719,12
0.117251,0,-0.00028011,-0,-0,-0.000735265,0.00011472,0.0034879,12
0.120751,0,0.00476187,-0,-0,0.0124995,0.000116032,0.00348708,12
0.124251,0,0.00308121,-0,-0,0.00808791,0.00011983,0.00348673,12
0.127751,0,-0.00196077,-0,-0,-0.00514685,0.000136941,0.00348705,12
0.131251,0,0.00140055,-0,-0,0.00367632,0.00011985,0.00348613,12
0.134751,0,-0.00196077,-0,-0,-0.00514685,0.000601852,0.00348714,15
0.138251,0,-0.00532209,-0,-0,-0.01397,0.000587807,0.00348243,9
0.141751,0,-0.00196077,-0,-0,-0.00514685,0.000416203,0.00348387,9
0.145252,0,0.00308121,-0,-0,0.00808791,0.000326628,0.003485,9
0.148752,0,0.00476187,-0,-0,0.0124995,0.000228529,0.003484,9
0.152252,0,-0.00364143,-0,-0,-0.00955844,0.000143884,0.00347625,12
0.155752,0,-0.00028011,-0,-0,-0.000735265,0.000118337,0.00348621,12
0.159252,0,-0.00364143,-0,-0,-0.00955844,0.000134446,0.00348077,12
0.162752,0,-0.00196077,-0,-0,-0.00514685,0.000116543,0.00348709,12
0.166252,0,-0.00364143,-0,-0,-0.00955844,0.000119269,0.00348625,12
0.169752,0,0.00308121,-0,-0,0.00808791,0.000129807,0.00348408,12
0.173252,0,-0.00364143,-0,-0,-0.00955844,0.00015314,0.00347929,12
0.176752,0,-0.00196077,-0,-0,-0.00514685,0.000121593,0.00348558,12
0.180252,0,-0.00028011,-0,-0,-0.000735265,0.000128947,0.0034842,12
0.183752,0,-0.00196077,-0,-0,-0.00514685,0.00013647,0.00348486,12
0.187252,0,-0.00364143,-0,-0,-0.00955844,0.000210025,0.00347339,12
0.190753,0,-0.00028011,-0,-0,-0.000735265,0.000133876,0.00348556,12
0.194253,0,0.00140055,-0,-0,0.00367632,0.000157549,0.00348231,12
0.197753,0,-0.00028011,-0,-0,-0.000735265,0.000640653,0.00348503,15
0.201253,0,0.00140055,-0,-0,0.00367632,0.000570034,0.00348415,9
0.204753,0,0.00308121,-0,-0,0.00808791,0.000449003,0.00348623,9
0.208253,0,0.00140055,-0,-0,0.00367632,0.000377522,0.00348381,9
0.211753,0,0.00308121,-0,-0,0.00808791,0.000265506,0.00348629,9
0.215253,0,0.00308121,-0,-0,0.00808791,0.000200918,0.00348436,9
0.218753,0,0.00140055,-0,-0,0.00367632,0.000149704,0.00348615,12
0.222253,0,0.00308121,-0,-0,0.00808791,0.000152569,0.00348047,12
0.225753,0,-0.00364143,-0,-0,-0.00955844,0.000133144,0.00347578,12
0.229253,0,-0.00028011,-0,-0,-0.000735265,0.000147751,0.00348536,12
0.232753,0,-0.00196077,-0,-0,-0.00514685,0.000135358,0.00348625,12
0.236254,0,-0.00700275,-0,-0,-0.0183816,0.000143322,0.00348405,12
0.239754,0,-0.00028011,-0,-0,-0.000735265,0.000134116,0.00348609,12
0.243254,0,0.00308121,-0,-0,0.00808791,0.000169861,0.00348326,12
0.246754,0,-0.00364143,-0,-0,-0.00955844,0.000127294,0.00348607,12
0.250254,0,0.00308121,-0,-0,0.00808791,0.0001471,0.00348391,12
0.253754,0,0.00140055,-0,-0,0.00367632,0.000133325,0.00348575,12
0.257254,0,-0.00028011,-0,-0,-0.000735265,0.000146218,0.003485,12
0.260754,0,0.00140055,-0,-0,0.00367632,0.000132914,0.0034856,12
0.264254,0,-0.00532209,-0,-0,-0.01397,0.000610358,0.00348374,15
0.267754,0,-0.00364143,-0,-0,-0.00955844,0.000533027,0.00348572,9
0.271254,0,-0.00196077,-0,-0,-0.00514685,0.000422174,0.00348303,9
0.274755,0,-0.00028011,-0,-0,-0.000735265,0.000332019,0.0034856,9
0.278255,0,-0.00196077,-0,-0,-0.00514685,0.000246772,0.00348317,9
0.281755,0,-0.00196077,-0,-0,-0.00514685,0.000150776,0.00348599,9
0.285255,0,-0.00364143,-0,-0,-0.00955844,0.000144003,0.00348481,12
0.288755,0,-0.00196077,-0,-0,-0.00514685,0.000131952,0.00348536,12
0.292255,0,-0.00364143,-0,-0,-0.00955844,0.000145577,0.00348371,12
0.295755,0,0.00140055,-0,-0,0.00367632,0.000131251,0.00348597,12
0.299255,0,-0.00028011,-0,-0,-0.000735265,0.000169781,0.00348399,12
0.302755,0,-0.00028011,-0,-0,-0.000735265,0.000130449,0.00348592,12
0.306255,0,-0.00196077,-0,-0,-0.00514685,0.000145005,0.00348414,12
0.309755,0,-0.00364143,-0,-0,-0.00955844,0.000137171,0.00348596,12
0.313255,0,-0.00028011,-0,-0,-0.000735265,0.000145106,0.00348487,12
0.316756,0,-0.00196077,-0,-0,-0.00514685,0.000182505,0.00348105,12
0.320256,0,-0.00028011,-0,-0,-0.000735265,0.00014159,0.00348459,12
0.323756,0,-0.00028011,-0,-0,-0.000735265,0.000164341,0.00348561,12
0.327256,0,-0.00196077,-0,-0,-0.00514685,0.000140056,0.00348445,12
0.330756,0,0.00308121,-0,-0,0.00808791,0.000637107,0.00348625,15
0.334256,0,-0.00364143,-0,-0,-0.00955844,0.000585473,0.00348345,9
0.337756,0,-0.00196077,-0,-0,-0.00514685,0.000456596,0.00348484,9
0.341256,0,-0.00364143,-0,-0,-0.00955844,0.000313114,0.00348437,9
0.344756,0,0.00476187,-0,-0,0.0124995,0.000222678,0.00348301,9
0.348256,0,0.00308121,-0,-0,0.00808791,0.000144395,0.0034835,12
0.351756,0,-0.00196077,-0,-0,-0.00514685,0.000249307,0.00348483,12
0.355256,0,-0.00028011,-0,-0,-0.000735265,0.000161286,0.003484,12
0.358756,0,-0.00028011,-0,-0,-0.000735265,0.000130399,0.00348501,12
0.362257,0,-0.00196077,-0,-0,-0.00514685,0.000137552,0.00348374,12
0.365757,0,-0.00196077,-0,-0,-0.00514685,0.000129738,0.00348121,12
0.369257,0,-0.00532209,-0,-0,-0.01397,0.000136951,0.00348511,12
0.372757,0,0.00308121,-0,-0,0.00808791,0.000195208,0.00348087,12
0.376257,0,0.00476187,-0,-0,0.0124995,0.00013668,0.00348418,12
0.379757,0,-0.00196077,-0,-0,-0.00514685,0.000158541,0.00348588,12
0.383257,0,-0.00196077,-0,-0,-0.00514685,0.000145657,0.00348107,12
0.386757,0,-0.00364143,-0,-0,-0.00955844,0.000234861,0.00347825,12
0.390257,0,-0.00196077,-0,-0,-0.00514685,0.000131922,0.00348441,12
0.393757,0,-0.00028011,-0,-0,-0.000735265,0.000133404,0.00348564,12
0.397257,0,0.00308121,-0,-0,0.00808791,0.000558763,0.00348502,15
0.400757,0,0.00308121,-0,-0,0.00808791,0.000497963,0.00348516,9
0.404257,0,-0.00196077,-0,-0,-0.00514685,0.000362735,0.00348442,9
0.407758,0,-0.00028011,-0,-0,-0.000735265,0.000380657,0.00348557,9
0.411258,0,0.00308121,-0,-0,0.00808791,0.000216457,0.0034849,9
0.414758,0,-0.00196077,-0,-0,-0.00514685,0.000149844,0.00347953,12
0.418258,0,0.00140055,-0,-0,0.00367632,0.000135368,0.00348595,12
0.421758,0,0.00140055,-0,-0,0.00367632,0.000209023,0.00348333,12
0.425258,0,0.00140055,-0,-0,0.00367632,0.000121192,0.00348582,12
0.428758,0,-0.00196077,-0,-0,-0.00514685,0.000231154,0.00347427,12
0.432258,0,-0.00532209,-0,-0,-0.01397,0.00013138,0.00348478,12
0.435758,0,-0.00028011,-0,-0,-0.000735265,0.000249758,0.00348041,12
0.439258,0,-0.00364143,-0,-0,-0.00955844,0.000135638,0.00348416,12
0.442758,0,-0.00196077,-0,-0,-0.00514685,0.000139165,0.00346922,12
0.446259,0,-0.00532209,-0,-0,-0.01397,0.000123517,0.00348583,12
0.449759,0,-0.00028011,-0,-0,-0.000735265,0.000138974,0.00348374,12
0.453259,0,-0.00028011,-0,-0,-0.000735265,0.000124388,0.00348682,12
0.456759,0,-0.00196077,-0,-0,-0.00514685,0.000139726,0.00348362,12
0.460259,0,0.00140055,-0,-0,0.00367632,0.000611711,0.00348617,15
0.463759,0,-0.00028011,-0,-0,-0.000735265,0.000538367,0.00348351,9
0.467259,0,0.00308121,-0,-0,0.00808791,0.000446448,0.00348605,9
0.470759,0,-0.00028011,-0,-0,-0.000735265,0.00033842,0.00347958,9
0.474259,0,-0.00532209,-0,-0,-0.01397,0.000249618,0.00348626,9
0.477759,0,-0.00028011,-0,-0,-0.000735265,0.000197953,0.0034802,9
0.481259,0,-0.00532209,-0,-0,-0.01397,0.000123726,0.00348554,12
0.484759,0,0.00140055,-0,-0,0.00367632,0.000189157,0.00347717,12
0.48826,0,0.00140055,-0,-0,0.00367632,0.000128456,0.00348436,12
0.49176,0,0.00476187,-0,-0,0.0124995,0.000140518,0.00348238,12
0.49526,0,0.00140055,-0,-0,0.00367632,0.000120641,0.00348425,12
0.49876,0,-0.00364143,-0,-0,-0.00955844,0.000244869,0.00347656,12
0.50226,0,-0.00364143,-0,-0,-0.00955844,0.00012566,0.00348474,12
0.50576,0,-0.00028011,-0,-0,-0.000735265,0.000135819,0.00348371,12
0.50926,0,-0.00364143,-0,-0,-0.00955844,0.000121052,0.00348683,12
0.51276,0,0.00476187,-0,-0,0.0124995,0.000137061,0.00348395,12
0.51626,0,-0.00196077,-0,-0,-0.00514685,0.000121172,0.00348507,12
0.51976,0,-0.00196077,-0,-0,-0.00514685,0.000140007,0.00348352,12
0.52326,0,0.00476187,-0,-0,0.0124995,0.00014754,0.00348507,12
0.52676,0,0.00308121,-0,-0,0.00808791,0.000596103,0.00348351,15
0.530261,0,0.00476187,-0,-0,0.0124995,0.000528197,0.00348553,9
0.533761,0,-0.00196077,-0,-0,-0.00514685,0.00039325,0.00348399,9
0.537267,0,0.00140055,-0,-0,0.00367632,0.000303315,0.00349391,9
0.540768,0,-0.00028011,-0,-0,-0.000735265,0.000255458,0.00348418,9
0.544268,0,0.00140055,-0,-0,0.00367632,0.000251251,0.00346357,12
0.547768,0,-0.00196077,-0,-0,-0.00514685,0.000368645,0.003456,12
0.551268,0,-0.00028011,-0,-0,-0.000735265,0.000116294,0.00348677,12
0.554768,0,-0.00196077,-0,-0,-0.00514685,0.000114499,0.00348708,12
0.558268,0,0.00140055,-0,-0,0.00367632,0.00011442,0.00348719,12
0.561768,0,0.00140055,-0,-0,0.00367632,0.000116353,0.00348673,12
0.565268,0,-0.00532209,-0,-0,-0.01397,0.000111695,0.0034881,12
0.568768,0,-0.00196077,-0,-0,-0.00514685,0.000117335,0.00348574,12
0.572268,0,-0.00364143,-0,-0,-0.00955844,0.000114921,0.00348686,12
0.575769,0,0.00308121,-0,-0,0.00808791,0.000114039,0.00348679,12
0.579269,0,-0.00196077,-0,-0,-0.00514685,0.000138494,0.00348682,12
0.582769,0,-0.00028011,-0,-0,-0.000735265,0.000116303,0.00348712,12
0.586269,0,-0.00532209,-0,-0,-0.01397,0.000116784,0.00348681,12
0.589769,0,-0.00028011,-0,-0,-0.000735265,0.000674737,0.00348725,12
0.593269,0,0.00140055,-0,-0,0.00367632,0.000582788,0.00347942,9
0.596769,0,0.00476187,-0,-0,0.0124995,0.00118964,0.00344689,9
0.600269,0,-0.00028011,-0,-0,-0.000735265,0.000637218,0.00344538,9
0.60377,0,0.00140055,-0,-0,0.00367632,0.000283099,0.00348324,9
0.60727,0,-0.00532209,-0,-0,-0.01397,0.000180741,0.00348539,9
0.61077,0,0.00140055,-0,-0,0.00367632,0.000138533,0.0034837,12
0.61427,0,-0.00028011,-0,-0,-0.000735265,0.000126251,0.00348533,12
0.61777,0,-0.00028011,-0,-0,-0.000735265,0.000142461,0.00348388,12
0.62127,0,-0.00196077,-0,-0,-0.00514685,0.000121322,0.00348658,12
0.62477,0,-0.00028011,-0,-0,-0.000735265,0.000144624,0.00348381,12
0.62827,0,-0.00028011,-0,-0,-0.000735265,0.000123696,0.0034853,12
0.63177,0,-0.00028011,-0,-0,-0.000735265,0.000135949,0.00348403,12
0.63527,0,-0.00028011,-0,-0,-0.000735265,0.000146418,0.00348577,12
0.63877,0,0.00308121,-0,-0,0.00808791,0.000137392,0.00348437,12
0.64227,0,0.00476187,-0,-0,0.0124995,0.000130339,0.00348645,12
0.645771,0,0.00140055,-0,-0,0.00367632,0.000118527,0.00348653,12
0.649271,0,-0.00028011,-0,-0,-0.000735265,0.000122745,0.00348788,12
0.652771,0,-0.00028011,-0,-0,-0.000735265,0.000121202,0.00348652,12
0.656271,0,0.00140055,-0,-0,0.00367632,0.000625917,0.00348698,15
0.659771,0,0.00476187,-0,-0,0.0124995,0.000517307,0.00347296,9
0.663271,0,-0.00028011,-0,-0,-0.000735265,0.000447791,0.00348373,9
0.666771,0,-0.00028011,-0,-0,-0.000735265,0.000650632,0.00344941,9
0.670271,0,-0.00532209,-0,-0,-0.01397,0.000450606,0.00344891,9
0.673771,0,0.00308121,-0,-0,0.00808791,0.000158019,0.00348556,9
0.677272,0,-0.00196077,-0,-0,-0.00514685,0.000115642,0.00348746,12
0.680772,0,-0.00196077,-0,-0,-0.00514685,0.000122915,0.00348579,12
0.684272,0,-0.00196077,-0,-0,-0.00514685,0.000117205,0.00348662,12
0.687772,0,-0.00028011,-0,-0,-0.000735265,0.000118126,0.00348678,12
0.691272,0,-0.00028011,-0,-0,-0.000735265,0.000143212,0.00348676,12
0.694772,0,-0.00196077,-0,-0,-0.00514685,0.000119098,0.00348653,12
0.698272,0,-0.00028011,-0,-0,-0.000735265,0.000124769,0.00348684,12
0.701772,0,-0.00196077,-0,-0,-0.00514685,0.00012553,0.00348691,12
0.705272,0,-0.00364143,-0,-0,-0.00955844,0.000114921,0.00348821,12
0.708772,0,-0.00028011,-0,-0,-0.000735265,0.000153652,0.00348012,12
0.712273,0,-0.00028011,-0,-0,-0.000735265,0.00012524,0.00348591,12
0.715773,0,0.00476187,-0,-0,0.0124995,0.000432112,0.00344924,12
0.719273,0,-0.00196077,-0,-0,-0.00514685,0.000132783,0.00348444,12
0.722773,0,-0.00532209,-0,-0,-0.01397,0.000595201,0.00348668,15
0.726273,0,-0.00028011,-0,-0,-0.000735265,0.000534409,0.00348363,9
0.729773,0,-0.00196077,-0,-0,-0.00514685,0.000395896,0.00348234,9
0.733273,0,-0.00028011,-0,-0,-0.000735265,0.000328491,0.00348511,9
0.736773,0,-0.00364143,-0,-0,-0.00955844,0.000225192,0.0034835,9
0.740273,0,0.00308121,-0,-0,0.00808791,0.000124749,0.00348323,12
0.743773,0,0.00140055,-0,-0,0.00367632,0.000121662,0.00348505,12
0.747273,0,0.00308121,-0,-0,0.00808791,0.000142391,0.00348698,12
0.750773,0,-0.00196077,-0,-0,-0.00514685,0.000118487,0.00348632,12
0.754274,0,-0.00196077,-0,-0,-0.00514685,0.000133304,0.00348323,12
0.757774,0,-0.00196077,-0,-0,-0.00514685,0.000126492,0.00348455,12
0.761274,0,-0.00028011,-0,-0,-0.000735265,0.000123005,0.0034866,12
0.76478,0,-0.00364143,-0,-0,-0.00955844,0.000119068,0.00349284,12
0.76828,0,-0.00196077,-0,-0,-0.00514685,0.00012031,0.00348653,12
0.77178,0,-0.00028011,-0,-0,-0.000735265,0.000119599,0.0034865,12
0.77528,0,-0.00196077,-0,-0,-0.00514685,0.000117375,0.00348702,12
0.77878,0,-0.00028011,-0,-0,-0.000735265,0.000142652,0.00348267,12
0.78228,0,0.00140055,-0,-0,0.00367632,0.000179559,0.0034848,12
0.785781,0,0.00308121,-0,-0,0.00808791,0.000625346,0.00348384,15
0.789281,0,-0.00364143,-0,-0,-0.00955844,0.000659679,0.00348656,9
0.792781,0,-0.00028011,-0,-0,-0.000735265,0.000447791,0.00348258,9
0.796281,0,-0.00028011,-0,-0,-0.000735265,0.000369818,0.00348131,9
0.799781,0,0.00140055,-0,-0,0.00367632,0.000267891,0.00348336,9
0.803281,0,-0.00196077,-0,-0,-0.00514685,0.000326759,0.00347965,9
0.806781,0,-0.00028011,-0,-0,-0.000735265,0.00013146,0.0034848,12
0.810281,0,-0.00196077,-0,-0,-0.00514685,0.000136941,0.00348532,12
0.813781,0,0.00140055,-0,-0,0.00367632,0.000135588,0.0034846,12
0.817281,0,0.00476187,-0,-0,0.0124995,0.000246272,0.00348051,12
0.820781,0,-0.00364143,-0,-0,-0.00955844,0.000129717,0.00348423,12
0.824282,0,0.00140055,-0,-0,0.00367632,0.000253073,0.00348074,12
0.827782,0,0.00140055,-0,-0,0.00367632,0.000134887,0.00348392,12
0.831282,0,0.00308121,-0,-0,0.00808791,0.000135138,0.0034857,12
0.834782,0,-0.00028011,-0,-0,-0.000735265,0.000134025,0.00348424,12
0.838282,0,-0.00364143,-0,-0,-0.00955844,0.000128636,0.00348567,12
0.841782,0,0.00308121,-0,-0,0.00808791,0.000135288,0.00348447,12
0.845282,0,-0.00196077,-0,-0,-0.00514685,0.000133524,0.00348419,12
0.848782,0,0.00140055,-0,-0,0.00367632,0.000139014,0.0034823,12
0.852282,0,-0.00196077,-0,-0,-0.00514685,0.000592977,0.00347922,15
0.855782,0,-0.00868341,-0,-0,-0.0227932,0.000493745,0.00348478,9
0.859282,0,-0.00364143,-0,-0,-0.00955844,0.000527306,0.0034786,9
0.862782,0,0.00308121,-0,-0,0.00808791,0.000320166,0.00348451,9
0.866282,0,0.00644253,-0,-0,0.0169111,0.000336357,0.00347953,9
0.869783,0,-0.00028011,-0,-0,-0.000735265,0.000145797,0.00348469,9
0.873283,0,-0.00196077,-0,-0,-0.00514685,0.000210777,0.00348615,12
0.876783,0,0.00308121,-0,-0,0.00808791,0.000134857,0.00348384,12
0.880283,0,-0.00364143,-0,-0,-0.00955844,0.000139235,0.00346507,12
0.883783,0,0.00140055,-0,-0,0.00367632,0.000122885,0.00348629,12
0.887283,0,0.00308121,-0,-0,0.00808791,0.00021798,0.00347109,12
0.890783,0,-0.00364143,-0,-0,-0.00955844,0.000489617,0.00346938,12
0.894283,0,-0.00028011,-0,-0,-0.000735265,0.000393091,0.00344925,12
0.897783,0,-0.00028011,-0,-0,-0.000735265,0.000115251,0.00348631,12
0.901284,0,0.00308121,-0,-0,0.00808791,0.000111704,0.00348802,12
0.904784,0,-0.00028011,-0,-0,-0.000735265,0.000115311,0.00348702,12
0.908284,0,0.00308121,-0,-0,0.00808791,0.000113618,0.00348738,12
0.911784,0,0.00140055,-0,-0,0.00367632,0.000120722,0.00348719,12
0.915284,0,-0.00028011,-0,-0,-0.000735265,0.0007151,0.00348265,12
0.918784,0,-0.00196077,-0,-0,-0.00514685,0.000586945,0.00348384,9
0.922284,0,-0.00196077,-0,-0,-0.00514685,0.000506979,0.00348335,9
0.925784,0,0.00308121,-0,-0,0.00808791,0.000399562,0.00348432,9
0.929284,0,-0.00196077,-0,-0,-0.00514685,0.000308005,0.00348508,9
0.932784,0,0.00308121,-0,-0,0.00808791,0.000230312,0.00348441,9
0.936284,0,-0.00196077,-0,-0,-0.00514685,0.000117314,0.00348442,12
0.939784,0,0.00644253,-0,-0,0.0169111,0.000133224,0.0034857,12
0.943284,0,-0.00532209,-0,-0,-0.01397,0.000113799,0.00348643,12
0.946784,0,0.00140055,-0,-0,0.00367632,0.000113618,0.00348714,12
0.950285,0,-0.00028011,-0,-0,-0.000735265,0.000112797,0.00348717,12
0.953785,0,0.00140055,-0,-0,0.00367632,0.000114079,0.00348712,12
0.957285,0,0.00308121,-0,-0,0.00808791,0.000111414,0.00348811,12
0.960785,0,-0.00196077,-0,-0,-0.00514685,0.000125039,0.00348732,12
0.964285,0,-0.00532209,-0,-0,-0.01397,0.000124278,0.00348511,12
0.967785,0,-0.00196077,-0,-0,-0.00514685,0.000112476,0.00348747,12
0.971285,0,-0.00532209,-0,-0,-0.01397,0.000148783,0.00348722,12
0.974785,0,-0.00364143,-0,-0,-0.00955844,0.000111986,0.00348756,12
0.978285,0,-0.00196077,-0,-0,-0.00514685,0.000115181,0.00348723,12
0.981785,0,0.00308121,-0,-0,0.00808791,0.000650562,0.00348739,15
0.985285,0,-0.00196077,-0,-0,-0.00514685,0.000550208,0.00348419,9
0.988785,0,-0.00028011,-0,-0,-0.000735265,0.000455635,0.00348444,9
0.992285,0,0.00476187,-0,-0,0.0124995,0.000363907,0.00348246,9
0.995785,0,-0.00364143,-0,-0,-0.00955844,0.00028376,0.00348411,9
0.999286,0,0.00140055,-0,-0,0.00367632,0.000174119,0.00348295,9
1.00279,0,-0.00364143,-0,-0,-0.00955844,0.000113458,0.00348635,12
1.00629,0,-0.00028011,-0,-0,-0.000735265,0.000113317,0.00348685,12
1.00979,0,-0.00028011,-0,-0,-0.000735265,0.000133034,0.00348489,12
1.01329,0,0.00308121,-0,-0,0.00808791,0.000112025,0.00348754,12
1.01679,0,-0.00028011,-0,-0,-0.000735265,0.000112296,0.00348688,12
1.02029,0,0.00140055,-0,-0,0.00367632,0.000117675,0.00348595,12
1.02379,0,-0.00196077,-0,-0,-0.00514685,0.000112086,0.00348761,12
1.02729,0,-0.00196077,-0,-0,-0.00514685,0.000150265,0.00348717,12
1.03079,0,-0.00028011,-0,-0,-0.000735265,0.000112276,0.00348745,12
1.03429,0,-0.00196077,-0,-0,-0.00514685,0.000130549,0.00348572,12
1.03779,0,0.00476187,-0,-0,0.0124995,0.000117716,0.00348687,12
1.04129,0,-0.00196077,-0,-0,-0.00514685,0.000111104,0.00348853,12
1.04479,0,-0.00196077,-0,-0,-0.00514685,0.000122665,0.00348768,12
1.04829,0,-0.00028011,-0,-0,-0.000735265,0.000624885,0.00348725,15
1.05179,0,-0.00196077,-0,-0,-0.00514685,0.000519011,0.00348368,9
1.05529,0,-0.00196077,-0,-0,-0.00514685,0.000503933,0.00348311,9
1.05879,0,0.00140055,-0,-0,0.00367632,0.000345243,0.00348471,9
1.06229,0,0.00140055,-0,-0,0.00367632,0.000516626,0.00341843,9
1.06579,0,0.00140055,-0,-0,0.00367632,0.000505116,0.00345068,12
1.06929,0,0.00308121,-0,-0,0.00808791,0.00015313,0.00348709,12
1.07279,0,0.00140055,-0,-0,0.00367632,0.000151106,0.00348623,12
1.07629,0,-0.00364143,-0,-0,-0.00955844,0.000155645,0.00348502,12
1.07979,0,0.00308121,-0,-0,0.00808791,0.000154152,0.00348623,12
1.08329,0,-0.00532209,-0,-0,-0.01397,0.000178076,0.00348643,12
1.08679,0,-0.00028011,-0,-0,-0.000735265,0.000155916,0.00348617,12
1.09029,0,-0.00196077,-0,-0,-0.00514685,0.000155204,0.00348573,12
1.09379,0,-0.00364143,-0,-0,-0.00955844,0.000168058,0.00347802,12
1.09729,0,0.00476187,-0,-0,0.0124995,0.000155615,0.00347764,12
1.10079,0,-0.00028011,-0,-0,-0.000735265,0.000156357,0.00348596,12
1.10429,0,0.00308121,-0,-0,0.00808791,0.000157158,0.00348568,12
1.10779,0,0.00308121,-0,-0,0.00808791,0.000151798,0.00348649,12
1.11129,0,-0.00196077,-0,-0,-0.00514685,0.000156547,0.00348603,12
1.11479,0,0.00476187,-0,-0,0.0124995,0.000602474,0.00348645,15
1.11829,0,-0.00028011,-0,-0,-0.000735265,0.000494797,0.00348117,9
1.12179,0,0.00140055,-0,-0,0.00367632,0.000394122,0.00348327,9
1.12529,0,-0.00196077,-0,-0,-0.00514685,0.000313134,0.00348185,9
1.12879,0,0.00308121,-0,-0,0.00808791,0.000512439,0.00344692,9
1.13229,0,0.00140055,-0,-0,0.00367632,0.000494687,0.00345408,12
1.13579,0,-0.00028011,-0,-0,-0.000735265,0.000486652,0.00345414,12
1.13929,0,-0.00196077,-0,-0,-0.00514685,0.000176904,0.00348535,12
1.14279,0,0.00140055,-0,-0,0.00367632,0.000152931,0.00348623,12
1.14629,0,0.00140055,-0,-0,0.00367632,0.000157268,0.00348481,12
1.14979,0,0.00140055,-0,-0,0.00367632,0.000153852,0.00348618,12
1.15329,0,-0.00196077,-0,-0,-0.00514685,0.000155605,0.00348711,12
1.15679,0,-0.00028011,-0,-0,-0.000735265,0.000154894,0.00348692,12
1.16029,0,-0.00532209,-0,-0,-0.01397,0.000472926,0.00344003,12
1.16379,0,-0.00196077,-0,-0,-0.00514685,0.000423666,0.00345301,12
1.16729,0,-0.00196077,-0,-0,-0.00514685,0.000664136,0.00345296,12
1.17079,0,-0.00028011,-0,-0,-0.000735265,0.000122975,0.00348389,12
1.17429,0,-0.00196077,-0,-0,-0.00514685,0.000128315,0.00348157,12
1.17779,0,0.00140055,-0,-0,0.00367632,0.000637027,0.00348534,15
1.18129,0,0.00140055,-0,-0,0.00367632,0.000527737,0.00348521,9
1.18479,0,0.00140055,-0,-0,0.00367632,0.000488796,0.00346817,9
1.18829,0,0.00140055,-0,-0,0.00367632,0.000347036,0.00348291,9
1.19179,0,-0.00028011,-0,-0,-0.000735265,0.000265456,0.00348578,9
1.19529,0,0.00140055,-0,-0,0.00367632,0.000214904,0.0034811,9
1.19879,0,-0.00196077,-0,-0,-0.00514685,0.000133334,0.00348379,12
1.20229,0,-0.00364143,-0,-0,-0.00955844,0.000123205,0.00348451,12
1.20579,0,-0.00028011,-0,-0,-0.000735265,0.000131181,0.00348666,12
1.20929,0,-0.00196077,-0,-0,-0.00514685,0.000122624,0.00348657,12
1.21279,0,0.00140055,-0,-0,0.00367632,0.000133214,0.00348683,12
1.21629,0,-0.00028011,-0,-0,-0.000735265,0.000122023,0.00348627,12
1.21979,0,0.00140055,-0,-0,0.00367632,0.000139966,0.00348559,12
1.22329,0,0.00308121,-0,-0,0.00808791,0.000135959,0.00348591,12
1.22679,0,-0.00028011,-0,-0,-0.000735265,0.00012566,0.00348692,12
1.23029,0,-0.00196077,-0,-0,-0.00514685,0.000122665,0.00348563,12
1.23379,0,0.00140055,-0,-0,0.00367632,0.000127895,0.0034846,12
1.23729,0,-0.00028011,-0,-0,-0.000735265,0.00012012,0.003487,12
1.24079,0,-0.00364143,-0,-0,-0.00955844,0.000122725,0.00348597,12
1.24429,0,-0.00028011,-0,-0,-0.000735265,0.0005949,0.00348593,15
1.24779,0,0.00308121,-0,-0,0.00808791,0.000525483,0.00348549,9
1.25129,0,-0.00028011,-0,-0,-0.000735265,0.000490088,0.00348624,9
1.25479,0,-0.00028011,-0,-0,-0.000735265,0.000324244,0.0034868,9
1.25829,0,-0.00028011,-0,-0,-0.000735265,0.000225714,0.0034858,9
1.26179,0,0.00308121,-0,-0,0.00808791,0.000139275,0.00348669,9
1.26529,0,-0.00028011,-0,-0,-0.000735265,0.000125139,0.00348676,12
1.26879,0,-0.00028011,-0,-0,-0.000735265,0.000157027,0.00347985,12
1.27229,0,0.00476187,-0,-0,0.0124995,0.000117044,0.00348649,12
1.27579,0,-0.00028011,-0,-0,-0.000735265,0.000118577,0.0034867,12
1.27929,0,-0.00700275,-0,-0,-0.0183816,0.000121263,0.00348614,12
1.28279,0,-0.00028011,-0,-0,-0.000735265,0.00011989,0.00348632,12
1.28629,0,-0.00196077,-0,-0,-0.00514685,0.000121552,0.00348627,12
1.28979,0,0.00140055,-0,-0,0.00367632,0.000137381,0.00348572,12
1.29329,0,-0.00028011,-0,-0,-0.000735265,0.000122855,0.0034868,12
1.29679,0,-0.00196077,-0,-0,-0.00514685,0.000190769,0.00348638,12
1.30029,0,-0.00028011,-0,-0,-0.000735265,0.000119018,0.00348599,12
1.30379,0,-0.00028011,-0,-0,-0.000735265,0.000117365,0.00348704,12
1.30729,0,-0.00364143,-0,-0,-0.00955844,0.000149885,0.00348576,12
1.31079,0,0.00308121,-0,-0,0.00808791,0.000564765,0.00348369,15
1.31429,0,0.00308121,-0,-0,0.00808791,0.00047501,0.00348612,9
1.31779,0,-0.00196077,-0,-0,-0.00514685,0.00037139,0.00347375,9
1.32129,0,-0.00028011,-0,-0,-0.000735265,0.000284621,0.0034876,9
1.32479,0,0.00308121,-0,-0,0.00808791,0.000197121,0.00348132,9
1.32829,0,-0.00028011,-0,-0,-0.000735265,0.000118737,0.00348664,12
1.33179,0,0.00308121,-0,-0,0.00808791,0.000119159,0.00347555,12
1.33529,0,-0.00028011,-0,-0,-0.000735265,0.000126492,0.00348511,12
1.33879,0,-0.00028011,-0,-0,-0.000735265,0.000124328,0.00348584,12
1.34229,0,-0.00700275,-0,-0,-0.0183816,0.000120281,0.00348661,12
1.34579,0,-0.00532209,-0,-0,-0.01397,0.000136049,0.0034827,12
1.34929,0,-0.00196077,-0,-0,-0.00514685,0.000118136,0.00348781,12
1.3528,0,-0.00028011,-0,-0,-0.000735265,0.000179309,0.00348651,12
1.3563,0,0.00140055,-0,-0,0.00367632,0.000120301,0.00348542,12
1.3598,0,-0.00028011,-0,-0,-0.000735265,0.000137682,0.00348262,12
1.3633,0,0.00308121,-0,-0,0.00808791,0.000147751,0.00348665,12
1.3668,0,-0.00196077,-0,-0,-0.00514685,0.000124238,0.00348559,12
1.3703,0,0.00140055,-0,-0,0.00367632,0.000118176,0.00348705,12
1.3738,0,0.00140055,-0,-0,0.00367632,0.000637478,0.00348592,12
1.3773,0,-0.00196077,-0,-0,-0.00514685,0.000541302,0.00348711,9
1.3808,0,-0.00028011,-0,-0,-0.000735265,0.000442431,0.00348369,9
1.3843,0,-0.00196077,-0,-0,-0.00514685,0.000378183,0.00348245,9
1.3878,0,-0.00532209,-0,-0,-0.01397,0.000286054,0.0034859,9
1.3913,0,-0.00196077,-0,-0,-0.00514685,0.000178588,0.00348618,9
1.3948,0,-0.00196077,-0,-0,-0.00514685,0.000121112,0.00348238,12
1.3983,0,0.00476187,-0,-0,0.0124995,0.000119058,0.00348586,12
1.4018,0,-0.00028011,-0,-0,-0.000735265,0.000118798,0.00348643,12
1.4053,0,0.00140055,-0,-0,0.00367632,0.000117796,0.00348775,12
1.4088,0,-0.00532209,-0,-0,-0.01397,0.00011994,0.00348654,12
1.4123,0,0.00140055,-0,-0,0.00367632,0.000118327,0.00348685,12
1.4158,0,-0.00028011,-0,-0,-0.000735265,0.000126672,0.00348496,12
1.4193,0,0.00140055,-0,-0,0.00367632,0.000120361,0.00348656,12
1.4228,0,-0.00196077,-0,-0,-0.00514685,0.000375588,0.00347073,12
1.4263,0,-0.00196077,-0,-0,-0.00514685,0.000412456,0.0034573,12
1.4298,0,0.00140055,-0,-0,0.00367632,0.000127985,0.00348367,12
1.4333,0,-0.00028011,-0,-0,-0.000735265,0.000117786,0.00348802,12
1.4368,0,-0.00364143,-0,-0,-0.00955844,0.000123857,0.00348575,12
1.4403,0,0.00140055,-0,-0,0.00367632,0.000599258,0.00348571,15
1.4438,0,-0.00028011,-0,-0,-0.000735265,0.000506688,0.00348571,9
1.4473,0,-0.00028011,-0,-0,-0.000735265,0.000455124,0.00348645,9
1.4508,0,-0.00196077,-0,-0,-0.00514685,0.000326098,0.00348548,9
1.4543,0,-0.00028011,-0,-0,-0.000735265,0.000230682,0.0034867,9
1.4578,0,0.00140055,-0,-0,0.00367632,0.000143052,0.00348494,9
1.4613,0,-0.00028011,-0,-0,-0.000735265,0.000116554,0.00348756,12
1.4648,0,0.00140055,-0,-0,0.00367632,0.000119579,0.00348655,12
1.4683,0,-0.00028011,-0,-0,-0.000735265,0.000384555,0.00345643,12
1.4718,0,0.00140055,-0,-0,0.00367632,0.000118597,0.00348665,12
1.4753,0,0.00308121,-0,-0,0.00808791,0.000142401,0.00348653,12
1.4788,0,-0.00028011,-0,-0,-0.000735265,0.000117636,0.00348685,12
1.4823,0,-0.00364143,-0,-0,-0.00955844,0.000118387,0.00348692,12
1.4858,0,-0.00364143,-0,-0,-0.00955844,0.000122825,0.00348601,12
1.4893,0,0.00308121,-0,-0,0.00808791,0.000119189,0.00348787,12
1.4928,0,-0.00028011,-0,-0,-0.000735265,0.000128526,0.00348421,12
1.4963,0,-0.00028011,-0,-0,-0.000735265,0.000119519,0.00348672,12
1.4998,0,-0.00364143,-0,-0,-0.00955844,0.000123176,0.00348555,12
1.5033,0,0.00140055,-0,-0,0.00367632,0.000119369,0.0034865,12
1.5068,0,0.00308121,-0,-0,0.00808791,0.000566659,0.0034867,15
1.5103,0,0.00308121,-0,-0,0.00808791,0.000482424,0.00348634,9
1.5138,0,0.00140055,-0,-0,0.00367632,0.000391297,0.00348633,9
1.5173,0,-0.00196077,-0,-0,-0.00514685,0.000292817,0.00348755,9
1.5208,0,0.00140055,-0,-0,0.00367632,0.000204334,0.00348424,9
1.5243,0,-0.00028011,-0,-0,-0.000735265,0.000117274,0.0034864,12
1.5278,0,-0.00364143,-0,-0,-0.00955844,0.000118377,0.00348661,12
1.5313,0,-0.00028011,-0,-0,-0.000735265,0.000144114,0.00348672,12
1.5348,0,0.00140055,-0,-0,0.00367632,0.000117816,0.00348685,12
1.5383,0,-0.00028011,-0,-0,-0.000735265,0.000119859,0.00348667,12
1.5418,0,-0.00196077,-0,-0,-0.00514685,0.000122855,0.00347726,12
1.5453,0,-0.00196077,-0,-0,-0.00514685,0.000117886,0.00348782,12
1.5488,0,-0.00196077,-0,-0,-0.00514685,0.000129668,0.00348445,12
1.5523,0,-0.00196077,-0,-0,-0.00514685,0.00012003,0.00348662,12
1.5558,0,-0.00196077,-0,-0,-0.00514685,0.000118988,0.00348689,12
1.5593,0,0.00140055,-0,-0,0.00367632,0.000120101,0.00348644,12
1.5628,0,-0.00028011,-0,-0,-0.000735265,0.000117265,0.0034866,12
1.5663,0,-0.00364143,-0,-0,-0.00955844,0.000125009,0.00348558,12
1.5698,0,-0.00028011,-0,-0,-0.000735265,0.000629894,0.00348595,15
1.5733,0,-0.00028011,-0,-0,-0.000735265,0.000531765,0.00348773,9
1.5768,0,0.00140055,-0,-0,0.00367632,0.000443622,0.00348655,9
1.5803,0,-0.00028011,-0,-0,-0.000735265,0.000347997,0.00348648,9
1.5838,0,-0.00364143,-0,-0,-0.00955844,0.000257502,0.00348697,9
1.5873,0,-0.00196077,-0,-0,-0.00514685,0.000190299,0.0034864,9
1.5908,0,-0.00196077,-0,-0,-0.00514685,0.000125971,0.00348479,12
1.5943,0,-0.00532209,-0,-0,-0.01397,0.000122514,0.00348523,12
1.5978,0,0.00140055,-0,-0,0.00367632,0.000127133,0.00348478,12
1.6013,0,-0.00028011,-0,-0,-0.000735265,0.000117405,0.00348717,12
1.6048,0,-0.00532209,-0,-0,-0.01397,0.000118728,0.0034867,12
1.6083,0,-0.00028011,-0,-0,-0.000735265,0.00011956,0.00348645,12
1.6118,0,-0.00196077,-0,-0,-0.00514685,0.000117786,0.00348675,12
1.6153,0,-0.00364143,-0,-0,-0.00955844,0.000121462,0.0034859,12
1.6188,0,-0.00364143,-0,-0,-0.00955844,0.00011978,0.00346989,12
1.6223,0,-0.00028011,-0,-0,-0.000735265,0.000118537,0.00348685,12
1.6258,0,0.00644253,-0,-0,0.0169111,0.000118497,0.00348655,12
1.6293,0,-0.00028011,-0,-0,-0.000735265,0.000127534,0.0034873,12
1.6328,0,0.00644253,-0,-0,0.0169111,0.000118567,0.00348666,12
1.6363,0,-0.00028011,-0,-0,-0.000735265,0.000599228,0.00348639,15
1.6398,0,-0.00196077,-0,-0,-0.00514685,0.000501569,0.00348409,9
1.6433,0,0.00140055,-0,-0,0.00367632,0.000471885,0.00348623,9
1.6468,0,-0.00028011,-0,-0,-0.000735265,0.000535291,0.0034566,9
1.6503,0,-0.00028011,-0,-0,-0.000735265,0.000350152,0.0034579,9
1.6538,0,0.00308121,-0,-0,0.00808791,0.000159943,0.00348655,9
1.6573,0,-0.00028011,-0,-0,-0.000735265,0.000115592,0.00348747,12
1.6608,0,0.00140055,-0,-0,0.00367632,0.000123567,0.00348467,12
1.6643,0,0.00308121,-0,-0,0.00808791,0.000122314,0.00348618,12
1.6678,0,-0.00028011,-0,-0,-0.000735265,0.000117215,0.00348704,12
1.6713,0,-0.00028011,-0,-0,-0.000735265,0.000132383,0.00348654,12
1.6748,0,-0.00028011,-0,-0,-0.000735265,0.000138845,0.00348518,12
1.6783,0,0.00140055,-0,-0,0.00367632,0.000118357,0.00348655,12
1.6818,0,0.00140055,-0,-0,0.00367632,0.000145406,0.00348639,12
1.6853,0,-0.00028011,-0,-0,-0.000735265,0.000116774,0.00348765,12
1.6888,0,0.00140055,-0,-0,0.00367632,0.000116303,0.00348692,12
1.6923,0,0.00140055,-0,-0,0.00367632,0.000137101,0.00348545,12
1.6958,0,-0.00028011,-0,-0,-0.000735265,0.000131772,0.00348671,12
1.6993,0,-0.00028011,-0,-0,-0.000735265,0.000672121,0.0034755,12
1.7028,0,0.00140055,-0,-0,0.00367632,0.000562681,0.0034861,9
1.7063,0,0.00140055,-0,-0,0.00367632,0.000474018,0.00348501,9
1.7098,0,0.00140055,-0,-0,0.00367632,0.000383563,0.00348663,9
1.7133,0,-0.00196077,-0,-0,-0.00514685,0.000291033,0.00348787,9
1.7168,0,0.00140055,-0,-0,0.00367632,0.000203193,0.00348677,9
1.7203,0,-0.00364143,-0,-0,-0.00955844,0.000118798,0.00348661,12
1.7238,0,0.00644253,-0,-0,0.0169111,0.000116273,0.00348696,12
1.7273,0,0.00140055,-0,-0,0.00367632,0.000118427,0.00348656,12
1.7308,0,0.00140055,-0,-0,0.00367632,0.000116443,0.00348698,12
1.7343,0,-0.00028011,-0,-0,-0.000735265,0.000118668,0.00348601,12
1.7378,0,-0.00196077,-0,-0,-0.00514685,0.000117305,0.00348677,12
1.7413,0,0.00308121,-0,-0,0.00808791,0.000115812,0.00348849,12
1.7448,0,0.00308121,-0,-0,0.00808791,0.000124428,0.00348569,12
1.7483,0,-0.00196077,-0,-0,-0.00514685,0.000125811,0.00348574,12
1.7518,0,-0.00028011,-0,-0,-0.000735265,0.00012044,0.00348662,12
1.7553,0,-0.00196077,-0,-0,-0.00514685,0.000143373,0.0034859,12
1.75881,0,0.00140055,-0,-0,0.00367632,0.000126322,0.00348586,12
1.76231,0,0.00140055,-0,-0,0.00367632,0.000121793,0.00348581,12
1.76581,0,0.00308121,-0,-0,0.00808791,0.000618283,0.00347776,15
1.76931,0,0.00308121,-0,-0,0.00808791,0.000539358,0.00348756,9
1.77281,0,-0.00196077,-0,-0,-0.00514685,0.000443292,0.0034863,9
1.77631,0,0.00140055,-0,-0,0.00367632,0.000431261,0.00348538,9
1.77981,0,-0.00028011,-0,-0,-0.000735265,0.000258704,0.00348688,9
1.78331,0,-0.00196077,-0,-0,-0.00514685,0.000167206,0.00348615,9
1.78681,0,0.00308121,-0,-0,0.00808791,0.000118016,0.00348649,12
1.79031,0,-0.00028011,-0,-0,-0.000735265,0.000124859,0.00348537,12
1.79381,0,-0.00028011,-0,-0,-0.000735265,0.000118938,0.003487,12
1.79731,0,0.00140055,-0,-0,0.00367632,0.000119088,0.0034871,12
1.80081,0,-0.00532209,-0,-0,-0.01397,0.000120461,0.0034864,12
1.80431,0,0.00140055,-0,-0,0.00367632,0.000117455,0.00348696,12
1.80781,0,-0.00028011,-0,-0,-0.000735265,0.000126562,0.00348458,12
1.81131,0,0.00644253,-0,-0,0.0169111,0.000161035,0.00348594,12
1.81481,0,0.00476187,-0,-0,0.0124995,0.000117725,0.00348678,12
1.81831,0,0.00140055,-0,-0,0.00367632,0.000124268,0.00348582,12
1.82181,0,-0.00196077,-0,-0,-0.00514685,0.000118187,0.00348692,12
1.82531,0,0.00140055,-0,-0,0.00367632,0.000117695,0.00348792,12
1.82881,0,-0.00196077,-0,-0,-0.00514685,0.000118217,0.00348663,12
1.83231,0,-0.00028011,-0,-0,-0.000735265,0.000596273,0.00348688,15
1.83581,0,-0.00364143,-0,-0,-0.00955844,0.000498594,0.00348481,9
1.83931,0,0.00140055,-0,-0,0.00367632,0.000428576,0.00348602,9
1.84281,0,-0.00028011,-0,-0,-0.000735265,0.00032189,0.00348655,9
1.84631,0,0.00308121,-0,-0,0.00808791,0.000245099,0.00346904,9
1.84981,0,-0.00196077,-0,-0,-0.00514685,0.000139175,0.00348515,9
1.85331,0,0.00140055,-0,-0,0.00367632,0.00011962,0.00348667,12
1.85681,0,-0.00364143,-0,-0,-0.00955844,0.000119209,0.0034856,12
1.86031,0,-0.00364143,-0,-0,-0.00955844,0.000122214,0.00348518,12
1.86381,0,-0.00028011,-0,-0,-0.000735265,0.000121272,0.00348531,12
1.86731,0,0.00140055,-0,-0,0.00367632,0.00016386,0.00348598,12
1.87081,0,-0.00028011,-0,-0,-0.000735265,0.000128375,0.0034844,12
1.87431,0,-0.00028011,-0,-0,-0.000735265,0.000120951,0.00348565,12
1.87781,0,0.00140055,-0,-0,0.00367632,0.000116634,0.00348698,12
1.88131,0,-0.00028011,-0,-0,-0.000735265,0.000117886,0.00348797,12
1.88481,0,0.00476187,-0,-0,0.0124995,0.000118938,0.00348695,12
1.88831,0,-0.00196077,-0,-0,-0.00514685,0.000118176,0.00348688,12
1.89181,0,-0.00028011,-0,-0,-0.000735265,0.000118808,0.00348651,12
1.89531,0,0.00140055,-0,-0,0.00367632,0.000130259,0.00348444,12
1.89881,0,-0.00196077,-0,-0,-0.00514685,0.000564003,0.00348638,15
1.90231,0,-0.00028011,-0,-0,-0.000735265,0.000472877,0.00348611,9
1.90581,0,-0.00028011,-0,-0,-0.000735265,0.000381599,0.00348606,9
1.90931,0,-0.00028011,-0,-0,-0.000735265,0.000297825,0.00348762,9
1.91281,0,0.00140055,-0,-0,0.00367632,0.000193805,0.00348661,9
1.91631,0,0.00140055,-0,-0,0.00367632,0.00012533,0.00348479,12
1.91981,0,-0.00196077,-0,-0,-0.00514685,0.000116754,0.00348643,12
1.92331,0,-0.00028011,-0,-0,-0.000735265,0.000147911,0.00348616,12
1.92681,0,-0.00028011,-0,-0,-0.000735265,0.000116924,0.00348669,12
1.93031,0,-0.00196077,-0,-0,-0.00514685,0.000121533,0.00348649,12
1.93381,0,0.00140055,-0,-0,0.00367632,0.000116855,0.00348704,12
1.93731,0,-0.00028011,-0,-0,-0.000735265,0.000119379,0.0034873,12
1.94081,0,0.00308121,-0,-0,0.00808791,0.0001254,0.00348513,12
1.94431,0,-0.00028011,-0,-0,-0.000735265,0.000124788,0.00348618,12
1.94781,0,0.00140055,-0,-0,0.00367632,0.000375468,0.00345801,12
1.95131,0,-0.00532209,-0,-0,-0.01397,0.000375639,0.00345781,12
1.95481,0,-0.00028011,-0,-0,-0.000735265,0.000317752,0.00345696,12
1.95831,0,-0.00364143,-0,-0,-0.00955844,0.000132733,0.00348234,12
1.96181,0,-0.00364143,-0,-0,-0.00955844,0.000619706,0.00348513,15
1.96531,0,-0.00028011,-0,-0,-0.000735265,0.000545439,0.00348576,9
1.96881,0,-0.00532209,-0,-0,-0.01397,0.000443532,0.00348655,9
1.97231,0,0.00140055,-0,-0,0.00367632,0.00041526,0.00348562,9
1.97581,0,-0.00028011,-0,-0,-0.000735265,0.000266008,0.00348527,9
1.97931,0,0.00308121,-0,-0,0.00808791,0.000203954,0.00348581,9
1.98281,0,0.00308121,-0,-0,0.00808791,0.000117616,0.00348652,12
1.98631,0,-0.00196077,-0,-0,-0.00514685,0.000129898,0.00347655,12
1.98981,0,0.00140055,-0,-0,0.00367632,0.00012008,0.00348605,12
1.99331,0,0.00140055,-0,-0,0.00367632,0.000119499,0.00348664,12
1.99681,0,-0.00028011,-0,-0,-0.000735265,0.000117896,0.00348704,12
2.00031,0,-0.00532209,-0,-0,-0.01397,0.000124458,0.00348441,12
2.00381,0,0.00140055,-0,-0,0.00367632,0.000119609,0.00348691,12
2.00731,0,-0.00028011,-0,-0,-0.000735265,0.000119208,0.00348594,12
2.01081,0,0.00308121,-0,-0,0.00808791,0.000126442,0.0034853,12
2.01431,0,-0.00028011,-0,-0,-0.000735265,0.000122705,0.00348575,12
2.01781,0,-0.00532209,-0,-0,-0.01397,0.000192973,0.00348573,12
2.02131,0,0.00308121,-0,-0,0.00808791,0.000472296,0.00345921,12
2.02481,0,-0.00196077,-0,-0,-0.00514685,0.000129207,0.00348513,12
2.02831,0,0.00140055,-0,-0,0.00367632,0.000593908,0.00348656,15
2.03181,0,-0.00196077,-0,-0,-0.00514685,0.000498053,0.00348547,9
2.03531,0,0.00140055,-0,-0,0.00367632,0.000444264,0.00348626,9
2.03881,0,-0.00028011,-0,-0,-0.000735265,0.000307313,0.00348612,9
2.04231,0,-0.00196077,-0,-0,-0.00514685,0.000216808,0.00348651,9
2.04581,0,0.00140055,-0,-0,0.00367632,0.00013624,0.00348611,9
2.04931,0,0.00308121,-0,-0,0.00808791,0.000116944,0.00348704,12
2.05281,0,-0.00364143,-0,-0,-0.00955844,0.000116524,0.0034868,12
2.05631,0,-0.00028011,-0,-0,-0.000735265,0.000124679,0.00348517,12
2.05981,0,-0.00028011,-0,-0,-0.000735265,0.000119579,0.00348678,12
2.06331,0,0.00308121,-0,-0,0.00808791,0.000119259,0.00348541,12
2.06681,0,-0.00028011,-0,-0,-0.000735265,0.000118828,0.0034869,12
2.07031,0,-0.00196077,-0,-0,-0.00514685,0.000124077,0.00348599,12
2.07381,0,0.00644253,-0,-0,0.0169111,0.000140988,0.00348565,12
2.07731,0,-0.00028011,-0,-0,-0.000735265,0.000115722,0.0034878,12
2.08081,0,-0.00532209,-0,-0,-0.01397,0.000407697,0.00345517,12
2.08431,0,-0.00196077,-0,-0,-0.00514685,0.000373164,0.00345672,12
2.08781,0,-0.00196077,-0,-0,-0.00514685,0.000377311,0.00345665,12
2.09131,0,0.00644253,-0,-0,0.0169111,0.000153481,0.00348545,12
2.09481,0,-0.00028011,-0,-0,-0.000735265,0.00061687,0.00347407,15
2.09831,0,-0.00364143,-0,-0,-0.00955844,0.000497532,0.00348273,9
2.10181,0,-0.00196077,-0,-0,-0.00514685,0.000401866,0.003481,9
2.10531,0,0.00140055,-0,-0,0.00367632,0.000291824,0.00348628,9
2.10881,0,0.00308121,-0,-0,0.00808791,0.000205937,0.00348618,9
2.11231,0,-0.00364143,-0,-0,-0.00955844,0.000118737,0.00348641,12
2.11581,0,-0.00028011,-0,-0,-0.000735265,0.00012034,0.00348644,12
2.11931,0,0.00308121,-0,-0,0.00808791,0.000118728,0.0034868,12
2.12281,0,-0.00196077,-0,-0,-0.00514685,0.00012577,0.00348377,12
2.12631,0,-0.00364143,-0,-0,-0.00955844,0.000118988,0.00348581,12
2.12981,0,-0.00532209,-0,-0,-0.01397,0.000119529,0.00348662,12
2.13331,0,0.00140055,-0,-0,0.00367632,0.000115592,0.00348727,12
2.13681,0,-0.00196077,-0,-0,-0.00514685,0.000118487,0.00348662,12
2.14031,0,-0.00532209,-0,-0,-0.01397,0.000124147,0.00348535,12
2.14381,0,-0.00532209,-0,-0,-0.01397,0.00011979,0.00348634,12
2.14731,0,-0.00364143,-0,-0,-0.00955844,0.000151317,0.00348691,12
2.15082,0,0.00140055,-0,-0,0.00367632,0.000131531,0.00348619,12
2.15431,0,-0.00028011,-0,-0,-0.000735265,0.000137822,0.00348568,12
2.15782,0,0.00308121,-0,-0,0.00808791,0.000641185,0.00348602,15
2.16132,0,-0.00532209,-0,-0,-0.01397,0.000536292,0.0034876,9
2.16482,0,-0.00364143,-0,-0,-0.00955844,0.000670148,0.00345585,9
2.16832,0,0.00140055,-0,-0,0.00367632,0.000406755,0.00348657,9
2.17182,0,-0.00028011,-0,-0,-0.000735265,0.000282217,0.00348433,9
2.17532,0,-0.00364143,-0,-0,-0.00955844,0.000172496,0.00348531,9
2.17882,0,-0.00028011,-0,-0,-0.000735265,0.000128275,0.00347779,12
2.18232,0,-0.00364143,-0,-0,-0.00955844,0.000121212,0.00348492,12
2.18582,0,-0.00028011,-0,-0,-0.000735265,0.000178858,0.00346792,12
2.18932,0,0.00308121,-0,-0,0.00808791,0.000121853,0.00348715,12
2.19282,0,0.00140055,-0,-0,0.00367632,0.000139215,0.00348184,12
2.19632,0,0.00476187,-0,-0,0.0124995,0.000120171,0.00348641,12
2.19982,0,0.00140055,-0,-0,0.00367632,0.000133745,0.00348397,12
2.20332,0,-0.00532209,-0,-0,-0.01397,0.000152018,0.00348647,12
2.20682,0,-0.00028011,-0,-0,-0.000735265,0.00039819,0.00345638,12
2.21032,0,-0.00028011,-0,-0,-0.000735265,0.00028379,0.00343658,12
2.21382,0,-0.00028011,-0,-0,-0.000735265,0.000118718,0.00348658,12
2.21732,0,0.00140055,-0,-0,0.00367632,0.000116664,0.00348756,12
2.22082,0,-0.00196077,-0,-0,-0.00514685,0.000122875,0.00348539,12
2.22432,0,-0.00028011,-0,-0,-0.000735265,0.000591544,0.00348657,15
2.22782,0,0.00140055,-0,-0,0.00367632,0.000502831,0.0034861,9
2.23132,0,-0.00028011,-0,-0,-0.000735265,0.000406575,0.00348487,9
2.23482,0,-0.00028011,-0,-0,-0.000735265,0.000317422,0.00348455,9
2.23832,0,-0.00028011,-0,-0,-0.000735265,0.000229851,0.00348711,9
2.24182,0,-0.00364143,-0,-0,-0.00955844,0.000165263,0.00348197,9
2.24532,0,-0.00196077,-0,-0,-0.00514685,0.000154192,0.00348722,12
2.24882,0,0.00140055,-0,-0,0.00367632,0.000155054,0.00348544,12
2.25232,0,0.00140055,-0,-0,0.00367632,0.00049088,0.00345501,12
2.25582,0,-0.00028011,-0,-0,-0.000735265,0.000168128,0.00348486,12
2.25932,0,-0.00196077,-0,-0,-0.00514685,0.000178307,0.00348617,12
2.26282,0,-0.00028011,-0,-0,-0.000735265,0.000161646,0.00348327,12
2.26632,0,-0.00532209,-0,-0,-0.01397,0.000125019,0.00348511,12
2.26982,0,0.00308121,-0,-0,0.00808791,0.000124469,0.00348434,12
2.27332,0,0.00140055,-0,-0,0.00367632,0.000116523,0.00348818,12
2.27682,0,0.00308121,-0,-0,0.00808791,0.000375428,0.00345748,12
2.28032,0,-0.00028011,-0,-0,-0.000735265,0.000118507,0.00348671,12
2.28382,0,0.00308121,-0,-0,0.00808791,0.000119439,0.00348677,12
2.28732,0,-0.00028011,-0,-0,-0.000735265,0.000117466,0.00348648,12
2.29082,0,-0.00196077,-0,-0,-0.00514685,0.000571056,0.0034853,15
2.29432,0,-0.00196077,-0,-0,-0.00514685,0.000472636,0.00348581,9
2.29782,0,-0.00196077,-0,-0,-0.00514685,0.000391528,0.00348322,9
2.30132,0,-0.00028011,-0,-0,-0.000735265,0.000282798,0.00348764,9
2.30482,0,-0.00196077,-0,-0,-0.00514685,0.000197632,0.00348609,9
2.30832,0,0.00140055,-0,-0,0.00367632,0.000115843,0.00348654,12
2.31182,0,0.00140055,-0,-0,0.00367632,0.000127965,0.00348396,12
2.31532,0,0.00140055,-0,-0,0.00367632,0.000145427,0.00348685,12
2.31882,0,0.00140055,-0,-0,0.00367632,0.000389213,0.00345722,12
2.32232,0,-0.00196077,-0,-0,-0.00514685,0.000387981,0.00345526,12
2.32582,0,-0.00532209,-0,-0,-0.01397,0.000133134,0.00348184,12
2.32932,0,0.00140055,-0,-0,0.00367632,0.000115993,0.00348718,12
2.33282,0,-0.00364143,-0,-0,-0.00955844,0.00013098,0.00348389,12
2.33632,0,-0.00196077,-0,-0,-0.00514685,0.000118607,0.00348641,12
2.33982,0,-0.00196077,-0,-0,-0.00514685,0.000117075,0.00348663,12
2.34332,0,0.00476187,-0,-0,0.0124995,0.000124909,0.00348579,12
2.34682,0,0.00140055,-0,-0,0.00367632,0.000143262,0.00348007,12
2.35032,0,-0.00196077,-0,-0,-0.00514685,0.000121362,0.0034862,12
2.35382,0,-0.00028011,-0,-0,-0.000735265,0.000858312,0.00345589,15
2.35732,0,-0.00028011,-0,-0,-0.000735265,0.000531714,0.00348722,9
2.36082,0,-0.00364143,-0,-0,-0.00955844,0.000434106,0.00348608,9
2.36432,0,-0.00532209,-0,-0,-0.01397,0.000391017,0.00348667,9
2.36782,0,-0.00028011,-0,-0,-0.000735265,0.00026185,0.00348636,9
2.37132,0,-0.00196077,-0,-0,-0.00514685,0.000189617,0.00348665,9
2.37482,0,0.00140055,-0,-0,0.00367632,0.000131401,0.00348511,12
2.37832,0,-0.00364143,-0,-0,-0.00955844,0.000131892,0.00348682,12
2.38182,0,-0.00028011,-0,-0,-0.000735265,0.000121322,0.00348484,12
2.38532,0,-0.00028011,-0,-0,-0.000735265,0.000116353,0.00348794,12
2.38882,0,-0.00196077,-0,-0,-0.00514685,0.000118297,0.00348697,12
2.39232,0,-0.00700275,-0,-0,-0.0183816,0.000127974,0.00348455,12
2.39582,0,0.00308121,-0,-0,0.00808791,0.000124348,0.00348586,12
2.39932,0,-0.00700275,-0,-0,-0.0183816,0.000377191,0.00345727,12
2.40282,0,-0.00364143,-0,-0,-0.00955844,0.000169691,0.00345475,12
2.40632,0,-0.00196077,-0,-0,-0.00514685,0.000117396,0.00348635,12
2.40982,0,-0.00196077,-0,-0,-0.00514685,0.000118417,0.00348636,12
2.41332,0,-0.00028011,-0,-0,-0.000735265,0.000115652,0.00348822,12
2.41682,0,0.00308121,-0,-0,0.00808791,0.000129908,0.003485,12
2.42032,0,0.00140055,-0,-0,0.00367632,0.00058928,0.003487,15
2.42382,0,-0.00028011,-0,-0,-0.000735265,0.000743182,0.00345562,9
2.42732,0,0.00140055,-0,-0,0.00367632,0.000460224,0.00348565,9
2.43082,0,0.00308121,-0,-0,0.00808791,0.000291765,0.00346138,9
2.43432,0,-0.00364143,-0,-0,-0.00955844,0.000249046,0.00348615,9
2.43782,0,0.00644253,-0,-0,0.0169111,0.000145376,0.0034863,9
2.44132,0,-0.00364143,-0,-0,-0.00955844,0.000115842,0.00348775,12
2.44482,0,0.00140055,-0,-0,0.00367632,0.000123686,0.00348524,12
2.44832,0,0.00140055,-0,-0,0.00367632,0.000125009,0.0034863,12
2.45182,0,-0.00196077,-0,-0,-0.00514685,0.000387009,0.00345724,12
2.45532,0,-0.00364143,-0,-0,-0.00955844,0.000377782,0.00345804,12
2.45882,0,-0.00196077,-0,-0,-0.00514685,0.000279562,0.00345582,12
2.46232,0,-0.00196077,-0,-0,-0.00514685,0.000122244,0.00348654,12
2.46582,0,0.00476187,-0,-0,0.0124995,0.000117124,0.00348705,12
2.46932,0,-0.00196077,-0,-0,-0.00514685,0.000118357,0.00348825,12
2.47282,0,-0.00196077,-0,-0,-0.00514685,0.000131551,0.00348606,12
2.47633,0,0.00308121,-0,-0,0.00808791,0.000134577,0.00348581,12
2.47983,0,0.00308121,-0,-0,0.00808791,0.000127633,0.00348463,12
2.48333,0,-0.00196077,-0,-0,-0.00514685,0.000167497,0.00348639,12
2.48683,0,0.00308121,-0,-0,0.00808791,0.000566959,0.00348647,15
2.49033,0,0.00308121,-0,-0,0.00808791,0.000489517,0.00348613,9
2.49383,0,-0.00196077,-0,-0,-0.00514685,0.000376299,0.00348617,9
2.49733,0,-0.00196077,-0,-0,-0.00514685,0.000276146,0.00348699,9
2.50083,0,0.00140055,-0,-0,0.00367632,0.000208142,0.00348601,9
2.50433,0,0.00308121,-0,-0,0.00808791,0.000127634,0.00348614,12
2.50783,0,-0.00532209,-0,-0,-0.01397,0.000118848,0.0034864,12
2.51133,0,0.00308121,-0.00314159,0.0134277,0.0112407,0.000123877,0.00348658,12
2.51483,0,0.00140055,-0.00314159,0.0179728,0.0208187,0.000117325,0.00348665,12
2.51833,0,-0.00196077,-0.00314159,0.0155194,0.00444405,0.000118227,0.00348616,12
2.52183,0,-0.00196077,-0.00314159,0.00779426,-0.0193331,0.000128986,0.00348425,12
2.52533,0,0.00140055,-0.00314159,-0.00363263,-0.0456808,0.000137062,0.00348788,12
2.52883,0,-0.00364143,-0.00314159,-0.0173484,-0.101131,0.000117405,0.00348645,12
2.53233,0,-0.00196077,-0.00314159,-0.032097,-0.142114,0.000115863,0.0034867,12
2.53583,0,0.00140055,-0.00314159,-0.0467796,-0.178483,0.000122425,0.00348568,12
2.53933,0,-0.00700275,-0.00314159,-0.0604541,-0.24263,0.000140317,0.00348647,12
2.54283,0,0.00140055,-0.00314159,-0.0723357,-0.257142,0.00012556,0.00348584,12
2.54633,0,-0.00196077,-0.00314159,-0.0817964,-0.295084,0.000125239,0.00348674,12
2.54983,0,-0.00028011,-0.00314159,-0.0883652,-0.310891,0.00011455,0.00348708,12
2.55333,0,-0.00364143,-0.00314159,-0.0917281,-0.330065,0.000114419,0.00348798,12
2.55683,-7.39006e-05,-0.00028011,-0.00314159,-0.0917281,-0.321406,0.000122945,0.00348638,12
2.56033,-7.39006e-05,-0.00364143,-0.00314159,-0.0883652,-0.319878,0.00011468,0.00348633,12
2.56383,-7.39006e-05,0.00476187,-0.00314159,-0.0817964,-0.277602,0.000118417,0.00348656,12
2.56733,-7.39006e-05,-0.00364143,-0.00628319,-0.0589081,-0.267388,0.000126532,0.00348027,12
2.57083,-7.39006e-05,-0.00364143,-0.00628319,-0.0424813,-0.216828,0.000136831,0.00348461,12
2.57433,-7.39006e-05,-0.00028011,-0.00628319,-0.0312602,-0.173468,0.000115581,0.00348665,12
2.57783,-7.39006e-05,-0.00028011,-0.00628319,-0.0243027,-0.152053,0.000119038,0.00348631,12
2.58133,-7.39006e-05,0.00140055,-0.00628319,-0.020981,-0.137418,0.000113929,0.0034876,12
2.58483,-7.39006e-05,-0.00196077,-0.00628319,-0.020981,-0.146241,0.000118847,0.00348677,12
2.58833,-7.39006e-05,-0.00364143,-0.00942478,-0.0108751,-0.157724,0.000118186,0.00348526,12
2.59183,0,0.00140055,-0.00942478,-0.0132874,-0.15175,0.000127684,0.0034849,12
2.59533,-7.39006e-05,0.00140055,-0.00942478,-0.0269619,-0.194003,0.000154183,0.00348284,12
2.59883,-7.39006e-05,-0.00196077,-0.00942478,-0.0511138,-0.277163,0.000123526,0.00348531,12
2.60233,-7.39006e-05,0.00308121,-0.00942478,-0.0854291,-0.369547,0.000119449,0.00348606,12
2.60583,-7.39006e-05,0.00140055,-0.00942478,-0.105714,-0.436392,0.000131852,0.00348445,12
2.60933,-7.39006e-05,0.00140055,-0.00942478,-0.123825,-0.492138,0.000116544,0.003487,12
2.61283,-7.39006e-05,-0.00196077,-0.00942478,-0.138508,-0.546152,0.000122545,0.00348492,12
2.61633,-7.39006e-05,-0.00532209,-0.0125664,-0.135392,-0.583561,0.000122485,0.00347266,12
2.61983,-7.39006e-05,-0.00028011,-0.0125664,-0.136159,-0.572689,0.000124548,0.00348516,12
2.62333,-7.39006e-05,-0.00196077,-0.0125664,-0.138613,-0.584652,0.000117355,0.00347451,12
2.62683,-7.39006e-05,-0.00196077,-0.0125664,-0.141025,-0.592077,0.00012021,0.0034866,12
2.63033,-7.39006e-05,-0.00364143,-0.0125664,-0.14214,-0.599921,0.000124809,0.00348554,12
2.63383,-7.39006e-05,0.00140055,-0.0125664,-0.141173,-0.58371,0.0001254,0.00347343,12
2.63733,-0.000147802,-0.00868341,-0.0125664,-0.137811,-0.599994,0.000115502,0.0034865,12
2.64083,-0.000147802,-0.0114845,-0.0125664,-0.132209,-0.590104,0.00039307,0.00345764,12
2.64433,-0.000221703,-0.0148458,-0.0125664,-0.124996,-0.576891,0.000381168,0.00345748,12
2.64783,-0.000221703,-0.00980385,-0.0125664,-0.11727,-0.539879,0.000122063,0.00348571,12
2.65133,-0.000295603,-0.0148458,-0.0125664,-0.110603,-0.532756,0.000115212,0.00348654,12
2.65483,-0.000295603,-0.0131652,-0.015708,-0.0936069,-0.514208,0.000150155,0.00348678,12
2.65833,-0.000369505,-0.0114845,-0.015708,-0.0911036,-0.502256,0.000145597,0.00347972,12
2.66183,-0.000443405,-0.0215685,-0.015708,-0.0798414,-0.494226,0.000117736,0.00348611,12
2.66533,-0.000517307,-0.0165265,-0.015708,-0.0727767,-0.459411,0.000116192,0.00348803,12
2.66883,-0.000591207,-0.0182071,-0.015708,-0.0699097,-0.455162,0.000114519,0.00348704,12
2.67233,-0.000665108,-0.0198878,-0.015708,-0.0717113,-0.465284,0.000117685,0.00348666,12
2.67583,-0.000739009,-0.0215685,-0.015708,-0.0791235,-0.492673,0.00011451,0.003487,12
2.67933,-0.00081291,-0.0249298,-0.015708,-0.0935591,-0.546092,0.000124939,0.00348568,12
2.68283,-0.00081291,-0.0232491,-0.015708,-0.0925511,-0.538578,0.000129347,0.00348609,12
2.68633,-0.000886811,-0.0215685,-0.015708,-0.0896841,-0.525506,0.000116353,0.00348576,12
2.68983,-0.00103461,-0.0232491,-0.015708,-0.085429,-0.51715,0.00012562,0.0034864,12
2.69333,-0.00110851,-0.0294115,-0.015708,-0.0805709,-0.518537,0.000118247,0.00348653,12
2.69683,-0.00118241,-0.0294115,-0.015708,-0.0762086,-0.505275,0.0001145,0.00348691,12
2.70033,-0.00125632,-0.0294115,-0.015708,-0.0737552,-0.497888,0.000131441,0.00348588,12
2.70383,-0.00133022,-0.0266104,-0.015708,-0.0749375,-0.494338,0.000128476,0.00348697,12
2.70733,-0.00147802,-0.0215685,-0.015708,-0.0817964,-0.502543,0.000126682,0.00348515,12
2.71083,-0.00155192,-0.0294115,-0.015708,-0.0723357,-0.494176,0.000144074,0.0034866,12
2.71433,-0.00162582,-0.0327729,-0.015708,-0.0604542,-0.466593,0.000115862,0.00348714,12
2.71783,-0.00177362,-0.0344535,-0.0188496,-0.0333519,-0.426091,0.000127734,0.00348637,12
2.72133,-0.00184752,-0.0310922,-0.0188496,-0.0141242,-0.358251,0.000115041,0.00348806,12
2.72483,-0.00192143,-0.0310922,-0.0188496,-0.00182898,-0.320572,0.00011444,0.00348719,12
2.72833,-0.00206923,-0.0310922,-0.0188496,0.00416163,-0.302462,0.000130389,0.00348198,12
2.73183,-0.00214313,-0.0266104,-0.0188496,0.0041616,-0.290862,0.000146869,0.00348633,12
2.73533,-0.00221703,-0.0182071,-0.0188496,-0.00182901,-0.287407,0.000118216,0.003486,12
2.73883,-0.00229093,-0.0198878,-0.0188496,-0.0141242,-0.329827,0.000134747,0.00348517,12
2.74233,-0.00236483,-0.0232491,-0.0188496,-0.0333519,-0.397995,0.000118687,0.00348645,12
2.74583,-0.00243873,-0.0165265,-0.0188496,-0.0604542,-0.463931,0.000115361,0.00348683,12
2.74933,-0.00251263,-0.0215685,-0.0188496,-0.0723358,-0.513901,0.000477535,0.00346252,12
2.75283,-0.00258653,-0.0249298,-0.0188496,-0.0817965,-0.552007,0.000129527,0.00348607,12
2.75633,-0.00266043,-0.0148458,-0.0219912,-0.0749376,-0.542767,0.000117957,0.00348616,12
2.75983,-0.00266043,-0.0215685,-0.0219912,-0.0737553,-0.556774,0.000116423,0.00348671,12
2.76333,-0.00273434,-0.0232491,-0.0219912,-0.0762088,-0.568902,0.000115983,0.00348661,12
2.76683,-0.00280824,-0.0215685,-0.0219912,-0.080571,-0.578081,0.000162467,0.0034861,12
2.77033,-0.00288214,-0.0198878,-0.0219912,-0.0854291,-0.588786,0.000120621,0.00348612,12
2.77383,-0.00302994,-0.0266104,-0.0219912,-0.0896842,-0.619858,0.000133185,0.00348642,12
2.77733,-0.00310384,-0.0277309,-0.0219912,-0.0925511,-0.631787,0.000430309,0.00343901,12
2.78083,-0.00317774,-0.0249298,-0.0219912,-0.0935591,-0.627702,0.000115512,0.00347761,12
2.78433,-0.00325164,-0.0266104,-0.0219912,-0.0925511,-0.629175,0.000115842,0.00348575,12
2.78783,-0.00339944,-0.0277309,-0.0219912,-0.0896841,-0.62362,0.00012006,0.00348699,12
2.79133,-0.00347334,-0.0266104,-0.0219912,-0.085429,-0.607747,0.000119248,0.0034852,12
2.79483,-0.00354725,-0.0249298,-0.0219912,-0.080571,-0.588547,0.000120832,0.00348668,12
2.79833,-0.00369505,-0.0277309,-0.0251327,-0.062781,-0.579648,0.000135879,0.00348077,12
2.80183,-0.00376895,-0.0344535,-0.0251327,-0.0557824,-0.575918,0.000122224,0.00348613,12
2.80533,-0.00391675,-0.0310922,-0.0251327,-0.0594181,-0.578614,0.000116433,0.00348728,12
2.80883,-0.00399065,-0.0344535,-0.0251327,-0.0740022,-0.632489,0.000380788,0.00345691,12
2.81233,-0.00413845,-0.0361342,-0.0251327,-0.0759684,-0.643282,0.000121413,0.00348627,12
2.81583,-0.00421236,-0.0310922,-0.0251327,-0.0778025,-0.635856,0.000116363,0.0034862,12
2.81933,-0.00436016,-0.0394955,-0.0251327,-0.0788766,-0.661549,0.000127955,0.00348507,12
2.82283,-0.00450796,-0.0394955,-0.0251327,-0.0788765,-0.661877,0.000127984,0.00348446,12
2.82633,-0.00465576,-0.0394955,-0.0251327,-0.0778025,-0.6589,0.000155004,0.00348636,12
2.82983,-0.00480356,-0.0394955,-0.0251327,-0.0759684,-0.653583,0.000118026,0.00348675,12
2.83333,-0.00487746,-0.0445375,-0.0251327,-0.0740023,-0.660931,0.000115231,0.00348773,12
2.83683,-0.00502527,-0.0456579,-0.0251327,-0.0728459,-0.660641,0.000130349,0.00348535,12
2.84033,-0.00524697,-0.0428568,-0.0251327,-0.0737554,-0.65658,0.000116333,0.00348667,12
2.84383,-0.00539477,-0.0445375,-0.0251327,-0.0783005,-0.67531,0.000118858,0.00348641,12
2.84733,-0.00554257,-0.0506999,-0.0251327,-0.0883653,-0.722793,0.000131501,0.00348235,12
2.85083,-0.00569037,-0.0473386,-0.0251327,-0.0817965,-0.69408,0.000120451,0.00348603,12
2.85433,-0.00591208,-0.0540612,-0.0251327,-0.0723358,-0.6831,0.000117796,0.00348602,9
2.85783,-0.00605988,-0.0523805,-0.0251327,-0.0604542,-0.642447,0.000138534,0.00348649,9
2.86133,-0.00620768,-0.0557419,-0.0251327,-0.0467796,-0.60951,0.000135438,0.0034873,9
2.86483,-0.00642938,-0.0591032,-0.0251327,-0.032097,-0.573634,0.000154133,0.00348671,9
2.86833,-0.00665109,-0.0574225,-0.0251327,-0.0173484,-0.52432,0.000151577,0.0034854,9
2.87183,-0.00679889,-0.0591032,-0.0251327,-0.00363269,-0.486845,0.000153932,0.00348627,9
2.87533,-0.00702059,-0.0574225,-0.0251327,0.00779425,-0.447755,0.000166114,0.0034864,9
2.87883,-0.00716839,-0.0490192,-0.0251327,0.0155194,-0.402249,0.000160214,0.00348676,9
2.88233,-0.0073901,-0.0557419,-0.0251327,0.0179727,-0.412837,0.00020225,0.00348639,9
2.88583,-0.0076118,-0.0523805,-0.0251327,0.0134276,-0.418496,0.00019114,0.00348592,9
2.88933,-0.0077596,-0.0523805,-0.0251327,-0,-0.460153,0.000204955,0.00348192,9
2.89283,-0.0079074,-0.0473386,-0.0251327,-0,-0.447247,0.000207931,0.00348598,9
2.89634,-0.00812911,-0.0540612,-0.0251327,-0,-0.465386,0.000216867,0.00348621,9
2.89984,-0.00827691,-0.0506999,-0.0251327,-0,-0.456892,0.000217929,0.0034865,9
2.90334,-0.00849861,-0.0445375,-0.0251327,-0,-0.441209,0.000227456,0.00348673,9
2.90684,-0.00864641,-0.0506999,-0.0251327,-0,-0.457713,0.000237956,0.00348386,9
2.91034,-0.00879422,-0.0445375,-0.0251327,-0,-0.441866,0.000253405,0.00348572,9
2.91384,-0.00901592,-0.0523805,-0.0251327,-0,-0.462946,0.000247764,0.00348583,9
2.91734,-0.00916372,-0.0456579,-0.0251327,-0,-0.445628,0.000506768,0.00346215,9
2.92084,-0.00931152,-0.0456579,-0.0251327,-0,-0.445957,0.000253835,0.00348691,9
2.92434,-0.00945932,-0.0456579,-0.0251327,-0,-0.446285,0.000266288,0.00348584,9
2.92784,-0.00960713,-0.0490192,-0.0251327,-0,-0.455437,0.000271227,0.00348633,9
2.93134,-0.00975493,-0.0428568,-0.0251327,-0,-0.43959,0.00034941,0.00348592,9
2.93484,-0.00990273,-0.0411762,-0.0251327,-0,-0.435507,0.000260958,0.00346885,9
2.93834,-0.0100505,-0.0411762,-0.0251327,-0,-0.435835,0.000377562,0.00348603,9
2.94184,-0.0101983,-0.0378148,-0.0251327,-0,-0.42734,0.000315388,0.00348587,9
2.94534,-0.0102722,-0.0378148,-0.0251327,-0,-0.427505,0.000366902,0.00348736,9
2.94884,-0.01042,-0.0361342,-0.0251327,-0,-0.423422,0.000309377,0.00347522,9
2.95234,-0.0105678,-0.0361342,-0.0251327,-0,-0.42375,0.000355201,0.00348585,9
2.95584,-0.0106417,-0.0327729,-0.0251327,-0,-0.415091,0.00032755,0.00348646,9
2.95934,-0.0107895,-0.0327729,-0.0251327,-0,-0.41542,0.000351233,0.00348563,9
2.96284,-0.0108634,-0.0277309,-0.0251327,-0,-0.402349,0.000362114,0.00348603,9
2.96634,-0.0109373,-0.0294115,-0.0251327,-0,-0.406925,0.000347166,0.00348633,9
2.96984,-0.0110851,-0.0277309,-0.0251327,-0,-0.402842,0.000358056,0.0034858,9
2.97334,-0.011159,-0.0249298,-0.0251327,-0,-0.395654,0.000402087,0.00348737,9
2.97684,-0.0112329,-0.0266104,-0.0251327,-0,-0.40023,0.000369016,0.00348493,9
2.98034,-0.0113068,-0.0215685,-0.0251327,-0,-0.387159,0.000373375,0.00348598,9
2.98384,-0.0113807,-0.0232491,-0.0282743,0.0134277,-0.388582,0.000412466,0.00348518,9
2.98734,-0.0114546,-0.0198878,-0.0282743,0.0179728,-0.365934,0.000406665,0.00348554,9
2.99084,-0.0115286,-0.0182071,-0.0282743,0.0155194,-0.369238,0.000417284,0.00348553,9
2.99434,-0.0116025,-0.0148458,-0.0282743,0.00779425,-0.384356,0.00044193,0.00348538,9
2.99784,-0.0116025,-0.00980385,-0.0282743,-0.00363265,-0.406292,0.000474159,0.00348602,9
3.00134,-0.0116764,-0.00980385,-0.0282743,-0.0173484,-0.448672,0.00047475,0.00348706,9
3.00484,-0.0116764,-0.00364143,-0.0282743,-0.032097,-0.477891,0.000486071,0.00348672,9
3.00834,-0.0117503,-0.00532209,-0.0282743,-0.0467795,-0.527659,0.000459883,0.00348619,9
3.01184,-0.0117503,-0.00700275,-0.0282743,-0.0604541,-0.574159,0.000484417,0.00348627,9
3.01534,-0.0117503,-0.00700275,-0.0314159,-0.058908,-0.607577,0.000503383,0.00348617,9
3.01884,-0.0117503,-0.00532209,-0.0314159,-0.0638235,-0.618294,0.00049677,0.00348648,9
3.02234,-0.0118242,-0.00364143,-0.0314159,-0.0728458,-0.641817,0.000513901,0.00348687,9
3.02584,-0.0118242,-0.00364143,-0.0314159,-0.0839337,-0.675944,0.000506297,0.0034823,9
3.02934,-0.0118242,-0.00868341,-0.0345575,-0.0819329,-0.721197,0.000537866,0.00348765,9
3.03284,-0.0118981,-0.00868341,-0.0345575,-0.0877406,-0.739237,0.000545169,0.00348662,9
3.03634,-0.0118981,-0.0114845,-0.0345575,-0.0983739,-0.779318,0.000542965,0.00348672,9
3.03984,-0.011972,-0.00700275,-0.0345575,-0.111321,-0.807567,0.000547302,0.00348654,9
3.04334,-0.011972,-0.0148458,-0.0345575,-0.124541,-0.868844,0.000550979,0.00348721,9
3.04684,-0.0120459,-0.0182071,-0.0345575,-0.136464,-0.914529,0.000551861,0.00348611,9
3.05034,-0.0121198,-0.0165265,-0.0376991,-0.132563,-0.936451,0.000575545,0.00348698,9
3.05384,-0.0121937,-0.0232491,-0.0376991,-0.13452,-0.960287,0.000623853,0.00348422,9
3.05734,-0.0122676,-0.0266104,-0.0376991,-0.140295,-0.98705,0.000612893,0.00348762,9
3.06084,-0.0122676,-0.00532209,-0.0376991,-0.148475,-0.956347,0.000607002,0.00348109,9
3.06434,-0.0123415,-0.0148458,-0.0376991,-0.158275,-1.01167,0.000620397,0.00348687,6
3.06784,-0.0126371,-0.0899153,-0.0376991,-0.169537,-1.24404,0.000116173,0.00348733,6
3.07134,-0.0127849,-0.0557419,-0.0376991,-0.182733,-1.19529,0.000118637,0.00348694,12
3.07484,-0.0130066,-0.0574225,-0.0376991,-0.198962,-1.25014,0.000137752,0.00348649,12
3.07834,-0.0132283,-0.0703076,-0.0376991,-0.195599,-1.27411,0.000118777,0.00348707,12
3.08184,-0.01345,-0.0770302,-0.0376991,-0.186229,-1.26341,0.000116443,0.00348687,12
3.08534,-0.0136717,-0.0803915,-0.0376991,-0.171481,-1.22733,0.000117355,0.00348799,12
3.08884,-0.0139673,-0.0787109,-0.0376991,-0.152452,-1.165,0.000115672,0.00348657,12
3.09234,-0.0142629,-0.0882346,-0.0376991,-0.130714,-1.12375,0.000123486,0.00348515,12
3.09584,-0.0146324,-0.0932766,-0.0376991,-0.108306,-1.06884,0.000144004,0.00348042,12
3.09934,-0.0150019,-0.0977584,-0.0376991,-0.0877409,-1.01813,0.000388542,0.00345202,12
3.10284,-0.0153714,-0.109523,-0.0376991,-0.0720015,-1.00139,0.000373865,0.00345644,12
3.10634,-0.0157409,-0.112884,-0.0376991,-0.0645416,-0.988069,0.000368646,0.00345832,12
3.10984,-0.0161104,-0.114565,-0.0376991,-0.0449347,-0.932954,0.00043073,0.0034586,12
3.11334,-0.0165538,-0.119047,-0.0376991,-0.0288067,-0.896064,0.000433174,0.00346075,12
3.11684,-0.0169972,-0.122408,-0.0376991,-0.0186692,-0.874671,0.000124228,0.00346994,12
3.12034,-0.0173667,-0.12745,-0.0376991,-0.0173483,-0.884661,0.000117234,0.00348684,12
3.12384,-0.0178101,-0.12745,-0.0376991,-0.00363255,-0.843431,0.000124138,0.0034855,12
3.12734,-0.0182535,-0.133612,-0.0376991,0.00779426,-0.825422,0.000117395,0.00348533,12
3.13084,-0.0187708,-0.133612,-0.0376991,0.0155194,-0.802795,0.000117836,0.00348454,12
3.13434,-0.0192143,-0.135293,-0.0345575,0.00454517,-0.803793,0.0001253,0.0034847,12
3.13784,-0.0197316,-0.145377,-0.0345575,-0.00454509,-0.859392,0.000119689,0.0034861,12
3.14134,-0.0202489,-0.140335,-0.0345575,-0.0155194,-0.881085,0.000114159,0.00348821,12
3.14484,-0.0207662,-0.150419,-0.0345575,-0.00779426,-0.884927,0.000445286,0.00345073,12
3.14834,-0.0213574,-0.150419,-0.0345575,0.00363263,-0.85107,0.000116303,0.00348644,12
3.15184,-0.0218008,-0.151539,-0.0314159,0.00392066,-0.815934,0.000120381,0.00348578,12
3.15534,-0.0223181,-0.156581,-0.0314159,0.0141241,-0.798914,0.000114159,0.00348697,12
3.15884,-0.0229093,-0.159943,-0.0314159,0.0312601,-0.756308,0.000135288,0.00348249,12
3.16234,-0.0235005,-0.166665,-0.0314159,0.0526599,-0.709402,0.000118146,0.00348583,12
3.16584,-0.0240178,-0.164985,-0.0282743,0.0625408,-0.637552,0.000165153,0.00348421,12
3.16934,-0.024609,-0.168346,-0.0282743,0.0811721,-0.590344,0.000116694,0.00348764,12
3.17284,-0.0252002,-0.169466,-0.0282743,0.104943,-0.521435,0.000117355,0.00348578,12
3.17634,-0.0257914,-0.168346,-0.0282743,0.130713,-0.440489,0.000131441,0.00348397,12
3.17984,-0.0263826,-0.163304,-0.0282743,0.155815,-0.351309,0.000121442,0.00348573,12
3.18334,-0.0269739,-0.168346,-0.0251327,0.164622,-0.300575,0.000123286,0.00348458,12
3.18684,-0.0274912,-0.164985,-0.0251327,0.177717,-0.252596,0.000134566,0.00348016,12
3.19034,-0.0280824,-0.163304,-0.0251327,0.191961,-0.205656,0.000122054,0.00348576,12
3.19384,-0.0285997,-0.158262,-0.0251327,0.204842,-0.153925,0.000131451,0.00348286,12
3.19734,-0.0291909,-0.151539,-0.0251327,0.214476,-0.107941,0.000113819,0.00348799,12
3.20084,-0.0297082,-0.150419,-0.0251327,0.219607,-0.0903575,0.000129076,0.00348486,12
3.20434,-0.0302255,-0.150419,-0.0251327,0.219607,-0.0915074,0.000122715,0.00348685,12
3.20784,-0.0307428,-0.145377,-0.0251327,0.214476,-0.095215,0.000377622,0.00345685,12
3.21134,-0.0312601,-0.140335,-0.0219912,0.191414,-0.115935,0.000131681,0.00348589,12
3.21484,-0.0317035,-0.138654,-0.0219912,0.173988,-0.166145,0.000116634,0.00348605,12
3.21834,-0.0321469,-0.129131,-0.0219912,0.162198,-0.178422,0.000124067,0.00348602,12
3.22184,-0.0325903,-0.12745,-0.0219912,0.156827,-0.191525,0.000125991,0.00348469,12
3.22534,-0.0330337,-0.119047,-0.0219912,0.159447,-0.162389,0.000144224,0.00348838,12
3.22884,-0.0334032,-0.120727,-0.0219912,0.148062,-0.202666,0.000384555,0.00345752,12
3.23234,-0.0338466,-0.115685,-0.0219912,0.13704,-0.224341,0.000123236,0.00348664,12
3.23584,-0.0342162,-0.112884,-0.0219912,0.127951,-0.245783,0.000116092,0.0034866,12
3.23934,-0.0345857,-0.107842,-0.0219912,0.122995,-0.248625,0.000117184,0.00348647,12
3.24284,-0.0349552,-0.104481,-0.0219912,0.124996,-0.234465,0.0001255,0.00348479,12
3.24634,-0.0353247,-0.0977584,-0.0219912,0.113057,-0.254387,0.000121693,0.00348643,12
3.24984,-0.0356203,-0.0915959,-0.0219912,0.102489,-0.271394,0.00011445,0.00348692,12
3.25334,-0.0359898,-0.0966379,-0.0219912,0.0956488,-0.306504,0.000120181,0.00348819,12
3.25684,-0.0362854,-0.0949573,-0.0219912,0.0953608,-0.303636,0.000499095,0.00345453,12
3.26034,-0.0366549,-0.086554,-0.0219912,0.080571,-0.327921,0.000123306,0.0034851,12
3.26384,-0.0368766,-0.0803915,-0.0219912,0.0662771,-0.356234,0.000119238,0.00348474,12
3.26734,-0.0371722,-0.0831926,-0.0219912,0.0543629,-0.400914,0.000116643,0.00348567,12
3.27085,-0.0374678,-0.0753496,-0.0219912,0.0470264,-0.403565,0.000116072,0.0034864,12
3.27435,-0.0376895,-0.0703076,-0.0219912,0.0467796,-0.391582,0.000115452,0.00348711,12
3.27785,-0.0379851,-0.0770302,-0.0219912,0.0320969,-0.455078,0.000116794,0.00348673,12
3.28135,-0.0382068,-0.0703076,-0.0219912,0.0173483,-0.483319,0.000147019,0.00348784,12
3.28485,-0.0385024,-0.0703076,-0.0219912,0.00363258,-0.526192,0.000123436,0.00347197,12
3.28835,-0.0387241,-0.0703076,-0.0219912,-0.00779425,-0.561855,0.000121543,0.0034862,12
3.29185,-0.0388719,-0.0114845,-0.0219912,-0.0155194,-0.431555,0.000119198,0.00348548,12
3.29535,-0.0391675,-0.136974,-0.0219912,-0.0179729,-0.769162,0.000123927,0.00348697,12
3.29885,-0.0393892,-0.0652656,-0.0219912,-0.0134277,-0.567438,0.000118598,0.00348577,12
3.30235,-0.0396848,-0.0669463,-0.0219912,-0,-0.531178,0.000121773,0.0034868,12
3.30585,-0.0399065,-0.0703076,-0.0219912,-0,-0.540493,0.000122424,0.0034862,12
3.30935,-0.0401282,-0.0703076,-0.0219912,-0,-0.540986,0.000118227,0.00348752,12
3.31285,-0.0403499,-0.0703076,-0.0251327,0.0134276,-0.538327,0.00012535,0.0034848,12
3.31635,-0.0406455,-0.0686269,-0.0251327,0.0179727,-0.520583,0.000121282,0.0034863,12
3.31985,-0.0408672,-0.0703076,-0.0251327,0.0155193,-0.533038,0.000369807,0.00345794,12
3.32335,-0.0410889,-0.0669463,-0.0251327,0.00779418,-0.548485,0.000364598,0.00345802,12
3.32685,-0.0413106,-0.0635849,-0.0251327,-0.00363272,-0.575326,0.000126271,0.00348492,12
3.33035,-0.0415323,-0.0669463,-0.0251327,-0.0173485,-0.626857,0.000123676,0.00348147,12
3.33385,-0.041754,-0.0652656,-0.0251327,-0.0320971,-0.668333,0.000118097,0.00348558,12
3.33735,-0.0419758,-0.0652656,-0.0251327,-0.0467796,-0.714018,0.00011984,0.00348813,12
3.34085,-0.0421975,-0.0624645,-0.0251327,-0.0604542,-0.749247,0.000124808,0.00348538,12
3.34435,-0.0424192,-0.0719882,-0.0251327,-0.0723358,-0.811309,0.000116573,0.00348668,12
3.34785,-0.0427148,-0.0669463,-0.0251327,-0.0817965,-0.82785,0.000120761,0.00348566,12
3.35135,-0.0429365,-0.0753496,-0.0251327,-0.0883653,-0.870619,0.000118978,0.00348612,12
3.35485,-0.0431582,-0.0736689,-0.0251327,-0.0917282,-0.877051,0.000119529,0.00348588,12
3.35835,-0.0434538,-0.0831926,-0.0251327,-0.0917282,-0.902707,0.00012551,0.0034848,12
3.36185,-0.0437494,-0.081512,-0.0251327,-0.0883653,-0.888602,0.000119038,0.00348584,12
3.36535,-0.044045,-0.081512,-0.0251327,-0.0817965,-0.869041,0.000121222,0.00348774,12
3.36885,-0.0443406,-0.0899153,-0.0251327,-0.0723358,-0.862637,0.00011432,0.00348711,12
3.37235,-0.0447101,-0.0899153,-0.0282743,-0.0470266,-0.823735,0.000118026,0.00348579,12
3.37585,-0.0450057,-0.0977584,-0.0282743,-0.0288068,-0.788901,0.000114109,0.003487,12
3.37935,-0.0453752,-0.0949573,-0.0282743,-0.0165776,-0.74473,0.000115772,0.00348668,12
3.38285,-0.0456708,-0.104481,-0.0282743,-0.00955413,-0.748768,0.000114891,0.0034861,12
3.38635,-0.0460403,-0.0932766,-0.0282743,-0.00726531,-0.713134,0.00012547,0.00348558,12
3.38985,-0.0464098,-0.104481,-0.0282743,-0.0095541,-0.750411,0.000117775,0.00348639,12
3.39335,-0.0467793,-0.10112,-0.0282743,-0.0165776,-0.764027,0.000117605,0.0034868,12
3.39685,-0.0471488,-0.114565,-0.0282743,-0.0288068,-0.837781,0.000432723,0.00345752,12
3.40035,-0.0475183,-0.111204,-0.0282743,-0.0470265,-0.885858,0.000118517,0.00348645,12
3.40385,-0.0478878,-0.109523,-0.0282743,-0.0723357,-0.960167,0.000116835,0.00348651,12
3.40735,-0.0482573,-0.114565,-0.0282743,-0.0817963,-1.00334,0.000117545,0.00348597,12
3.41085,-0.0486268,-0.114565,-0.0282743,-0.0883651,-1.02438,0.000121533,0.00348593,12
3.41435,-0.0490702,-0.120727,-0.0282743,-0.091728,-1.05189,0.00011965,0.00348661,12
3.41785,-0.0495136,-0.12745,-0.0282743,-0.091728,-1.07053,0.000120351,0.00348663,12
3.42135,-0.0499571,-0.133612,-0.0282743,-0.0883651,-1.07734,0.000121453,0.00348787,12
3.42485,-0.0504005,-0.138654,-0.0282743,-0.0817963,-1.07134,0.000121633,0.00348646,12
3.42835,-0.0509178,-0.145377,-0.0251327,-0.0857634,-1.06417,0.000123747,0.00348628,12
3.43185,-0.0514351,-0.148738,-0.0251327,-0.0784269,-1.05156,0.000126261,0.0034858,12
3.43535,-0.0519524,-0.159943,-0.0251327,-0.0622989,-1.03248,0.000117646,0.00348631,12
3.43885,-0.0525436,-0.159943,-0.0251327,-0.0398913,-0.964827,0.000115662,0.00348681,12
3.44235,-0.0530609,-0.164985,-0.0251327,-0.0137158,-0.898646,0.000116874,0.00348645,12
3.44585,-0.0536521,-0.168346,-0.0251327,0.0137157,-0.824352,0.00011446,0.00348724,12
3.44935,-0.0542433,-0.169466,-0.0251327,0.0398912,-0.748042,0.000123336,0.00347081,12
3.45285,-0.0548345,-0.17787,-0.0251327,0.0622989,-0.702445,0.000150165,0.00348472,12
3.45635,-0.0554257,-0.169466,-0.0251327,0.0784269,-0.632061,0.000127223,0.00348603,12
3.45985,-0.0560169,-0.176189,-0.0251327,0.0857633,-0.628441,0.000370018,0.00345739,12
3.46335,-0.056682,-0.174508,-0.0219912,0.0683687,-0.64087,0.000362434,0.0034586,12
3.46685,-0.0573472,-0.169466,-0.0219912,0.0703924,-0.622885,0.000148812,0.00345792,12
3.47035,-0.0579384,-0.181231,-0.0219912,0.0762086,-0.637179,0.000120952,0.00348566,12
3.47385,-0.0585296,-0.17787,-0.0219912,0.0839337,-0.605893,0.00011468,0.00348708,12
3.47735,-0.0591208,-0.17955,-0.0188496,0.0785701,-0.589951,0.000113418,0.00348799,12
3.48085,-0.0597859,-0.186273,-0.0188496,0.0811719,-0.601068,0.000115191,0.00348682,12
3.48435,-0.0603771,-0.182912,-0.0188496,0.0889133,-0.569731,0.000118457,0.00348644,12
3.48785,-0.0610422,-0.184592,-0.015708,0.0860118,-0.546376,0.000123176,0.00348537,12
3.49135,-0.0617073,-0.192435,-0.015708,0.0928935,-0.547261,0.000121813,0.00348501,12
3.49485,-0.0623724,-0.189074,-0.015708,0.106262,-0.49877,0.00011449,0.0034867,12
3.49835,-0.0630375,-0.190755,-0.015708,0.123447,-0.451764,0.000115471,0.00348659,12
3.50185,-0.0637026,-0.192435,-0.015708,0.14241,-0.399289,0.000122986,0.00348671,12
3.50535,-0.0643677,-0.186273,-0.015708,0.161736,-0.325107,0.00011451,0.00348794,12
3.50885,-0.064959,-0.181231,-0.015708,0.180642,-0.254998,0.00011422,0.00348712,12
3.51235,-0.0654024,-0.0277309,-0.0125664,0.185541,0.200197,0.000160524,0.00348688,12
3.51585,-0.0662153,-0.164985,-0.0125664,0.199215,-0.119801,0.000113849,0.00348717,12
3.51935,-0.0668065,-0.164985,-0.0125664,0.22088,-0.0544331,0.000129397,0.00348454,12
3.52285,-0.0673238,-0.159943,-0.0125664,0.226184,-0.0260228,0.000117345,0.00348649,12
3.52635,-0.067915,-0.156581,-0.0125664,0.227143,-0.0155642,0.000116603,0.0034865,12
3.52985,-0.0684323,-0.147058,-0.0125664,0.22297,-0.00455855,0.000116764,0.00348666,12
3.53335,-0.0688757,-0.145377,-0.0125664,0.213509,-0.0302515,0.000121012,0.00348547,12
3.53685,-0.069393,-0.135293,-0.0125664,0.199232,-0.0488772,0.000117245,0.00348671,12
3.54035,-0.0698364,-0.135293,-0.0125664,0.181236,-0.105252,0.000123686,0.00348471,12
3.54385,-0.0702798,-0.125769,-0.0125664,0.161249,-0.142756,0.00011455,0.00348692,12
3.54735,-0.0707971,-0.132492,-0.0125664,0.141626,-0.22195,0.000118046,0.0034859,12
3.55085,-0.0711666,-0.125769,-0.0125664,0.12535,-0.255222,0.000114529,0.00348702,12
3.55435,-0.07161,-0.119047,-0.0125664,0.116031,-0.267244,0.000117526,0.00348667,12
3.55785,-0.0720534,-0.124089,-0.0125664,0.093557,-0.350636,0.000114089,0.00348681,12
3.56135,-0.0724229,-0.115685,-0.0125664,0.0740249,-0.389517,0.000113778,0.00348794,12
3.56485,-0.0728664,-0.114565,-0.0125664,0.0605744,-0.428961,0.000117806,0.00348634,12
3.56835,-0.0732359,-0.109523,-0.0125664,0.0568163,-0.428115,0.000140257,0.00348676,12
3.57185,-0.0736793,-0.114565,-0.0125664,0.0424812,-0.486457,0.000115793,0.00348676,12
3.57535,-0.0740488,-0.117366,-0.0125664,0.0333518,-0.522731,0.000116624,0.00348703,12
3.57885,-0.0744183,-0.106162,-0.0125664,0.0320969,-0.498004,0.000116734,0.00348672,12
3.58235,-0.0747878,-0.109523,-0.0125664,0.0173483,-0.553043,0.000116584,0.00348657,12
3.58585,-0.0752312,-0.107842,-0.0125664,0.0036326,-0.591833,0.000119159,0.00348645,12
3.58935,-0.0756007,-0.106162,-0.0125664,-0.00779426,-0.623413,0.000116293,0.00348809,12
3.59285,-0.0759702,-0.107842,-0.0125664,-0.0155194,-0.652423,0.000115241,0.00348665,12
3.59635,-0.0763397,-0.106162,-0.0125664,-0.0179728,-0.656385,0.00017427,0.00347313,12
3.59985,-0.0767092,-0.112884,-0.0125664,-0.0134277,-0.660863,0.000116744,0.00348609,12
3.60335,-0.0771526,-0.117366,-0.0125664,-0,-0.632284,0.000123937,0.00348563,12
3.60685,-0.0775221,-0.114565,-0.0125664,-0,-0.625753,0.000116724,0.0034869,12
3.61035,-0.0778916,-0.117366,-0.0125664,-0,-0.633927,0.000121253,0.00348452,12
3.61385,-0.078335,-0.119047,-0.0125664,-0,-0.639324,0.000125601,0.00348493,12
3.61735,-0.0787784,-0.125769,-0.00942478,-0.0134277,-0.661109,0.000113949,0.00348762,12
3.62085,-0.0792218,-0.125769,-0.00942478,-0.0179728,-0.676084,0.000117706,0.00347797,12
3.62435,-0.0795913,-0.12745,-0.00942478,-0.0155194,-0.673765,0.00042589,0.00345731,12
3.62785,-0.0801087,-0.124089,-0.00942478,-0.00779427,-0.642315,0.000123747,0.00348539,12
3.63135,-0.0804782,-0.12745,-0.00942478,0.00363262,-0.616789,0.000115902,0.00348659,12
3.63485,-0.0809216,-0.133612,-0.00942478,0.0173484,-0.591734,0.000117726,0.00348622,12
3.63835,-0.0814389,-0.135293,-0.00942478,0.032097,-0.551901,0.000122094,0.00348444,12
3.64185,-0.0818823,-0.132492,-0.00942478,0.0467796,-0.500343,0.000123015,0.00348555,12
3.64535,-0.0823257,-0.138654,-0.00942478,0.0604541,-0.475415,0.000115702,0.00348768,12
3.64885,-0.0827691,-0.135293,-0.00942478,0.0723358,-0.431007,0.000115542,0.00348659,12
3.65235,-0.0832125,-0.132492,-0.00942478,0.0817965,-0.395521,0.000402237,0.00345719,12
3.65586,-0.0837298,-0.122408,-0.00942478,0.0883652,-0.349984,0.000129999,0.00348548,12
3.65936,-0.0841732,-0.12745,-0.00942478,0.0917281,-0.353853,0.000117285,0.00348495,12
3.66286,-0.0846166,-0.125769,-0.00942478,0.0917281,-0.350427,0.000123496,0.00348544,12
3.66636,-0.0849861,-0.120727,-0.00628319,0.0749376,-0.351517,0.000119169,0.00348555,12
3.66986,-0.0854295,-0.122408,-0.00628319,0.0638236,-0.391122,0.000117315,0.00348673,12
3.67336,-0.0858729,-0.122408,-0.00628319,0.0568164,-0.413675,0.000416413,0.00345658,12
3.67686,-0.0863163,-0.120727,-0.00628319,0.0526599,-0.423043,0.000114851,0.00348601,12
3.68036,-0.0866858,-0.122408,-0.00628319,0.0504122,-0.435194,0.000122385,0.00348473,12
3.68386,-0.0871292,-0.122408,-0.00628319,0.0494454,-0.439155,0.000117125,0.00348686,12
3.68736,-0.0875726,-0.120727,-0.00628319,0.0494453,-0.435729,0.000118347,0.00348598,12
3.69086,-0.0880161,-0.124089,-0.00628319,0.0504122,-0.442562,0.000115251,0.00348675,12
3.69436,-0.0883856,-0.122408,-0.00628319,0.0526599,-0.432054,0.000126471,0.0034836,12
3.69786,-0.088829,-0.12745,-0.00628319,0.0568163,-0.433481,0.000124028,0.00348628,12
3.70136,-0.0892724,-0.117366,-0.00628319,0.0638236,-0.38643,0.000114059,0.00348672,12
3.70486,-0.0896419,-0.120727,-0.00628319,0.0749376,-0.361867,0.000122685,0.00348675,12
3.70836,-0.0900853,-0.115685,-0.00628319,0.0917281,-0.297938,0.000115451,0.0034869,12
3.71186,-0.0905287,-0.119047,-0.00628319,0.0917281,-0.307747,0.000119158,0.00348665,12
3.71536,-0.0908982,-0.112884,-0.00628319,0.0883652,-0.302743,0.0001149,0.00348699,12
3.71886,-0.0912677,-0.106162,-0.00628319,0.0817964,-0.306136,0.000119048,0.00348669,12
3.72236,-0.0916372,-0.106162,-0.00314159,0.0589081,-0.339229,0.000116233,0.00348645,12
3.72586,-0.0919328,-0.0591032,-0.00314159,0.0424813,-0.266922,0.000126512,0.00348521,12
3.72936,-0.0923762,-0.182912,-0.00314159,0.0312601,-0.627432,0.00011484,0.00348726,12
3.73286,-0.0926718,-0.0977584,-0.00314159,0.0243027,-0.425983,0.000118828,0.00348654,12
3.73636,-0.0930413,-0.0966379,-0.00314159,0.020981,-0.434087,0.000115962,0.0034869,12
3.73986,-0.0934108,-0.0977584,-0.00314159,0.020981,-0.43785,0.000139926,0.00348673,12
3.74336,-0.0937064,-0.104481,-0.00314159,0.0243027,-0.445929,0.000123206,0.00348435,12
3.74686,-0.0940759,-0.0949573,-0.00314159,0.0312602,-0.400337,0.000122214,0.00348546,12
3.75036,-0.0944454,-0.0977584,-0.00314159,0.0424813,-0.373974,0.000121934,0.00348557,12
3.75386,-0.094741,-0.1028,-0.00314159,0.0589081,-0.337306,0.000123506,0.00348557,12
3.75736,-0.0951106,-0.099439,-0.00314159,0.0817964,-0.258856,0.00011472,0.00348808,12
3.76086,-0.0954061,-0.0949573,-0.00314159,0.0883652,-0.227531,0.000122274,0.00348622,12
3.76436,-0.0957757,-0.0966379,-0.00314159,0.0917281,-0.222413,0.000134466,0.00348398,12
3.76786,-0.0960713,-0.0915959,-0.00314159,0.0917281,-0.209835,0.000119519,0.00348653,12
3.77136,-0.0964408,-0.086554,-0.00314159,0.0883652,-0.207772,0.000123537,0.00348656,12
3.77486,-0.0967364,-0.0899153,-0.00314159,0.0817964,-0.237471,0.000122745,0.00348656,12
3.77836,-0.097032,-0.0831926,-0.00314159,0.0723357,-0.249601,0.000117025,0.00348688,12
3.78186,-0.0972537,-0.0787109,-0.00314159,0.0604541,-0.2749,0.000132553,0.0034828,12
3.78536,-0.0975493,-0.0770302,-0.00314159,0.0467795,-0.313234,0.000116303,0.00347924,12
3.78886,-0.097771,-0.0669463,-0.00314159,0.032097,-0.332449,0.000121863,0.00348671,12
3.79236,-0.0980666,-0.0753496,-0.00314159,0.0173483,-0.400559,0.000123066,0.00348644,12
3.79586,-0.0982883,-0.0736689,-0.00314159,0.00363262,-0.438856,0.000156938,0.00348605,12
3.79936,-0.0985839,-0.0703076,-0.00314159,-0.00779426,-0.46586,0.000119289,0.00348598,12
3.80286,-0.0988056,-0.0753496,-0.00314159,-0.0155194,-0.503365,0.000124779,0.00348697,12
3.80636,-0.0990273,-0.0770302,-0.00314159,-0.0179728,-0.515821,0.00011974,0.00348626,12
3.80986,-0.0993229,-0.0770302,-0.00314159,-0.0134277,-0.502488,0.000121974,0.00348663,12
3.81336,-0.0995446,-0.0736689,-0.00314159,-0,-0.452829,0.000123106,0.00348771,12
3.81686,-0.0998402,-0.0770302,-0.00314159,-0,-0.462309,0.000133875,0.00348467,12
3.82036,-0.100062,-0.0770302,-0.00314159,-0,-0.462802,0.000121011,0.00348574,12
3.82386,-0.100358,-0.0787109,-0.00314159,-0,-0.467871,0.00011978,0.00348627,12
3.82736,-0.100653,-0.0787109,-0.00314159,-0,-0.468528,0.000117776,0.00348684,12
3.83086,-0.100875,-0.0736689,-0.00628319,0.0134277,-0.452633,0.000116544,0.00348657,12
3.83436,-0.10117,-0.0753496,-0.00628319,0.0179728,-0.443712,0.000115181,0.00348689,12
3.83786,-0.101392,-0.0736689,-0.00628319,0.0155194,-0.447345,0.000115823,0.00348679,12
3.84136,-0.101688,-0.0686269,-0.00628319,0.00779426,-0.458545,0.00011471,0.00348729,12
3.84486,-0.101909,-0.0753496,-0.00628319,-0.00363263,-0.511855,0.000118818,0.003486,12
3.84836,-0.102205,-0.0703076,-0.00628319,-0.0173484,-0.541493,0.000123586,0.00348458,12
3.85186,-0.102427,-0.0719882,-0.00628319,-0.032097,-0.591792,0.000130739,0.00348659,12
3.85536,-0.102648,-0.0669463,-0.00628319,-0.0467796,-0.624241,0.000130239,0.00348519,12
3.85886,-0.102944,-0.0719882,-0.00628319,-0.0604541,-0.680222,0.000117786,0.00348667,12
3.86236,-0.103166,-0.0753496,-0.00628319,-0.0723357,-0.726109,0.000358557,0.00348499,12
3.86586,-0.103461,-0.0770302,-0.00628319,-0.0817964,-0.760296,0.000370139,0.00345767,12
3.86936,-0.103757,-0.0831926,-0.00628319,-0.0883652,-0.797347,0.000116443,0.00348776,12
3.87286,-0.103979,-0.0848733,-0.00628319,-0.0917281,-0.812602,0.000116664,0.00348664,12
3.87636,-0.104348,-0.0915959,-0.00628319,-0.0917281,-0.83107,0.000123526,0.00348648,12
3.87986,-0.104644,-0.0915959,-0.00628319,-0.0883652,-0.821377,0.000115322,0.00348691,12
3.88336,-0.104939,-0.0977584,-0.00628319,-0.0817964,-0.817991,0.000126111,0.00348628,12
3.88686,-0.105309,-0.1028,-0.00628319,-0.0723357,-0.802928,0.00011993,0.00348517,12
3.89036,-0.105678,-0.106162,-0.00628319,-0.0604541,-0.776003,0.000130279,0.00347598,12
3.89386,-0.106048,-0.104481,-0.00628319,-0.0467796,-0.730323,0.000126812,0.00347747,12
3.89736,-0.106417,-0.109523,-0.00628319,-0.032097,-0.699188,0.000122434,0.00348756,12
3.90086,-0.106787,-0.107842,-0.00628319,-0.0173483,-0.650203,0.000130288,0.00348567,12
3.90436,-0.107156,-0.111204,-0.00628319,-0.00363263,-0.617632,0.000377882,0.00345771,12
3.90786,-0.1076,-0.106162,-0.00628319,0.00779423,-0.570212,0.000426933,0.00345704,12
3.91136,-0.107969,-0.107842,-0.00628319,0.0155194,-0.551668,0.000160073,0.003486,12
3.91486,-0.108339,-0.107842,-0.00314159,0.00454516,-0.548091,0.000126292,0.00348557,12
3.91836,-0.108708,-0.114565,-0.00314159,-0.00454519,-0.594537,0.000121943,0.0034851,12
3.92186,-0.109078,-0.115685,-0.00314159,-0.0155194,-0.632077,0.000121353,0.00348637,12
3.92536,-0.109447,-0.109523,-0.00314159,-0.00779427,-0.592946,0.000119258,0.00348704,12
3.92886,-0.109891,-0.114565,-0.00314159,0.00363263,-0.571995,0.000118247,0.0034862,12
3.93236,-0.11026,-0.112884,-0.00314159,0.0173484,-0.52619,0.000126783,0.00348577,12
3.93586,-0.110704,-0.114565,-0.00314159,0.032097,-0.486192,0.000139556,0.00347588,12
3.93936,-0.111073,-0.115685,-0.00314159,0.0467796,-0.444763,0.000378023,0.00345617,12
3.94286,-0.111517,-0.114565,-0,0.0470265,-0.403871,0.000374957,0.00345712,12
3.94636,-0.11196,-0.119047,-0,0.0543629,-0.39404,0.000373654,0.00345722,12
3.94986,-0.112329,-0.115685,-0,0.066277,-0.349368,0.000133364,0.00348523,12
3.95336,-0.112699,-0.119047,-0,0.080571,-0.315017,0.000123667,0.00347902,12
3.95686,-0.113142,-0.112884,-0,0.0953607,-0.254306,0.000118788,0.00348254,12
3.96036,-0.113512,-0.111204,-0,0.109076,-0.2085,0.000118257,0.00348543,12
3.96386,-0.113881,-0.114565,-0,0.120462,-0.1831,0.000118668,0.00348579,12
3.96736,-0.114251,-0.1028,-0,0.128576,-0.128067,0.000149243,0.00348641,12
3.97086,-0.11462,-0.0977584,-0,0.13279,-0.102684,0.000123837,0.00348581,12
3.97436,-0.11499,-0.0932766,-0,0.13279,-0.091741,0.000121112,0.00348397,12
3.97786,-0.115286,-0.0932766,-0,0.128576,-0.105368,0.000132813,0.00348543,12
3.98136,-0.115581,-0.0848733,-0,0.120462,-0.108941,0.000573401,0.00348703,15
3.98486,-0.115951,-0.081512,-0,0.109076,-0.135983,0.000490448,0.0034821,9
3.98836,-0.116172,-0.0703076,-0,0.0953607,-0.149281,0.00038748,0.00348631,9
3.99186,-0.116468,-0.081512,-0,0.080571,-0.22487,0.00030017,0.00348496,9
3.99536,-0.11669,-0.0736689,-0,0.066277,-0.248771,0.000275976,0.00348575,9
3.99886,-0.116985,-0.0719882,-0,0.0543629,-0.281687,0.000134377,0.00348173,9
4.00236,-0.117207,-0.0686269,-0,0.0470265,-0.295937,0.00012517,0.00348374,12
4.00586,-0.117429,-0.0652656,-0,0.0467796,-0.288367,0.00013058,0.00348372,12
4.00936,-0.11765,-0.0635849,-0,0.032097,-0.329639,0.000129117,0.00348691,12
4.01286,-0.117872,-0.0591032,-0,0.0173484,-0.363763,0.000118938,0.00348572,12
4.01636,-0.118094,-0.0624645,-0,0.00363263,-0.415295,0.000120972,0.00348568,12
4.01986,-0.118315,-0.0624645,-0,-0.00779426,-0.450958,0.000118517,0.00348606,12
4.02336,-0.118537,-0.0506999,-0,-0.0155194,-0.444347,0.000127113,0.00348668,12
4.02686,-0.118537,-0.0277309,-0,-0.0179728,-0.391607,0.000143072,0.00346526,12
4.03036,-0.118907,-0.0977584,-0,-0.0134277,-0.562255,0.000128796,0.00348644,12
4.03386,-0.119128,-0.0607838,-0,-0,-0.424364,0.000128225,0.00348605,12
4.03736,-0.119276,-0.0540612,-0,-0,-0.407046,0.00011982,0.00348751,12
4.04086,-0.119498,-0.0523805,-0,-0,-0.403127,0.000122234,0.00348517,12
4.04436,-0.11972,-0.0506999,-0,-0,-0.399208,0.000634753,0.00348648,15
4.04786,-0.119867,-0.0506999,-0,-0,-0.399537,0.000547824,0.00348595,9
4.05136,-0.120089,-0.0523805,-0,-0,-0.404441,0.000454423,0.00348573,9
4.05487,-0.120237,-0.0506999,-0,-0,-0.400358,0.000366041,0.00348254,9
4.05837,-0.120459,-0.0490192,-0,-0,-0.396439,0.000287357,0.0034863,9
4.06187,-0.120606,-0.0490192,-0,-0,-0.396768,0.00018009,0.00348595,9
4.06537,-0.120754,-0.0506999,-0,-0,-0.401508,0.000129227,0.00348717,12
4.06887,-0.120902,-0.0473386,-0,-0,-0.393014,0.000127624,0.00348597,12
4.07237,-0.121124,-0.0506999,-0,-0,-0.40233,0.000126312,0.00348536,12
4.07587,-0.121271,-0.0523805,-0,-0,-0.40707,0.000126542,0.00348463,12
4.07937,-0.121419,-0.0506999,-0,-0,-0.402987,0.000121172,0.00348476,12
4.08287,-0.121641,-0.0540612,-0,-0,-0.412303,0.000163911,0.00348592,12
4.08637,-0.121789,-0.0490192,-0,-0,-0.399396,0.000132513,0.0034865,12
4.08987,-0.121937,-0.0473386,-0,-0,-0.395313,0.000135198,0.00348622,12
4.09337,-0.122084,-0.0456579,-0,-0,-0.39123,0.000124017,0.00348532,12
4.09687,-0.122306,-0.0456579,-0,-0,-0.391723,0.000175492,0.0034723,12
4.10037,-0.122454,-0.0411762,-0,-0,-0.380287,0.000139064,0.00348485,12
4.10387,-0.122602,-0.0411762,-0,-0,-0.380616,0.00012536,0.00348418,12
4.10737,-0.12275,-0.0445375,-0,-0,-0.389768,0.000119589,0.00348607,12
4.11087,-0.122897,-0.0378148,-0,-0,-0.37245,0.000598617,0.00348556,15
4.11437,-0.123045,-0.0378148,-0,-0,-0.372778,0.000499615,0.00347277,9
4.11787,-0.123193,-0.0394955,-0,-0,-0.377519,0.000427012,0.00348528,9
4.12137,-0.123341,-0.0394955,-0,-0,-0.377847,0.000344662,0.00348635,9
4.12487,-0.123415,-0.0361342,-0,-0,-0.369188,0.000254106,0.00348591,9
4.12837,-0.123562,-0.0394955,-0,-0,-0.37834,0.000148542,0.0034863,9
4.13187,-0.12371,-0.0411762,-0,-0,-0.38308,0.000121743,0.0034857,12
4.13537,-0.123784,-0.0327729,-0,-0,-0.361187,0.000119609,0.00348386,12
4.13887,-0.123932,-0.0394955,-0,-0,-0.379161,0.000158841,0.00348596,12
4.14237,-0.12408,-0.0361342,-0,-0,-0.370667,0.000132633,0.00348661,12
4.14587,-0.124228,-0.0361342,-0,-0,-0.370995,0.000135588,0.00348086,12
4.14937,-0.124375,-0.0361342,-0,-0,-0.371324,0.000138444,0.00347908,12
4.15287,-0.124449,-0.0361342,-0,-0,-0.371488,0.000133094,0.00348463,12
4.15637,-0.124597,-0.0361342,-0,-0,-0.371817,0.000123466,0.00348581,12
4.15987,-0.124745,-0.0344535,-0,-0,-0.367734,0.000126462,0.00348469,12
4.16337,-0.124819,-0.0310922,-0,-0,-0.359075,0.00012535,0.00348649,12
4.16687,-0.124967,-0.0310922,-0,-0,-0.359403,0.000131711,0.00348404,12
4.17037,-0.12504,-0.0294115,-0,-0,-0.355156,0.000124197,0.00348601,12
4.17387,-0.125114,-0.0277309,-0,-0,-0.350909,0.000129918,0.0034862,12
4.17737,-0.125262,-0.0310922,-0,-0,-0.36006,0.000585032,0.00348574,15
4.18087,-0.125336,-0.0294115,-0,-0,-0.355813,0.000475392,0.00348471,9
4.18437,-0.12541,-0.0198878,-0,-0,-0.330978,0.00041441,0.00347927,9
4.18787,-0.125558,-0.0232491,-0,-0,-0.34013,0.000313494,0.00348321,9
4.19137,-0.125632,-0.0215685,-0,-0,-0.335883,0.000273561,0.00348307,9
4.19487,-0.125706,-0.0215685,-0,-0,-0.336047,0.00013623,0.00348317,12
4.19837,-0.125779,-0.0249298,-0,-0,-0.345034,0.000136039,0.00348505,12
4.20187,-0.125853,-0.0198878,-0,-0,-0.331964,0.000132462,0.00348606,12
4.20537,-0.125927,-0.0215685,-0,-0,-0.33654,0.000127073,0.00348677,12
4.20887,-0.126001,-0.0232491,-0,-0,-0.341116,0.0001204,0.00348528,12
4.21237,-0.126075,-0.0198878,-0,-0,-0.332457,0.000135588,0.00348561,12
4.21587,-0.126075,-0.0198878,-0,-0,-0.332457,0.000127955,0.00348516,12
4.21937,-0.126149,-0.0131652,-0,-0,-0.314975,0.000127734,0.00348381,12
4.22287,-0.126223,-0.0182071,-0,-0,-0.328374,0.000122474,0.00348623,12
4.22637,-0.126297,-0.0165265,-0,-0,-0.324127,0.000125239,0.00346549,12
4.22987,-0.126371,-0.0182071,-0,-0,-0.328702,0.000130208,0.00348661,12
4.23337,-0.126371,-0.0148458,-0,-0,-0.319879,0.0001201,0.00348147,12
4.23687,-0.126445,-0.0182071,-0,-0,-0.328867,0.000134817,0.00348532,12
4.24037,-0.126518,-0.0114845,-0,-0,-0.311385,0.000655742,0.00347776,12
4.24387,-0.126518,-0.00700275,-0,-0,-0.29962,0.000557261,0.0034859,9
4.24737,-0.126518,-0.00532209,-0,-0,-0.295209,0.00048569,0.00348627,9
4.25087,-0.126518,-0.00532209,-0,-0,-0.295209,0.000377492,0.00348672,9
4.25437,-0.126592,0.00140055,-0,-0,-0.277727,0.000271788,0.00348622,9
4.25787,-0.126592,-0.00532209,-0,-0,-0.295373,0.00018546,0.00348616,9
4.26137,-0.126592,-0.00196077,-0,-0,-0.28655,0.000139145,0.00348711,12
4.26487,-0.126592,0.00308121,-0,-0,-0.273315,0.000126963,0.00348465,12
4.26837,-0.126592,0.00140055,-0,-0,-0.277727,0.00013629,0.00348601,12
4.27187,-0.126592,-0.00196077,-0,-0,-0.28655,0.000122244,0.00348648,12
4.27537,-0.126592,0.00140055,-0,-0,-0.277727,0.00011985,0.00348547,12
4.27887,-0.126592,-0.00196077,-0,-0,-0.28655,0.000119539,0.00348644,12
4.28237,-0.126592,-0.00364143,-0,-0,-0.290961,0.000140467,0.0034738,12
4.28587,-0.126592,-0.00028011,-0,-0,-0.282138,0.000129888,0.00348581,12
4.28937,-0.126592,-0.00196077,-0,-0,-0.28655,0.000119899,0.00348409,12
4.29287,-0.126592,-0.00028011,-0,-0,-0.282138,0.000126552,0.00348622,12
4.29637,-0.126592,0.00140055,-0,-0,-0.277727,0.00012027,0.00348622,12
4.29987,-0.126592,0.00140055,-0,-0,-0.277727,0.000121753,0.00348628,12
4.30337,-0.126592,0.00308121,-0,-0,-0.273315,0.000122385,0.00348657,12
4.30687,-0.126592,-0.00364143,-0,-0,-0.290961,0.000605129,0.00348617,15
4.31037,-0.126592,-0.00532209,-0,-0,-0.295373,0.000515305,0.00348571,9
4.31387,-0.126592,-0.00028011,-0,-0,-0.282138,0.000422294,0.00348641,9
4.31737,-0.126592,0.00140055,-0,-0,-0.277727,0.000322861,0.00348574,9
4.32087,-0.126592,-0.00196077,-0,-0,-0.28655,0.000242384,0.0034866,9
4.32437,-0.126592,-0.00196077,-0,-0,-0.28655,0.000146469,0.00348677,9
4.32787,-0.126592,-0.00196077,-0,-0,-0.28655,0.000121342,0.00348678,12
4.33137,-0.126592,0.00308121,-0,-0,-0.273315,0.000137812,0.00348367,12
4.33487,-0.126592,-0.00364143,-0,-0,-0.290961,0.000118858,0.00348375,12
4.33837,-0.126592,-0.00028011,-0,-0,-0.282138,0.000119028,0.00348368,12
4.34187,-0.126592,-0.00028011,-0,-0,-0.282138,0.000132243,0.00348668,12
4.34537,-0.126592,-0.00700275,-0,-0,-0.299785,0.000122344,0.00348759,12
4.34887,-0.126592,-0.00028011,-0,-0,-0.282138,0.000125761,0.00348437,12
4.35237,-0.126592,0.00308121,-0,-0,-0.273315,0.000146859,0.0034736,12
4.35587,-0.126592,-0.00364143,-0,-0,-0.290961,0.00013655,0.00348604,12
4.35937,-0.126592,-0.00028011,-0,-0,-0.282138,0.000123907,0.00348312,12
4.36287,-0.126592,-0.00028011,-0,-0,-0.282138,0.000146479,0.00348612,12
4.36637,-0.126592,-0.00028011,-0,-0,-0.282138,0.000135949,0.00348629,12
4.36987,-0.126592,-0.00028011,-0,-0,-0.282138,0.000134246,0.00348665,12
4.37337,-0.126592,0.00140055,-0,-0,-0.277727,0.000577889,0.0034871,15
4.37687,-0.126592,-0.00028011,-0,-0,-0.282138,0.000489547,0.00348295,9
4.38037,-0.126592,-0.00028011,-0,-0,-0.282138,0.000401155,0.00348551,9
4.38387,-0.126592,-0.00196077,-0,-0,-0.28655,0.000304048,0.00348629,9
4.38737,-0.126592,-0.00196077,-0,-0,-0.28655,0.000257382,0.00348424,9
4.39087,-0.126592,0.00140055,-0,-0,-0.277727,0.000122444,0.00348669,12
4.39437,-0.126592,-0.00028011,-0,-0,-0.282138,0.000147661,0.00348558,12
4.39787,-0.126592,0.00140055,-0,-0,-0.277727,0.000140468,0.0034865,12
4.40137,-0.126592,0.00140055,-0,-0,-0.277727,0.000127674,0.00348483,12
4.40487,-0.126592,0.00140055,-0,-0,-0.277727,0.000132302,0.00348425,12
4.40837,-0.126592,0.00140055,-0,-0,-0.277727,0.00013065,0.00348666,12
4.41187,-0.126592,-0.00196077,-0,-0,-0.28655,0.000131481,0.00348637,12
4.41537,-0.126592,-0.00028011,-0,-0,-0.282138,0.000143784,0.00348648,12
4.41887,-0.126592,0.00308121,-0,-0,-0.273315,0.000154112,0.003484,12
4.42237,-0.126592,-0.00028011,-0,-0,-0.282138,0.000133415,0.00348574,12
4.42587,-0.126592,0.00140055,-0,-0,-0.277727,0.000135488,0.00348625,12
4.42937,-0.126592,-0.00028011,-0,-0,-0.282138,0.000159222,0.00348476,12
4.43287,-0.126592,0.00476187,-0,-0,-0.268903,0.000135358,0.00348623,12
4.43637,-0.126592,0.00476187,0.00314159,-0.0134277,-0.272056,0.000702807,0.00348379,15
4.43987,-0.126592,-0.00028011,0.00314159,-0.0179728,-0.299281,0.000112997,0.00348637,7
4.44337,-0.126592,-0.00364143,0.00314159,-0.0155194,-0.300552,0.000121142,0.00348308,14
4.44687,-0.126592,-0.00028011,0.00314159,-0.00779426,-0.267952,0.000131851,0.00348351,14
4.45037,-0.126592,0.00140055,0.00314159,0.00363263,-0.22837,0.000119619,0.00348476,14
4.45387,-0.126592,-0.00532209,0.00314159,0.0173484,-0.2038,0.000141359,0.0034865,14
4.45737,-0.126592,-0.00196077,0.00314159,0.032097,-0.149582,0.000134367,0.00348709,14
4.46088,-0.126592,-0.00532209,0.00314159,0.0467796,-0.113214,0.000118908,0.00348522,14
4.46438,-0.126592,0.00140055,0.00314159,0.0604541,-0.0534787,0.00011988,0.00348343,14
4.46788,-0.126592,0.00140055,0.00314159,0.0723357,-0.0169083,0.000144495,0.00348636,14
4.47137,-0.126592,0.00308121,0.00314159,0.0817964,0.0166224,0.00017423,0.00347337,14
4.47487,-0.126592,0.00140055,0.00314159,0.0883652,0.0324288,0.000160044,0.00348579,14
4.47837,-0.126592,0.00644253,0.00314159,0.0917281,0.0560142,0.000129056,0.00348601,14
4.48188,-0.126592,0.00308121,0.00314159,0.0917281,0.047191,0.000129818,0.00348655,14
4.48538,-0.126592,0.00140055,0.00628319,0.0749375,0.029276,0.000130429,0.00348618,14
4.48888,-0.126592,0.00140055,0.00628319,0.0638236,-0.00493154,0.000135218,0.00348626,14
4.49238,-0.126592,-0.00028011,0.00628319,0.0568164,-0.0309107,0.000141719,0.00348009,14
4.49588,-0.126592,-0.00196077,0.00628319,0.0526599,-0.0481156,0.000122475,0.00348569,14
4.49938,-0.126592,0.00308121,0.00628319,0.0504122,-0.041799,0.000146699,0.00348472,14
4.50288,-0.126592,-0.00364143,0.00628319,0.0494453,-0.0624212,0.000136009,0.00348632,14
4.50638,-0.126592,-0.00364143,0.00628319,0.0494453,-0.0624212,0.000124448,0.00348629,14
4.50988,-0.126592,-0.00028011,0.00942478,0.0369845,-0.0537749,0.00013656,0.00348636,14
4.51338,-0.126592,-0.00028011,0.00942478,0.034687,-0.0608463,0.000131972,0.00348705,14
4.51688,-0.126592,-0.00196077,0.00942478,0.041297,-0.0449132,0.000130779,0.00348514,14
4.52038,-0.126592,0.00140055,0.00942478,0.0560294,0.00925475,0.000118017,0.00348355,14
4.52388,-0.126592,-0.00532209,0.00942478,0.0785702,0.0609869,0.000140427,0.00348643,14
4.52738,-0.126592,-0.00028011,0.00942478,0.109076,0.168117,0.000128325,0.00348582,14
4.53088,-0.126592,-0.00028011,0.00942478,0.123825,0.213512,0.000146288,0.00348516,14
4.53438,-0.126592,-0.00028011,0.00942478,0.135145,0.248352,0.000129657,0.0034778,14
4.53788,-0.126592,0.00140055,0.00942478,0.142251,0.274635,0.000143002,0.00347733,14
4.54138,-0.126592,-0.00028011,0.00942478,0.144671,0.277675,0.000128345,0.00348647,14
4.54488,-0.126592,-0.00028011,0.00942478,0.142251,0.270223,0.00012003,0.00348563,14
4.54838,-0.126592,-0.00028011,0.00942478,0.135145,0.248352,0.000127924,0.00348662,14
4.55188,-0.126592,0.00476187,0.0125664,0.110397,0.223593,0.000122414,0.00348669,14
4.55538,-0.126592,-0.00364143,0.0125664,0.0911036,0.142151,0.000119079,0.00348625,14
4.55888,-0.126592,-0.00196077,0.0125664,0.0764784,0.101548,0.000117836,0.00348508,14
4.56238,-0.126592,-0.00196077,0.0125664,0.0662079,0.0699364,0.000124708,0.0034851,14
4.56588,-0.126592,-0.00028011,0.0125664,0.060449,0.0566226,0.000126772,0.00348656,14
4.56938,-0.126592,0.00140055,0.0125664,0.0598296,0.0591279,0.000117936,0.00348726,14
4.57288,-0.126592,0.00308121,0.0125664,0.0654489,0.0808349,0.000117355,0.00348666,14
4.57638,-0.126592,-0.00196077,0.0125664,0.0788765,0.108929,0.000123997,0.00348551,14
4.57988,-0.126592,-0.00028011,0.0125664,0.0778025,0.110035,0.000128125,0.00348659,13
4.58338,-0.126592,-0.00196077,0.0125664,0.0759684,0.0999781,0.000165022,0.00348631,13
4.58688,-0.126592,-0.00028011,0.0125664,0.0740022,0.0983379,0.00018036,0.00348587,13
4.59038,-0.126592,-0.00364143,0.015708,0.0594181,0.0828028,0.000240992,0.00348496,13
4.59388,-0.126592,-0.00196077,0.015708,0.0557824,0.076024,0.000249346,0.00348642,13
4.59738,-0.126592,-0.00532209,0.015708,0.0627811,0.0887419,0.000335935,0.00347942,13
4.60088,-0.126592,0.00308121,0.015708,0.080571,0.165555,0.000321539,0.00348513,13
4.60438,-0.126592,-0.00196077,0.015708,0.0854291,0.167273,0.000326117,0.00348499,13
4.60788,-0.126592,0.00308121,0.015708,0.0896841,0.193605,0.000335515,0.00348546,13
4.61138,-0.126592,-0.00364143,0.0188496,0.0791234,0.18163,0.000394543,0.00348569,13
4.61488,-0.126592,0.00308121,0.0188496,0.0755863,0.188389,0.000418567,0.00348617,13
4.61838,-0.126592,-0.00532209,0.0188496,0.0770317,0.17078,0.000429918,0.00348617,13
4.62188,-0.126592,-0.00028011,0.0219912,0.0684621,0.195815,0.000457679,0.00347415,13
4.62538,-0.126592,0.00308121,0.0219912,0.0710888,0.212723,0.00050231,0.00348726,10
4.62888,-0.126592,-0.00028011,0.0219912,0.0823999,0.238714,0.000545089,0.00348618,10
4.63238,-0.126592,-0.00028011,0.0219912,0.100511,0.294459,0.00056222,0.00348522,10
4.63588,-0.126592,0.00140055,0.0219912,0.124167,0.371682,0.00060603,0.00348618,10
4.63938,-0.126592,-0.00364143,0.0219912,0.15274,0.446391,0.000646645,0.00348331,10
4.64288,-0.126592,0.00140055,0.0219912,0.186229,0.562702,0.00072583,0.00348645,10
4.64638,-0.126592,-0.00196077,0.0251327,0.187484,0.595917,0.00073673,0.00348636,7
4.64988,-0.126592,0.00308121,0.0251327,0.191301,0.620899,0.000121122,0.00348663,7
4.65338,-0.126518,0.00308121,0.0251327,0.195324,0.633447,0.000127664,0.00348783,14
4.65688,-0.126518,0.00812319,0.0251327,0.197827,0.654386,0.00012013,0.00348391,14
4.66038,-0.126445,0.0142856,0.0251327,0.197711,0.67037,0.000121944,0.00348586,14
4.66388,-0.126445,0.0210082,0.0251327,0.194506,0.678149,0.000128355,0.00348611,14
4.66738,-0.126371,0.0243696,0.0251327,0.188367,0.668241,0.000127343,0.00348652,14
4.67088,-0.126223,0.0226889,0.0251327,0.18008,0.638652,0.000119489,0.00348562,14
4.67438,-0.126149,0.0271707,0.0282743,0.15763,0.619658,0.000118467,0.00348665,14
4.67788,-0.126075,0.0288513,0.0282743,0.145368,0.586493,0.000130499,0.00348625,14
4.68138,-0.125927,0.0322126,0.0282743,0.14408,0.591679,0.000137482,0.0034865,14
4.68488,-0.125853,0.0338933,0.0282743,0.130983,0.555946,0.000119629,0.00348567,14
4.68838,-0.125706,0.0389353,0.0282743,0.119663,0.534668,0.000118928,0.0034863,14
4.69188,-0.125558,0.035574,0.0314159,0.0974778,0.496065,0.000127163,0.00348626,14
4.69538,-0.12541,0.035574,0.0314159,0.0881492,0.467681,0.000127915,0.0034864,14
4.69888,-0.125262,0.0439773,0.0314159,0.0918347,0.501411,0.000117886,0.00348482,14
4.70238,-0.125114,0.0467784,0.0314159,0.109476,0.563391,0.000148843,0.00348633,14
4.70588,-0.124967,0.0450977,0.0345575,0.105022,0.583774,0.000122324,0.00347695,14
4.70938,-0.124819,0.048459,0.0345575,0.114524,0.622171,0.000146248,0.00348705,14
4.71288,-0.124671,0.053501,0.0345575,0.13704,0.705037,0.000122915,0.00348634,14
4.71638,-0.124449,0.0501397,0.0345575,0.148062,0.730631,0.000128976,0.00348631,14
4.71988,-0.124301,0.053501,0.0345575,0.159447,0.774827,0.000127293,0.00348643,14
4.72338,-0.12408,0.0602236,0.0345575,0.170255,0.82623,0.000145106,0.00348666,14
4.72688,-0.123858,0.0602236,0.0345575,0.18017,0.857242,0.000125871,0.00348615,14
4.73038,-0.123636,0.0680667,0.0345575,0.189508,0.907062,0.000124108,0.00348631,14
4.73388,-0.123415,0.07647,0.0376991,0.185781,0.956318,0.000134837,0.003485,14
4.73738,-0.123119,0.07647,0.0376991,0.192871,0.978796,0.000128595,0.00348714,14
4.74088,-0.122823,0.0826324,0.0376991,0.186739,0.976758,0.00012013,0.00348635,14
4.74438,-0.122528,0.0910357,0.0376991,0.179716,0.977855,0.000128846,0.00348657,14
4.74788,-0.122232,0.0927164,0.0376991,0.171329,0.957111,0.000133525,0.00348461,14
4.75138,-0.121863,0.100559,0.0376991,0.161737,0.948994,0.000128766,0.00348638,14
4.75488,-0.121493,0.103921,0.0376991,0.151722,0.927816,0.000126011,0.00348424,14
4.75838,-0.121124,0.110643,0.0376991,0.1427,0.918515,0.000135428,0.00348655,13
4.76188,-0.120754,0.112324,0.0376991,0.136711,0.905313,0.000199606,0.00348638,13
4.76538,-0.120311,0.115125,0.0376991,0.136423,0.912764,0.000231084,0.00348741,13
4.76888,-0.119941,0.125209,0.0376991,0.120782,0.891914,0.000273852,0.0034864,13
4.77238,-0.119498,0.12857,0.0376991,0.104943,0.852973,0.000285944,0.00348571,13
4.77588,-0.118981,0.134733,0.0376991,0.0911038,0.827703,0.00033287,0.00348584,13
4.77938,-0.118537,0.0210082,0.0376991,0.0819332,0.501945,0.000378173,0.0034838,13
4.78288,-0.118094,0.136414,0.0376991,0.0805711,0.801667,0.000430589,0.00348655,13
4.78638,-0.117576,0.138094,0.0376991,0.0662772,0.763233,0.000454372,0.00348649,13
4.78988,-0.117059,0.143136,0.0376991,0.054363,0.740947,0.000515454,0.00348653,10
4.79338,-0.116616,0.143136,0.0376991,0.0470264,0.719352,0.000529811,0.00348697,10
4.79688,-0.116098,0.15266,0.0376991,0.0467795,0.744741,0.000590252,0.00348548,10
4.80038,-0.115507,0.156021,0.0376991,0.032097,0.709687,0.000608164,0.00348325,10
4.80388,-0.11499,0.156021,0.0376991,0.0173483,0.665442,0.000726071,0.00348611,10
4.80738,-0.114399,0.154341,0.0376991,0.00363255,0.620128,0.000684324,0.0034863,10
4.81088,-0.113881,0.161063,0.0376991,-0.00779426,0.603754,0.00072579,0.00348608,7
4.81438,-0.11329,0.167786,0.0376991,-0.0155194,0.598938,0.000117185,0.00348645,7
4.81788,-0.112847,0.166105,0.0376991,-0.0179728,0.58796,0.00017492,0.00348523,14
4.82138,-0.112256,0.167786,0.0376991,-0.0134277,0.607675,0.000128676,0.00348748,14
4.82488,-0.111664,0.167786,0.0376991,-0,0.650319,0.000123106,0.00348444,14
4.82838,-0.111073,0.172268,0.0376991,-0,0.663397,0.000131761,0.00348639,14
4.83188,-0.110482,0.173948,0.0376991,-0,0.669123,0.000123586,0.00348609,14
4.83538,-0.109891,0.173948,0.0376991,-0,0.670437,0.000132323,0.00348658,14
4.83888,-0.109226,0.175629,0.0376991,-0,0.676327,0.000122123,0.00348536,14
4.84238,-0.108634,0.175629,0.0376991,-0,0.677641,0.000135369,0.00348638,14
4.84588,-0.108043,0.17731,0.0376991,-0,0.683367,0.000144615,0.00347767,14
4.84938,-0.107378,0.185713,0.0376991,-0,0.706904,0.000134096,0.00348668,14
4.85288,-0.106713,0.185713,0.0376991,-0,0.708382,0.000122815,0.00348347,14
4.85638,-0.106048,0.186833,0.0376991,-0,0.712802,0.000131912,0.00348622,14
4.85988,-0.105383,0.190195,0.0376991,-0,0.723103,0.000140998,0.00348642,14
4.86338,-0.104718,0.193556,0.0376991,-0,0.733405,0.000129307,0.00348587,14
4.86688,-0.104053,0.198598,0.0376991,-0,0.748118,0.000121793,0.00348535,14
4.87038,-0.103314,0.20476,0.0376991,-0,0.765937,0.000130619,0.00348634,14
4.87388,-0.102648,0.20364,0.0376991,-0,0.764474,0.000144865,0.00348469,14
4.87738,-0.101909,0.206441,0.0376991,-0,0.77347,0.000129848,0.00348754,14
4.88088,-0.10117,0.218206,0.0376991,-0,0.805993,0.000124919,0.0034831,14
4.88438,-0.100431,0.214844,0.0376991,-0,0.798813,0.000131521,0.00348631,14
4.88788,-0.0996185,0.214844,0.0376991,-0,0.80062,0.000154033,0.00347258,14
4.89139,-0.0988795,0.219886,0.0376991,-0,0.815498,0.000131852,0.00348477,14
4.89489,-0.0981405,0.222687,0.0376991,-0,0.824493,0.000132483,0.00348173,14
4.89839,-0.0973276,0.226049,0.0376991,-0,0.835123,0.000131451,0.00348635,14
4.90189,-0.0965147,0.232771,0.0376991,-0,0.854577,0.000134085,0.00348512,14
4.90539,-0.0957017,0.232771,0.0376991,-0,0.856384,0.000134857,0.00348712,14
4.90889,-0.0948888,0.237813,0.0376991,-0,0.871425,0.000122335,0.00348327,14
4.91239,-0.0940759,0.237813,0.0376991,-0,0.873232,0.000135288,0.00348646,14
4.91589,-0.0931891,0.245656,0.0376991,-0,0.895791,0.000131321,0.00348478,13
4.91939,-0.0923023,0.278149,0.0376991,-0,0.983053,0.000239859,0.0034864,13
4.92289,-0.0914155,0.249018,0.0345575,0.0134277,0.91171,0.000246712,0.00348567,13
4.92639,-0.0905287,0.25406,0.0345575,0.0179728,0.940905,0.000266509,0.00348564,13
4.92989,-0.0896419,0.258541,0.0345575,0.0155194,0.947089,0.000333551,0.00348539,13
4.93339,-0.0886812,0.270306,0.0345575,0.00779426,0.956329,0.000343389,0.00348658,13
4.93689,-0.0877204,0.268625,0.0345575,-0.00363263,0.918882,0.000370048,0.00348518,13
4.94039,-0.0867597,0.273667,0.0345575,-0.0173483,0.892037,0.000407436,0.0034864,13
4.94389,-0.085799,0.278149,0.0345575,-0.032097,0.860542,0.000436981,0.00348621,13
4.94739,-0.0848383,0.288233,0.0345575,-0.0467796,0.843955,0.00044766,0.0034852,13
4.95089,-0.0838037,0.288233,0.0345575,-0.0604542,0.804166,0.000489787,0.00348643,10
4.95439,-0.0827691,0.292715,0.0345575,-0.0723358,0.78166,0.000525352,0.00348625,10
4.95789,-0.0817345,0.297757,0.0345575,-0.0817965,0.768075,0.000563703,0.00348406,10
4.96139,-0.080626,0.304479,0.0314159,-0.0749375,0.771121,0.000608435,0.00348679,10
4.96489,-0.0795913,0.302799,0.0314159,-0.0737552,0.772648,0.000618574,0.0034848,10
4.96839,-0.0784828,0.302799,0.0314159,-0.0762087,0.767561,0.000664096,0.00348624,10
4.97189,-0.0774482,0.312323,0.0282743,-0.0671432,0.784586,0.000710331,0.00348634,7
4.97539,-0.0763397,0.310642,0.0282743,-0.0674562,0.781675,0.000117876,0.00348657,7
4.97889,-0.075379,0.320726,0.0282743,-0.0741647,0.789632,0.000137161,0.00347087,14
4.98239,-0.0742705,0.315684,0.0282743,-0.0847569,0.74626,0.000134466,0.0034864,14
4.98589,-0.073162,0.327448,0.0282743,-0.0971917,0.741332,0.000149164,0.00348569,14
4.98939,-0.0719795,0.33025,0.0251327,-0.0964717,0.715353,0.000127945,0.00348742,14
4.99289,-0.070871,0.33193,0.0251327,-0.103808,0.699647,0.000130048,0.00348529,14
4.99639,-0.0696886,0.336972,0.0251327,-0.116689,0.675864,0.000126532,0.00348627,14
4.99989,-0.0685062,0.336972,0.0251327,-0.133231,0.627579,0.000132613,0.00348553,14
5.00339,-0.0673238,0.348177,0.0251327,-0.152177,0.601303,0.000128575,0.00348444,14
5.00689,-0.0660675,0.343695,0.0251327,-0.1729,0.528548,0.000126762,0.00348475,14
5.01039,-0.064885,0.345376,0.0219912,-0.181972,0.46949,0.000127925,0.00348657,14
5.01389,-0.0636287,0.351538,0.0219912,-0.202331,0.425795,0.00012038,0.00348316,14
5.01739,-0.0624463,0.348177,0.0219912,-0.208999,0.399079,0.000124808,0.00348754,14
5.02089,-0.0612639,0.354899,0.0219912,-0.213361,0.405927,0.000123316,0.00348655,14
5.02439,-0.0600076,0.343695,0.0219912,-0.214005,0.377326,0.000126331,0.00348642,14
5.02789,-0.0588252,0.345376,0.0188496,-0.196719,0.399396,0.000134546,0.00348414,14
5.03139,-0.0576428,0.342014,0.0188496,-0.183655,0.433411,0.000127464,0.00348656,14
5.03489,-0.0563864,0.351538,0.0188496,-0.1734,0.492764,0.000125259,0.00348633,14
5.03839,-0.055204,0.346496,0.015708,-0.1519,0.510157,0.000125971,0.00348616,14
5.04189,-0.0540216,0.346496,0.015708,-0.141621,0.544423,0.000127904,0.00348636,14
5.04539,-0.0527653,0.345376,0.015708,-0.141621,0.544275,0.000155736,0.0034876,14
5.04889,-0.0515829,0.351538,0.015708,-0.1519,0.531441,0.000123897,0.00348569,14
5.05239,-0.0503266,0.353219,0.0125664,-0.159973,0.475622,0.000128225,0.00348631,14
5.05589,-0.0490702,0.354899,0.0125664,-0.165682,0.465254,0.000132052,0.00348622,14
5.05939,-0.0478878,0.361622,0.0125664,-0.181199,0.437768,0.00013633,0.00348667,14
5.06289,-0.0466315,0.353219,0.0125664,-0.206211,0.34152,0.000123586,0.00347599,14
5.06639,-0.0453752,0.354899,0.0125664,-0.216994,0.315536,0.00013135,0.00348628,14
5.06989,-0.0441189,0.35658,0.0125664,-0.226347,0.293952,0.000128736,0.00348634,14
5.07339,-0.0428626,0.349857,0.0125664,-0.234428,0.254224,0.000135588,0.00348604,14
5.07689,-0.0416801,0.354899,0.0125664,-0.242179,0.246231,0.000118898,0.00348442,14
5.08039,-0.0404238,0.349857,0.00942478,-0.237899,0.210785,0.000164251,0.00348651,14
5.08389,-0.0391675,0.397476,0.00942478,-0.222059,0.387327,0.000127123,0.00348639,14
5.08739,-0.0379851,0.345376,0.00942478,-0.207302,0.298617,0.000126001,0.00348656,14
5.09089,-0.0368027,0.342014,0.00942478,-0.193628,0.334512,0.000130379,0.00348264,14
5.09439,-0.0356203,0.345376,0.00942478,-0.181821,0.382304,0.000222478,0.00348645,13
5.09789,-0.034364,0.342014,0.00942478,-0.173451,0.402033,0.000179489,0.00347712,13
5.10139,-0.0332554,0.335292,0.00942478,-0.170874,0.394783,0.000258273,0.00348604,13
5.10489,-0.0319991,0.338653,0.00628319,-0.139451,0.46494,0.000246972,0.00348439,13
5.10839,-0.0308906,0.336972,0.00628319,-0.116646,0.533184,0.000276066,0.00348563,13
5.11189,-0.0296343,0.340334,0.00628319,-0.10293,0.587016,0.000297555,0.00348586,13
5.11539,-0.0284519,0.338653,0.00314159,-0.0861321,0.598759,0.000348329,0.00348587,13
5.11889,-0.0272695,0.342014,0.00314159,-0.0906026,0.596451,0.000376681,0.00348465,13
5.12239,-0.0260131,0.345376,0.00314159,-0.0929326,0.600895,0.000394673,0.00348471,13
5.12589,-0.0248307,0.351538,0.00314159,-0.106236,0.578754,0.000415,0.00348618,13
5.12939,-0.0235744,0.354899,0.00314159,-0.130983,0.5142,0.000443332,0.00348712,13
5.13289,-0.0223181,0.359941,0.00314159,-0.14408,0.489918,0.000457358,0.00348595,10
5.13639,-0.0210618,0.353219,0.00314159,-0.158796,0.429769,0.000481613,0.00348649,10
5.13989,-0.0198055,0.358261,0.00314159,-0.175602,0.394067,0.00051855,0.00348645,10
5.14339,-0.0185491,0.353219,0.00314159,-0.195599,0.322078,0.000567009,0.00348587,10
5.14689,-0.0172928,0.353219,-0,-0.182733,0.326294,0.000487183,0.00348615,9
5.15039,-0.0161104,0.35658,-0,-0.1729,0.368011,0.000404842,0.0034858,9
5.15389,-0.014928,0.353219,-0,-0.164844,0.386613,0.000286976,0.00348642,9
5.15739,-0.0137456,0.353219,-0,-0.157936,0.410502,0.000254016,0.00348672,9
5.16089,-0.0123415,0.524086,-0,-0.152177,0.87986,0.000127103,0.00348653,12
5.16439,-0.0113068,0.348177,-0,-0.148195,0.432671,0.00012571,0.00348589,12
5.16789,-0.0100505,0.35658,-0,-0.147245,0.460444,0.000128085,0.00348451,12
5.17139,-0.00886812,0.358261,-0,-0.151212,0.455274,0.000128846,0.00348499,12
5.17489,-0.0076118,0.353219,-0.00314159,-0.124829,0.487861,0.000120341,0.00348235,12
5.17839,-0.00635548,0.354899,-0.00314159,-0.104775,0.556789,0.000128015,0.00348561,12
5.18189,-0.00509917,0.358261,-0.00314159,-0.0905798,0.612097,0.000118026,0.003482,12
5.18539,-0.00391675,0.364423,-0.00314159,-0.0823999,0.656078,0.000190038,0.00346742,12
5.18889,-0.00258653,0.364423,-0.00314159,-0.0810205,0.66328,0.000135038,0.00348349,12
5.19239,-0.00133022,0.374507,-0.00314159,-0.0878545,0.671508,0.000130048,0.00348529,12
5.19589,-7.39006e-05,0.367784,-0.00314159,-0.104943,0.604058,0.000128796,0.00348536,12
5.19939,0.00125632,0.372826,-0.00314159,-0.110603,0.602828,0.000135558,0.00347942,12
5.20289,0.00258653,0.379549,-0.00314159,-0.119362,0.596472,0.000119469,0.00348651,12
5.20639,0.00384285,0.377868,-0.00314159,-0.13279,0.553524,0.000140647,0.00348636,12
5.20989,0.00517307,0.384031,-0.00314159,-0.128576,0.585627,0.000116093,0.0034837,12
5.21339,0.00650329,0.374507,-0.00314159,-0.120462,0.588558,0.000139225,0.00348588,12
5.21689,0.0078335,0.377868,-0.00628319,-0.0956488,0.638535,0.000151849,0.00348424,12
5.22039,0.00916372,0.38123,-0.00628319,-0.0773879,0.70652,0.00012581,0.00348576,12
5.22389,0.0104939,0.379549,-0.00942478,-0.0516239,0.746189,0.00012553,0.00348625,12
5.22739,0.0118242,0.379549,-0.00942478,-0.04051,0.783353,0.000126552,0.00348622,12
5.23089,0.0131544,0.392434,-0.00942478,-0.0424762,0.81408,0.000116964,0.00348637,12
5.23439,0.0144846,0.260222,-0.00942478,-0.0565806,0.426581,0.000129717,0.00348605,12
5.23789,0.0158887,0.399157,-0.0125664,-0.0690815,0.71774,0.000122995,0.00347791,12
5.24139,0.0172189,0.395795,-0.0125664,-0.0782521,0.683648,0.000129217,0.00348653,12
5.24489,0.018623,0.390753,-0.0125664,-0.0943801,0.623894,0.000116253,0.00348647,12
5.24839,0.0199533,0.397476,-0.0125664,-0.114954,0.581174,0.000126622,0.00348645,12
5.25189,0.0213574,0.395795,-0.0125664,-0.138089,0.508675,0.000116023,0.00348366,12
5.25539,0.0227615,0.400277,-0.0125664,-0.16253,0.448334,0.000127263,0.00348539,12
5.25889,0.0241656,0.407,-0.0125664,-0.187649,0.391788,0.000116984,0.00348544,12
5.26239,0.0255697,0.407,-0.015708,-0.200018,0.318663,0.000126642,0.00348566,12
5.26589,0.0270478,0.407,-0.015708,-0.222575,0.25252,0.000117104,0.00348544,12
5.26939,0.0284519,0.403638,-0.015708,-0.230341,0.222915,0.000124629,0.00348552,12
5.27289,0.029856,0.401958,-0.015708,-0.234703,0.208198,0.000140818,0.00348602,12
5.27639,0.0312601,0.399157,-0.015708,-0.234248,0.205366,0.000123687,0.00348641,12
5.27989,0.0326642,0.400277,-0.015708,-0.228192,0.23007,0.00012556,0.00348652,12
5.28339,0.0339944,0.389073,-0.0188496,-0.202948,0.243136,0.000162187,0.00347459,12
5.28689,0.0353986,0.389073,-0.0188496,-0.1813,0.31289,0.000122624,0.00348554,12
5.29039,0.0367288,0.377868,-0.0219912,-0.149033,0.347574,0.000139165,0.00348537,12
5.29389,0.038059,0.38235,-0.0219912,-0.128458,0.425622,0.000117776,0.00348389,12
5.29739,0.0393892,0.385711,-0.0219912,-0.118477,0.468124,0.000128335,0.00348498,12
5.30089,0.0407933,0.462461,-0.0251327,-0.105504,0.674461,0.000116453,0.00348639,12
5.30439,0.0420497,0.385711,-0.0251327,-0.112635,0.453843,0.000144435,0.00348438,12
5.30789,0.0433799,0.379549,-0.0251327,-0.139712,0.357283,0.000122134,0.00348617,12
5.31139,0.0447101,0.384031,-0.0251327,-0.163327,0.29932,0.000125079,0.00348588,12
5.31489,0.0460403,0.387392,-0.0251327,-0.19675,0.208227,0.000117135,0.00348592,12
5.3184,0.0473705,0.379549,-0.0251327,-0.216415,0.130069,0.000130709,0.00348364,12
5.3219,0.0487746,0.376188,-0.0251327,-0.235279,0.0663059,0.000117906,0.00348546,12
5.3254,0.050031,0.38235,-0.0251327,-0.253656,0.0287126,0.000124258,0.00348725,12
5.3289,0.0513612,0.377868,-0.0251327,-0.272645,-0.0385395,0.000146469,0.0034849,12
5.3324,0.0526914,0.367784,-0.0251327,-0.269777,-0.0532275,0.000139466,0.00348555,12
5.3359,0.0539477,0.364423,-0.0251327,-0.258954,-0.0259436,0.000117496,0.00348506,12
5.3394,0.055204,0.354899,-0.0251327,-0.241272,0.00627283,0.000127373,0.00348583,12
5.3429,0.0564603,0.346496,-0.0282743,-0.205032,0.0603753,0.000117155,0.00348646,12
5.3464,0.0576428,0.343695,-0.0282743,-0.174898,0.1484,0.00012555,0.00348645,12
5.3499,0.0588252,0.336972,-0.0282743,-0.151969,0.203954,0.000128877,0.00348434,12
5.3534,0.0600076,0.335292,-0.0282743,-0.13813,0.244766,0.000131692,0.00348526,12
5.3569,0.0611161,0.327448,-0.0282743,-0.111698,0.307998,0.000117325,0.00348376,12
5.3604,0.0622985,0.33193,-0.0282743,-0.0873566,0.397311,0.000124037,0.00348608,12
5.3639,0.063407,0.328569,-0.0282743,-0.0669897,0.453639,0.000126612,0.00348644,12
5.3674,0.0645894,0.325768,-0.0282743,-0.0531094,0.491637,0.000124108,0.0034864,12
5.3709,0.065698,0.33025,-0.0282743,-0.0488554,0.518959,0.000116644,0.00348355,12
5.3744,0.0668065,0.324087,-0.0282743,-0.0579955,0.477115,0.000195128,0.00348374,9
5.3779,0.0679889,0.319045,-0.0282743,-0.0605745,0.458571,0.0001418,0.0034866,9
5.3814,0.0690974,0.324087,-0.0282743,-0.0728457,0.4365,0.000181873,0.00348702,9
5.3849,0.0702059,0.320726,-0.0282743,-0.0737552,0.427342,0.000152609,0.00348617,9
5.3884,0.0713883,0.325768,-0.0282743,-0.0783003,0.429216,0.000210596,0.0034855,9
5.3919,0.0724969,0.319045,-0.0282743,-0.0883651,0.383055,0.000175031,0.0034861,9
5.3954,0.0736054,0.315684,-0.0282743,-0.0817963,0.396914,0.000186892,0.00348384,9
5.3989,0.0747139,0.317364,-0.0282743,-0.0723357,0.432909,0.000187122,0.00348621,9
5.4024,0.0758224,0.315684,-0.0282743,-0.0604541,0.467532,0.000201098,0.00348596,9
5.4059,0.0769309,0.310642,-0.0282743,-0.0467796,0.49885,0.000208742,0.00348639,9
5.4094,0.0779655,0.312323,-0.0282743,-0.032097,0.550752,0.000220314,0.00348718,9
5.4129,0.079074,0.312323,-0.0282743,-0.0173484,0.598611,0.000221415,0.00347904,9
5.4164,0.0801826,0.310642,-0.0282743,-0.00363268,0.63888,0.000236724,0.00348658,9
5.4199,0.0812911,0.309521,-0.0282743,0.00779425,0.673574,0.000273792,0.00348649,9
5.4234,0.0823996,0.317364,-0.0314159,0.028947,0.723555,0.000282488,0.00348054,9
5.4269,0.0834342,0.319045,-0.0314159,0.0359456,0.751807,0.000302334,0.00348641,9
5.4304,0.0846166,0.322406,-0.0314159,0.028947,0.741718,0.000275555,0.00348226,9
5.4339,0.0857251,0.328569,-0.0314159,0.00779423,0.695252,0.000263994,0.00348318,9
5.4374,0.0868336,0.33025,-0.0314159,-0.00363265,0.666957,0.000306151,0.00348698,9
5.4409,0.0880161,0.33193,-0.0314159,-0.0173484,0.631781,0.000287657,0.00348631,9
5.4444,0.0891985,0.336972,-0.0345575,-0.0186693,0.605402,0.000341996,0.00348549,9
5.4479,0.0903809,0.336972,-0.0345575,-0.0288067,0.576829,0.000311951,0.0034865,9
5.4514,0.0915633,0.338653,-0.0345575,-0.0449347,0.534228,0.000319415,0.0034866,9
5.4549,0.0927457,0.345376,-0.0345575,-0.0645415,0.494156,0.000315398,0.00348675,9
5.4584,0.0939281,0.25574,-0.0345575,-0.085429,0.197209,0.000321178,0.0034864,9
5.4619,0.0951844,0.340334,-0.0345575,-0.105714,0.359618,0.00032727,0.00348668,9
5.4654,0.0963669,0.338653,-0.0345575,-0.123825,0.30209,0.000340083,0.00348718,9
5.4689,0.0975493,0.33193,-0.0345575,-0.138508,0.24188,0.000333932,0.0034863,9
5.4724,0.0986578,0.333611,-0.0345575,-0.148819,0.217018,0.000325606,0.00348635,9
5.4759,0.0998402,0.328569,-0.0376991,-0.140705,0.193211,0.000358697,0.00348651,9
5.4794,0.100949,0.327448,-0.0376991,-0.136159,0.206724,0.000374115,0.0034865,9
5.4829,0.102057,0.322406,-0.0376991,-0.1333,0.204754,0.000380017,0.00348676,9
5.4864,0.10324,0.322406,-0.0376991,-0.130714,0.215344,0.000406455,0.00348588,9
5.4899,0.104348,0.320726,-0.0376991,-0.127458,0.223417,0.00040885,0.00347203,9
5.4934,0.105457,0.317364,-0.0376991,-0.123062,0.230588,0.000419058,0.00348692,9
5.4969,0.106565,0.314003,-0.0376991,-0.117526,0.241267,0.00045306,0.00348371,9
5.5004,0.107674,0.319045,-0.0376991,-0.111321,0.276065,0.000478406,0.00348524,9
5.5039,0.108782,0.314003,-0.0376991,-0.105389,0.283552,0.000450696,0.0034861,9
5.5074,0.109891,0.309521,-0.0376991,-0.101143,0.287323,0.000467426,0.00348574,9
5.5109,0.110925,0.307841,-0.0376991,-0.100466,0.287294,0.000480089,0.0034863,9
5.5144,0.112034,0.307841,-0.0376991,-0.105714,0.273606,0.000499606,0.0034859,9
5.5179,0.113142,0.30616,-0.0376991,-0.0953608,0.303523,0.000501679,0.00348659,9
5.5214,0.114177,0.301118,-0.0376991,-0.083934,0.327759,0.000504705,0.00348732,9
5.5249,0.115212,0.302799,-0.0376991,-0.072846,0.368598,0.000513431,0.00348667,9
5.5284,0.116246,0.294396,-0.0376991,-0.0638237,0.37661,0.00053457,0.00348594,9
5.5319,0.117281,0.292715,-0.0376991,-0.0589081,0.389628,0.000542815,0.00348612,9
5.5354,0.118315,0.294396,-0.0376991,-0.0604542,0.39158,0.000562821,0.00348629,9
5.5389,0.11935,0.294396,-0.0376991,-0.0467795,0.43597,0.00057321,0.00348586,9
5.5424,0.120459,0.358261,-0.0376991,-0.032097,0.651265,0.000579662,0.00348581,9
5.5459,0.121345,0.28151,-0.0376991,-0.0173483,0.497169,0.000670398,0.0034867,9
5.5494,0.12238,0.27983,-0.0376991,-0.00363255,0.537273,0.00011992,0.00348747,6
5.5529,0.123193,0.288233,-0.0408407,0.0212219,0.599462,0.000118687,0.00348631,12
5.5564,0.124228,0.283191,-0.0408407,0.0334922,0.626293,0.000118777,0.00348617,12
5.5599,0.125188,0.286552,-0.0408407,0.0334922,0.637252,0.000160273,0.00348557,12
5.5634,0.126223,0.292715,-0.0408407,0.021222,0.617961,0.000123908,0.00348659,12
5.5669,0.127257,0.289914,-0.0408407,-0.00363262,0.536408,0.000142682,0.00348661,12
5.5704,0.128292,0.291594,-0.0408407,-0.0173483,0.500904,0.00012033,0.00348673,12
5.5739,0.129253,0.292715,-0.0408407,-0.0320969,0.460586,0.000117456,0.00348499,12
5.5774,0.130287,0.296076,-0.0408407,-0.0467795,0.426518,0.0001196,0.00348753,12
5.5809,0.131396,0.296076,-0.0408407,-0.0604541,0.386893,0.000118076,0.00348657,12
5.5844,0.132431,0.297757,-0.0408407,-0.0723357,0.357034,0.000125179,0.00348586,12
5.5879,0.133465,0.296076,-0.0408407,-0.0817964,0.325803,0.000132964,0.0034866,12
5.5914,0.1345,0.296076,-0.0408407,-0.0883652,0.307885,0.000124247,0.00347777,12
5.5949,0.135534,0.301118,-0.0408407,-0.0917281,0.313069,0.000126702,0.00348369,12
5.5984,0.136569,0.291594,-0.0408407,-0.0917281,0.29037,0.000137552,0.00348099,12
5.6019,0.137604,0.288233,-0.0408407,-0.0883652,0.294197,0.000127524,0.00348414,12
5.6054,0.138564,0.289914,-0.0408407,-0.0817964,0.320962,0.000122895,0.00348624,12
5.6089,0.139599,0.278149,-0.0439823,-0.058908,0.324653,0.000126412,0.00348387,12
5.6124,0.14056,0.284872,-0.0439823,-0.0424813,0.394995,0.000122955,0.00348546,12
5.6159,0.141594,0.27983,-0.0439823,-0.0312601,0.418597,0.000163941,0.00348503,12
5.6194,0.142555,0.276468,-0.0439823,-0.0243027,0.433324,0.000117014,0.00348596,12
5.6229,0.143516,0.284872,-0.0471239,-0.0075534,0.470894,0.000118427,0.00348611,12
5.6264,0.144476,0.27983,-0.0471239,-0.00300825,0.473784,0.00011474,0.00348677,12
5.6299,0.145511,0.28151,-0.0471239,-0.0087834,0.46272,0.000124959,0.00348409,12
5.6334,0.146472,0.283191,-0.0471239,-0.023466,0.424076,0.000118307,0.0034872,12
5.6369,0.147506,0.284872,-0.0471239,-0.046114,0.361079,0.000117986,0.00348624,12
5.6404,0.148467,0.284872,-0.0471239,-0.0762566,0.270439,0.000115722,0.00348677,12
5.6439,0.149502,0.286552,-0.0471239,-0.113894,0.161308,0.000115873,0.00348685,12
5.6474,0.150462,0.27983,-0.0471239,-0.135145,0.080387,0.000115882,0.00348662,12
5.6509,0.151423,0.28151,-0.0471239,-0.152182,0.0344946,0.000124738,0.00348667,12
5.6544,0.152384,0.274788,-0.0471239,-0.164064,-0.0175865,0.000117766,0.00348657,12
5.6579,0.153344,0.270306,-0.0471239,-0.170162,-0.0459836,0.000115602,0.00348688,12
5.6614,0.154231,0.256861,-0.0471239,-0.170162,-0.0793051,0.000113088,0.00348821,12
5.6649,0.155118,0.260222,-0.0471239,-0.164064,-0.0497422,0.000117705,0.00348605,12
5.6684,0.156079,0.256861,-0.0471239,-0.152182,-0.0198595,0.00011466,0.00348692,12
5.6719,0.156892,0.250698,-0.0502655,-0.121717,0.0213644,0.000148853,0.00348639,12
5.6754,0.157779,0.240614,-0.0502655,-0.0959206,0.0762656,0.000124548,0.00347572,12
5.6789,0.158591,0.237813,-0.0502655,-0.0741648,0.137682,0.000124408,0.00348412,12
5.6824,0.159404,0.234452,-0.0502655,-0.0562926,0.185675,0.000117064,0.00348675,12
5.6859,0.160217,0.232771,-0.0502655,-0.0426179,0.22516,0.000119259,0.0034861,12
5.6894,0.16103,0.22941,-0.0502655,-0.0339261,0.244896,0.000122374,0.0034862,12
5.6929,0.161843,0.22941,-0.0502655,-0.0314726,0.254255,0.000130329,0.00348352,12
5.6964,0.162656,0.222687,-0.0502655,-0.0369846,0.22145,0.000120662,0.00348476,12
5.6999,0.163395,0.221567,-0.0502655,-0.05266,0.171904,0.0001255,0.00348126,12
5.7034,0.164208,0.219886,-0.0502655,-0.0568163,0.156507,0.000126111,0.00348511,12
5.7069,0.164947,0.221567,-0.0502655,-0.0638237,0.140993,0.000123907,0.00348523,12
5.7104,0.16576,0.218206,-0.0502655,-0.0749373,0.0997705,0.000123466,0.0034866,12
5.7139,0.166499,0.216525,-0.0502655,-0.0917279,0.0453218,0.000121582,0.00348592,12
5.7174,0.167238,0.206441,-0.0502655,-0.0917279,0.0204951,0.000126241,0.00348762,12
5.7209,0.167903,0.209802,-0.0502655,-0.088365,0.0411474,0.000119198,0.00348545,12
5.7244,0.168642,0.20364,-0.0471239,-0.0952241,0.0436791,0.00011972,0.00348533,12
5.7279,0.169307,0.191875,-0.0471239,-0.0903085,0.029406,0.000118548,0.00348383,12
5.7314,0.169972,0.186833,-0.0471239,-0.0759735,0.0617715,0.000153962,0.00348666,12
5.7349,0.170637,0.182352,-0.0471239,-0.0545739,0.117352,0.00013086,0.00348275,12
5.73841,0.171229,0.17731,-0.0471239,-0.0284645,0.185793,0.000118006,0.00348462,12
5.74191,0.17182,0.172268,-0.0471239,-0,0.261484,0.000122314,0.00348585,12
5.74541,0.172411,0.170587,-0.0471239,0.0284644,0.345997,0.000123637,0.00348692,12
5.74891,0.173002,0.164425,-0.0471239,0.0545737,0.411497,0.000118487,0.00348459,12
5.75241,0.173593,0.0322126,-0.0471239,0.0759735,0.131633,0.000120951,0.00348608,12
5.75591,0.174111,0.156021,-0.0471239,0.0903086,0.501892,0.000127193,0.00348612,12
5.75941,0.174702,0.156021,-0.0471239,0.0952241,0.518335,0.000121021,0.00348664,12
5.76291,0.175219,0.156021,-0.0439823,0.0749376,0.495222,0.000118978,0.00348617,12
5.76641,0.17581,0.156021,-0.0439823,0.0737554,0.492897,0.000118206,0.00347535,12
5.76991,0.176328,0.15266,-0.0439823,0.0762088,0.492775,0.000120782,0.00348339,12
5.77341,0.176919,0.157702,-0.0408407,0.0671434,0.517598,0.000117645,0.00348501,12
5.77691,0.177436,0.161063,-0.0408407,0.0674562,0.528534,0.000117416,0.00348587,12
5.78041,0.178027,0.161063,-0.0408407,0.0741647,0.550496,0.000118898,0.00348423,12
5.78391,0.178545,0.157702,-0.0408407,0.0847568,0.575424,0.000118226,0.00348257,12
5.78741,0.179136,0.157702,-0.0408407,0.0971916,0.615011,0.000151287,0.00348666,12
5.79091,0.179727,0.161063,-0.0408407,0.109899,0.664262,0.000121964,0.00348371,12
5.79441,0.180244,0.161063,-0.0408407,0.121781,0.701983,0.000125219,0.00348603,12
5.79791,0.180836,0.164425,-0.0376991,0.118781,0.741062,0.00012529,0.0034839,12
5.80141,0.181427,0.161063,-0.0376991,0.123052,0.7467,0.000116563,0.00348769,12
5.80491,0.182018,0.167786,-0.0376991,0.133025,0.796356,0.000123086,0.00348474,12
5.80841,0.182609,0.167786,-0.0376991,0.147758,0.843015,0.000121994,0.00348529,12
5.81191,0.183201,0.173948,-0.0376991,0.166936,0.919533,0.000118336,0.00348476,12
5.81541,0.183792,0.173948,-0.0376991,0.190873,0.994525,0.000135268,0.00348636,12
5.81891,0.184383,0.17731,-0.0376991,0.196161,1.02094,0.000119219,0.00348483,12
5.82241,0.185048,0.188514,-0.0376991,0.195599,1.0501,0.000117726,0.00348506,12
5.82591,0.185713,0.191875,-0.0376991,0.18903,1.04018,0.000117606,0.00348591,12
5.82941,0.186378,0.200279,-0.0376991,0.176768,1.02598,0.000118087,0.00348617,12
5.83291,0.187117,0.20476,-0.0376991,0.159599,0.986537,0.00012018,0.00348611,12
5.83641,0.187856,0.214844,-0.0376991,0.138777,0.950562,0.000120501,0.00348639,12
5.83991,0.188595,0.219886,-0.0376991,0.116031,0.895428,0.000131761,0.00348035,12
5.84341,0.189408,0.226049,-0.0376991,0.093557,0.844239,0.000124418,0.00348674,12
5.84691,0.190221,0.22941,-0.0376991,0.0740249,0.794752,0.000128806,0.00348515,12
5.85041,0.191034,0.240614,-0.0376991,0.0605744,0.78457,0.000119369,0.00348352,12
5.85391,0.191847,0.240614,-0.0408407,0.070244,0.777963,0.00012027,0.00348418,12
5.85741,0.19266,0.240614,-0.0408407,0.0604541,0.749638,0.000119389,0.00348523,12
5.86091,0.193547,0.249018,-0.0408407,0.0488712,0.738016,0.000117425,0.00348628,12
5.86441,0.19436,0.249018,-0.0408407,0.0398913,0.712184,0.000127854,0.00348623,12
5.86791,0.195246,0.250698,-0.0408407,0.0137158,0.638001,0.000117035,0.00348282,12
5.87141,0.196133,0.250698,-0.0408407,-0.0137157,0.555541,0.000123576,0.00348679,12
5.87491,0.19702,0.250698,-0.0408407,-0.0398912,0.476947,0.000117986,0.0034861,12
5.87841,0.197907,0.25574,-0.0439823,-0.0488712,0.426337,0.000118958,0.00348563,12
5.88191,0.198794,0.25406,-0.0439823,-0.0604541,0.388246,0.000118176,0.00348331,12
5.88541,0.19968,0.256861,-0.0471239,-0.0568162,0.37059,0.000118738,0.00348566,12
5.88891,0.200567,0.25406,-0.0471239,-0.0560293,0.367631,0.000117896,0.00348364,12
5.89241,0.201454,0.250698,-0.0471239,-0.0764784,0.297839,0.000122534,0.00348526,12
5.89591,0.202341,0.249018,-0.0471239,-0.101282,0.219055,0.000128336,0.00348481,12
5.89941,0.203228,0.247337,-0.0502655,-0.11403,0.139202,0.000123998,0.00348651,12
5.90291,0.204114,0.245656,-0.0502655,-0.13452,0.0736946,0.000156206,0.00348659,12
5.90641,0.205001,0.249018,-0.0502655,-0.158828,0.00967218,0.000125269,0.00348636,12
5.90991,0.205814,0.245656,-0.0502655,-0.183657,-0.0737642,0.000124018,0.00348479,12
5.91341,0.206627,0.239494,-0.0502655,-0.206337,-0.157942,0.000125009,0.00347586,12
5.91691,0.20744,0.234452,-0.0502655,-0.224829,-0.226285,0.000120501,0.00348643,12
5.92041,0.208253,0.231091,-0.0502655,-0.237719,-0.272974,0.000122164,0.00348636,12
5.92391,0.209066,0.224368,-0.0502655,-0.244221,-0.308828,0.000133986,0.00348569,12
5.92741,0.209805,0.216525,-0.0502655,-0.24418,-0.327646,0.000130188,0.00348658,12
5.93091,0.210544,0.20476,-0.0502655,-0.238066,-0.338066,0.000149574,0.00347408,12
5.93441,0.211209,0.198598,-0.0534071,-0.21355,-0.315483,0.000127794,0.00348645,12
5.93791,0.211874,0.190195,-0.0534071,-0.19467,-0.27795,0.000117846,0.00348622,12
5.94141,0.212539,0.182352,-0.0534071,-0.181897,-0.257743,0.000124008,0.00348519,12
5.94491,0.21313,0.167786,-0.0534071,-0.176485,-0.278007,0.00012011,0.00347137,12
5.94841,0.213722,0.167786,-0.0534071,-0.156126,-0.214028,0.000122585,0.0034862,12
5.95191,0.214313,0.154341,-0.0534071,-0.134874,-0.182598,0.000126953,0.00348415,12
5.95541,0.21483,0.149859,-0.0534071,-0.113987,-0.128922,0.000139817,0.0034842,12
5.95891,0.215347,0.143136,-0.0534071,-0.0953468,-0.0880463,0.000148372,0.00348631,12
5.96241,0.215791,0.136414,-0.0534071,-0.0814666,-0.0619852,0.000115612,0.00348681,12
5.96591,0.216308,0.136414,-0.0534071,-0.0754857,-0.0424267,0.000114149,0.00348617,12
5.96941,0.216752,0.12689,-0.0534071,-0.0811718,-0.0839414,0.000113769,0.00348831,12
5.97291,0.217121,0.116806,-0.0534071,-0.0785701,-0.101582,0.000118407,0.00348667,12
5.97641,0.217564,0.116806,-0.0534071,-0.0839338,-0.117105,0.000115161,0.00348715,12
5.97991,0.217934,0.108963,-0.0534071,-0.0762085,-0.113093,0.000119769,0.00348556,12
5.98341,0.218303,0.105601,-0.0534071,-0.0703921,-0.103193,0.000118787,0.00348608,12
5.98691,0.218673,0.0988788,-0.0534071,-0.0683685,-0.113789,0.000122154,0.00348693,12
5.99041,0.218969,0.0843131,-0.0502655,-0.0857633,-0.166729,0.000122244,0.00348694,12
5.99391,0.219264,0.0781507,-0.0502655,-0.0784269,-0.159667,0.000123336,0.00348659,12
5.99741,0.21956,0.0747893,-0.0502655,-0.062299,-0.118193,0.000114259,0.00348823,12
6.00091,0.219781,0.066386,-0.0502655,-0.0398912,-0.0707894,0.00012032,0.00348595,12
6.00441,0.220003,0.0568623,-0.0502655,-0.0137157,-0.0147301,0.000117285,0.00348631,12
6.00791,0.220225,0.0518203,-0.0502655,0.0137158,0.0569593,0.00011469,0.0034869,12
6.01141,0.220373,0.0501397,-0.0502655,0.0398913,0.133442,0.000143753,0.00348487,12
6.01491,0.22052,0.0422966,-0.0502655,0.0622989,0.182151,0.00012537,0.00348441,12
6.01841,0.220668,0.0372546,-0.0471239,0.0649993,0.215733,0.000150886,0.00348446,12
6.02191,0.220816,0.0338933,-0.0471239,0.0677905,0.215829,0.000439255,0.00345549,12
6.02541,0.220964,0.035574,-0.0471239,0.0662768,0.21591,0.000141279,0.00348512,12
6.02891,0.221038,0.0338933,-0.0471239,0.0805708,0.255659,0.000122114,0.00348556,12
6.03241,0.221186,0.0322126,-0.0439823,0.0819329,0.293944,0.000117485,0.00348462,12
6.03591,0.22126,0.030532,-0.0439823,0.0911035,0.317923,0.000117425,0.00348645,12
6.03941,0.221407,0.030532,-0.0408407,0.091515,0.357695,0.000125881,0.0034864,12
6.04291,0.221481,0.0243696,-0.0408407,0.102809,0.376444,0.000124729,0.00348661,12
6.04641,0.221555,0.0260502,-0.0408407,0.120903,0.436712,0.000124939,0.00348536,12
6.04991,0.221629,0.0193276,-0.0408407,0.142344,0.485222,0.000125721,0.00348556,12
6.05341,0.221703,0.0193276,-0.0408407,0.164305,0.552983,0.000119339,0.00348684,12
6.05691,0.221777,0.0226889,-0.0376991,0.171162,0.621252,0.000116123,0.00348402,12
6.06041,0.221851,0.0210082,-0.0376991,0.183655,0.655455,0.000147771,0.0034863,9
6.06391,0.221925,0.0243696,-0.0376991,0.198957,0.71154,0.000118867,0.00348593,12
6.06741,0.221998,0.0288513,-0.0376991,0.215028,0.772933,0.000158681,0.00348527,9
6.07091,0.222146,0.0260502,-0.0376991,0.230611,0.813873,0.000120441,0.00348335,12
6.07441,0.22222,0.035574,-0.0376991,0.245236,0.884051,0.000187884,0.00348566,9
6.07791,0.222368,0.035574,-0.0345575,0.245789,0.924258,0.000154904,0.00348633,9
6.08141,0.222516,0.0406159,-0.0345575,0.25568,0.968263,0.000167237,0.00348738,9
6.08491,0.222664,0.0439773,-0.0345575,0.250556,0.961646,0.000162848,0.0034868,9
6.08841,0.222811,0.0518203,-0.0345575,0.242591,0.958045,0.000160925,0.00348674,9
6.09191,0.222959,0.0551816,-0.0345575,0.231312,0.932482,0.000173968,0.00348533,9
6.09541,0.223181,0.0602236,-0.0345575,0.217034,0.902264,0.000184087,0.00348312,9
6.09891,0.223403,0.0630247,-0.0314159,0.187429,0.857163,0.000202941,0.00348454,9
6.10241,0.223698,0.0680667,-0.0314159,0.16669,0.807221,0.000201149,0.00348524,9
6.10591,0.22392,0.0798313,-0.0314159,0.155602,0.804468,0.000198003,0.00348606,9
6.10941,0.224216,0.0731087,-0.0314159,0.155892,0.788372,0.000194997,0.00348652,9
6.11292,0.224511,0.0826324,-0.0314159,0.145878,0.783206,0.000217839,0.00348641,9
6.11642,0.224807,0.0876744,-0.0314159,0.140401,0.780239,0.000201149,0.00347755,9
6.11992,0.225102,0.0826324,-0.0314159,0.141658,0.77153,0.000211207,0.00348591,9
6.12341,0.225398,0.0927164,-0.0314159,0.152632,0.832434,0.000210686,0.00348594,9
6.12691,0.225694,0.094397,-0.0314159,0.15274,0.837836,0.000215325,0.00348647,9
6.13042,0.226063,0.0988788,-0.0314159,0.157765,0.865888,0.000258504,0.00348651,9
6.13392,0.226506,0.180671,-0.0314159,0.146338,1.0464,0.000232566,0.00348644,9
6.13742,0.226802,0.0927164,-0.0314159,0.1333,0.776054,0.000224201,0.00348718,9
6.14092,0.227172,0.107282,-0.0314159,0.120535,0.775819,0.000225063,0.00348626,9
6.14442,0.227541,0.112324,-0.0314159,0.110397,0.758673,0.00022938,0.00348583,9
6.14792,0.227911,0.116806,-0.0314159,0.105714,0.756843,0.000244538,0.00348658,9
6.15142,0.228354,0.115125,-0.0314159,0.085429,0.690983,0.000243917,0.0034855,9
6.15492,0.228797,0.120167,-0.0314159,0.0645414,0.640913,0.000241713,0.00348656,9
6.15842,0.229167,0.125209,-0.0314159,0.0449348,0.594622,0.000253284,0.00348238,9
6.16192,0.22961,0.12689,-0.0314159,0.0288067,0.550379,0.000256209,0.00348655,9
6.16542,0.230054,0.125209,-0.0314159,0.0186693,0.515751,0.000284431,0.00348356,9
6.16892,0.230497,0.130251,-0.0314159,0.0173483,0.525906,0.000257292,0.00348573,9
6.17242,0.230941,0.130251,-0.0314159,0.00363261,0.484676,0.000260046,0.00348457,9
6.17592,0.231384,0.130251,-0.0314159,-0.00779432,0.45049,0.00026151,0.00348528,9
6.17942,0.231901,0.130251,-0.0345575,-0.00209175,0.431016,0.000277779,0.00348492,9
6.18292,0.232345,0.130251,-0.0345575,-0,0.43844,0.000304378,0.00348461,9
6.18642,0.232788,0.12689,-0.0345575,0.00209162,0.43704,0.000307243,0.00346417,9
6.18992,0.233231,0.12857,-0.0345575,0.00779423,0.459989,0.000325697,0.00348513,9
6.19342,0.233675,0.123528,-0.0345575,-0.00363269,0.412569,0.000333702,0.00348555,9
6.19692,0.234118,0.121848,-0.0345575,-0.0173484,0.366928,0.000299088,0.00348409,9
6.20042,0.234562,0.12689,-0.0345575,-0.0320971,0.335753,0.0003108,0.00348604,9
6.20392,0.235005,0.12689,-0.0345575,-0.0467797,0.291547,0.000538998,0.00345621,9
6.20742,0.235448,0.125209,-0.0376991,-0.0470266,0.249185,0.000332569,0.0034775,9
6.21092,0.235818,0.121848,-0.0376991,-0.054363,0.218603,0.000352686,0.00348647,9
6.21442,0.236261,0.120167,-0.0376991,-0.0662772,0.178506,0.000367273,0.00348188,9
6.21792,0.236705,0.120167,-0.0376991,-0.0805711,0.135497,0.000363787,0.00348565,9
6.22142,0.237148,0.115125,-0.0376991,-0.0953609,0.077726,0.000389664,0.00348684,9
6.22492,0.237518,0.112324,-0.0376991,-0.109077,0.0289791,0.000394583,0.00348632,9
6.22842,0.237887,0.114005,-0.0376991,-0.120462,-0.000832078,0.000400103,0.00348576,9
6.23192,0.238257,0.105601,-0.0376991,-0.128576,-0.0470421,0.000422314,0.00348637,9
6.23542,0.238626,0.100559,-0.0376991,-0.13279,-0.0724255,0.000429848,0.003483,9
6.23892,0.238996,0.0960777,-0.0376991,-0.13279,-0.0833684,0.000433093,0.00348609,9
6.24242,0.239291,0.0859937,-0.0376991,-0.128576,-0.0962108,0.000560527,0.00348472,9
6.24592,0.239587,0.0843131,-0.0376991,-0.120462,-0.0749918,0.000755985,0.00345584,9
6.24942,0.239883,0.0731087,-0.0376991,-0.109077,-0.068701,0.000483005,0.00348753,9
6.25292,0.240104,0.0747893,-0.0376991,-0.0953608,-0.0215808,0.000481502,0.00348669,9
6.25642,0.2404,0.066386,-0.0376991,-0.0805711,0.0025396,0.000494636,0.00347113,9
6.25992,0.240622,0.0630247,-0.0376991,-0.0662772,0.0382045,0.000504224,0.00348605,9
6.26342,0.240769,0.0568623,-0.0376991,-0.054363,0.0590278,0.000519231,0.00348615,9
6.26692,0.240991,0.053501,-0.0376991,-0.0470264,0.0732788,0.000523229,0.00348607,9
6.27042,0.241139,0.0467784,-0.0376991,-0.0467795,0.0567209,0.000530763,0.00348615,9
6.27392,0.241287,0.0467784,-0.0376991,-0.032097,0.102241,0.000628642,0.0034855,9
6.27742,0.241508,0.0406159,-0.0376991,-0.0173483,0.131953,0.00010924,0.00348707,6
6.28092,0.241582,0.035574,-0.0376991,-0.00363255,0.161098,0.000623192,0.00348689,15
6.28442,0.24173,0.0338933,-0.0376991,0.00779426,0.192186,0.000580614,0.00348609,6
6.28792,0.241878,0.0288513,-0.0376991,0.0155194,0.203056,0.000617161,0.00348686,9
6.29142,0.241952,0.0243696,-0.0376991,0.0179728,0.199008,0.000601923,0.00348581,6
6.29492,0.242026,0.0243696,-0.0376991,0.0134277,0.185183,0.00061113,0.0034773,9
6.29842,0.2421,0.0176469,-0.0376991,-0,0.126372,0.000645002,0.00348451,6
6.30192,0.242173,0.0226889,-0.0376991,-0,0.139771,0.000135528,0.0034865,6
6.30542,0.242247,0.0176469,-0.0345575,-0.0134277,0.123547,0.000118648,0.00348644,12
6.30892,0.242247,0.00924363,-0.0345575,-0.0179728,0.0874999,0.000116703,0.00348668,12
6.31242,0.242247,0.00476187,-0.0345575,-0.0155194,0.0832871,0.000115231,0.00348702,12
6.31592,0.242247,0.00140055,-0.0345575,-0.00779426,0.0982411,0.000122735,0.00348522,12
6.31942,0.242247,-0.00532209,-0.0345575,0.00363263,0.115766,0.000121111,0.00348566,12
6.32292,0.242247,-0.00196077,-0.0345575,0.0173483,0.166804,0.000116874,0.00348654,12
6.32642,0.242247,-0.00028011,-0.0345575,0.032097,0.216611,0.000122755,0.00348524,12
6.32992,0.242247,-0.00028011,-0.0314159,0.0333519,0.258649,0.000119148,0.00348615,12
6.33342,0.242247,0.00140055,-0.0314159,0.0424813,0.291161,0.000121873,0.00347783,12
6.33692,0.242247,-0.00196077,-0.0314159,0.0568164,0.326459,0.000117796,0.00348651,12
6.34042,0.242247,-0.00196077,-0.0314159,0.0740022,0.379356,0.000120441,0.00348573,12
6.34392,0.242247,-0.00028011,-0.0314159,0.0919978,0.439156,0.000116884,0.00348669,12
6.34742,0.242247,-0.00028011,-0.0282743,0.0956488,0.488569,0.000119188,0.00348561,12
6.35092,0.242247,-0.00028011,-0.0282743,0.105852,0.519975,0.000121923,0.00348344,12
6.35442,0.242247,0.00140055,-0.0282743,0.119625,0.566778,0.00014175,0.00347982,12
6.35792,0.242247,0.00140055,-0.0282743,0.134456,0.612426,0.00012585,0.00348414,12
6.36142,0.242247,0.00140055,-0.0282743,0.148304,0.655049,0.000134066,0.0034851,12
6.36492,0.242321,-0.00028011,-0.0282743,0.159599,0.685566,0.000118137,0.00348641,12
6.36842,0.242321,0.00924363,-0.0282743,0.167242,0.734088,0.000119368,0.00348618,12
6.37192,0.242395,0.0176469,-0.0282743,0.170605,0.766661,0.000118336,0.00348634,12
6.37542,0.242395,0.0176469,-0.0251327,0.156103,0.760203,0.000118587,0.00348629,12
6.37892,0.242469,0.0210082,-0.0251327,0.146361,0.739205,0.000122785,0.0034859,12
6.38242,0.242543,0.0210082,-0.0251327,0.140279,0.72065,0.000126402,0.00347743,12
6.38592,0.242691,0.0260502,-0.0251327,0.137387,0.725313,0.000117665,0.00348671,12
6.38942,0.242765,0.0260502,-0.0251327,0.137842,0.726877,0.000115592,0.00348691,12
6.39292,0.242839,0.0322126,-0.0251327,0.142428,0.757333,0.000116904,0.00348602,12
6.39642,0.242986,0.0288513,-0.0251327,0.152559,0.78002,0.00012603,0.00348349,12
6.39992,0.243134,0.030532,-0.0251327,0.145924,0.764339,0.000118407,0.00348594,12
6.40342,0.243208,0.0372546,-0.0251327,0.136423,0.752904,0.000117205,0.00348562,12
6.40692,0.243356,0.0406159,-0.0251327,0.124995,0.726884,0.000118166,0.00348664,12
6.41042,0.243504,0.0422966,-0.0251327,0.113057,0.694878,0.000122214,0.00348596,12
6.41392,0.243651,0.0501397,-0.0251327,0.102489,0.683269,0.000128034,0.00348659,12
6.41742,0.243799,0.0422966,-0.0251327,0.0956486,0.641955,0.000146308,0.00348679,12
6.42092,0.244021,0.0518203,-0.0251327,0.0953606,0.66656,0.000125189,0.00348644,12
6.42442,0.244169,0.053501,-0.0251327,0.0805709,0.625779,0.000121794,0.00348556,12
6.42792,0.24439,0.053501,-0.0251327,0.066277,0.582277,0.000122996,0.00348521,12
6.43142,0.244538,0.053501,-0.0251327,0.0543629,0.545935,0.000121092,0.00348627,12
6.43492,0.24476,0.0568623,-0.0251327,0.0470264,0.53267,0.000118507,0.00348657,12
6.43842,0.244908,0.0602236,-0.0251327,0.0467795,0.541062,0.000124709,0.00348538,12
6.44192,0.24513,0.0551816,-0.0251327,0.0320969,0.483128,0.00012003,0.00348559,12
6.44542,0.245351,0.058543,-0.0251327,0.0173483,0.447049,0.00012048,0.00348682,12
6.44892,0.245573,0.0619043,-0.0251327,0.00363266,0.41415,0.000128877,0.00348608,12
6.45242,0.245795,0.0619043,-0.0251327,-0.00779425,0.379472,0.000129247,0.00348654,12
6.45592,0.246016,0.0602236,-0.0251327,-0.0155194,0.351776,0.000132773,0.00348599,12
6.45942,0.246164,0.0602236,-0.0251327,-0.0179728,0.344553,0.000127424,0.00348627,12
6.46292,0.246386,0.058543,-0.0251327,-0.0134276,0.354624,0.000134115,0.00348594,12
6.46642,0.246608,0.053501,-0.0251327,-0,0.383211,0.00013117,0.00347739,12
6.46992,0.246829,0.0568623,-0.0282743,0.0134277,0.39568,0.000132984,0.00348519,12
6.47342,0.246977,0.0551816,-0.0282743,0.0179728,0.405586,0.000155896,0.0034858,12
6.47692,0.247199,0.0551816,-0.0282743,0.0155194,0.398528,0.000121342,0.00348618,12
6.48042,0.24742,0.0518203,-0.0282743,0.00779425,0.36642,0.000134838,0.00348564,12
6.48392,0.247568,0.0501397,-0.0282743,-0.00363265,0.327166,0.000137803,0.00348413,12
6.48742,0.24779,0.0551816,-0.0282743,-0.0173484,0.298678,0.000129357,0.00348611,12
6.49092,0.247938,0.0501397,-0.0282743,-0.032097,0.240377,0.000128686,0.00348351,12
6.49442,0.248086,0.0467784,-0.0282743,-0.0467795,0.186691,0.000123596,0.00348594,12
6.49792,0.248233,0.0439773,-0.0282743,-0.0604541,0.137578,0.000134286,0.00348394,12
6.50142,0.248381,0.0439773,-0.0282743,-0.0723357,0.101336,0.000127013,0.00348374,12
6.50492,0.248529,0.0372546,-0.0282743,-0.0817963,0.0548998,0.000122685,0.00348514,12
6.50842,0.248677,0.0322126,-0.0282743,-0.0883651,0.0217755,0.000130138,0.00348256,12
6.51192,0.248751,0.030532,-0.0282743,-0.091728,0.00717779,0.000134006,0.00348392,12
6.51542,0.248898,0.0210082,-0.0282743,-0.091728,-0.0174927,0.000117696,0.00348632,12
6.51892,0.248972,0.0210082,-0.0282743,-0.0883651,-0.00697792,0.000122114,0.00348526,12
6.52242,0.249046,0.0210082,-0.0282743,-0.0817963,0.0134044,0.000115331,0.00348692,12
6.52592,0.24912,0.0193276,-0.0282743,-0.0723357,0.038276,0.000121673,0.00348604,12
6.52942,0.24912,0.00924363,-0.0282743,-0.0604541,0.0483768,0.000113708,0.00348786,12
6.53292,0.249194,0.00644253,-0.0282743,-0.0467796,0.0832773,0.000157198,0.00348599,12
6.53643,0.249194,0.00308121,-0.0282743,-0.032097,0.119646,0.000117846,0.00348636,12
6.53993,0.249194,-0.00028011,-0.0282743,-0.0173484,0.156217,0.000119719,0.00348648,12
6.54343,0.249194,-0.00028011,-0.0282743,-0.00363268,0.198433,0.000115431,0.00348703,12
6.54693,0.249194,-0.00196077,-0.0282743,0.00779425,0.229192,0.000117796,0.00348632,12
6.55043,0.249194,0.00140055,-0.0282743,0.0155194,0.261792,0.000118969,0.00348689,12
6.55393,0.249194,0.00476187,-0.0282743,0.0179728,0.278167,0.000117966,0.00348633,12
6.55743,0.249194,0.00140055,-0.0282743,0.0134276,0.255354,0.000128045,0.00348763,12
6.56093,0.249194,-0.00028011,-0.0282743,-0,0.209614,0.000148051,0.00348388,12
6.56443,0.249194,-0.00196077,-0.0282743,-0,0.205202,0.00013051,0.0034864,12
6.56793,0.249194,-0.00364143,-0.0282743,-0,0.200791,0.000121082,0.00348615,12
6.57143,0.249194,-0.00196077,-0.0282743,-0,0.205202,0.000122194,0.00348654,12
6.57493,0.249194,0.00140055,-0.0282743,-0,0.214025,0.000123376,0.00348623,12
6.57843,0.249194,-0.00028011,-0.0282743,-0,0.209614,0.000131842,0.00348704,12
6.58193,0.249194,-0.00196077,-0.0282743,-0,0.205202,0.000128105,0.00348445,12
6.58543,0.249194,0.00308121,-0.0282743,-0,0.218437,0.000128456,0.00348746,12
6.58893,0.249194,0.00140055,-0.0251327,-0.0134277,0.210873,0.000155545,0.003486,12
6.59243,0.249194,-0.00196077,-0.0251327,-0.0179728,0.18806,0.000126692,0.00348677,12
6.59593,0.249194,0.00140055,-0.0251327,-0.0155194,0.204434,0.000146148,0.00347762,12
6.59943,0.249194,-0.00364143,-0.0251327,-0.00779428,0.214977,0.000123376,0.00348524,12
6.60293,0.249194,-0.00364143,-0.0251327,0.00363261,0.250148,0.000137051,0.00346919,12
6.60643,0.249194,-0.00364143,-0.0251327,0.0173483,0.292363,0.00011984,0.00348619,12
6.60993,0.249194,-0.00028011,-0.0251327,0.0320969,0.346581,0.000118638,0.00348613,12
6.61343,0.249194,0.00140055,-0.0251327,0.0467795,0.396184,0.000113859,0.00348773,12
6.61693,0.249194,-0.00028011,-0.0251327,0.0604541,0.433862,0.000117656,0.00348656,12
6.62043,0.249194,-0.00196077,-0.0251327,0.0723357,0.46602,0.00011456,0.00348704,12
6.62393,0.249194,0.00476187,-0.0251327,0.0817964,0.512786,0.000134126,0.00348381,12
6.62743,0.249194,0.00140055,-0.0251327,0.0883652,0.524181,0.000132573,0.00347273,12
6.63093,0.249194,0.00476187,-0.0251327,0.091728,0.543354,0.000122014,0.00348433,12
6.63443,0.249194,-0.00364143,-0.0251327,0.091728,0.521296,0.00012027,0.00348673,12
6.63793,0.249194,-0.00196077,-0.0251327,0.0883652,0.515358,0.000117395,0.00348623,12
6.64143,0.249194,-0.00196077,-0.0251327,0.0817964,0.49514,0.000115231,0.00348022,12
6.64493,0.249194,0.00140055,-0.0251327,0.0723357,0.474844,0.000116023,0.00348667,12
6.64843,0.249194,-0.00028011,-0.0251327,0.0604541,0.433862,0.000120381,0.00348631,12
6.65193,0.249194,-0.00028011,-0.0251327,0.0467795,0.391773,0.000122565,0.0034847,12
6.65543,0.249194,0.00476187,-0.0251327,0.0320969,0.359816,0.000116834,0.00348626,12
6.65893,0.249194,0.00308121,-0.0251327,0.0173483,0.310009,0.000118557,0.0034862,12
6.66243,0.249194,0.00140055,-0.0251327,0.00363266,0.263383,0.000116994,0.00348696,12
6.66593,0.249194,0.00140055,-0.0251327,-0.00779425,0.228212,0.000116043,0.00348689,12
6.66943,0.249194,-0.00364143,-0.0251327,-0.0155194,0.1912,0.00011444,0.00348815,12
6.67293,0.249194,0.00308121,-0.0251327,-0.0179728,0.201295,0.000123857,0.00348538,12
6.67643,0.249194,-0.00028011,-0.0251327,-0.0134276,0.206461,0.000116594,0.00348636,12
6.67993,0.249194,-0.00028011,-0.0251327,-0,0.24779,0.000123997,0.00348637,12
6.68343,0.249194,-0.00028011,-0.0251327,-0,0.24779,0.000127784,0.0034866,12
6.68693,0.249194,0.00140055,-0.0251327,-0,0.252202,0.00012006,0.00348659,12
6.69043,0.249194,0.00476187,-0.0251327,-0,0.261025,0.000119058,0.00348677,12
6.69393,0.249194,0.00308121,-0.0251327,-0,0.256613,0.000120751,0.00348561,12
6.69743,0.249194,-0.00196077,-0.0251327,-0,0.243378,0.000115782,0.00348522,12
6.70093,0.249194,-0.00028011,-0.0251327,-0,0.24779,0.000126001,0.00348592,12
6.70443,0.249194,-0.00028011,-0.0251327,-0,0.24779,0.000143693,0.00348724,12
6.70793,0.249194,-0.00028011,-0.0251327,-0,0.24779,0.000121302,0.00348632,12
6.71143,0.249194,-0.00196077,-0.0251327,-0,0.243378,0.000117685,0.00348701,12
6.71493,0.249194,-0.00532209,-0.0251327,-0,0.234555,0.000120711,0.00348662,12
6.71843,0.249194,-0.00364143,-0.0251327,-0,0.238967,0.000130368,0.0034872,12
6.72193,0.249194,-0.00364143,-0.0251327,-0,0.238967,0.00012528,0.00348471,12
6.72543,0.249194,-0.00028011,-0.0251327,-0,0.24779,0.000116734,0.00348772,12
6.72893,0.249194,0.00140055,-0.0251327,-0,0.252202,0.000118727,0.00348658,12
6.73243,0.249194,-0.00028011,-0.0251327,-0,0.24779,0.000118457,0.00348666,12
6.73593,0.249194,0.00140055,-0.0251327,-0,0.252202,0.000117275,0.00348683,12
6.73943,0.249194,-0.00196077,-0.0251327,-0,0.243378,0.000129187,0.00348666,12
6.74293,0.249194,-0.00028011,-0.0251327,-0,0.24779,0.000117435,0.00348586,12
6.74643,0.249194,-0.00028011,-0.0251327,-0,0.24779,0.000118908,0.00348649,12
6.74993,0.249194,-0.00028011,-0.0251327,-0,0.24779,0.000117756,0.00348654,12
6.75343,0.249194,-0.00028011,-0.0251327,-0,0.24779,0.000115211,0.00348831,12
6.75693,0.249194,-0.00028011,-0.0251327,-0,0.24779,0.000118778,0.00348681,12
6.76043,0.249194,-0.00028011,-0.0251327,-0,0.24779,0.000140808,0.00348718,12
6.76393,0.249194,-0.00028011,-0.0251327,-0,0.24779,0.00013127,0.00348442,12
6.76743,0.249194,0.00140055,-0.0251327,-0,0.252202,0.000121363,0.00348644,12
6.77093,0.249194,-0.00028011,-0.0251327,-0,0.24779,0.00011999,0.00348641,12
6.77443,0.249194,-0.00196077,-0.0251327,-0,0.243378,0.000117265,0.00348702,12
6.77793,0.249194,0.00476187,-0.0251327,-0,0.261025,0.000124328,0.00348505,12
6.78143,0.249194,0.00140055,-0.0251327,-0,0.252202,0.000117535,0.00348813,12
6.78493,0.249194,0.00308121,-0.0251327,-0,0.256613,0.00011989,0.00348634,12
6.78843,0.249194,-0.00028011,-0.0251327,-0,0.24779,0.00014201,0.00348467,12
6.79193,0.249194,-0.00364143,-0.0251327,-0,0.238967,0.000124408,0.00348399,12
6.79543,0.249194,0.00140055,-0.0251327,-0,0.252202,0.000122795,0.00348661,12
6.79893,0.249194,0.00140055,-0.0251327,-0,0.252202,0.000119489,0.00348588,12
6.80243,0.249194,-0.00028011,-0.0251327,-0,0.24779,0.000130519,0.00348691,12
6.80593,0.249194,0.00140055,-0.0251327,-0,0.252202,0.000118547,0.00348665,12
6.80943,0.249194,-0.00196077,-0.0251327,-0,0.243378,0.000129447,0.00348827,12
6.81293,0.249194,-0.00364143,-0.0251327,-0,0.238967,0.000128686,0.00348702,12
6.81643,0.249194,-0.00196077,-0.0251327,-0,0.243378,0.000168669,0.00348506,12
6.81993,0.249194,0.00140055,-0.0251327,-0,0.252202,0.000120581,0.00348649,12
6.82343,0.249194,0.00140055,-0.0251327,-0,0.252202,0.000142642,0.00347681,12
6.82693,0.249194,0.00140055,-0.0251327,-0,0.252202,0.000118377,0.00348692,12
6.83043,0.249194,0.00140055,-0.0251327,-0,0.252202,0.000134767,0.00348658,12
6.83393,0.249194,0.00140055,-0.0251327,-0,0.252202,0.000128395,0.0034866,9
6.83743,0.249194,0.00140055,-0.0251327,-0,0.252202,0.000135318,0.00348781,9
6.84093,0.249194,-0.00196077,-0.0251327,-0,0.243378,0.000159863,0.00348644,9
6.84443,0.249194,0.00140055,-0.0251327,-0,0.252202,0.000199726,0.00348644,9
6.84793,0.249194,-0.00364143,-0.0251327,-0,0.238967,0.000263173,0.00346431,9
6.85143,0.249194,-0.00196077,-0.0251327,-0,0.243378,0.000443734,0.00346067,9
6.85493,0.249194,-0.00196077,-0.0251327,-0,0.243378,0.000159723,0.00348493,9
6.85843,0.249194,0.00308121,-0.0251327,-0,0.256613,0.000261259,0.00348211,9
6.86193,0.249194,0.00140055,-0.0251327,-0,0.252202,0.000190169,0.00348384,9
6.86543,0.249194,-0.00028011,-0.0251327,-0,0.24779,0.00022356,0.00348524,9
6.86893,0.249194,0.00308121,-0.0251327,-0,0.256613,0.000208772,0.00348563,9
6.87243,0.249194,-0.00532209,-0.0282743,0.0134277,0.237708,0.000249647,0.0034804,9
6.87593,0.249194,-0.00196077,-0.0282743,0.0179728,0.260521,0.000227907,0.00348598,9
6.87943,0.249194,-0.00028011,-0.0282743,0.0155194,0.257381,0.000259275,0.00347394,9
6.88293,0.249194,-0.00028011,-0.0282743,0.00779425,0.233604,0.000237486,0.00346982,9
6.88643,0.249194,-0.00196077,-0.0282743,-0.00363265,0.194021,0.000339782,0.00348081,9
6.88993,0.249194,0.00140055,-0.0282743,-0.0173484,0.160629,0.000282257,0.00348141,9
6.89343,0.249194,-0.00028011,-0.0282743,-0.032097,0.110823,0.00037128,0.00348079,9
6.89693,0.249194,0.00140055,-0.0282743,-0.0467795,0.0700426,0.000285233,0.0034837,9
6.90043,0.249194,-0.00364143,-0.0282743,-0.0604541,0.014719,0.000307633,0.00348221,9
6.90393,0.249194,-0.00364143,-0.0282743,-0.0723357,-0.0218515,0.000306923,0.00348491,9
6.90743,0.249194,-0.00196077,-0.0282743,-0.0817963,-0.0465587,0.000328311,0.00348311,9
6.91093,0.249194,-0.00028011,-0.0282743,-0.0883651,-0.0623652,0.000331217,0.00348636,9
6.91443,0.249194,0.00140055,-0.0282743,-0.091728,-0.0683041,0.000428546,0.00348268,9
6.91793,0.249194,0.00140055,-0.0282743,-0.091728,-0.0683041,0.000341656,0.00348602,9
6.92143,0.249194,-0.00028011,-0.0282743,-0.0883651,-0.0623652,0.000386719,0.0034856,9
6.92493,0.249194,0.00140055,-0.0282743,-0.0817963,-0.0377356,0.000361092,0.00348388,9
6.92843,0.249194,0.00140055,-0.0282743,-0.0723357,-0.0086167,0.000411044,0.0034856,9
6.93193,0.249194,0.00140055,-0.0282743,-0.0604541,0.0279536,0.000388663,0.00348643,9
6.93543,0.249194,-0.00028011,-0.0282743,-0.0467796,0.065631,0.000384885,0.0034729,9
6.93893,0.249194,0.00140055,-0.0314159,-0.0186693,0.118387,0.000441449,0.00348684,9
6.94243,0.249194,0.00308121,-0.0314159,0.000624388,0.182183,0.00043627,0.00348384,9
6.94593,0.249194,0.00140055,-0.0314159,0.0118867,0.212435,0.000444314,0.00348433,9
6.94943,0.249194,-0.00028011,-0.0314159,0.0155885,0.219417,0.000446769,0.00347945,9
6.95293,0.249194,-0.00196077,-0.0314159,0.0118867,0.203612,0.000451448,0.003484,9
6.95643,0.249194,0.00140055,-0.0314159,0.000624463,0.177771,0.000457769,0.00348346,9
6.95993,0.249194,-0.00028011,-0.0314159,-0.0186694,0.113975,0.000455395,0.0034843,9
6.96344,0.249194,0.00140055,-0.0345575,-0.0333519,0.0350192,0.000477625,0.00348362,9
6.96694,0.249194,-0.00364143,-0.0345575,-0.0424813,-0.006315,0.000486532,0.00348428,9
6.97044,0.249194,0.00476187,-0.0345575,-0.0568163,-0.0283789,0.000482915,0.00348405,9
6.97394,0.249194,0.00140055,-0.0345575,-0.0740021,-0.0900983,0.000490409,0.00348441,9
6.97744,0.249194,-0.00364143,-0.0345575,-0.0919978,-0.158722,0.000497251,0.00348339,9
6.98094,0.249194,0.00476187,-0.0345575,-0.109076,-0.18923,0.000488466,0.00348401,9
6.98444,0.249194,0.00140055,-0.0345575,-0.123825,-0.243448,0.00052363,0.00348117,9
6.98794,0.249194,0.00140055,-0.0345575,-0.135145,-0.278289,0.000508843,0.00348423,9
6.99144,0.249194,-0.00364143,-0.0345575,-0.142251,-0.313395,0.000504785,0.00348171,9
6.99494,0.249194,-0.00028011,-0.0376991,-0.131244,-0.308871,0.000599639,0.00347545,9
6.99844,0.24912,0.00140055,-0.0376991,-0.124278,-0.283182,0.00056231,0.00348269,9
7.00194,0.24912,0.00140055,-0.0376991,-0.119625,-0.268863,0.000598507,0.00348411,9
7.00544,0.24912,-0.00196077,-0.0376991,-0.116031,-0.266622,0.000568752,0.00348472,9
7.00894,0.24912,-0.00700275,-0.0376991,-0.112709,-0.269633,0.000602564,0.00348397,9
7.01244,0.24912,-0.00364143,-0.0376991,-0.109346,-0.25046,0.000585713,0.00348355,9
7.01594,0.24912,-0.00532209,-0.0376991,-0.106099,-0.244877,0.000602635,0.00348416,9
7.01944,0.249046,-0.00980385,-0.0376991,-0.103596,-0.249101,0.0006169,0.00348396,9
7.02294,0.249046,-0.00196077,-0.0376991,-0.102936,-0.226481,0.000626779,0.00348423,9
7.02644,0.249046,-0.00532209,-0.0376991,-0.105688,-0.243775,0.00063836,0.00348334,9
7.02994,0.249046,-0.00364143,-0.0376991,-0.113894,-0.26462,0.00063843,0.00348427,9
7.03344,0.249046,-0.00196077,-0.0376991,-0.105714,-0.235031,0.000646906,0.00348125,9
7.03694,0.249046,-0.00196077,-0.0376991,-0.0953608,-0.203166,0.000107377,0.00348427,6
7.04044,0.249046,0.00308121,-0.0408407,-0.0705063,-0.151608,0.000115452,0.00348607,12
7.04394,0.249046,0.00140055,-0.0408407,-0.0548732,-0.107902,0.000135438,0.00348698,12
7.04744,0.249046,0.00140055,-0.0408407,-0.0483043,-0.087684,0.000120501,0.00348465,12
7.05094,0.249046,0.00140055,-0.0408407,-0.0511139,-0.0963315,0.000113007,0.00348723,12
7.05444,0.249046,-0.00028011,-0.0408407,-0.0640869,-0.140673,0.000115993,0.00348674,12
7.05794,0.249046,0.00308121,-0.0408407,-0.0641278,-0.131976,0.000111233,0.00348735,12
7.06144,0.249046,-0.00196077,-0.0408407,-0.0641939,-0.145414,0.000112075,0.00348814,12
7.06494,0.249046,-0.00196077,-0.0408407,-0.0641278,-0.14521,0.000113578,0.00348723,12
7.06844,0.249046,0.00140055,-0.0408407,-0.0640866,-0.13626,0.000113588,0.00348731,12
7.07194,0.249046,0.00140055,-0.0439823,-0.0511137,-0.134507,0.000113057,0.00348696,12
7.07544,0.249046,-0.00364143,-0.0439823,-0.0483041,-0.139094,0.000113367,0.00348695,12
7.07894,0.249046,-0.00196077,-0.0439823,-0.0548729,-0.154901,0.000117465,0.0034871,12
7.08244,0.249046,0.00140055,-0.0439823,-0.070506,-0.194195,0.000112706,0.00348709,12
7.08594,0.249046,-0.00028011,-0.0471239,-0.081933,-0.271954,0.000119238,0.00348697,12
7.08944,0.249046,-0.00196077,-0.0471239,-0.0877407,-0.294241,0.000112236,0.0034876,12
7.09294,0.249046,0.00140055,-0.0471239,-0.098374,-0.318146,0.000117926,0.0034869,12
7.09644,0.249046,-0.00028011,-0.0471239,-0.111321,-0.362407,0.000118958,0.00348531,12
7.09994,0.249046,-0.00196077,-0.0471239,-0.124541,-0.407508,0.000143383,0.00348684,12
7.10344,0.249046,-0.00196077,-0.0502655,-0.123036,-0.441053,0.000122123,0.00348375,12
7.10694,0.249046,-0.00196077,-0.0502655,-0.128018,-0.456385,0.000113558,0.00348727,12
7.11044,0.249046,-0.00196077,-0.0502655,-0.136974,-0.483952,0.000117485,0.00348648,12
7.11394,0.249046,-0.00196077,-0.0502655,-0.148021,-0.517953,0.000112546,0.00348733,12
7.11744,0.249046,-0.00364143,-0.0502655,-0.159902,-0.558935,0.000113978,0.00348669,12
7.12094,0.249046,-0.00700275,-0.0502655,-0.171991,-0.604965,0.000120851,0.00348634,12
7.12444,0.248972,-0.0114845,-0.0502655,-0.184286,-0.654737,0.000113739,0.0034868,12
7.12794,0.248898,-0.0131652,-0.0502655,-0.197416,-0.699725,0.0001201,0.00348703,12
7.13144,0.248898,-0.0182071,-0.0534071,-0.199209,-0.756655,0.000114099,0.00348654,12
7.13494,0.248825,-0.0198878,-0.0534071,-0.189508,-0.731372,0.000113808,0.00348731,12
7.13844,0.248751,-0.0277309,-0.0534071,-0.18017,-0.723384,0.000131562,0.00348661,12
7.14194,0.248603,-0.0378148,-0.0534071,-0.170255,-0.719664,0.000119138,0.00348712,12
7.14544,0.248455,-0.0411762,-0.0534071,-0.159447,-0.695551,0.000115932,0.00348603,12
7.14894,0.248381,-0.0428568,-0.0534071,-0.148062,-0.665082,0.000117645,0.00348746,12
7.15244,0.248159,-0.0456579,-0.0565487,-0.123612,-0.635851,0.000117164,0.00348552,12
7.15594,0.248012,-0.0506999,-0.0565487,-0.109979,-0.607451,0.000138634,0.0034873,12
7.15944,0.247864,-0.0574225,-0.0565487,-0.107475,-0.617722,0.000122554,0.0034839,12
7.16294,0.247642,-0.0557419,-0.0565487,-0.117201,-0.643739,0.000112867,0.00348622,12
7.16644,0.24742,-0.0591032,-0.0565487,-0.116689,-0.651478,0.000120992,0.00347658,12
7.16994,0.247273,-0.0635849,-0.0596903,-0.10641,-0.670108,0.000118367,0.00348705,12
7.17344,0.247051,-0.0669463,-0.0596903,-0.109773,-0.689775,0.000114901,0.00348646,12
7.17694,0.246829,-0.0703076,-0.0596903,-0.126621,-0.750947,0.000126852,0.00348307,12
7.18044,0.246608,-0.0624645,-0.0596903,-0.133231,-0.751198,0.000115081,0.00348576,12
7.18394,0.246312,-0.0736689,-0.0596903,-0.142245,-0.809011,0.000137062,0.00348221,12
7.18744,0.24609,-0.0719882,-0.0596903,-0.153508,-0.839756,0.000140868,0.00347961,12
7.19094,0.245795,-0.081512,-0.0596903,-0.167489,-0.908445,0.000122073,0.00348683,12
7.19444,0.245499,-0.086554,-0.0596903,-0.185287,-0.977119,0.000117886,0.00348582,12
7.19794,0.245203,-0.0977584,-0.0596903,-0.184279,-1.00408,0.000118127,0.00348654,12
7.20144,0.244834,-0.099439,-0.0596903,-0.178049,-0.990142,0.000124498,0.00348784,12
7.20494,0.244464,-0.109523,-0.0596903,-0.167225,-0.984118,0.000118608,0.00348727,12
7.20844,0.244095,-0.120727,-0.0596903,-0.152907,-0.970279,0.000130329,0.00348377,12
7.21194,0.243651,-0.119047,-0.0596903,-0.136663,-0.916856,0.000116013,0.00348664,12
7.21544,0.243208,-0.125769,-0.0596903,-0.120535,-0.885847,0.000146789,0.00348678,12
7.21894,0.242765,-0.125769,-0.0596903,-0.107035,-0.845281,0.000119108,0.00348731,12
7.22244,0.242321,-0.136974,-0.0596903,-0.0991447,-0.851393,0.00012503,0.0034868,12
7.22594,0.241878,-0.133612,-0.0596903,-0.0759682,-0.77222,0.000117435,0.00348719,12
7.22944,0.241361,-0.140335,-0.0596903,-0.0526597,-0.719275,0.000111304,0.00348779,12
7.23294,0.240843,-0.147058,-0.0596903,-0.0312601,-0.672206,0.000132062,0.00348502,12
7.23644,0.2404,-0.142016,-0.0596903,-0.0141241,-0.607214,0.000114109,0.00348676,12
7.23994,0.239883,-0.143696,-0.0596903,-0.00392064,-0.58137,0.000115181,0.00348702,12
7.24344,0.239365,-0.143696,-0.0596903,-0.00363263,-0.581633,0.000113628,0.00348713,12
7.24694,0.238848,-0.148738,-0.0596903,0.00779429,-0.560847,0.000115291,0.00348694,12
7.25044,0.238331,-0.145377,-0.0596903,0.0155194,-0.529397,0.000113147,0.00348723,12
7.25394,0.237813,-0.150419,-0.0596903,0.0179729,-0.53623,0.000113488,0.00348718,12
7.25744,0.237296,-0.147058,-0.0596903,0.0134276,-0.542546,0.000123847,0.00348621,12
7.26094,0.236779,-0.151539,-0.0565487,-0.0134276,-0.599942,0.000112175,0.00348729,12
7.26444,0.236261,-0.151539,-0.0565487,-0.0179728,-0.615082,0.000113639,0.00348712,12
7.26794,0.23567,-0.158262,-0.0565487,-0.0155194,-0.626491,0.000113128,0.00348732,12
7.27144,0.235153,-0.159943,-0.0565487,-0.00779423,-0.608275,0.000137112,0.00348655,12
7.27494,0.234562,-0.158262,-0.0565487,0.00363266,-0.570007,0.000113658,0.00348713,12
7.27844,0.234044,-0.158262,-0.0565487,0.0173484,-0.528941,0.000121293,0.00348586,12
7.28194,0.233453,-0.158262,-0.0565487,0.032097,-0.484861,0.000124338,0.00348464,12
7.28544,0.232936,-0.158262,-0.0565487,0.0467795,-0.440819,0.000111735,0.00348821,12
7.28894,0.232345,-0.161623,-0.0565487,0.0604541,-0.408868,0.000131602,0.003486,12
7.29244,0.231753,-0.158262,-0.0565487,0.0723357,-0.364788,0.000112596,0.00348678,12
7.29594,0.231236,-0.163304,-0.0565487,0.0817964,-0.350054,0.000115322,0.00348697,12
7.29944,0.230719,-0.156581,-0.0565487,0.0883653,-0.313339,0.000115762,0.00348639,12
7.30294,0.230128,-0.156581,-0.0565487,0.0917282,-0.304303,0.000138053,0.00348481,12
7.30644,0.22961,-0.151539,-0.0565487,0.0917282,-0.292218,0.000112396,0.00348739,12
7.30994,0.229093,-0.151539,-0.0565487,0.0883653,-0.303718,0.000113618,0.00348699,12
7.31344,0.228576,-0.147058,-0.0565487,0.0817964,-0.313323,0.000111404,0.00348801,12
7.31694,0.228132,-0.143696,-0.0565487,0.0723357,-0.334604,0.000112676,0.00348702,12
7.32044,0.227615,-0.142016,-0.0565487,0.0604541,-0.367913,0.000114019,0.0034869,12
7.32394,0.227098,-0.143696,-0.0565487,0.0467796,-0.415563,0.000124608,0.00348706,12
7.32744,0.226654,-0.0703076,-0.0565487,0.0320971,-0.269101,0.000142161,0.00348614,12
7.33094,0.226137,-0.145377,-0.0565487,0.0173483,-0.512697,0.000114119,0.00348668,12
7.33444,0.22562,-0.140335,-0.0565487,0.00363252,-0.542828,0.000115742,0.00347859,12
7.33794,0.225176,-0.142016,-0.0565487,-0.00779417,-0.583395,0.000127864,0.00348413,12
7.34144,0.224659,-0.143696,-0.0565487,-0.0155194,-0.612734,0.000110954,0.003488,12
7.34494,0.224142,-0.140335,-0.0565487,-0.0179727,-0.612612,0.000115631,0.00348648,12
7.34844,0.223698,-0.142016,-0.0565487,-0.0134278,-0.60402,0.000121763,0.00348592,12
7.35194,0.223181,-0.142016,-0.0596903,0.0134276,-0.560688,0.000135639,0.00348142,12
7.35544,0.222664,-0.142016,-0.0596903,0.0179728,-0.547849,0.000113969,0.00348672,12
7.35894,0.222146,-0.145377,-0.0596903,0.0155194,-0.565373,0.000116423,0.00348658,12
7.36244,0.221629,-0.147058,-0.0596903,0.00779423,-0.594712,0.00011443,0.00348723,12
7.36594,0.221186,-0.145377,-0.0596903,-0.00363266,-0.626457,0.000116433,0.00348639,12
7.36944,0.220668,-0.147058,-0.0596903,-0.0173484,-0.674234,0.000118016,0.00348835,12
7.37294,0.220151,-0.143696,-0.0596903,-0.032097,-0.711955,0.000122264,0.00348512,12
7.37644,0.219634,-0.150419,-0.0596903,-0.0467796,-0.775943,0.000125801,0.00348581,12
7.37994,0.219116,-0.150419,-0.0596903,-0.0604541,-0.819182,0.000118327,0.00348639,12
7.38344,0.218599,-0.150419,-0.0596903,-0.0723357,-0.856902,0.000383583,0.00345851,12
7.38694,0.218008,-0.158262,-0.0596903,-0.0817964,-0.907923,0.000156076,0.00348563,12
7.39044,0.217491,-0.161623,-0.0596903,-0.0883652,-0.938114,0.000118597,0.00348635,12
7.39395,0.216973,-0.163304,-0.0628318,-0.0783004,-0.950873,0.000166375,0.00348352,12
7.39745,0.216382,-0.172828,-0.0628318,-0.0737553,-0.963197,0.000112406,0.0034881,12
7.40095,0.215717,-0.174508,-0.0628318,-0.0728458,-0.966288,0.000120451,0.00348643,12
7.40445,0.215126,-0.17955,-0.0628318,-0.0740021,-0.984396,0.00011438,0.00348703,12
7.40795,0.214461,-0.184592,-0.0628318,-0.0759683,-1.00516,0.000114289,0.00348714,12
7.41145,0.213795,-0.192435,-0.0628318,-0.0778023,-1.03287,0.000113668,0.00348706,12
7.41495,0.21313,-0.207001,-0.0628318,-0.0788764,-1.07589,0.000124348,0.00348648,12
7.41845,0.212391,-0.200839,-0.0628318,-0.0788765,-1.06136,0.000115662,0.00348681,12
7.42195,0.211652,-0.210363,-0.0628318,-0.0778025,-1.08469,0.000113548,0.00348723,12
7.42545,0.210913,-0.213724,-0.0628318,-0.0759684,-1.08951,0.000110533,0.00348839,12
7.42895,0.210174,-0.218766,-0.0628318,-0.0740021,-1.09834,0.000124618,0.00348405,12
7.43245,0.209435,-0.223248,-0.0628318,-0.0728458,-1.10819,0.000112356,0.00348745,12
7.43595,0.208622,-0.22829,-0.0628318,-0.0737551,-1.12603,0.000115953,0.00348632,12
7.43945,0.20781,-0.231651,-0.0628318,-0.0783004,-1.15065,0.000111845,0.00348737,12
7.44295,0.206997,-0.235012,-0.0628318,-0.0883652,-1.19226,0.000147069,0.00348452,12
7.44645,0.20611,-0.244536,-0.0628318,-0.0817965,-1.19901,0.000112196,0.00348747,12
7.44995,0.205297,-0.249578,-0.0628318,-0.0723358,-1.18493,0.000114681,0.00348704,12
7.45345,0.20441,-0.260782,-0.0628318,-0.0604542,-1.17974,0.000111575,0.00348845,12
7.45695,0.203449,-0.269186,-0.0628318,-0.0467795,-1.16185,0.00011447,0.00348675,12
7.46045,0.202489,-0.278709,-0.0596903,-0.0455246,-1.14694,0.000113488,0.00348729,12
7.46395,0.201528,-0.288793,-0.0596903,-0.0353212,-1.14414,0.000118226,0.00348458,12
7.46745,0.200493,-0.290474,-0.0596903,-0.019152,-1.10109,0.00011461,0.00348718,12
7.47095,0.199459,-0.316244,-0.0596903,-0,-1.11208,0.00011953,0.0034868,12
7.47445,0.198424,-0.30672,-0.0596903,0.0191519,-1.03044,0.000113187,0.00348696,12
7.47795,0.197389,-0.30672,-0.0596903,0.0353209,-0.98297,0.000113959,0.00348677,12
7.48145,0.196281,-0.316244,-0.0565487,0.0320969,-0.98218,0.000109641,0.00348836,12
7.48495,0.195172,-0.319605,-0.0565487,0.0288066,-1.00359,0.000115902,0.00348631,12
7.48845,0.194064,-0.328009,-0.0565487,0.0449347,-0.978477,0.000112126,0.00348745,12
7.49195,0.192955,-0.328009,-0.0534071,0.0511137,-0.923746,0.000118497,0.00348491,12
7.49545,0.191773,-0.337532,-0.0534071,0.0674561,-0.901073,0.000111975,0.00348741,12
7.49895,0.190591,-0.335852,-0.0534071,0.0901941,-0.829305,0.000140538,0.00348637,12
7.50245,0.189408,-0.334171,-0.0534071,0.116031,-0.747999,0.000113398,0.00348738,12
7.50595,0.188226,-0.340894,-0.0534071,0.14214,-0.687911,0.000115822,0.00347814,12
7.50945,0.187043,-0.350417,-0.0502655,0.15274,-0.644738,0.000110563,0.00348804,12
7.51295,0.185787,-0.347056,-0.0502655,0.168256,-0.590949,0.0001203,0.00348578,12
7.51645,0.184605,-0.347056,-0.0502655,0.185392,-0.540835,0.000115552,0.00348668,12
7.51995,0.183422,-0.353779,-0.0502655,0.201479,-0.511595,0.000116764,0.00348616,12
7.52345,0.182166,-0.352098,-0.0502655,0.214476,-0.469974,0.000113237,0.00348724,12
7.52695,0.180983,-0.344255,-0.0471239,0.209542,-0.429024,0.000113347,0.00348693,9
7.53045,0.179801,-0.347056,-0.0471239,0.208203,-0.443128,0.000114801,0.00348721,9
7.53395,0.178545,-0.353779,-0.0439823,0.19499,-0.46606,0.00016385,0.00348612,9
7.53745,0.177362,-0.350417,-0.0439823,0.190956,-0.472278,0.000153982,0.00348679,9
7.54095,0.176106,-0.352098,-0.0439823,0.193749,-0.470888,0.000188275,0.00348704,9
7.54445,0.17485,-0.355459,-0.0408407,0.188526,-0.460403,0.000218631,0.00348306,9
7.54795,0.173667,-0.347056,-0.0408407,0.197127,-0.414501,0.000231044,0.00348285,9
7.55145,0.172411,-0.344255,-0.0408407,0.218139,-0.345268,0.000241132,0.0034842,9
7.55495,0.171229,-0.339213,-0.0408407,0.226897,-0.307705,0.000252703,0.00348277,9
7.55845,0.170046,-0.335852,-0.0408407,0.235416,-0.275291,0.000279172,0.0034835,9
7.56195,0.168864,-0.339213,-0.0408407,0.243224,-0.262708,0.00027787,0.0034838,9
7.56545,0.167681,-0.33081,-0.0408407,0.250793,-0.219981,0.000302755,0.00348526,9
7.56895,0.166573,-0.33081,-0.0376991,0.246109,-0.198689,0.000318784,0.00348338,9
7.57245,0.16539,-0.326328,-0.0376991,0.253835,-0.165773,0.000318583,0.00348416,9
7.57595,0.164282,-0.329129,-0.0376991,0.251034,-0.18421,0.000343109,0.00348295,9
7.57945,0.163099,-0.319605,-0.0376991,0.251448,-0.160566,0.000350332,0.0034788,9
7.58295,0.161991,-0.314563,-0.0376991,0.256332,-0.134763,0.000360651,0.00348274,9
7.58645,0.160882,-0.314563,-0.0376991,0.243533,-0.17662,0.000372262,0.00348412,9
7.58995,0.159848,-0.314563,-0.0376991,0.227421,-0.22851,0.000383994,0.00348402,9
7.59345,0.158739,-0.310082,-0.0376991,0.209723,-0.273683,0.000390857,0.00348459,9
7.59695,0.157631,-0.303359,-0.0345575,0.179523,-0.313277,0.0004257,0.00348191,9
7.60045,0.156596,-0.301678,-0.0345575,0.162428,-0.363782,0.000432493,0.00348344,9
7.60395,0.155488,-0.30672,-0.0345575,0.136285,-0.459947,0.000438484,0.00348116,9
7.60745,0.154453,-0.299998,-0.0345575,0.115464,-0.508687,0.000434596,0.00348398,9
7.61095,0.153418,-0.299998,-0.0345575,0.10169,-0.553379,0.000437932,0.00348384,9
7.61445,0.152384,-0.303359,-0.0345575,0.0974776,-0.577469,0.000465303,0.00348415,9
7.61795,0.151275,-0.303359,-0.0345575,0.106122,-0.553327,0.000430939,0.00348406,9
7.62145,0.150241,-0.308401,-0.0345575,0.107354,-0.565069,0.000428035,0.00348529,9
7.62495,0.149206,-0.308401,-0.0345575,0.11727,-0.536847,0.000438694,0.00348206,9
7.62845,0.148098,-0.312883,-0.0345575,0.114817,-0.558627,0.000444685,0.0034836,9
7.63195,0.147063,-0.303359,-0.0345575,0.115148,-0.534908,0.000453821,0.00348412,9
7.63545,0.146028,-0.296636,-0.0345575,0.120462,-0.503206,0.000448172,0.00348422,9
7.63895,0.14492,-0.298317,-0.0345575,0.109076,-0.545126,0.00045292,0.00348386,9
7.64245,0.143885,-0.296636,-0.0345575,0.0953607,-0.58523,0.000475642,0.00348409,9
7.64595,0.142924,-0.288793,-0.0345575,0.0805709,-0.612299,0.000470573,0.00348451,9
7.64945,0.14189,-0.292155,-0.0345575,0.066277,-0.667418,0.000477455,0.00348488,9
7.65295,0.140855,-0.290474,-0.0314159,0.0409352,-0.705129,0.00055644,0.00348363,9
7.65645,0.139821,-0.294956,-0.0314159,0.0290535,-0.755764,0.000489518,0.0034841,9
7.65995,0.138786,-0.299998,-0.0314159,0.0312601,-0.764507,0.00055631,0.00348282,9
7.66345,0.137678,-0.314563,-0.0314159,0.0243026,-0.826619,0.000489658,0.00348435,9
7.66695,0.136643,-0.303359,-0.0314159,0.0209809,-0.809732,0.000553544,0.0034842,9
7.67045,0.135608,-0.311202,-0.0314159,0.0209809,-0.83262,0.000519663,0.00348405,9
7.67395,0.1345,-0.314563,-0.0314159,0.0243026,-0.833683,0.000553244,0.00348347,9
7.67745,0.133317,-0.322967,-0.0314159,0.0312602,-0.836955,0.000541041,0.00348528,9
7.68095,0.132209,-0.326328,-0.0314159,0.0424813,-0.813704,0.000544528,0.00347547,9
7.68445,0.1311,-0.329129,-0.0282743,0.0454804,-0.776114,0.000552433,0.00348427,9
7.68795,0.129918,-0.329129,-0.0282743,0.0638235,-0.722284,0.00055109,0.003484,9
7.69145,0.128735,-0.340894,-0.0282743,0.0728458,-0.728024,0.000564776,0.00348383,9
7.69495,0.127553,-0.339213,-0.0282743,0.0839338,-0.692113,0.000559185,0.00348368,9
7.69845,0.126371,-0.335852,-0.0282743,0.0953607,-0.650748,0.000596292,0.00348355,9
7.70195,0.125188,-0.344255,-0.0282743,0.105713,-0.643569,0.000582007,0.0034841,9
7.70545,0.124006,-0.345936,-0.0282743,0.113893,-0.625432,0.000593267,0.00348529,9
7.70895,0.122823,-0.344255,-0.0282743,0.119115,-0.607577,0.000603747,0.00348418,9
7.71245,0.121567,-0.348737,-0.0282743,0.120908,-0.616615,0.000626157,0.00348416,9
7.71595,0.120459,-0.267505,-0.0251327,0.105688,-0.414523,0.000640413,0.00348407,9
7.71945,0.119202,-0.342574,-0.0251327,0.0959205,-0.644429,0.000641937,0.00346876,9
7.72295,0.11802,-0.344255,-0.0251327,0.0901942,-0.669094,0.000652265,0.00348421,6
7.72645,0.116837,-0.339213,-0.0251327,0.0875665,-0.666576,0.00010936,0.00348363,6
7.72995,0.115803,-0.340894,-0.0251327,0.0875664,-0.673287,0.000140458,0.00348692,12
7.73345,0.11462,-0.342574,-0.0251327,0.0901942,-0.672239,0.000116574,0.00348765,12
7.73695,0.113438,-0.348737,-0.0251327,0.0959205,-0.673418,0.000116193,0.00348695,12
7.74045,0.112256,-0.355459,-0.0251327,0.105687,-0.663631,0.000124167,0.00348697,12
7.74395,0.110999,-0.358821,-0.0251327,0.120908,-0.628399,0.000113578,0.00348703,12
7.74745,0.109743,-0.358821,-0.0251327,0.119115,-0.636711,0.000113939,0.00348635,12
7.75095,0.108487,-0.364983,-0.0219912,0.100466,-0.674904,0.000114069,0.00348674,12
7.75445,0.10723,-0.366664,-0.0219912,0.0877408,-0.721275,0.000128155,0.00348724,12
7.75795,0.105974,-0.360501,-0.0219912,0.0798412,-0.732206,0.000112937,0.00348695,12
7.76145,0.104718,-0.368344,-0.0219912,0.0761394,-0.766979,0.000118978,0.00348808,12
7.76495,0.103461,-0.370025,-0.0219912,0.0764784,-0.77314,0.000112256,0.00348718,12
7.76845,0.102131,-0.373386,-0.0219912,0.0811719,-0.770474,0.000131741,0.00348556,12
7.77195,0.100875,-0.371706,-0.0188496,0.0775774,-0.741743,0.000111655,0.00348724,12
7.77545,0.0995446,-0.376748,-0.0188496,0.0892609,-0.721974,0.00012544,0.00348681,12
7.77895,0.0982144,-0.38179,-0.015708,0.0782866,-0.733767,0.000112295,0.0034873,12
7.78245,0.0968842,-0.380109,-0.015708,0.0786655,-0.731146,0.000114019,0.00348691,12
7.78595,0.095554,-0.391314,-0.015708,0.087258,-0.737067,0.000131531,0.00348708,12
7.78945,0.0942237,-0.387952,-0.015708,0.101552,-0.687205,0.000119299,0.00348575,12
7.79295,0.0928935,-0.387952,-0.0125664,0.106236,-0.637569,0.00011492,0.0034868,12
7.79645,0.0914894,-0.387952,-0.0125664,0.122364,-0.59105,0.000120611,0.00348696,12
7.79995,0.0901592,-0.396356,-0.0125664,0.147424,-0.538932,0.000113818,0.00348702,12
7.80345,0.0887551,-0.396356,-0.0125664,0.17969,-0.442742,0.000125951,0.00348703,12
7.80695,0.0873509,-0.398036,-0.0125664,0.218219,-0.331686,0.000113869,0.00348688,12
7.81045,0.0860207,-0.391314,-0.00942478,0.225076,-0.257717,0.000113838,0.0034867,12
7.81395,0.0846166,-0.399717,-0.00942478,0.234428,-0.25411,0.000113999,0.00348707,12
7.81745,0.0832125,-0.396356,-0.00942478,0.24345,-0.220639,0.000113758,0.003488,12
7.82095,0.0818084,-0.400837,-0.00942478,0.250102,-0.215053,0.000112065,0.00348708,12
7.82446,0.0804782,-0.391314,-0.00628319,0.239698,-0.186856,0.000144004,0.0034823,12
7.82796,0.079074,-0.386272,-0.00628319,0.234079,-0.194037,0.000113337,0.00348719,12
7.83146,0.0777438,-0.38291,-0.00628319,0.231674,-0.195573,0.000116754,0.00347225,12
7.83496,0.0764136,-0.38179,-0.00314159,0.218428,-0.198181,0.000124969,0.00348729,12
7.83846,0.0750834,-0.378428,-0.00314159,0.216965,-0.196817,0.00012593,0.0034853,12
7.84196,0.0737532,-0.373386,-0.00314159,0.226658,-0.156708,0.000111805,0.00348738,12
7.84546,0.072423,-0.375067,-0.00314159,0.223625,-0.17341,0.000113879,0.00348794,12
7.84896,0.0711666,-0.375067,-0.00314159,0.220667,-0.185307,0.000114941,0.00348676,12
7.85246,0.0698364,-0.378428,-0,0.20467,-0.208148,0.000115953,0.0034864,12
7.85596,0.0685801,-0.375067,-0,0.1992,-0.218953,0.0001148,0.00347802,12
7.85946,0.0673238,-0.274228,-0,0.204572,0.0594816,0.000618804,0.00348635,15
7.86296,0.0658458,-0.360501,-0,0.222197,-0.116016,0.000539027,0.0034827,9
7.86646,0.0645894,-0.353779,-0,0.230237,-0.0764158,0.000395705,0.003483,9
7.86996,0.063407,-0.348737,-0,0.243533,-0.0248868,0.00030557,0.00348409,9
7.87346,0.0622246,-0.348737,-0,0.240088,-0.0381192,0.000227677,0.00348456,9
7.87696,0.0610422,-0.347056,0.00314159,0.221001,-0.0569079,0.000203162,0.00348416,12
7.88046,0.0598598,-0.339213,0.00314159,0.210466,-0.0713737,0.000235462,0.00348361,13
7.88396,0.0586035,-0.342574,0.00314159,0.209268,-0.0866753,0.000262952,0.00348378,13
7.88746,0.0574211,-0.335852,0.00314159,0.194784,-0.116239,0.000268993,0.00348251,13
7.89096,0.0563125,-0.334171,0.00314159,0.180911,-0.15699,0.000303907,0.00348359,13
7.89446,0.0551301,-0.326328,0.00314159,0.168906,-0.175982,0.00032721,0.00348259,13
7.89796,0.0539477,-0.329129,0.00314159,0.16081,-0.210883,0.000358226,0.00348419,13
7.90146,0.0527653,-0.328009,0.00314159,0.159447,-0.214763,0.000394673,0.00348486,13
7.90496,0.0516568,-0.322967,0.00314159,0.14408,-0.251293,0.000397268,0.00348409,13
7.90846,0.0505483,-0.316244,0.00314159,0.130331,-0.278427,0.000439375,0.00348311,13
7.91196,0.0493658,-0.322967,0.00628319,0.107601,-0.330487,0.00053458,0.00348418,13
7.91546,0.0482573,-0.319605,0.00628319,0.101653,-0.342436,0.000504194,0.00348379,10
7.91896,0.0471488,-0.317925,0.00628319,0.0903329,-0.37533,0.000533128,0.00348401,10
7.92246,0.0460403,-0.317925,0.00628319,0.0878545,-0.385422,0.000566298,0.00348296,10
7.92596,0.0449318,-0.316244,0.00628319,0.0956305,-0.359541,0.000585062,0.00348164,10
7.92946,0.0438233,-0.316244,0.00628319,0.0913505,-0.375178,0.000617562,0.00347842,10
7.93296,0.0427148,-0.319605,0.00628319,0.0889133,-0.393967,0.000647146,0.00348408,10
7.93646,0.0416062,-0.310082,0.00942478,0.0758332,-0.373515,0.000689965,0.00348232,10
7.93996,0.0405716,-0.224928,0.00942478,0.0758332,-0.152295,0.000718708,0.00348403,10
7.94346,0.0394631,-0.310082,0.00942478,0.0889134,-0.33802,0.000748211,0.0034839,7
7.94696,0.0383546,-0.303359,0.00942478,0.0913505,-0.315336,0.000110222,0.00348429,7
7.95046,0.0374678,-0.30672,0.00942478,0.0956305,-0.312958,0.000116153,0.00348552,14
7.95396,0.0364332,-0.301678,0.00942478,0.101282,-0.284627,0.000115181,0.00348666,14
7.95746,0.0353986,-0.299998,0.00942478,0.108306,-0.260898,0.000148372,0.0034875,14
7.96096,0.034364,-0.294956,0.00942478,0.117172,-0.222673,0.000117936,0.00348708,14
7.96446,0.0333293,-0.303359,0.00942478,0.128823,-0.211171,0.000114159,0.00348708,14
7.96796,0.0322208,-0.30504,0.00942478,0.144671,-0.169266,0.000115401,0.00348711,14
7.97146,0.0311862,-0.296636,0.00942478,0.142251,-0.156959,0.000115792,0.00348674,14
7.97496,0.0302255,-0.293275,0.00942478,0.135145,-0.172143,0.000127674,0.00348736,14
7.97846,0.0291909,-0.292155,0.00942478,0.123825,-0.206342,0.000116603,0.00348618,14
7.98196,0.0281563,-0.283751,0.00942478,0.109076,-0.231979,0.000127754,0.0034871,14
7.98546,0.0271956,-0.288793,0.00942478,0.0919978,-0.299916,0.000113217,0.00348804,14
7.98896,0.0262348,-0.277029,0.00942478,0.0740022,-0.326559,0.000112676,0.00348734,14
7.99246,0.0252002,-0.282071,0.00942478,0.0568164,-0.39499,0.000118367,0.00348537,14
7.99596,0.0242395,-0.278709,0.00942478,0.0424813,-0.432424,0.00011414,0.00348744,14
7.99946,0.0232788,-0.274228,0.00942478,0.0333519,-0.450895,0.00012566,0.00348266,14
8.00296,0.0223181,-0.277029,0.00942478,0.032097,-0.464246,0.000114019,0.00348737,14
8.00646,0.0213574,-0.274228,0.00942478,0.0173484,-0.504423,0.000116804,0.00348669,14
8.00996,0.0204706,-0.275348,0.00942478,0.00363263,-0.551551,0.000113518,0.0034874,14
8.01346,0.0195099,-0.272547,0.00942478,-0.00779428,-0.581505,0.000113357,0.00348771,14
8.01696,0.0185491,-0.275348,0.00942478,-0.0155194,-0.61477,0.000149193,0.00348725,14
8.02046,0.0175145,-0.275348,0.00942478,-0.0179728,-0.624622,0.000114791,0.00348708,14
8.02396,0.0165538,-0.283751,0.00942478,-0.0134277,-0.634826,0.000128045,0.00348696,14
8.02746,0.0155931,-0.285432,0.00942478,-0,-0.600044,0.000122465,0.00347755,14
8.03096,0.0146324,-0.28039,0.00942478,-0,-0.588945,0.000131521,0.00348672,14
8.03446,0.0136717,-0.326328,0.00942478,-0,-0.711664,0.000117476,0.00348718,14
8.03796,0.012711,-0.277029,0.00942478,-0,-0.584393,0.000132954,0.0034871,14
8.04146,0.0117503,-0.28039,0.00942478,-0,-0.595351,0.000118216,0.00348619,14
8.04496,0.0107895,-0.274228,0.00942478,-0,-0.581311,0.000126912,0.00348706,14
8.04846,0.00975493,-0.275348,0.00942478,-0,-0.586552,0.000119669,0.00348649,14
8.05196,0.00879422,-0.277029,0.0125664,-0.0134277,-0.596252,0.000121693,0.0034873,14
8.05546,0.0078335,-0.277029,0.0125664,-0.0179728,-0.612377,0.000121994,0.00348536,14
8.05896,0.00687279,-0.278709,0.0125664,-0.0155194,-0.611373,0.000117526,0.00348692,14
8.06246,0.00591208,-0.287113,0.0125664,-0.00779426,-0.611789,0.000118387,0.00348643,14
8.06596,0.00495137,-0.288793,0.0125664,0.00363263,-0.583166,0.000116633,0.00348693,14
8.06946,0.00399065,-0.282071,0.0125664,0.0173484,-0.525439,0.000115402,0.0034877,14
8.07296,0.00295604,-0.285432,0.0125664,0.032097,-0.491167,0.00014155,0.00348679,14
8.07646,0.00192143,-0.290474,0.0125664,0.0467796,-0.46151,0.000117786,0.00348641,14
8.07996,0.000960713,-0.283751,0.0125664,0.0604541,-0.403911,0.000117014,0.0034869,14
8.08346,-7.39006e-05,-0.285432,0.0125664,0.0723357,-0.374052,0.000117876,0.0034864,13
8.08696,-0.00103461,-0.285432,0.0125664,0.0817964,-0.347068,0.000181011,0.00348678,13
8.09046,-0.00206923,-0.288793,0.0125664,0.0883652,-0.337973,0.000225062,0.00348532,13
8.09396,-0.00310384,-0.285432,0.0125664,0.0917281,-0.321099,0.000242163,0.0034833,13
8.09746,-0.00406455,-0.28039,0.015708,0.0783005,-0.313153,0.000300471,0.00348429,13
8.10096,-0.00509917,-0.283751,0.015708,0.0703924,-0.348616,0.000333782,0.00347961,13
8.10446,-0.00605988,-0.28039,0.015708,0.066277,-0.354595,0.000322431,0.00348355,13
8.10796,-0.00702059,-0.275348,0.015708,0.0645415,-0.348838,0.000344972,0.00348381,13
8.11146,-0.0079813,-0.275348,0.015708,0.0640867,-0.352373,0.000380828,0.00348363,13
8.11496,-0.00901592,-0.274228,0.015708,0.0641279,-0.351605,0.000393201,0.00348401,13
8.11846,-0.00997663,-0.275348,0.015708,0.0641939,-0.356479,0.000430539,0.00348317,13
8.12196,-0.0109373,-0.270866,0.015708,0.0641279,-0.347053,0.000520824,0.00348394,13
8.12546,-0.0118981,-0.264144,0.015708,0.0640867,-0.331669,0.00048015,0.0034852,10
8.12896,-0.0127849,-0.400837,0.015708,0.0645415,-0.69105,0.000543406,0.00348386,10
8.13246,-0.0137456,-0.262463,0.0188496,0.0528493,-0.327776,0.000546732,0.00348214,10
8.14048,-0.0146324,-0.25462,0.0188496,0.0524195,-0.310483,0.000980597,0.00110703,38
8.14398,-0.0173667,-0.251259,0.0188496,0.062781,-0.275846,0.000579512,0.00345103,0
8.14748,-0.0175145,-0.251259,0.0188496,0.0839337,-0.211068,0.000391788,0.00345509,14
8.15098,-0.0183274,-0.246217,0.0188496,0.0919978,-0.17482,0.000388973,0.00345803,14
8.15448,-0.0192143,-0.241175,0.0188496,0.0991448,-0.141559,0.000286185,0.00345796,14
8.15798,-0.0199533,-0.238374,0.0219912,0.0910051,-0.122726,0.000127353,0.00348245,14
8.16148,-0.0207662,-0.241175,0.0219912,0.0892609,-0.137254,0.000116273,0.00348604,14
8.16498,-0.0215791,-0.240054,0.0219912,0.0917143,-0.128569,0.000117396,0.00348619,14
8.16848,-0.022392,-0.233332,0.0219912,0.0966385,-0.0975733,0.000116163,0.0034868,14
8.17198,-0.0232049,-0.224928,0.0219912,0.102777,-0.0584274,0.00012021,0.00348502,14
8.17548,-0.0239439,-0.222127,0.0219912,0.109346,-0.0324995,0.000119059,0.00348493,14
8.17898,-0.0247568,-0.220446,0.0219912,0.116031,-0.00932028,0.000115793,0.0034869,14
8.18248,-0.0254958,-0.217085,0.0219912,0.122988,0.0192746,0.000118407,0.00348595,14
8.18598,-0.0262348,-0.210363,0.0219912,0.130847,0.0594649,0.000138243,0.00347875,14
8.18948,-0.0269739,-0.200839,0.0219912,0.140705,0.113163,0.000117295,0.00348759,14
8.19298,-0.027639,-0.194116,0.0219912,0.154132,0.17066,0.000124258,0.00348449,14
8.19648,-0.0283041,-0.194116,0.0219912,0.148819,0.152829,0.000113678,0.0034872,14
8.19998,-0.0289692,-0.186273,0.0219912,0.138508,0.1402,0.000234249,0.00345706,14
8.20348,-0.0296343,-0.176189,0.0219912,0.123825,0.119999,0.000137271,0.00346783,14
8.20698,-0.0302255,-0.171147,0.0219912,0.105714,0.0761743,0.000155655,0.00348347,13
8.21048,-0.0308167,-0.164985,0.0219912,0.0854291,0.0286023,0.000204565,0.00348601,13
8.21398,-0.031334,-0.159943,0.0219912,0.0645415,-0.0236027,0.000245219,0.00348045,13
8.21748,-0.0319252,-0.15322,0.0219912,0.0449347,-0.0676184,0.000286915,0.00348193,13
8.22098,-0.0324425,-0.147058,0.0188496,0.0422344,-0.0990799,0.000337759,0.00348217,13
8.22448,-0.0329598,-0.140335,0.0188496,0.0366421,-0.0997959,0.000364548,0.00348332,13
8.22798,-0.0334032,-0.140335,0.0188496,0.0328677,-0.112399,0.000388902,0.00348181,13
8.23148,-0.0338466,-0.135293,0.0188496,0.0114269,-0.166142,0.000404952,0.00348067,13
8.23498,-0.034364,-0.125769,0.015708,0.00200088,-0.209482,0.000495158,0.00348232,13
8.23848,-0.0348074,-0.12745,0.015708,-0.0148948,-0.266882,0.000462167,0.00348376,13
8.24198,-0.0352508,-0.124089,0.015708,-0.0345503,-0.319543,0.000493515,0.00348324,10
8.24548,-0.0356203,-0.114565,0.015708,-0.052413,-0.350344,0.000511688,0.00348507,10
8.24898,-0.0360637,-0.114565,0.0125664,-0.050659,-0.384108,0.000584862,0.0034828,10
8.25248,-0.0364332,-0.114565,0.0125664,-0.0717112,-0.449726,0.000590793,0.00348396,10
8.25598,-0.0368766,-0.112884,0.0125664,-0.098374,-0.528365,0.000608886,0.00348287,10
8.25948,-0.0372461,-0.109523,0.0125664,-0.12735,-0.60955,0.00063841,0.00348358,10
8.26298,-0.0376156,-0.106162,0.0125664,-0.155815,-0.689158,0.000704992,0.00347416,10
8.26648,-0.0379851,-0.104481,0.0125664,-0.181412,-0.764354,0.00070902,0.00348338,10
8.26998,-0.0383546,-0.107842,0.0125664,-0.202259,-0.838162,0.000112627,0.00348309,7
8.27348,-0.0386502,-0.107842,0.00942478,-0.203513,-0.880858,0.000113859,0.00348742,14
8.27698,-0.0388719,-0.0361342,0.00942478,-0.206545,-0.702454,0.000116964,0.0034864,14
8.28048,-0.0394631,-0.112884,0.00942478,-0.208999,-0.912782,0.000115872,0.00348687,14
8.28399,-0.0398326,-0.117366,0.00942478,-0.209147,-0.925825,0.000116593,0.00348697,14
8.28749,-0.040276,-0.120727,0.00942478,-0.205891,-0.925613,0.000116173,0.00348684,14
8.29099,-0.0406455,-0.124089,0.00942478,-0.198761,-0.91331,0.000116874,0.00348654,14
8.29449,-0.0410889,-0.122408,0.00942478,-0.187912,-0.876493,0.000115823,0.00348674,14
8.29799,-0.0415323,-0.125769,0.00942478,-0.17413,-0.843882,0.000117706,0.00348615,14
8.30149,-0.0419758,-0.12745,0.00628319,-0.1454,-0.799029,0.000112977,0.00348819,14
8.30499,-0.0424192,-0.132492,0.00628319,-0.126074,-0.753765,0.000142652,0.0034867,14
8.30849,-0.0429365,-0.135293,0.00628319,-0.116936,-0.734142,0.000115381,0.00348709,14
8.31199,-0.0433799,-0.136974,0.00628319,-0.119556,-0.747603,0.000115332,0.00348653,14
8.31549,-0.0438972,-0.143696,0.00628319,-0.111938,-0.742952,0.000113377,0.00348734,14
8.31899,-0.0444145,-0.142016,0.00314159,-0.0950243,-0.725807,0.000116714,0.00348654,14
8.32249,-0.0448579,-0.148738,0.00314159,-0.0926943,-0.737268,0.00011451,0.003487,14
8.32599,-0.0453752,-0.142016,0.00314159,-0.105262,-0.759455,0.000117866,0.00348669,14
8.32949,-0.0458925,-0.148738,0.00314159,-0.109476,-0.791221,0.000112316,0.00348834,14
8.33299,-0.0464098,-0.15322,0.00314159,-0.11845,-0.831754,0.000114349,0.00348729,14
8.33649,-0.0469271,-0.151539,0.00314159,-0.132497,-0.871728,0.00011474,0.00348692,14
8.33999,-0.0475183,-0.158262,0.00314159,-0.152559,-0.952439,0.000114079,0.00348648,14
8.34349,-0.0480356,-0.159943,0.00314159,-0.155856,-0.968148,0.000115071,0.00348706,14
8.34699,-0.0485529,-0.161623,0.00314159,-0.155815,-0.973583,0.000116283,0.00348612,14
8.35049,-0.0491441,-0.166665,0.00314159,-0.152907,-0.979181,0.000115131,0.00348714,14
8.35399,-0.0497353,-0.171147,0.00314159,-0.148073,-0.977383,0.000128576,0.00348191,14
8.35749,-0.0503266,-0.17787,0.00314159,-0.142728,-0.979891,0.000112877,0.00348834,14
8.36099,-0.0509178,-0.181231,0.00314159,-0.138755,-0.977798,0.000115802,0.00348691,14
8.36449,-0.0515829,-0.184592,0.00314159,-0.138508,-0.98734,0.000115181,0.0034869,14
8.36799,-0.052248,-0.182912,0.00314159,-0.120462,-0.928864,0.000118096,0.0034864,14
8.37149,-0.0529131,-0.189074,0.00314159,-0.0991448,-0.880906,0.000115392,0.00347951,14
8.37499,-0.0535782,-0.195797,0.00314159,-0.0759684,-0.828696,0.000116815,0.00348697,14
8.37849,-0.0542433,-0.199158,0.00314159,-0.0526599,-0.767256,0.000121062,0.0034873,14
8.38199,-0.0549823,-0.202519,0.00314159,-0.0312602,-0.711856,0.000115191,0.00348675,14
8.38549,-0.0556474,-0.202519,0.00628319,-0.0275518,-0.663745,0.000119659,0.00348794,14
8.38899,-0.0563864,-0.207001,0.00628319,-0.0218935,-0.659736,0.000115251,0.00348703,14
8.39249,-0.0571254,-0.208682,0.00628319,-0.019152,-0.657352,0.000124348,0.00348637,14
8.39599,-0.0578645,-0.207001,0.00628319,-0,-0.595635,0.000121563,0.00348646,14
8.39949,-0.0586035,-0.210363,0.00942478,0.00572436,-0.550306,0.000116263,0.00348683,14
8.40299,-0.0592686,-0.212043,0.00942478,0.0173484,-0.520419,0.000114009,0.00348731,14
8.40649,-0.0600815,-0.213724,0.00942478,0.0300053,-0.48768,0.000121833,0.00348699,14
8.40999,-0.0608205,-0.215404,0.00942478,0.0389853,-0.466095,0.000113588,0.00348729,14
8.41349,-0.0615595,-0.215404,0.00942478,0.0640868,-0.390478,0.000132613,0.00348822,13
8.41699,-0.0622985,-0.212043,0.00942478,0.0896841,-0.304512,0.000216457,0.00348667,13
8.42049,-0.0630375,-0.213724,0.00942478,0.113893,-0.236052,0.000243667,0.00348188,13
8.42399,-0.0637765,-0.210363,0.0125664,0.121717,-0.166615,0.000271678,0.00348337,13
8.42749,-0.0645155,-0.205321,0.0125664,0.134209,-0.116573,0.000306251,0.00348336,13
8.43099,-0.0652546,-0.200839,0.0125664,0.148544,-0.0623297,0.000318875,0.00348287,13
8.43449,-0.0659936,-0.22829,0.0125664,0.162367,-0.0934826,0.000353788,0.00348343,13
8.43799,-0.0666587,-0.194116,0.0125664,0.173794,0.029912,0.000388942,0.00348361,13
8.44149,-0.0673238,-0.184592,0.0125664,0.181412,0.0768797,0.000406325,0.00348399,13
8.44499,-0.067915,-0.176189,0.0125664,0.184279,0.106448,0.00048043,0.00348381,13
8.44849,-0.0685801,-0.168346,0.0125664,0.181924,0.118309,0.00048013,0.00348353,13
8.45199,-0.0691713,-0.168346,0.0125664,0.174348,0.0936739,0.000496621,0.00348366,10
8.45549,-0.0696886,-0.163304,0.0125664,0.16202,0.0678153,0.00053983,0.00348379,10
8.45899,-0.0702798,-0.156581,0.0125664,0.145883,0.0344805,0.000568963,0.00348314,10
8.46249,-0.0707971,-0.15322,0.0125664,0.127351,-0.0148881,0.000581456,0.0034836,10
8.46599,-0.0713144,-0.145377,0.0125664,0.108306,-0.0540686,0.000625476,0.00348383,10
8.46949,-0.0718317,-0.140335,0.0125664,0.0911036,-0.09493,0.000657355,0.00348473,10
8.47299,-0.072349,-0.135293,0.0125664,0.0785701,-0.121422,0.000691808,0.00348373,10
8.47649,-0.0727924,-0.130811,0.0125664,0.0740022,-0.124703,0.000750445,0.00348407,10
8.47999,-0.0732359,-0.129131,0.0125664,0.0568164,-0.174173,0.000113278,0.00348381,7
8.48349,-0.0736054,-0.129131,0.0125664,0.0424813,-0.219117,0.000118347,0.00348636,14
8.48699,-0.0740488,-0.12745,0.0125664,0.0333519,-0.24379,0.000116063,0.00348644,14
8.49049,-0.0744922,-0.117366,0.0125664,0.032097,-0.222169,0.000117596,0.00348669,14
8.49399,-0.0748617,-0.120727,0.0125664,0.0173483,-0.277208,0.000115001,0.00348705,14
8.49749,-0.0753051,-0.117366,0.0125664,0.0036326,-0.311586,0.000114209,0.00348803,14
8.50099,-0.0756746,-0.112884,0.0125664,-0.00779426,-0.335814,0.000122464,0.00348701,14
8.50449,-0.0760441,-0.109523,0.0125664,-0.0155194,-0.351589,0.000115241,0.00348709,14
8.50799,-0.0764136,-0.1028,0.0125664,-0.0179728,-0.342316,0.000121954,0.00348716,14
8.51149,-0.0767831,-0.106162,0.0125664,-0.0134276,-0.337971,0.000126692,0.00348614,14
8.51499,-0.0771526,-0.106162,0.0125664,-0,-0.297463,0.000124588,0.00348741,14
8.51849,-0.0775221,-0.1028,0.0125664,-0,-0.289462,0.000119739,0.00348615,14
8.52199,-0.0778916,-0.099439,0.0125664,-0,-0.28146,0.000126482,0.00348696,14
8.52549,-0.0782611,-0.10112,0.0125664,-0,-0.286693,0.000116263,0.00348785,14
8.52899,-0.0785567,-0.0977584,0.0125664,-0,-0.278527,0.000123507,0.00348694,14
8.53249,-0.0789262,-0.099439,0.0125664,-0,-0.28376,0.000149594,0.003486,14
8.53599,-0.0792957,-0.0949573,0.0125664,-0,-0.272817,0.00012559,0.00348677,14
8.53949,-0.0795913,-0.0882346,0.0125664,-0,-0.255827,0.000116984,0.00348695,14
8.54299,-0.0798869,-0.0915959,0.0125664,-0,-0.265308,0.000122545,0.00347895,14
8.54649,-0.0801826,-0.0899153,0.0125664,-0,-0.261553,0.000116584,0.00348698,14
8.54999,-0.0805521,-0.0882346,0.0125664,-0,-0.257963,0.000121132,0.00348689,14
8.55349,-0.0808477,-0.0831926,0.0125664,-0,-0.245385,0.000115893,0.00348817,14
8.55699,-0.0811433,-0.0798313,0.0125664,-0,-0.237219,0.000122946,0.00348701,14
8.56049,-0.081365,-0.0831926,0.0125664,-0,-0.246535,0.000118447,0.00348652,14
8.56399,-0.0816606,-0.0753496,0.0125664,-0,-0.226605,0.000116333,0.00348717,14
8.56749,-0.0819562,-0.0753496,0.0125664,-0,-0.227262,0.000118797,0.00348669,14
8.57099,-0.0821779,-0.0703076,0.0125664,-0,-0.21452,0.000124799,0.00348508,14
8.57449,-0.0824735,-0.0703076,0.0125664,-0,-0.215177,0.000123216,0.00348645,14
8.57799,-0.0826952,-0.0635849,0.0125664,-0,-0.198024,0.000126312,0.00347442,14
8.58149,-0.0829169,-0.0669463,0.0125664,-0,-0.20734,0.000116764,0.00348729,14
8.58499,-0.0831386,-0.0624645,0.0125664,-0,-0.196068,0.000125841,0.00348688,14
8.58849,-0.0833603,-0.0557419,0.0125664,-0,-0.178915,0.000146007,0.00348684,14
8.59199,-0.083582,-0.0591032,0.0125664,-0,-0.188231,0.000126051,0.00348698,14
8.59549,-0.0837298,-0.0540612,0.0125664,-0,-0.175325,0.000125761,0.00348624,14
8.59899,-0.0838776,-0.0490192,0.0125664,-0,-0.162418,0.000127113,0.00348682,14
8.60249,-0.0840993,-0.0445375,0.0125664,-0,-0.151147,0.0001361,0.00348076,14
8.60599,-0.0842471,-0.0490192,0.00942478,0.0134277,-0.160087,0.000123767,0.003487,14
8.60949,-0.0843949,-0.0394955,0.00942478,0.0179728,-0.121427,0.000115171,0.00348718,14
8.61299,-0.0845427,-0.0378148,0.00942478,0.0155194,-0.124895,0.00011416,0.0034873,14
8.61649,-0.0846905,-0.0394955,0.00942478,0.00779427,-0.153413,0.000118658,0.00348682,13
8.61999,-0.0848383,-0.0310922,0.00942478,-0.00363262,-0.166854,0.000175001,0.00348746,13
8.62349,-0.0849122,-0.0277309,0.00942478,-0.0173484,-0.200411,0.000226856,0.0034859,13
8.62699,-0.08506,-0.0232491,0.00942478,-0.032097,-0.23437,0.000231364,0.00348215,13
8.63049,-0.0851339,-0.0249298,0.00942478,-0.0467796,-0.284137,0.000272169,0.00348334,13
8.63399,-0.0852078,-0.0294115,0.00628319,-0.0470265,-0.335002,0.000309167,0.00348395,13
8.63749,-0.0852817,-0.0182071,0.00628319,-0.0543629,-0.328337,0.000329845,0.00348448,13
8.64099,-0.0853556,-0.0182071,0.00628319,-0.0662771,-0.365171,0.000369989,0.00348392,13
8.64449,-0.0854295,-0.0165265,0.00314159,-0.0671433,-0.401767,0.000419559,0.00348341,13
8.64799,-0.0854295,-0.0148458,0.00314159,-0.0773879,-0.428887,0.000462698,0.00348399,13
8.65149,-0.0855034,-0.0232491,0.00314159,-0.0935571,-0.500876,0.000472727,0.00348364,13
8.65499,-0.0855773,-0.0114845,0.00314159,-0.112668,-0.528981,0.000492292,0.003484,10
8.65849,-0.0855773,-0.0182071,0.00314159,-0.132209,-0.606771,0.000508101,0.00348301,10
8.66199,-0.0856512,-0.0165265,0.00314159,-0.150138,-0.65771,0.000538637,0.00348385,10
8.66549,-0.0857251,-0.0198878,-0,-0.151459,-0.708939,0.000476083,0.00348382,9
8.66899,-0.085799,-0.0182071,-0,-0.157383,-0.722924,0.000379816,0.00348393,9
8.67249,-0.0858729,-0.0266104,-0,-0.165397,-0.769813,0.00031116,0.00348267,9
8.67599,-0.0859468,-0.0266104,-0,-0.173618,-0.795281,0.000217889,0.00348385,9
8.67949,-0.0860207,-0.0266104,-0,-0.18079,-0.817519,0.000116063,0.00348358,12
8.68299,-0.0861685,-0.0310922,-0,-0.186284,-0.846524,0.000112156,0.00348643,12
8.68649,-0.0862424,-0.0327729,-0,-0.190102,-0.86285,0.00011504,0.00348672,12
8.68999,-0.0863902,-0.0428568,-0,-0.192871,-0.898169,0.000112376,0.00348709,12
8.69349,-0.086538,-0.0428568,-0,-0.195846,-0.907655,0.000112326,0.00348671,12
8.69699,-0.0866858,-0.0456579,-0,-0.200912,-0.930929,0.000113858,0.00348686,12
8.70049,-0.0869075,-0.0540612,-0,-0.186229,-0.908288,0.00011463,0.00348598,12
8.70399,-0.0870553,-0.0591032,-0,-0.166168,-0.860104,0.000138043,0.00348717,12
8.70749,-0.087277,-0.0607838,-0,-0.14214,-0.791055,0.000113648,0.00348675,12
8.71099,-0.0874987,-0.0652656,-0,-0.116031,-0.722949,0.000113778,0.00348705,12
8.71449,-0.0877204,-0.0719882,-0,-0.0901942,-0.661566,0.000112606,0.00348708,12
8.71799,-0.0879421,-0.0703076,-0,-0.0674562,-0.587662,0.00011461,0.00348668,12
8.72149,-0.0882378,-0.0753496,-0,-0.0511138,-0.551254,0.00011445,0.00347817,12
8.72499,-0.0884595,-0.0703076,-0,-0.0449347,-0.519493,0.000632319,0.00348712,15
8.72849,-0.088829,-0.0753496,-0,-0.0288067,-0.483909,0.000532085,0.00348226,9
8.73199,-0.0890507,-0.081512,-0,-0.0186693,-0.469376,0.000460103,0.00348405,9
8.73549,-0.0893463,-0.0753496,-0,-0.0173484,-0.449791,0.000678694,0.00344252,9
8.739,-0.0896419,-0.0787109,-0,-0.00363263,-0.417056,0.000259716,0.00348409,9
8.7425,-0.0898636,-0.0770302,-0,0.00779426,-0.377966,0.000131161,0.0034829,9
8.746,-0.0900853,-0.081512,-0,0.0155194,-0.366446,0.000112757,0.00348627,12
8.7495,-0.0903809,-0.0787109,-0,0.0179728,-0.352199,0.000112005,0.00348759,12
8.753,-0.0906026,-0.0770302,-0,0.0134277,-0.36227,0.000113207,0.00348669,12
8.7565,-0.0908982,-0.0719882,-0,-0,-0.391021,0.000122394,0.00348563,12
8.76,-0.0911938,-0.0770302,-0,-0,-0.404913,0.000153672,0.00348635,12
8.7635,-0.0914155,-0.0703076,-0,-0,-0.387759,0.000116223,0.00348664,12
8.767,-0.0916372,-0.0703076,-0,-0,-0.388252,0.000122614,0.00348634,12
8.7705,-0.0918589,-0.0652656,-0,-0,-0.37551,0.00012041,0.00348579,12
8.774,-0.0920067,-0.00980385,-0,-0,-0.230257,0.000124358,0.00348681,12
8.7775,-0.0923762,-0.122408,-0,-0,-0.526654,0.000114079,0.00348807,12
8.781,-0.0925979,-0.0635849,-0,-0,-0.372742,0.00011455,0.00348714,12
8.7845,-0.0928196,-0.0624645,-0,-0,-0.370293,0.000128225,0.00348369,12
8.788,-0.0930413,-0.0624645,-0,-0,-0.370786,0.000122324,0.00348634,12
8.7915,-0.093263,-0.0624645,-0,-0,-0.371279,0.000876356,0.00345832,15
8.795,-0.0934847,-0.0624645,-0,-0,-0.371772,0.000792613,0.00342684,9
8.7985,-0.0937064,-0.0574225,-0,-0,-0.35903,0.000536433,0.00344725,9
8.802,-0.0938542,-0.0574225,-0,-0,-0.359358,0.000333741,0.00348366,9
8.8055,-0.0940759,-0.0574225,-0,-0,-0.359851,0.000244388,0.00348498,9
8.809,-0.0942976,-0.0591032,-0,-0,-0.364756,0.000115802,0.00348351,12
8.8125,-0.0944454,-0.0574225,-0,-0,-0.360673,0.000118046,0.00348488,12
8.816,-0.0946671,-0.0557419,-0,-0,-0.356754,0.00014713,0.00348685,12
8.8195,-0.0948149,-0.0506999,-0,-0,-0.343848,0.000119098,0.00348644,12
8.823,-0.0950366,-0.0557419,-0,-0,-0.357575,0.000115432,0.00348711,12
8.8265,-0.0951844,-0.0523805,-0,-0,-0.349081,0.000117505,0.00348669,12
8.83,-0.0954061,-0.0523805,-0,-0,-0.349573,0.00011449,0.00348726,12
8.8335,-0.0955539,-0.0506999,-0,-0,-0.34549,0.000121703,0.00348735,12
8.837,-0.0957017,-0.0506999,-0,-0,-0.345819,0.000115853,0.0034868,12
8.8405,-0.0959235,-0.0456579,-0,-0,-0.333077,0.000115391,0.00348711,12
8.844,-0.0960713,-0.0490192,-0,-0,-0.342229,0.000129337,0.00348635,12
8.8475,-0.0962191,-0.0445375,-0,-0,-0.330793,0.000115231,0.00348711,12
8.851,-0.0963669,-0.0445375,-0,-0,-0.331122,0.000135308,0.00348347,12
8.8545,-0.0965147,-0.0445375,-0,-0,-0.33145,0.000667413,0.00348318,12
8.858,-0.0966625,-0.0445375,-0,-0,-0.331779,0.000564365,0.00348214,9
8.8615,-0.0968103,-0.0428568,-0,-0,-0.327696,0.000477495,0.00348447,9
8.865,-0.0969581,-0.0411762,-0,-0,-0.323613,0.000463369,0.00348341,9
8.8685,-0.0971059,-0.0361342,-0,-0,-0.310706,0.00028361,0.00348395,9
8.872,-0.0972537,-0.0411762,-0,-0,-0.32427,0.000199035,0.00348358,9
8.8755,-0.0973276,-0.0361342,-0,-0,-0.311199,0.000118347,0.00348555,12
8.879,-0.0974754,-0.0344535,-0,-0,-0.307116,0.000124818,0.00348646,12
8.8825,-0.0976232,-0.0361342,-0,-0,-0.311856,0.000118487,0.00348599,12
8.886,-0.0976971,-0.0310922,-0,-0,-0.298786,0.000115752,0.00348639,12
8.8895,-0.0978449,-0.0344535,-0,-0,-0.307938,0.00011482,0.00348775,12
8.893,-0.0979188,-0.0294115,-0,-0,-0.294867,0.000117896,0.0034863,12
8.8965,-0.0980666,-0.0344535,-0,-0,-0.30843,0.000115452,0.0034869,12
8.9,-0.0981405,-0.0327729,-0,-0,-0.304183,0.000117466,0.00348661,12
8.9035,-0.0982144,-0.0310922,-0,-0,-0.299936,0.000116003,0.00348675,12
8.907,-0.0983622,-0.0277309,-0,-0,-0.291441,0.000122895,0.00347745,12
8.9105,-0.0984361,-0.0277309,-0,-0,-0.291605,0.000123056,0.00348722,12
8.914,-0.09851,-0.0215685,-0,-0,-0.275594,0.000120862,0.00348684,12
8.9175,-0.0985839,-0.0232491,-0,-0,-0.28017,0.000113368,0.00348809,12
8.921,-0.0986578,-0.0215685,-0,-0,-0.275922,0.00063283,0.00347825,15
8.9245,-0.0987317,-0.0148458,-0,-0,-0.25844,0.000532536,0.00348215,9
8.928,-0.0988056,-0.0182071,-0,-0,-0.267428,0.000472326,0.00346999,9
8.9315,-0.0988795,-0.0165265,-0,-0,-0.26318,0.000359018,0.00348382,9
8.935,-0.0988795,-0.0114845,-0,-0,-0.249946,0.000275846,0.00348361,9
8.9385,-0.0989534,-0.0131652,-0,-0,-0.254522,0.000153452,0.00348411,9
8.942,-0.0989534,-0.0131652,-0,-0,-0.254522,0.000129006,0.0034841,12
8.9455,-0.0990273,-0.00980385,-0,-0,-0.245863,0.00011488,0.00348736,12
8.949,-0.0990273,-0.0148458,-0,-0,-0.259097,0.000117846,0.00348617,12
8.9525,-0.0991012,-0.00980385,-0,-0,-0.246027,0.000117004,0.00348699,12
8.956,-0.0991012,-0.00700275,-0,-0,-0.238674,0.000127344,0.00348605,12
8.9595,-0.0991012,-0.00700275,-0,-0,-0.238674,0.00011966,0.00348716,12
8.963,-0.0991012,-0.00196077,-0,-0,-0.22544,0.000117125,0.00348683,12
8.9665,-0.0991012,0.00140055,-0,-0,-0.216616,0.000118657,0.00348717,12
8.97,-0.0991012,0.00476187,-0,-0,-0.207793,0.000124618,0.00348675,12
8.9735,-0.0991012,0.00140055,-0,-0,-0.216616,0.000119028,0.0034882,12
8.977,-0.0991012,-0.00028011,-0,-0,-0.221028,0.000120902,0.00348727,12
8.9805,-0.0991012,-0.00028011,-0,-0,-0.221028,0.00011985,0.00348673,12
8.984,-0.0991012,0.00140055,-0,-0,-0.216616,0.000154743,0.00348705,12
8.9875,-0.0991012,-0.00364143,-0,-0,-0.229851,0.00060584,0.00348681,15
8.991,-0.0991012,-0.00028011,-0,-0,-0.221028,0.000500237,0.00348212,9
8.9945,-0.0991012,0.00140055,-0,-0,-0.216616,0.000407216,0.00348378,9
8.998,-0.0991012,-0.00028011,-0,-0,-0.221028,0.000329945,0.00347873,9
9.0015,-0.0991012,-0.00028011,-0,-0,-0.221028,0.000252723,0.00348495,9
9.005,-0.0991012,-0.00028011,-0,-0,-0.221028,0.000117225,0.0034838,12
9.0085,-0.0991012,-0.00532209,-0,-0,-0.234263,0.000115632,0.00348622,12
9.012,-0.0991012,-0.00028011,-0,-0,-0.221028,0.000116103,0.00348691,12
9.0155,-0.0991012,-0.00028011,-0,-0,-0.221028,0.000122945,0.00348325,12
9.019,-0.0991012,0.00140055,-0,-0,-0.216616,0.000118818,0.00348615,12
9.0225,-0.0991012,-0.00028011,-0,-0,-0.221028,0.00011443,0.00348703,12
9.026,-0.0991012,-0.00196077,-0,-0,-0.22544,0.000119028,0.00348666,12
9.0295,-0.0991012,-0.00364143,-0,-0,-0.229851,0.000112716,0.0034882,12
9.033,-0.0991012,-0.00196077,-0,-0,-0.22544,0.00011468,0.0034863,12
9.0365,-0.0991012,0.00308121,-0,-0,-0.212205,0.000127894,0.00348712,12
9.04,-0.0991012,-0.00532209,-0,-0,-0.234263,0.000135749,0.00348708,12
9.0435,-0.0991012,0.00140055,-0,-0,-0.216616,0.000117635,0.00348677,12
9.047,-0.0991012,-0.00028011,-0,-0,-0.221028,0.000116153,0.00348682,12
9.0505,-0.0991012,-0.00364143,-0,-0,-0.229851,0.000665289,0.0034873,12
9.054,-0.0991012,0.00140055,-0,-0,-0.216616,0.000569413,0.00348349,9
9.0575,-0.0991012,-0.00364143,-0,-0,-0.229851,0.000472736,0.00348505,9
9.061,-0.0991012,0.00308121,-0,-0,-0.212205,0.000444545,0.00348366,9
9.0645,-0.0991012,0.00140055,-0,-0,-0.216616,0.000295792,0.00348401,9
9.068,-0.0991012,0.00140055,-0,-0,-0.216616,0.000222137,0.00348062,9
9.0715,-0.0991012,-0.00364143,-0,-0,-0.229851,0.000128315,0.0034841,12
9.075,-0.0991012,-0.00028011,-0,-0,-0.221028,0.000115672,0.00348609,12
9.0785,-0.0991012,-0.00364143,-0,-0,-0.229851,0.000122465,0.00348682,12
9.082,-0.0991012,0.00644253,-0,-0,-0.203382,0.000115692,0.00348707,12
9.0855,-0.0991012,0.00140055,-0,-0,-0.216616,0.000112526,0.00348818,12
9.089,-0.0991012,-0.00028011,-0,-0,-0.221028,0.000135798,0.00348617,12
9.0925,-0.0991012,0.00140055,-0,-0,-0.216616,0.000126411,0.0034869,12
9.096,-0.0991012,0.00140055,-0,-0,-0.216616,0.000159653,0.00348504,12
9.0995,-0.0991012,-0.00028011,-0,-0,-0.221028,0.000117936,0.00348728,12
9.103,-0.0991012,-0.00532209,-0,-0,-0.234263,0.000140728,0.00348145,12
9.1065,-0.0991012,0.00308121,-0,-0,-0.212205,0.000119149,0.00348715,12
9.11,-0.0991012,0.00308121,-0,-0,-0.212205,0.000118517,0.00348681,12
9.1135,-0.0991012,0.00140055,-0,-0,-0.216616,0.000127584,0.00348804,12
9.117,-0.0991012,-0.00364143,-0,-0,-0.229851,0.000639722,0.00348696,15
9.1205,-0.0991012,-0.00700275,-0,-0,-0.238674,0.000537885,0.00348225,9
9.124,-0.0991012,-0.00028011,-0,-0,-0.221028,0.000434977,0.00347508,9
9.1275,-0.0991012,0.00476187,-0,-0,-0.207793,0.000353307,0.00348399,9
9.131,-0.0991012,-0.00532209,-0,-0,-0.234263,0.000272961,0.00348361,9
9.1345,-0.0991012,0.00308121,-0,-0,-0.212205,0.000148612,0.00348406,9
9.138,-0.0991012,0.00140055,-0,-0,-0.216616,0.000122104,0.00348538,12
9.1415,-0.0991012,-0.00532209,-0,-0,-0.234263,0.000125991,0.00348773,12
9.145,-0.0991012,-0.00028011,-0,-0,-0.221028,0.000132222,0.00348472,12
9.14851,-0.0991012,0.00140055,-0,-0,-0.216616,0.000121953,0.00348696,12
9.15201,-0.0991012,-0.00028011,-0,-0,-0.221028,0.000144084,0.00348658,12
9.15551,-0.0991012,-0.00196077,-0,-0,-0.22544,0.000129437,0.0034869,12
9.15901,-0.0991012,-0.00028011,-0,-0,-0.221028,0.000123436,0.00348508,12
9.16251,-0.0991012,-0.00364143,-0,-0,-0.229851,0.000129167,0.003487,12
9.16601,-0.0991012,0.00644253,-0,-0,-0.203382,0.000123115,0.0034862,12
9.16951,-0.0991012,-0.00196077,-0,-0,-0.22544,0.000126672,0.00348818,12
9.17301,-0.0991012,-0.00028011,-0,-0,-0.221028,0.000116614,0.00348621,12
9.17651,-0.0991012,-0.00196077,-0,-0,-0.22544,0.000116514,0.00348707,12
9.18001,-0.0991012,0.00140055,-0,-0,-0.216616,0.000129898,0.00348601,12
9.18351,-0.0991012,0.00140055,-0,-0,-0.216616,0.000623753,0.00348456,15
9.18701,-0.0991012,0.00140055,-0,-0,-0.216616,0.000509584,0.00347405,9
9.19051,-0.0991012,-0.00196077,-0,-0,-0.22544,0.000411635,0.0034836,9
9.19401,-0.0991012,-0.00196077,-0,-0,-0.22544,0.000329714,0.00348227,9
9.19751,-0.0991012,-0.00364143,-0,-0,-0.229851,0.000260167,0.00348493,9
9.20101,-0.0991012,-0.00364143,-0,-0,-0.229851,0.000119178,0.0034832,12
9.20451,-0.0991012,0.00140055,-0,-0,-0.216616,0.000115502,0.00348632,12
9.20801,-0.0991012,0.00308121,-0,-0,-0.212205,0.00015325,0.00348515,12
9.21151,-0.0991012,-0.00028011,-0,-0,-0.221028,0.000128536,0.00348699,12
9.21501,-0.0991012,-0.00196077,-0,-0,-0.22544,0.000118017,0.00348648,12
9.21851,-0.0991012,-0.00028011,0.00314159,-0.0134277,-0.224181,0.000141219,0.00348713,13
9.22201,-0.0991012,-0.00028011,0.00314159,-0.0179728,-0.23817,0.000127414,0.00348671,14
9.22551,-0.0991012,0.00308121,0.00314159,-0.0155194,-0.221796,0.000125139,0.00348815,14
9.22901,-0.0991012,-0.00028011,0.00314159,-0.00779426,-0.206842,0.000117395,0.00348527,14
9.23251,-0.0991012,0.00308121,0.00314159,0.00363263,-0.162848,0.00012537,0.00348704,14
9.23601,-0.0991012,-0.00196077,0.00314159,0.0173484,-0.133867,0.00011492,0.0034871,14
9.23951,-0.0991012,-0.00196077,0.00314159,0.032097,-0.088472,0.000144325,0.00348696,14
9.24301,-0.0991012,0.00308121,0.00314159,0.0467796,-0.0300458,0.000115442,0.00348696,14
9.24651,-0.0991012,-0.00028011,0.00314159,0.0604541,0.00322004,0.000133405,0.00348477,14
9.25001,-0.0991012,-0.00364143,0.00314159,0.0723357,0.0309673,0.000116533,0.00348682,14
9.25351,-0.0991012,-0.00028011,0.00314159,0.0817964,0.0689095,0.000132733,0.00348624,14
9.25701,-0.0991012,0.00644253,0.00628319,0.0749375,0.103621,0.00011451,0.0034866,14
9.26051,-0.0991012,-0.00196077,0.00628319,0.0737553,0.0779243,0.000113738,0.00348735,14
9.26401,-0.0991012,0.00140055,0.00628319,0.0762087,0.0942988,0.000151567,0.0034865,14
9.26751,-0.0991012,0.00140055,0.00628319,0.080571,0.107725,0.000126492,0.00348718,14
9.27101,-0.0991012,-0.00028011,0.00628319,0.0854291,0.118267,0.000148141,0.00348554,13
9.27451,-0.0991012,-0.00028011,0.00628319,0.0896841,0.131363,0.000240952,0.00347229,13
9.27801,-0.0991012,0.00140055,0.00942478,0.0791235,0.141446,0.000498775,0.00343713,13
9.28151,-0.0991012,-0.00028011,0.00942478,0.0755863,0.126148,0.000535311,0.00345379,13
9.28501,-0.0991012,0.00140055,0.00942478,0.0770317,0.135008,0.000566358,0.00345335,13
9.28851,-0.0991012,0.00308121,0.00942478,0.0818899,0.154373,0.000325677,0.00348568,13
9.29201,-0.0991012,0.00308121,0.00942478,0.0890617,0.176447,0.000428907,0.00348271,13
9.29551,-0.0991012,-0.00028011,0.00942478,0.0979193,0.194886,0.000384454,0.00348326,13
9.29901,-0.0991012,-0.00196077,0.00942478,0.108306,0.222443,0.000432423,0.00348018,13
9.30251,-0.0991012,-0.00028011,0.00942478,0.120535,0.264495,0.000424398,0.0034831,13
9.30601,-0.0991012,-0.00364143,0.00942478,0.135392,0.3014,0.000450736,0.00347328,13
9.30951,-0.0991012,0.00308121,0.00942478,0.154132,0.376727,0.000497121,0.00348418,13
9.31301,-0.0991012,-0.00196077,0.0125664,0.140704,0.36034,0.000528899,0.00348301,10
9.31651,-0.0991012,-0.00028011,0.0125664,0.130847,0.334409,0.000581676,0.00348296,10
9.32001,-0.0991012,0.00140055,0.0125664,0.122988,0.314634,0.000603205,0.00348291,10
9.32351,-0.0991012,-0.00028011,0.0125664,0.116031,0.288808,0.0006546,0.00346551,10
9.32701,-0.0991012,-0.00196077,0.0125664,0.109346,0.263822,0.000662555,0.0034827,10
9.33051,-0.0991012,-0.00028011,0.0125664,0.102777,0.248016,0.00069298,0.00348283,10
9.33401,-0.0991012,-0.00364143,0.0125664,0.0966385,0.220297,0.000722054,0.0034829,10
9.33751,-0.0991012,-0.00028011,0.0125664,0.0917143,0.213964,0.000769791,0.00348416,7
9.34101,-0.0991012,-0.00364143,0.0125664,0.0892609,0.19759,0.000114149,0.00348326,7
9.34451,-0.0991012,0.00308121,0.0125664,0.091005,0.220605,0.000132603,0.00348564,14
9.34801,-0.0991012,-0.00028011,0.0125664,0.0991448,0.236835,0.000120832,0.00348593,14
9.35151,-0.0991012,0.00140055,0.015708,0.0785702,0.216096,0.000146719,0.00348603,14
9.35501,-0.0991012,0.00140055,0.015708,0.065961,0.177286,0.000122094,0.00348563,14
9.35851,-0.0991012,0.00140055,0.015708,0.0606893,0.16106,0.000134045,0.00348578,14
9.36201,-0.0991012,-0.00196077,0.015708,0.0625981,0.158112,0.000123527,0.00348552,14
9.36551,-0.0991012,-0.00028011,0.015708,0.0720014,0.191466,0.000138674,0.00348638,14
9.36901,-0.0991012,-0.00028011,0.0188496,0.0762564,0.242739,0.000133424,0.00348643,14
9.37251,-0.0991012,-0.00196077,0.0188496,0.0745782,0.233162,0.00013075,0.00348584,14
9.37601,-0.0991012,-0.00364143,0.0188496,0.0780397,0.239405,0.000119719,0.00348666,14
9.37951,-0.0991012,-0.00028011,0.0188496,0.0847568,0.268902,0.000154143,0.00348628,14
9.38301,-0.0991012,-0.00196077,0.0219912,0.079889,0.287685,0.000122876,0.00348631,14
9.38651,-0.0991012,-0.00196077,0.0219912,0.0848045,0.302814,0.000134947,0.00348596,14
9.39001,-0.0991012,0.00140055,0.0219912,0.0971485,0.349631,0.000121563,0.00348647,14
9.39351,-0.0991012,0.00308121,0.0219912,0.115194,0.409584,0.000138223,0.00348667,14
9.39701,-0.0991012,0.00812319,0.0219912,0.137842,0.492527,0.000121413,0.00348607,14
9.40051,-0.0991012,0.00308121,0.0219912,0.164622,0.561718,0.000135458,0.00348592,14
9.40401,-0.0991012,0.00644253,0.0251327,0.182262,0.663013,0.000128536,0.00348624,14
9.40751,-0.0990273,-0.00196077,0.0251327,0.189508,0.66342,0.000129838,0.00348557,14
9.41101,-0.0990273,0.00644253,0.0251327,0.197117,0.708899,0.000122354,0.00348609,14
9.41451,-0.0990273,0.00476187,0.0251327,0.203049,0.722746,0.000139707,0.00348578,14
9.41801,-0.0989534,0.00924363,0.0251327,0.205891,0.743422,0.000125359,0.00348633,14
9.42151,-0.0989534,0.0109243,0.0251327,0.204858,0.744655,0.000118999,0.00348748,14
9.42501,-0.0988795,0.0210082,0.0251327,0.199794,0.755699,0.000125971,0.00348687,14
9.42851,-0.0988056,0.0226889,0.0282743,0.17774,0.730573,0.000127073,0.00348458,14
9.43201,-0.0987317,0.0271707,0.0282743,0.162107,0.694384,0.000119339,0.00348635,14
9.43551,-0.0986578,0.030532,0.0282743,0.152737,0.674532,0.0001532,0.00348603,14
9.43901,-0.09851,0.0372546,0.0282743,0.150259,0.684879,0.000120811,0.00348648,14
9.44251,-0.0983622,0.0389353,0.0314159,0.142657,0.704398,0.000121333,0.00348629,14
9.44601,-0.0982144,0.0338933,0.0314159,0.130089,0.652809,0.000119529,0.00348664,14
9.44951,-0.0980666,0.0450977,0.0314159,0.124883,0.666525,0.00011984,0.00348762,14
9.45301,-0.0979188,0.0467784,0.0314159,0.126726,0.676937,0.000119929,0.00348627,13
9.45651,-0.097771,0.0467784,0.0345575,0.12266,0.702928,0.000178276,0.00348684,13
9.46001,-0.0976232,0.0439773,0.0345575,0.136253,0.73774,0.0002291,0.00348525,13
9.46351,-0.0974015,0.0568623,0.0345575,0.143309,0.793772,0.000256731,0.00347788,13
9.46701,-0.0972537,0.0551816,0.0345575,0.156157,0.829236,0.000285433,0.00348294,13
9.47051,-0.097032,0.0619043,0.0345575,0.174484,0.903783,0.000311892,0.00348287,13
9.47401,-0.0968103,0.0630247,0.0345575,0.19876,0.981938,0.000425119,0.0034806,13
9.47751,-0.0965886,0.071428,0.0345575,0.205891,1.02644,0.000359899,0.00346535,13
9.48101,-0.096293,0.07647,0.0345575,0.209147,1.05035,0.000418366,0.00348304,13
9.48451,-0.0959974,0.0826324,0.0345575,0.208999,1.06673,0.00056776,0.00346175,13
9.48801,-0.0957017,0.0876744,0.0345575,0.206545,1.07307,0.000478206,0.00348302,13
9.49151,-0.0954061,0.094397,0.0376991,0.190086,1.07889,0.00054053,0.00348215,10
9.49501,-0.0950366,0.0960777,0.0376991,0.184286,1.06627,0.000593979,0.00348282,10
9.49851,-0.0946671,0.110643,0.0376991,0.165893,1.04871,0.00061676,0.00348162,10
9.50201,-0.0942976,0.114005,0.0376991,0.148021,1.00335,0.000647677,0.00348265,10
9.50551,-0.0938542,0.115125,0.0376991,0.130983,0.954833,0.000702056,0.00348393,10
9.50901,-0.0934108,0.12857,0.0376991,0.115723,0.94414,0.000761495,0.0034829,10
9.51251,-0.0929674,0.130251,0.0376991,0.103808,0.912867,0.000119479,0.00347946,7
9.51601,-0.0925979,0.131932,0.0376991,0.0974388,0.898495,0.000124118,0.00348542,14
9.51951,-0.0920067,0.242295,0.0376991,0.0994396,1.19566,0.000123606,0.00348588,14
9.52301,-0.0916372,0.139775,0.0376991,0.0889135,0.894978,0.000247875,0.00347145,14
9.52651,-0.0911199,0.146497,0.0376991,0.0811722,0.889947,0.000123547,0.00348617,14
9.53001,-0.0906765,0.150979,0.0376991,0.0785703,0.894688,0.000121693,0.00348583,14
9.53351,-0.0901592,0.149859,0.0376991,0.083934,0.909406,0.000121072,0.00348715,14
9.53701,-0.089568,0.15266,0.0376991,0.0762089,0.894296,0.000121162,0.00348577,14
9.54051,-0.0890507,0.162744,0.0376991,0.0703925,0.904013,0.000124338,0.00348557,14
9.54401,-0.0884595,0.168906,0.0376991,0.0683688,0.915274,0.000119048,0.00348665,14
9.54751,-0.0878683,0.173948,0.0376991,0.0723359,0.942034,0.000121983,0.00348583,14
9.55101,-0.0872031,0.180671,0.0376991,0.0604542,0.924588,0.000143423,0.00348667,14
9.55451,-0.0866119,0.180671,0.0376991,0.0467795,0.883813,0.000134146,0.00348334,14
9.55801,-0.0859468,0.188514,0.0376991,0.032097,0.860687,0.000122845,0.00348606,14
9.56151,-0.0852817,0.195237,0.0376991,0.0173483,0.834417,0.000120171,0.00348733,14
9.56502,-0.0845427,0.200279,0.0345575,0.0170602,0.810232,0.000119178,0.00348656,14
9.56852,-0.0838776,0.20364,0.0345575,0.0101786,0.799352,0.000148783,0.00348109,14
9.57202,-0.0831386,0.20364,0.0345575,-0,0.769666,0.000134416,0.00348511,14
9.57552,-0.0823996,0.211483,0.0345575,-0.0101786,0.760568,0.000123877,0.00348546,14
9.57902,-0.0816606,0.213164,0.0345575,-0.0170604,0.745441,0.000128866,0.00348528,14
9.58252,-0.0809216,0.214844,0.0345575,-0.0173483,0.750609,0.000129367,0.0034849,14
9.58602,-0.0801826,0.214844,0.0345575,-0.032097,0.706857,0.000203433,0.00348587,14
9.58952,-0.0793696,0.219886,0.0345575,-0.0467796,0.676707,0.00025129,0.00347519,14
9.59302,-0.0786306,0.226049,0.0345575,-0.0604542,0.652437,0.000238908,0.00347287,14
9.59652,-0.0778177,0.221567,0.0314159,-0.0589081,0.609062,0.000124829,0.00348544,14
9.60002,-0.0770787,0.237813,0.0314159,-0.0638236,0.63822,0.000122885,0.00348638,14
9.60352,-0.0762658,0.234452,0.0314159,-0.0728458,0.603435,0.000131982,0.00348181,14
9.60702,-0.0754529,0.231091,0.0314159,-0.0839338,0.562291,0.000149103,0.00348611,14
9.61052,-0.07464,0.234452,0.0282743,-0.081933,0.540903,0.000122915,0.00348628,14
9.61402,-0.0738271,0.237813,0.0282743,-0.0877407,0.533658,0.000126291,0.00348601,14
9.61752,-0.0730142,0.237813,0.0282743,-0.098374,0.502737,0.000122585,0.00348702,13
9.62102,-0.0721273,0.242295,0.0282743,-0.111321,0.476622,0.000173368,0.00348627,13
9.62452,-0.0713144,0.240614,0.0282743,-0.124541,0.433329,0.000237636,0.00348405,13
9.62802,-0.0704276,0.240614,0.0282743,-0.136464,0.398603,0.0002677,0.00348227,13
9.63152,-0.0696147,0.238934,0.0282743,-0.14599,0.366676,0.0002951,0.00348267,13
9.63502,-0.0687279,0.240614,0.0251327,-0.139065,0.356197,0.000397749,0.00348289,13
9.63852,-0.067915,0.238934,0.0251327,-0.137842,0.357358,0.000389554,0.00348289,13
9.64202,-0.0670282,0.240614,0.0251327,-0.14075,0.35479,0.00042035,0.00348182,13
9.64552,-0.0662153,0.237813,0.0251327,-0.146848,0.330475,0.000444144,0.00347635,13
9.64902,-0.0654024,0.071428,0.0251327,-0.155821,-0.132084,0.000506589,0.00348277,13
9.65252,-0.0645155,0.231091,0.0251327,-0.167985,0.251552,0.000544909,0.00347391,10
9.65602,-0.0637026,0.231091,0.0251327,-0.184279,0.203205,0.000545289,0.00348318,10
9.65952,-0.0629636,0.222687,0.0251327,-0.181924,0.190038,0.000588339,0.00348312,10
9.66302,-0.0621507,0.224368,0.0251327,-0.174348,0.219577,0.000624534,0.0034841,10
9.66652,-0.0614117,0.216525,0.0251327,-0.16202,0.238576,0.000657155,0.00348401,10
9.67002,-0.0606727,0.213164,0.0251327,-0.145883,0.281063,0.000677131,0.00348373,10
9.67352,-0.0599337,0.214844,0.0251327,-0.12735,0.344159,0.000717004,0.00348498,10
9.67702,-0.0591947,0.208122,0.0251327,-0.108306,0.386773,0.000108309,0.00348381,7
9.68052,-0.0585296,0.211483,0.0251327,-0.0911034,0.450022,0.000120662,0.00348627,14
9.68402,-0.0577906,0.209802,0.0251327,-0.0785701,0.485829,0.000120461,0.00348724,14
9.68752,-0.0571254,0.211483,0.0251327,-0.0740021,0.505779,0.00011443,0.00348725,14
9.69102,-0.0563864,0.213164,0.0251327,-0.0568163,0.564729,0.000121873,0.00348703,14
9.69452,-0.0556474,0.20476,0.0251327,-0.0424813,0.588436,0.000118567,0.00348527,14
9.69802,-0.0548345,0.213164,0.0251327,-0.0333518,0.640401,0.000119048,0.00348642,14
9.70152,-0.0540955,0.219886,0.0251327,-0.0320969,0.663552,0.000113628,0.00348729,14
9.70502,-0.0533565,0.219886,0.0251327,-0.0173483,0.71059,0.000119379,0.00348716,14
9.70852,-0.0526175,0.211483,0.0251327,-0.00363266,0.73239,0.000115562,0.00348687,14
9.71202,-0.0518785,0.219886,0.0251327,0.00779425,0.791261,0.000120791,0.00348734,14
9.71552,-0.0510656,0.222687,0.0251327,0.0155194,0.824198,0.000114219,0.00348723,14
9.71902,-0.0502527,0.232771,0.0251327,0.0179728,0.860026,0.000121262,0.00348738,14
9.72252,-0.0495136,0.224368,0.0251327,0.0134276,0.825621,0.000144194,0.00348612,14
9.72602,-0.0487007,0.22941,0.0251327,-0,0.799334,0.00012506,0.00348718,14
9.72952,-0.0478878,0.242295,0.0251327,-0,0.834963,0.000115091,0.00348812,14
9.73302,-0.0470749,0.245656,0.0251327,-0,0.845594,0.000124078,0.00348653,14
9.73652,-0.0461881,0.245656,0.0251327,-0,0.847565,0.000116915,0.00348712,14
9.74002,-0.0453013,0.247337,0.0251327,-0,0.853948,0.000126552,0.0034867,14
9.74352,-0.0444145,0.25574,0.0251327,-0,0.877977,0.000116524,0.00348697,14
9.74702,-0.0435277,0.260222,0.0251327,-0,0.891713,0.000123175,0.00348695,14
9.75052,-0.0426409,0.265264,0.0251327,-0,0.906919,0.000115742,0.00348738,14
9.75402,-0.0416801,0.266945,0.0251327,-0,0.913466,0.000117966,0.00348711,14
9.75752,-0.0407933,0.273667,0.0251327,-0,0.933084,0.0001198,0.00348838,14
9.76102,-0.0398326,0.278149,0.0251327,-0,0.946983,0.000120791,0.00348683,14
9.76452,-0.0388719,0.182352,0.0251327,-0,0.697658,0.000118297,0.00348651,14
9.76802,-0.0378373,0.28151,0.0251327,-0,0.960242,0.000124098,0.00348706,14
9.77152,-0.0368766,0.289914,0.0251327,-0,0.984435,0.000123997,0.00348687,14
9.77502,-0.035842,0.294396,0.0251327,-0,0.9985,0.000123667,0.00348743,14
9.77852,-0.0348074,0.294396,0.0219912,0.0134277,1.00395,0.000138534,0.00348665,14
9.78202,-0.0337727,0.302799,0.0219912,0.0179728,1.0423,0.000137692,0.00348688,14
9.78552,-0.0327381,0.302799,0.0219912,0.0155194,1.03705,0.000122033,0.00348758,14
9.78902,-0.0316296,0.310642,0.0219912,0.00779427,1.03632,0.000115302,0.00348699,14
9.79252,-0.0305211,0.319045,0.0219912,-0.00363263,1.02567,0.000114951,0.00348668,14
9.79602,-0.0294126,0.324087,0.0219912,-0.0173484,0.999157,0.000140498,0.00348662,13
9.79952,-0.0282302,0.333611,0.0219912,-0.032097,0.981389,0.000155254,0.00348616,13
9.80302,-0.0270478,0.335292,0.0188496,-0.0333519,0.946391,0.000248104,0.00348323,13
9.80652,-0.0258653,0.346496,0.0188496,-0.0424813,0.95033,0.000259165,0.00348224,13
9.81002,-0.024609,0.354899,0.015708,-0.0433887,0.934212,0.000393161,0.00348194,13
9.81352,-0.0232788,0.361622,0.015708,-0.0560293,0.915908,0.000341145,0.00348503,13
9.81702,-0.0220964,0.363303,0.015708,-0.0764785,0.860008,0.000385717,0.0034835,13
9.82052,-0.0207662,0.372826,0.015708,-0.101282,0.81162,0.0003815,0.00348368,13
9.82402,-0.019436,0.377868,0.0125664,-0.11403,0.750399,0.000441429,0.00348326,13
9.82752,-0.0181057,0.384031,0.0125664,-0.13452,0.706465,0.000458881,0.00348249,13
9.83102,-0.0167016,0.384031,0.0125664,-0.158828,0.634769,0.000467647,0.00346944,13
9.83452,-0.0153714,0.385711,0.0125664,-0.183657,0.565718,0.000577068,0.00348421,10
9.83802,-0.0139673,0.389073,0.00942478,-0.19291,0.511007,0.000883749,0.00343251,10
9.84152,-0.0123415,0.507839,0.00942478,-0.206856,0.783447,0.000889651,0.00344925,10
9.84502,-0.0110851,0.394115,0.00942478,-0.222199,0.440498,0.000845911,0.00341734,10
9.84852,-0.00968103,0.392434,0.00942478,-0.236427,0.395416,0.000656013,0.00348271,10
9.85202,-0.00842471,0.401958,0.00628319,-0.234385,0.391316,0.000707306,0.00348257,10
9.85552,-0.00702059,0.399157,0.00314159,-0.224014,0.38083,0.000756187,0.00348135,7
9.85902,-0.00561647,0.400277,0.00314159,-0.225583,0.382063,0.000123687,0.00348243,7
9.86252,-0.00443406,0.397476,0.00314159,-0.236109,0.344941,0.000128676,0.00348586,14
9.86602,-0.00302994,0.403638,0.00314159,-0.253708,0.310069,0.000123486,0.00348578,14
9.86952,-0.00169972,0.403638,-0,-0.264168,0.242654,0.000115983,0.00348715,12
9.87302,-0.000295603,0.399157,-0,-0.265762,0.229106,0.000617141,0.00348599,15
9.87652,0.00133022,0.395795,-0,-0.269248,0.213166,0.000519182,0.00348294,9
9.88002,0.00266044,0.403638,-0,-0.273057,0.224987,0.000431812,0.00348012,9
9.88352,0.00406455,0.394115,-0.00314159,-0.26329,0.194995,0.000385016,0.00348242,9
9.88702,0.00539477,0.392434,-0.00314159,-0.262885,0.194787,0.000391748,0.00348318,9
9.89052,0.00679889,0.390753,-0.00314159,-0.271686,0.16641,0.000380658,0.00348325,9
9.89402,0.00812911,0.390753,-0.00314159,-0.29079,0.110566,0.000428825,0.00348112,9
9.89752,0.00953323,0.387392,-0.00314159,-0.298202,0.08205,0.0003877,0.00348432,9
9.90102,0.0107895,0.38123,-0.00628319,-0.295335,0.0393151,0.000390226,0.00348293,9
9.90452,0.0121198,0.38123,-0.00628319,-0.28266,0.0812851,0.000386228,0.00348302,9
9.90802,0.01345,0.372826,-0.00628319,-0.273133,0.0915064,0.000394864,0.00348229,9
9.91152,0.0147802,0.364423,-0.00942478,-0.253955,0.093257,0.000415372,0.00348295,9
9.91502,0.0160365,0.364423,-0.00942478,-0.249163,0.110799,0.000408629,0.00348283,9
9.91852,0.0172928,0.359941,-0.00942478,-0.235348,0.14435,0.000403269,0.00348303,9
9.92202,0.0185491,0.349857,-0.00942478,-0.225937,0.149639,0.000413547,0.00348172,9
9.92552,0.0197316,0.346496,-0.0125664,-0.208602,0.158624,0.000439165,0.00348445,9
9.92902,0.0209879,0.348177,-0.0125664,-0.20785,0.168141,0.000783887,0.00344966,9
9.93252,0.0223181,0.338653,-0.0125664,-0.200744,0.167969,0.000702037,0.00344948,9
9.93602,0.0235005,0.343695,-0.0125664,-0.201183,0.182483,0.000426081,0.0034833,9
9.93952,0.0245351,0.33193,-0.0125664,-0.210736,0.1245,0.000423967,0.00348316,9
9.94302,0.0257175,0.338653,-0.0125664,-0.232071,0.0791053,0.000432663,0.00348163,9
9.94652,0.0269,0.33193,-0.0125664,-0.244607,0.0255042,0.000431672,0.00348336,9
9.95003,0.0280085,0.327448,-0.0125664,-0.240088,0.030114,0.000457098,0.0034808,9
9.95353,0.029117,0.327448,-0.0125664,-0.233354,0.0533027,0.000440187,0.00348419,9
9.95703,0.0302994,0.317364,-0.0125664,-0.226605,0.0502362,0.000438183,0.00348298,9
9.96053,0.031334,0.315684,-0.0125664,-0.222822,0.0597684,0.000443473,0.00348309,9
9.96403,0.0324425,0.309521,-0.0125664,-0.201422,0.111923,0.000440588,0.00348295,9
9.96753,0.0334771,0.297757,-0.0125664,-0.178188,0.154853,0.000466245,0.00348306,9
9.97103,0.0345857,0.294396,-0.0125664,-0.156103,0.21647,0.000454954,0.00348163,9
9.97453,0.0356203,0.292715,-0.0125664,-0.138777,0.267684,0.000453952,0.00348319,9
9.97803,0.036581,0.289914,-0.0125664,-0.106099,0.363047,0.000454523,0.00348202,9
9.98153,0.0376156,0.288233,-0.0125664,-0.0741647,0.459227,0.000448823,0.00348453,9
9.98503,0.0386502,0.289914,-0.0125664,-0.046114,0.552275,0.000448863,0.00348306,9
9.98853,0.0396109,0.284872,-0.0125664,-0.0255576,0.604447,0.000445637,0.00348308,9
9.99203,0.0407933,0.4591,-0.0125664,-0.0165776,1.09205,0.000456427,0.00348185,9
9.99553,0.0416062,0.288233,-0.0125664,0.000624474,0.698291,0.000449975,0.00348267,9
9.99903,0.0426409,0.288233,-0.0125664,0.00979501,0.728817,0.000460514,0.00348065,9
10.0025,0.0436755,0.291594,-0.0125664,0.00779426,0.733782,0.000446799,0.00348321,9
10.006,0.0447101,0.294396,-0.0125664,0.0155194,0.767211,0.000475582,0.00347288,9
10.0095,0.0457447,0.299437,-0.0125664,0.0179728,0.790298,0.000464231,0.00348421,9
10.013,0.0467793,0.302799,-0.0125664,0.0134276,0.787431,0.000464672,0.00348264,9
10.0165,0.0478139,0.304479,-0.0125664,-0,0.752813,0.000477555,0.00348283,9
10.02,0.0489224,0.307841,-0.0125664,-0,0.764101,0.000462879,0.00348036,9
10.0235,0.0499571,0.310642,-0.0125664,-0,0.773753,0.000471535,0.00348275,9
10.027,0.0510656,0.314003,-0.0125664,-0,0.78504,0.000467758,0.00348251,9
10.0305,0.0521741,0.312323,-0.0125664,-0,0.783093,0.000474259,0.00348278,9
10.034,0.0532826,0.317364,-0.0125664,-0,0.798792,0.000468108,0.00348015,9
10.0375,0.0543911,0.317364,-0.0125664,-0,0.801256,0.000484007,0.00348399,9
10.041,0.0554996,0.327448,-0.0125664,-0,0.83019,0.000470192,0.00348165,9
10.0445,0.0566081,0.324087,-0.0125664,-0,0.823831,0.000469641,0.00348273,9
10.048,0.0577906,0.33025,-0.0125664,-0,0.842635,0.000477485,0.00348186,9
10.0515,0.058973,0.338653,-0.0125664,-0,0.867321,0.000473348,0.00348275,9
10.055,0.0600815,0.336972,-0.015708,0.0134277,0.868526,0.000497862,0.00348265,9
10.0585,0.0613378,0.342014,-0.015708,0.0179728,0.898544,0.000482003,0.00348182,9
10.062,0.0625202,0.353219,-0.015708,0.0155194,0.923031,0.000515385,0.00348252,9
10.0655,0.0637765,0.354899,-0.015708,0.00779425,0.906458,0.000479679,0.00348396,9
10.069,0.064959,0.35658,-0.015708,-0.00363263,0.878327,0.000484638,0.00348204,9
10.0725,0.0662153,0.363303,-0.015708,-0.0173484,0.856551,0.000455515,0.00347118,9
10.076,0.0675455,0.206441,-0.015708,-0.032097,0.402365,0.000462628,0.00348286,9
10.0795,0.0688018,0.372826,-0.015708,-0.0467795,0.796713,0.000446339,0.00348283,9
10.083,0.0700581,0.367784,-0.015708,-0.0604541,0.744182,0.000455375,0.00348273,9
10.0865,0.0713883,0.372826,-0.015708,-0.0723357,0.723803,0.000442581,0.00348293,9
10.09,0.0726447,0.372826,-0.0188496,-0.0683687,0.70063,0.000496981,0.00348142,9
10.0935,0.0739749,0.372826,-0.0188496,-0.0703923,0.697358,0.000472075,0.00348392,9
10.097,0.0753051,0.372826,-0.0219912,-0.0627809,0.685566,0.000490308,0.00348198,9
10.1005,0.0765614,0.38235,-0.0219912,-0.0659609,0.70357,0.000472305,0.00348316,9
10.104,0.0778916,0.385711,-0.0219912,-0.0764784,0.682979,0.000513291,0.00347812,9
10.1075,0.0792957,0.38123,-0.0219912,-0.0913505,0.628561,0.000503362,0.003483,9
10.111,0.080626,0.389073,-0.0251327,-0.0946377,0.603811,0.000530712,0.00348037,9
10.1145,0.0819562,0.392434,-0.0251327,-0.106609,0.578744,0.000537886,0.0034827,9
10.118,0.0833603,0.392434,-0.0251327,-0.123811,0.528919,0.000542614,0.00348297,9
10.1215,0.0847644,0.395795,-0.0251327,-0.143418,0.480516,0.000563143,0.00348434,9
10.125,0.0860946,0.399157,-0.0282743,-0.149804,0.434465,0.000565888,0.00348286,9
10.1285,0.0874987,0.394115,-0.0282743,-0.163709,0.381552,0.000580083,0.00348202,9
10.132,0.0889029,0.401958,-0.0282743,-0.182308,0.348016,0.000587727,0.00348298,9
10.1355,0.090307,0.398596,-0.0282743,-0.203559,0.276904,0.00059521,0.00348277,9
10.139,0.0917111,0.397476,-0.0282743,-0.226207,0.207376,0.000613785,0.00348093,9
10.1425,0.0931152,0.401958,-0.0314159,-0.236353,0.152857,0.000635425,0.00348287,9
10.146,0.0945193,0.392434,-0.0314159,-0.256622,0.0685954,0.000647978,0.00348245,9
10.1495,0.0958496,0.395795,-0.0314159,-0.261876,0.0642033,0.000113048,0.00348402,6
10.153,0.097032,0.389073,-0.0345575,-0.250076,0.0473295,0.000684124,0.00348533,12
10.1565,0.0985839,0.377868,-0.0345575,-0.242275,0.0453789,0.000116293,0.00348248,6
10.16,0.0996924,0.379549,-0.0345575,-0.236118,0.071203,0.000133594,0.00348233,12
10.1635,0.100949,0.371146,-0.0376991,-0.216766,0.0733256,0.000123656,0.00348414,12
10.167,0.102279,0.367784,-0.0376991,-0.206057,0.100421,0.000118728,0.00348617,12
10.1705,0.103535,0.364423,-0.0376991,-0.202578,0.105097,0.00011993,0.003486,12
10.174,0.104792,0.359941,-0.0376991,-0.206016,0.0855449,0.000119629,0.00348561,12
10.1775,0.106048,0.359941,-0.0376991,-0.217155,0.0540535,0.000197432,0.00348082,12
10.181,0.107304,0.358261,-0.0376991,-0.237879,-0.0113519,0.000122013,0.00348229,12
10.1845,0.108487,0.351538,-0.0376991,-0.24682,-0.0538892,0.000197602,0.0034383,12
10.188,0.109743,0.348177,-0.0408407,-0.245862,-0.0951467,0.000127554,0.00348463,12
10.1915,0.110925,0.343695,-0.0408407,-0.235789,-0.0732806,0.000120581,0.0034859,12
10.195,0.112108,0.338653,-0.0408407,-0.229717,-0.0651959,0.000123155,0.00348567,12
10.1985,0.11329,0.33025,-0.0408407,-0.228271,-0.0801762,0.000122244,0.00348581,12
10.202,0.114399,0.325768,-0.0408407,-0.233023,-0.104102,0.000118497,0.00348642,12
10.2055,0.115507,0.315684,-0.0408407,-0.222133,-0.0945894,0.000119098,0.00348658,12
10.209,0.116616,0.312323,-0.0408407,-0.210285,-0.0644815,0.000118697,0.0034857,12
10.2125,0.117724,0.307841,-0.0408407,-0.19952,-0.0406466,0.000120961,0.00348608,12
10.216,0.118759,0.299437,-0.0408407,-0.192663,-0.0393,0.000121413,0.003486,12
10.2195,0.119793,0.294396,-0.0408407,-0.168974,0.0226761,0.00012002,0.00348602,12
10.223,0.120754,0.284872,-0.0408407,-0.14408,0.0764354,0.000130689,0.00348368,12
10.2265,0.121789,0.283191,-0.0408407,-0.120805,0.145962,0.000123377,0.00348529,12
10.23,0.12275,0.271987,-0.0408407,-0.102603,0.17471,0.000119679,0.00348621,12
10.2335,0.123636,0.261903,-0.0408407,-0.093557,0.178054,0.00014753,0.00348734,12
10.237,0.124597,0.265264,-0.0408407,-0.0740249,0.249131,0.000117565,0.0034861,12
10.2405,0.125484,0.261903,-0.0408407,-0.0605744,0.283678,0.000121793,0.00348577,12
10.244,0.126371,0.250698,-0.0408407,-0.0568164,0.267806,0.000123386,0.00348616,12
10.2475,0.127257,0.252379,-0.0408407,-0.0424813,0.318311,0.000121182,0.00348605,12
10.251,0.128144,0.243976,-0.0408407,-0.0333519,0.326323,0.000127233,0.00348622,12
10.2545,0.129031,0.252379,-0.0408407,-0.032097,0.354215,0.000123206,0.00348579,12
10.258,0.129844,0.252379,-0.0408407,-0.0173484,0.401417,0.000122926,0.00348621,12
10.2615,0.130731,0.249018,-0.0408407,-0.00363268,0.436781,0.000117705,0.00348751,12
10.265,0.131618,0.252379,-0.0408407,0.00779425,0.482746,0.000116784,0.00348605,12
10.2685,0.132504,0.252379,-0.0408407,0.0155194,0.508494,0.000121292,0.00348585,12
10.272,0.133317,0.242295,-0.0408407,0.0179728,0.491383,0.00012599,0.00348632,12
10.2755,0.134204,0.250698,-0.0408407,0.0134276,0.501423,0.000127974,0.00348366,12
10.279,0.135091,0.245656,-0.0408407,-0,0.448831,0.000131611,0.00348641,12
10.2825,0.135978,0.247337,-0.0408407,-0,0.455213,0.000123676,0.00347733,12
10.286,0.136791,0.247337,-0.0408407,-0,0.45702,0.00012551,0.00348647,12
10.2895,0.137678,0.245656,-0.0408407,-0,0.45458,0.000186131,0.00348714,12
10.293,0.138564,0.247337,-0.0408407,-0,0.460963,0.000126171,0.00348524,12
10.2965,0.139377,0.245656,-0.0408407,-0,0.458358,0.000140829,0.00347451,12
10.3,0.140264,0.238934,-0.0408407,-0,0.442684,0.000129678,0.00348576,12
10.3035,0.141151,0.245656,-0.0408407,-0,0.462301,0.000126162,0.00348532,12
10.307,0.141964,0.247337,-0.0408407,-0,0.46852,0.000128485,0.00348601,12
10.3105,0.142851,0.243976,-0.0408407,-0,0.461668,0.000123567,0.00347579,12
10.314,0.143663,0.247337,-0.0408407,-0,0.472298,0.00013093,0.00348595,12
10.3175,0.14455,0.240614,-0.0408407,-0,0.456623,0.000124619,0.00348678,12
10.321,0.145437,0.247337,-0.0408407,-0,0.476241,0.000123817,0.00348401,12
10.3245,0.14625,0.252379,-0.0408407,-0,0.491282,0.000130319,0.00348588,12
10.328,0.147137,0.12857,-0.0408407,-0,0.168267,0.000130238,0.00348636,12
10.3315,0.148024,0.242295,-0.0408407,-0,0.468756,0.000122835,0.00348576,12
10.335,0.148837,0.243976,-0.0408407,-0,0.474974,0.000130309,0.00348592,12
10.3385,0.149723,0.237813,-0.0408407,-0,0.46077,0.000122274,0.00348624,12
10.342,0.150536,0.242295,-0.0408407,-0,0.474341,0.000129477,0.00348608,12
10.3455,0.151423,0.242295,-0.0408407,-0,0.476312,0.000176354,0.0034842,12
10.349,0.152236,0.239494,-0.0408407,-0,0.470767,0.00011982,0.00348606,12
10.3525,0.153049,0.239494,-0.0408407,-0,0.472574,0.000125049,0.00348577,12
10.356,0.153936,0.239494,-0.0408407,-0,0.474545,0.000129437,0.00348605,12
10.3595,0.154749,0.239494,-0.0408407,-0,0.476352,0.000126602,0.00348495,12
10.363,0.155562,0.236133,-0.0408407,-0,0.469336,0.000129538,0.00348619,12
10.3665,0.156448,0.240614,-0.0408407,-0,0.483071,0.000127654,0.00348518,12
10.37,0.157335,0.240614,-0.0408407,-0,0.485043,0.000122294,0.00347725,12
10.3735,0.158148,0.245656,-0.0408407,-0,0.500084,0.000121473,0.00348659,12
10.377,0.159035,0.250698,-0.0408407,-0,0.51529,0.000123377,0.00348582,12
10.3805,0.159848,0.243976,-0.0408407,-0,0.499451,0.000122906,0.00348595,12
10.384,0.160735,0.252379,-0.0408407,-0,0.52348,0.00013121,0.00348625,12
10.3875,0.161621,0.247337,-0.0408407,-0,0.512217,0.000121844,0.00348634,12
10.391,0.162434,0.250698,-0.0408407,-0,0.522847,0.000122745,0.00348582,12
10.3945,0.163321,0.245656,-0.0408407,-0,0.511584,0.000124508,0.00348522,12
10.398,0.164208,0.250698,-0.0408407,-0,0.52679,0.000130108,0.00348601,12
10.4015,0.165095,0.25406,-0.0408407,-0,0.537584,0.00015272,0.00348695,12
10.405,0.165982,0.256861,-0.0408407,-0,0.546908,0.000119088,0.00348631,12
10.4085,0.166868,0.250698,-0.0408407,-0,0.532704,0.000126802,0.00348594,12
10.412,0.167755,0.256861,-0.0408407,-0,0.550851,0.000128135,0.00348645,12
10.4155,0.168642,0.263583,-0.0439823,0.0134277,0.573621,0.000124038,0.0034839,12
10.419,0.169529,0.258541,-0.0439823,0.0179728,0.576347,0.00012564,0.00348589,12
10.4225,0.170416,0.25406,-0.0439823,0.0155194,0.559003,0.000121383,0.00348565,12
10.426,0.171302,0.25574,-0.0439823,0.00779426,0.541609,0.000123746,0.00348647,12
10.4295,0.172263,0.263583,-0.0439823,-0.00363265,0.529161,0.000121432,0.00348476,12
10.433,0.17315,0.258541,-0.0439823,-0.0173484,0.475681,0.000117626,0.00348625,12
10.4365,0.174037,0.25406,-0.0471239,-0.0186694,0.423647,0.000122204,0.00348504,12
10.44,0.174924,0.256861,-0.0471239,-0.0288068,0.401768,0.000118858,0.00348628,12
10.4435,0.17581,0.249018,-0.0471239,-0.0449348,0.333512,0.000119079,0.00348624,12
10.447,0.176697,0.256861,-0.0471239,-0.0645416,0.295723,0.0001309,0.00348366,12
10.4505,0.177584,0.250698,-0.0471239,-0.0854292,0.217229,0.000126842,0.00348386,12
10.454,0.178471,0.25574,-0.0471239,-0.105714,0.170001,0.000118117,0.00348618,12
10.4575,0.179358,0.249018,-0.0471239,-0.123825,0.0985804,0.00014745,0.00348747,12
10.461,0.180244,0.243976,-0.0471239,-0.138508,0.0421254,0.000118728,0.00348629,12
10.4645,0.181057,0.243976,-0.0471239,-0.14882,0.012194,0.000121954,0.00348526,12
10.468,0.18187,0.237813,-0.0471239,-0.154132,-0.018527,0.000118858,0.00348629,12
10.4715,0.182683,0.236133,-0.0502655,-0.140705,-0.0179788,0.000121403,0.00348612,12
10.475,0.183496,0.224368,-0.0502655,-0.130847,-0.016711,0.000118467,0.00348646,12
10.4785,0.184309,0.221567,-0.0502655,-0.122988,0.00193034,0.000122034,0.00348593,12
10.482,0.185048,0.216525,-0.0502655,-0.116031,0.011753,0.000134496,0.00348239,12
10.4855,0.185861,0.214844,-0.0502655,-0.109346,0.0297227,0.000121222,0.00348574,12
10.489,0.186526,0.206441,-0.0502655,-0.102778,0.0293613,0.000138444,0.00348596,12
10.4925,0.187265,0.206441,-0.0502655,-0.0966386,0.049899,0.000121713,0.00347805,12
10.496,0.188004,0.208122,-0.0502655,-0.0917143,0.0711099,0.000138214,0.00348612,12
10.4995,0.188669,0.196917,-0.0502655,-0.0892608,0.0507295,0.000123747,0.00348499,12
10.503,0.189334,0.188514,-0.0502655,-0.0910051,0.0247813,0.000135889,0.00347462,12
10.5065,0.190073,0.193556,-0.0502655,-0.0991449,0.0146052,0.000122123,0.00348476,12
10.51,0.190664,0.185713,-0.0502655,-0.0919978,0.0173299,0.000134707,0.00348388,12
10.5135,0.19133,0.184032,-0.0502655,-0.0839338,0.0392172,0.000117966,0.00348709,12
10.517,0.191995,0.180671,-0.0502655,-0.0762086,0.0556498,0.000147631,0.00348581,12
10.5205,0.192586,0.172268,-0.0502655,-0.0703923,0.0528079,0.000123536,0.00348592,12
10.524,0.193177,0.167786,-0.0502655,-0.0683686,0.0485866,0.00013642,0.00348602,12
10.5275,0.193768,0.162744,-0.0502655,-0.0723357,0.0244559,0.000121152,0.00348612,12
10.531,0.194286,0.161063,-0.0502655,-0.0604541,0.0577645,0.000120241,0.00348612,12
10.5345,0.194877,0.15266,-0.0502655,-0.0467796,0.0791095,0.000122535,0.0034853,12
10.538,0.195394,0.150979,-0.0502655,-0.0320971,0.121039,0.000126382,0.00348649,12
10.5415,0.195911,0.144817,-0.0502655,-0.0173483,0.151409,0.000118888,0.00348735,12
10.545,0.196429,0.144817,-0.0502655,-0.00363259,0.194774,0.00013087,0.00348609,12
10.5485,0.196946,0.138094,-0.0502655,0.00779413,0.213448,0.000120742,0.00347826,12
10.552,0.197389,0.138094,-0.0471239,0.00209169,0.235058,0.000135227,0.00348602,12
10.5555,0.197833,0.136414,-0.0471239,-0,0.225194,0.000133324,0.00348408,12
10.559,0.19835,0.133052,-0.0471239,-0.00209168,0.211083,0.00012003,0.00348596,12
10.5625,0.198794,0.12689,-0.0471239,-0.00779429,0.178341,0.000125501,0.00348492,12
10.566,0.199237,0.125209,-0.0471239,0.00363261,0.210086,0.000121633,0.00348585,12
10.5695,0.19968,0.121848,-0.0471239,0.0173483,0.244464,0.000119138,0.00348721,12
10.573,0.200124,0.0176469,-0.0471239,0.032097,0.017326,0.00015242,0.00348598,12
10.5765,0.200493,0.115125,-0.0439823,0.0333519,0.316058,0.000120982,0.00348532,12
10.58,0.200863,0.107282,-0.0439823,0.0424813,0.324391,0.000122315,0.00348598,12
10.5835,0.201232,0.107282,-0.0439823,0.0568163,0.369335,0.000131692,0.00348392,12
10.587,0.201602,0.10224,-0.0439823,0.0740021,0.409818,0.000121092,0.0034861,12
10.5905,0.201971,0.107282,-0.0408407,0.0785703,0.47611,0.000393802,0.00345655,12
10.594,0.202341,0.0988788,-0.0408407,0.0911037,0.49345,0.000270415,0.00345777,12
10.5975,0.20271,0.103921,-0.0408407,0.108306,0.560453,0.000119169,0.00348636,12
10.601,0.203006,0.105601,-0.0408407,0.127351,0.624139,0.000133395,0.00348617,9
10.6045,0.203375,0.105601,-0.0408407,0.145883,0.682002,0.00022935,0.00348431,9
10.608,0.203819,0.103921,-0.0408407,0.16202,0.728243,0.000477095,0.00339624,12
10.6115,0.204188,0.105601,-0.0408407,0.174348,0.77142,0.000408498,0.00344914,9
10.615,0.204558,0.115125,-0.0376991,0.168497,0.817408,0.000264294,0.00348548,9
10.6185,0.204927,0.115125,-0.0376991,0.166306,0.811488,0.000203062,0.00348532,9
10.622,0.205371,0.121848,-0.0376991,0.165893,0.828847,0.000254857,0.00348544,9
10.6255,0.205814,0.123528,-0.0376991,0.166,0.834574,0.000236193,0.00348671,9
10.629,0.206258,0.133052,-0.0376991,0.166,0.860559,0.000361894,0.00348568,9
10.6325,0.206701,0.130251,-0.0376991,0.165893,0.853862,0.000255849,0.00348508,9
10.636,0.207144,0.133052,-0.0376991,0.166307,0.863473,0.000378724,0.00348532,9
10.6395,0.207662,0.138094,-0.0376991,0.168497,0.884599,0.000269965,0.00348589,9
10.643,0.208179,0.144817,-0.0376991,0.174348,0.921404,0.000379235,0.00348553,9
10.6465,0.208696,0.150979,-0.0376991,0.16202,0.900786,0.000302014,0.00348538,9
10.65,0.209214,0.159383,-0.0376991,0.145883,0.874327,0.000321109,0.00348403,9
10.6535,0.209731,0.156021,-0.0376991,0.12735,0.809612,0.000312884,0.00348703,9
10.657,0.210322,0.164425,-0.0376991,0.108306,0.774366,0.000337339,0.00348545,9
10.6605,0.210913,0.166105,-0.0376991,0.0911035,0.727145,0.000353448,0.00348543,9
10.664,0.211505,0.172268,-0.0376991,0.07857,0.706058,0.000357205,0.00348507,9
10.6675,0.212096,0.175629,-0.0376991,0.0740021,0.702136,0.000371982,0.00348569,9
10.671,0.212761,0.173948,-0.0376991,0.0568163,0.646307,0.000382621,0.00348484,9
10.6745,0.213352,0.185713,-0.0376991,0.0424813,0.63438,0.000384806,0.00348585,9
10.678,0.214017,0.17899,-0.0376991,0.0333518,0.590113,0.000426592,0.00348543,9
10.6815,0.214608,0.180671,-0.0376991,0.032097,0.591977,0.000422264,0.00348649,9
10.685,0.215274,0.186833,-0.0376991,0.0173484,0.564236,0.000466384,0.00348538,9
10.6885,0.215939,0.188514,-0.0376991,0.00363266,0.527911,0.000445517,0.00348573,9
10.692,0.216604,0.188514,-0.0376991,-0.00779426,0.494218,0.000519723,0.00348434,9
10.6955,0.217343,0.188514,-0.0408407,-0.00209172,0.475237,0.000459081,0.00348553,9
10.699,0.217934,0.186833,-0.0408407,-0,0.478577,0.000500888,0.00348499,9
10.7025,0.218673,0.196917,-0.0408407,0.00209175,0.513128,0.000482464,0.0034859,9
10.706,0.219338,0.190195,-0.0408407,0.00779425,0.514512,0.000512619,0.00348516,9
10.7095,0.220003,0.190195,-0.0408407,-0.00363262,0.480819,0.000516096,0.00348667,9
10.713,0.220668,0.191875,-0.0408407,-0.0173483,0.444494,0.000547283,0.00348546,9
10.7165,0.221333,0.193556,-0.0408407,-0.0320969,0.404989,0.000539008,0.00348493,9
10.72,0.221998,0.191875,-0.0408407,-0.0467795,0.356864,0.000544999,0.00348448,9
10.7235,0.222664,0.190195,-0.0439823,-0.0470264,0.314995,0.000575184,0.00348619,9
10.727,0.223329,0.191875,-0.0439823,-0.0543628,0.298305,0.000565606,0.00347354,9
10.7305,0.223994,0.191875,-0.0439823,-0.066277,0.263112,0.000584421,0.00348635,9
10.734,0.224659,0.184032,-0.0471239,-0.0671432,0.203161,0.000624254,0.00348461,9
10.7375,0.225324,0.185713,-0.0471239,-0.0773879,0.177519,0.000624344,0.00348748,9
10.741,0.225915,0.182352,-0.0471239,-0.0935571,0.120243,0.000638139,0.00348459,9
10.7445,0.226654,0.201959,-0.0471239,-0.112668,0.114533,0.000660401,0.00348573,9
10.748,0.227172,0.162744,-0.0471239,-0.132209,-0.0473984,0.00012,0.0034848,6
10.7515,0.227689,0.161063,-0.0471239,-0.150138,-0.105846,0.000637538,0.00348683,12
10.755,0.22828,0.166105,-0.0471239,-0.164887,-0.136692,0.000132402,0.00348092,6
10.7585,0.228797,0.154341,-0.0502655,-0.161928,-0.195492,0.000115983,0.00348545,12
10.762,0.229315,0.149859,-0.0502655,-0.162944,-0.209232,0.000176614,0.00347632,12
10.7655,0.229832,0.143136,-0.0502655,-0.165893,-0.234806,0.000112236,0.00348693,12
10.769,0.230275,0.134733,-0.0502655,-0.169363,-0.266559,0.00012579,0.00348481,12
10.7725,0.230793,0.123528,-0.0502655,-0.172569,-0.304687,0.000114079,0.00348663,12
10.776,0.231236,0.123528,-0.0502655,-0.175354,-0.312273,0.000126422,0.0034843,12
10.7795,0.231606,0.115125,-0.0502655,-0.178188,-0.342234,0.000118557,0.00348671,12
10.783,0.231975,0.108963,-0.0502655,-0.182171,-0.369848,0.00013069,0.0034853,12
10.7865,0.232345,0.0971981,-0.0502655,-0.18903,-0.421018,0.000129157,0.00348628,12
10.79,0.23264,0.0843131,-0.0502655,-0.176769,-0.416443,0.000123416,0.00348414,12
10.7935,0.232936,0.0731087,-0.0502655,-0.159599,-0.392351,0.000111113,0.00348782,12
10.797,0.233158,0.0697474,-0.0502655,-0.138777,-0.336594,0.000129808,0.0034831,12
10.8005,0.233379,0.0551816,-0.0502655,-0.116031,-0.304323,0.000139546,0.00348649,12
10.804,0.233527,0.0439773,-0.0502655,-0.0935569,-0.264233,0.000124748,0.00348479,12
10.8075,0.233675,0.0439773,-0.0471239,-0.0874526,-0.20694,0.000115962,0.00348646,12
10.811,0.233823,0.0338933,-0.0471239,-0.0785474,-0.205671,0.000127504,0.00348483,12
10.8145,0.233897,0.0243696,-0.0471239,-0.0723357,-0.211387,0.000118798,0.00348642,12
10.818,0.23397,0.0126049,-0.0471239,-0.0502757,-0.174206,0.000123406,0.00348565,12
10.8215,0.234044,0.0126049,-0.0471239,-0.0297193,-0.110771,0.000110903,0.00348785,12
10.825,0.234044,0.00140055,-0.0439823,-0.0281764,-0.0972563,0.000126392,0.00348451,12
10.8285,0.234044,-0.00364143,-0.0439823,-0.00322409,-0.0336904,0.000118216,0.0034861,12
10.832,0.23397,-0.00532209,-0.0439823,0.0276276,0.0566923,0.000132232,0.0034842,12
10.8355,0.23397,-0.00028011,-0.0408407,0.0470263,0.167811,0.000118447,0.00348567,12
10.839,0.23397,-0.00028011,-0.0408407,0.0735149,0.24934,0.000122484,0.00348447,12
10.8425,0.23397,-0.00364143,-0.0408407,0.101598,0.326954,0.000114049,0.00348667,12
10.846,0.23397,0.00308121,-0.0408407,0.126096,0.420002,0.000127154,0.00348464,12
10.8495,0.234044,0.00140055,-0.0376991,0.128713,0.461985,0.000111314,0.00348784,12
10.853,0.23397,-0.00196077,-0.0376991,0.151558,0.523313,0.000124198,0.00348552,12
10.8565,0.234044,0.00476187,-0.0376991,0.177279,0.62029,0.000120311,0.00348309,12
10.86,0.234044,-0.00028011,-0.0376991,0.202578,0.684924,0.000152951,0.00348333,12
10.8635,0.234044,0.00140055,-0.0376991,0.224788,0.757695,0.000115582,0.00348626,12
10.867,0.234044,0.00308121,-0.0376991,0.241867,0.814673,0.000126211,0.00348321,12
10.8705,0.234044,0.00476187,-0.0345575,0.238974,0.848356,0.000115401,0.00348641,12
10.874,0.234044,0.00812319,-0.0345575,0.237634,0.853057,0.000127734,0.00348242,12
10.8775,0.234118,0.0142856,-0.0345575,0.235808,0.863776,0.000111875,0.00348776,12
10.881,0.234192,0.0193276,-0.0345575,0.232238,0.866187,0.000112707,0.00348685,12
10.8845,0.234266,0.0210082,-0.0345575,0.226454,0.852961,0.00011444,0.0034869,12
10.888,0.234414,0.0271707,-0.0314159,0.205342,0.842662,0.000116544,0.00348479,12
10.8915,0.234488,0.0338933,-0.0314159,0.192312,0.820366,0.00011466,0.00348645,12
10.895,0.234636,0.0422966,-0.0314159,0.187363,0.82752,0.000116724,0.00348561,12
10.8985,0.234783,0.0422966,-0.0314159,0.191437,0.840388,0.0001145,0.00348689,12
10.902,0.234931,0.0450977,-0.0282743,0.16864,0.816078,0.000116824,0.00347782,12
10.9055,0.235153,0.048459,-0.0282743,0.155337,0.784448,0.000111194,0.00348796,12
10.909,0.235301,0.053501,-0.0282743,0.151057,0.784838,0.000112346,0.00348678,12
10.9125,0.235522,0.053501,-0.0282743,0.156271,0.80138,0.000112417,0.00348697,12
10.916,0.23567,0.058543,-0.0282743,0.172392,0.864564,0.00013652,0.00348679,12
10.9195,0.235892,0.058543,-0.0282743,0.177425,0.880545,0.000120902,0.0034869,12
10.923,0.236114,0.0647054,-0.0282743,0.185895,0.923284,0.000115672,0.00348627,12
10.9265,0.236335,0.0680667,-0.0282743,0.199686,0.975049,0.000113128,0.00348666,12
10.93,0.236631,0.0731087,-0.0282743,0.197117,0.981033,0.000115141,0.00348691,12
10.9335,0.236853,0.0809518,-0.0282743,0.192871,0.989043,0.000110953,0.00348826,12
10.937,0.237148,0.0843131,-0.0282743,0.188831,0.98609,0.000111936,0.00348678,12
10.9405,0.237518,0.0893551,-0.0282743,0.18751,0.99608,0.000118607,0.00348681,12
10.944,0.237813,0.0988788,-0.0282743,0.167696,0.960752,0.000113388,0.00348679,12
10.9475,0.238183,0.107282,-0.0282743,0.144388,0.91189,0.000120351,0.00348685,12
10.951,0.238552,0.114005,-0.0282743,0.119625,0.854141,0.000113307,0.00348688,12
10.9545,0.238996,0.114005,-0.0282743,0.0959205,0.782165,0.000114179,0.00348696,12
10.958,0.239365,0.115125,-0.0282743,0.0762564,0.725404,0.000113087,0.00348713,12
10.9615,0.239809,0.123528,-0.0282743,0.0640867,0.71099,0.000111635,0.00348821,12
10.965,0.240252,0.123528,-0.0314159,0.0524129,0.637869,0.000113628,0.00348651,12
10.9685,0.240695,0.12689,-0.0314159,0.0345504,0.592699,0.000113017,0.00348702,12
10.972,0.241139,0.130251,-0.0314159,0.0148948,0.54201,0.000145847,0.00348431,12
10.9755,0.241582,0.12857,-0.0345575,0.0114269,0.489733,0.000125029,0.00348606,12
10.979,0.242026,0.131932,-0.0345575,0.00654595,0.484519,0.000115151,0.00348687,12
10.9825,0.242469,0.130251,-0.0345575,-0.0173483,0.407549,0.000122184,0.0034873,12
10.986,0.242912,0.131932,-0.0345575,-0.0422755,0.336223,0.00011435,0.00348695,12
10.9895,0.243356,0.130251,-0.0376991,-0.0504121,0.269577,0.000110713,0.00348806,12
10.9931,0.243799,0.12857,-0.0376991,-0.0598297,0.237165,0.000115432,0.00348582,12
10.9966,0.244317,0.130251,-0.0376991,-0.0889134,0.15321,0.00011446,0.00348675,12
11.0001,0.24476,0.12857,-0.0376991,-0.120782,0.0516961,0.000115622,0.00348667,12
11.0036,0.245203,0.123528,-0.0376991,-0.152452,-0.0580306,0.000114971,0.00348664,12
11.0071,0.245573,0.118486,-0.0376991,-0.181412,-0.159581,0.000111885,0.00348696,12
11.0106,0.246016,0.116806,-0.0376991,-0.205622,-0.237521,0.000126302,0.00348683,12
11.0141,0.246386,0.107282,-0.0408407,-0.210082,-0.313604,0.000111064,0.00348709,12
11.0176,0.246755,0.100559,-0.0408407,-0.216006,-0.348662,0.000123176,0.00347401,12
11.0211,0.247125,0.0971981,-0.0408407,-0.22088,-0.371666,0.000111454,0.00348676,12
11.0246,0.24742,0.0910357,-0.0408407,-0.222822,-0.39316,0.000112617,0.00348705,12
11.0281,0.247716,0.0781507,-0.0408407,-0.220574,-0.419407,0.000112145,0.00348707,12
11.0316,0.247938,0.071428,-0.0408407,-0.213509,-0.414816,0.000140257,0.0034868,12
11.0351,0.248159,0.0602236,-0.0408407,-0.201628,-0.407163,0.000112927,0.00348704,12
11.0386,0.248381,0.0501397,-0.0408407,-0.185557,-0.383676,0.000113458,0.0034867,12
11.0421,0.248529,0.0439773,-0.0408407,-0.166553,-0.341032,0.000120541,0.00348669,12
11.0456,0.248677,0.030532,-0.0408407,-0.146501,-0.314276,0.000110542,0.00348822,12
11.0491,0.248751,0.0226889,-0.0408407,-0.12791,-0.27748,0.000110512,0.0034868,12
11.0526,0.248825,0.0176469,-0.0408407,-0.113923,-0.247498,0.000118267,0.00348731,12
11.0561,0.248825,0.00924363,-0.0408407,-0.108306,-0.252267,0.000113598,0.00348676,12
11.0596,0.248898,0.00140055,-0.0408407,-0.0911035,-0.219744,0.000117986,0.0034871,12
11.0631,0.248898,-0.00700275,-0.0408407,-0.0785701,-0.203225,0.000113258,0.00348664,12
11.0666,0.248825,-0.00028011,-0.0408407,-0.0740021,-0.171684,0.000112015,0.00348722,12
11.0701,0.248825,-0.00196077,-0.0408407,-0.0568164,-0.123199,0.000113558,0.00348651,12
11.0736,0.248825,-0.00028011,-0.0408407,-0.0424813,-0.0746657,0.000136931,0.00348786,12
11.0771,0.248825,0.00140055,-0.0376991,-0.0467796,-0.0453075,0.000113759,0.00347825,12
11.0806,0.248825,-0.00028011,-0.0376991,-0.0500698,-0.0598461,0.000115422,0.00348663,12
11.0841,0.248825,-0.00028011,-0.0376991,-0.0328678,-0.00690008,0.000112757,0.00348672,12
11.0876,0.248825,-0.00028011,-0.0376991,-0.0114269,0.0590927,0.000139405,0.00348549,12
11.0911,0.248825,-0.00196077,-0.0376991,0.0114269,0.125023,0.000112536,0.00348733,12
11.0946,0.248825,-0.00028011,-0.0376991,0.0328677,0.195427,0.000115772,0.00348646,12
11.0981,0.248825,0.00140055,-0.0376991,0.0500698,0.252785,0.000112897,0.0034874,12
11.1016,0.248825,-0.00028011,-0.0376991,0.0602071,0.279575,0.000112586,0.00348812,12
11.1051,0.248825,0.00140055,-0.0376991,0.0604541,0.284747,0.0001149,0.00348572,12
11.1086,0.248825,0.00140055,-0.0376991,0.0723357,0.321317,0.00012011,0.0034868,12
11.1121,0.248898,0.00140055,-0.0376991,0.0817964,0.350601,0.000115142,0.00348673,12
11.1156,0.248898,0.00308121,-0.0376991,0.088365,0.37523,0.000112957,0.00348703,12
11.1191,0.248898,0.00140055,-0.0376991,0.0917279,0.381169,0.000115051,0.0034868,12
11.1226,0.248898,0.00140055,-0.0376991,0.0917279,0.381169,0.000112276,0.00348716,12
11.1261,0.248898,-0.00196077,-0.0376991,0.088365,0.361995,0.000114109,0.00348678,12
11.1296,0.248898,0.00476187,-0.0376991,0.0817964,0.359424,0.000111144,0.00348784,12
11.1331,0.248898,-0.00196077,-0.0376991,0.0723357,0.312658,0.000112056,0.00348686,12
11.1366,0.248898,0.00476187,-0.0376991,0.0604541,0.293734,0.000118347,0.0034868,12
11.1401,0.248898,0.00140055,-0.0345575,0.0333519,0.23967,0.000111023,0.00348734,12
11.1436,0.248898,0.00644253,-0.0345575,0.0141242,0.193723,0.000139926,0.0034863,12
11.1471,0.248898,0.00644253,-0.0345575,0.00182903,0.15588,0.000112066,0.00348729,12
11.1506,0.248898,0.00140055,-0.0345575,-0.0041616,0.124207,0.000117315,0.00348588,12
11.1541,0.248898,-0.00364143,-0.0345575,-0.00416163,0.110972,0.000113107,0.0034871,12
11.1576,0.248898,0.00308121,-0.0345575,0.00182897,0.147057,0.000132934,0.00348597,12
11.1611,0.248898,-0.00028011,-0.0345575,0.0141242,0.176077,0.000114019,0.0034861,12
11.1646,0.248898,-0.00028011,-0.0345575,0.0333519,0.235258,0.000117936,0.0034852,12
11.1681,0.248898,-0.00196077,-0.0345575,0.0604542,0.314264,0.000116774,0.00348655,12
11.1716,0.248898,0.00140055,-0.0345575,0.0723358,0.359658,0.000115502,0.00348713,12
11.1751,0.248898,0.00140055,-0.0345575,0.0817965,0.388777,0.000118006,0.00348633,12
11.1786,0.248898,0.00140055,-0.0345575,0.0883652,0.408995,0.00012041,0.00348655,12
11.1821,0.248898,-0.00364143,-0.0345575,0.0917281,0.406111,0.000129166,0.00347957,12
11.1856,0.248898,-0.00196077,-0.0345575,0.0917281,0.410522,0.000135708,0.00348337,12
11.1891,0.248898,0.00140055,-0.0345575,0.0883652,0.408995,0.000112677,0.00348676,12
11.1926,0.248898,-0.00196077,-0.0345575,0.0817964,0.379954,0.000127884,0.0034858,9
11.1961,0.248898,0.00308121,-0.0345575,0.0723357,0.364069,0.000113458,0.00348693,9
11.1996,0.248972,0.00308121,-0.0345575,0.0604541,0.327663,0.000127053,0.00348624,9
11.2031,0.248972,0.00644253,-0.0345575,0.0467795,0.294397,0.00012566,0.00348685,9
11.2066,0.248972,0.00476187,-0.0314159,0.0186691,0.241641,0.000159522,0.00348632,9
11.2101,0.248972,-0.00028011,-0.0314159,-0.000624597,0.169022,0.000148973,0.00348596,9
11.2136,0.248972,-0.00196077,-0.0314159,-0.0118869,0.129947,0.000172907,0.00348774,9
11.2171,0.248972,-0.00364143,-0.0314159,-0.0155887,0.114141,0.000151488,0.00348673,9
11.2206,0.248972,-0.00196077,-0.0314159,-0.0118868,0.129947,0.000159843,0.00348679,9
11.2241,0.248972,-0.00196077,-0.0314159,-0.000624478,0.164611,0.000157289,0.00348681,9
11.2276,0.248972,0.00308121,-0.0314159,0.0186692,0.23723,0.000173528,0.00348609,9
11.2311,0.248972,0.00308121,-0.0314159,0.0467795,0.32375,0.000167998,0.00348667,9
11.2346,0.248972,0.00308121,-0.0314159,0.060454,0.365839,0.000170252,0.00348631,9
11.2381,0.248972,-0.00028011,-0.0314159,0.0723357,0.393587,0.000174239,0.0034869,9
11.2416,0.248972,0.00476187,-0.0314159,0.0817963,0.43594,0.000199446,0.00348738,9
11.2451,0.248972,-0.00028011,-0.0314159,0.0883651,0.442924,0.000203072,0.00347798,9
11.2486,0.248972,-0.00196077,-0.0314159,0.091728,0.448863,0.000207219,0.00348076,9
11.2521,0.248972,0.00476187,-0.0314159,0.091728,0.466509,0.000201239,0.00348396,9
11.2556,0.248972,-0.00532209,-0.0314159,0.0883651,0.429689,0.000214303,0.00348329,9
11.2591,0.248972,-0.00196077,-0.0314159,0.0817963,0.418294,0.000319105,0.00348389,9
11.2626,0.248972,-0.00028011,-0.0314159,0.0723357,0.393587,0.000226545,0.0034835,9
11.2661,0.248972,0.00140055,-0.0314159,0.0604541,0.361428,0.000298296,0.00348404,9
11.2696,0.248972,-0.00196077,-0.0314159,0.0467796,0.310516,0.000235541,0.00348441,9
11.2731,0.248972,-0.00028011,-0.0314159,0.0320969,0.269736,0.000296383,0.0034836,9
11.2766,0.248972,0.00308121,-0.0314159,0.0173483,0.233164,0.000240822,0.00348215,9
11.2801,0.248972,0.00140055,-0.0314159,0.00363261,0.186537,0.000295311,0.00348393,9
11.2836,0.248972,-0.00196077,-0.0314159,-0.00779432,0.142543,0.000240902,0.00348344,9
11.2871,0.248972,-0.00196077,-0.0314159,-0.0155194,0.118766,0.000289521,0.0034839,9
11.2906,0.248972,0.00140055,-0.0314159,-0.0179729,0.120038,0.000243707,0.00348161,9
11.2941,0.248972,0.00140055,-0.0314159,-0.0134278,0.134027,0.000293999,0.00348394,9
11.2976,0.248972,-0.00028011,-0.0314159,-0,0.170945,0.00027255,0.00348286,9
11.3011,0.248972,0.00140055,-0.0314159,-0,0.175356,0.000292055,0.00348308,9
11.3046,0.248972,-0.00028011,-0.0314159,-0,0.170945,0.00026176,0.00348342,9
11.3081,0.248972,0.00140055,-0.0314159,-0,0.175356,0.000296504,0.00348363,9
11.3116,0.248972,0.00476187,-0.0314159,-0,0.18418,0.000260498,0.00348275,9
11.3151,0.248972,-0.00196077,-0.0314159,-0,0.166533,0.00031663,0.00348381,9
11.3186,0.248972,-0.00028011,-0.0314159,-0,0.170945,0.000273571,0.00348288,9
11.3221,0.248972,-0.00028011,-0.0314159,-0,0.170945,0.000296604,0.00348372,9
11.3256,0.248972,-0.00028011,-0.0345575,0.0134276,0.174097,0.000298227,0.00348466,9
11.3291,0.248972,0.00140055,-0.0345575,0.0179728,0.192499,0.000298568,0.0034838,9
11.3326,0.248972,0.00140055,-0.0345575,0.0155194,0.184947,0.000291976,0.0034834,9
11.3361,0.248972,0.00140055,-0.0345575,0.00779423,0.16117,0.000300301,0.00348389,9
11.3396,0.248972,-0.00028011,-0.0345575,-0.00363269,0.121587,0.000309948,0.00348325,9
11.3431,0.248972,0.00140055,-0.0345575,-0.0173484,0.0837833,0.00031045,0.00348392,9
11.3466,0.248972,-0.00028011,-0.0345575,-0.0320971,0.0339769,0.000310128,0.00348338,9
11.3501,0.248972,-0.00196077,-0.0345575,-0.0467797,-0.0156262,0.000317111,0.00348396,9
11.3536,0.248972,-0.00196077,-0.0345575,-0.0604542,-0.0577151,0.000329103,0.00348493,9
11.3571,0.248972,-0.00196077,-0.0345575,-0.0723359,-0.0942856,0.000323594,0.00348237,9
11.3606,0.248972,-0.00028011,-0.0345575,-0.0817966,-0.118993,0.000329043,0.00348327,9
11.3641,0.248972,-0.00028011,-0.0345575,-0.0883653,-0.139211,0.000340775,0.00348409,9
11.3676,0.248972,0.00140055,-0.0345575,-0.0917282,-0.14515,0.00033297,0.00348287,9
11.3711,0.248972,-0.00532209,-0.0345575,-0.0917282,-0.162797,0.000338621,0.00348378,9
11.3746,0.248972,-0.00196077,-0.0345575,-0.0883653,-0.143623,0.000366121,0.00348283,9
11.3781,0.248972,-0.00196077,-0.0345575,-0.0817966,-0.123405,0.000333872,0.00348378,9
11.3816,0.248972,-0.00028011,-0.0345575,-0.0723359,-0.0898741,0.000348018,0.00348456,9
11.3851,0.248972,-0.00028011,-0.0345575,-0.0604543,-0.0533037,0.000353097,0.00348362,9
11.3886,0.248972,0.00140055,-0.0376991,-0.033352,-0.00365025,0.000380677,0.00348301,9
11.3921,0.248972,-0.00196077,-0.0376991,-0.0141243,0.0467075,0.000375709,0.00348343,9
11.3956,0.248972,-0.00364143,-0.0376991,-0.00182904,0.0801395,0.000392449,0.0034823,9
11.3991,0.248972,-0.00532209,-0.0376991,0.00416158,0.0941664,0.000407638,0.00348385,9
11.4026,0.248972,-0.00028011,-0.0376991,0.00416149,0.107401,0.0004199,0.00348383,9
11.4061,0.248972,0.00140055,-0.0376991,-0.00182912,0.093374,0.000429547,0.00348388,9
11.4096,0.248972,-0.00196077,-0.0376991,-0.0141243,0.0467075,0.000445637,0.00348468,9
11.4131,0.248972,0.00140055,-0.0376991,-0.033352,-0.00365012,0.000453562,0.00348395,9
11.4166,0.248972,0.00308121,-0.0376991,-0.0604543,-0.0826569,0.000457409,0.00347356,9
11.4201,0.248972,-0.00196077,-0.0376991,-0.0723359,-0.132462,0.00046353,0.00348374,9
11.4236,0.248972,-0.00196077,-0.0376991,-0.0817966,-0.161581,0.000480281,0.00348354,9
11.4271,0.248972,0.00140055,-0.0376991,-0.0883653,-0.172976,0.000521376,0.0034838,9
11.4306,0.248972,-0.00196077,-0.0376991,-0.0917283,-0.19215,0.00054011,0.00348284,9
11.4341,0.248972,0.00140055,-0.0376991,-0.0917283,-0.183326,0.000532516,0.00348377,9
11.4376,0.248972,-0.00364143,-0.0376991,-0.0883653,-0.186211,0.000540401,0.00348452,9
11.4411,0.248972,0.00308121,-0.0376991,-0.0817966,-0.148346,0.000535672,0.0034838,9
11.4446,0.248972,-0.00028011,-0.0408407,-0.0589082,-0.124897,0.000578861,0.00348389,9
11.4481,0.248972,-0.00196077,-0.0408407,-0.0424814,-0.0787491,0.000597275,0.00348375,9
11.4516,0.248972,0.00140055,-0.0408407,-0.0312601,-0.035388,0.000596784,0.00348387,9
11.4551,0.248972,0.00476187,-0.0408407,-0.0243027,-0.00515059,0.000613644,0.00348232,9
11.4586,0.248972,-0.00028011,-0.0408407,-0.0209809,-0.00816107,0.000620738,0.00348318,9
11.4621,0.248972,-0.00028011,-0.0408407,-0.0209809,-0.00816098,0.000637478,0.00348386,9
11.4656,0.248972,-0.00196077,-0.0408407,-0.0243027,-0.0227967,0.000632699,0.00348494,9
11.4691,0.248972,-0.00196077,-0.0408407,-0.0312601,-0.0442111,0.000669708,0.00348391,6
11.4726,0.248972,0.00140055,-0.0408407,-0.0424813,-0.0699254,0.000108028,0.00348386,6
11.4761,0.248972,0.00140055,-0.0408407,-0.0589079,-0.120485,0.000120892,0.00348492,12
11.4796,0.248972,0.00140055,-0.0408407,-0.0817964,-0.190933,0.000115111,0.00348635,12
11.4831,0.248972,-0.00196077,-0.0439823,-0.0749375,-0.216822,0.000114801,0.00348591,12
11.4866,0.248972,0.00308121,-0.0439823,-0.0737552,-0.199948,0.00013653,0.00348629,12
11.4901,0.248972,0.00140055,-0.0439823,-0.0762086,-0.211911,0.00012523,0.00348699,12
11.4936,0.248972,0.00140055,-0.0439823,-0.0805709,-0.225338,0.000117074,0.00348775,12
11.4971,0.248972,-0.00028011,-0.0471239,-0.0720013,-0.241549,0.000112977,0.0034868,12
11.5006,0.248972,-0.00196077,-0.0471239,-0.0717112,-0.245068,0.000115412,0.00348648,12
11.5041,0.248972,-0.00196077,-0.0471239,-0.0770318,-0.261444,0.000116434,0.00348664,12
11.5076,0.248972,-0.00364143,-0.0471239,-0.0857649,-0.292735,0.00011458,0.00348678,12
11.5111,0.248972,-0.00028011,-0.0471239,-0.0961838,-0.315981,0.00011468,0.00348644,12
11.5146,0.248972,-0.00028011,-0.0471239,-0.107033,-0.349372,0.000113648,0.00348675,12
11.5181,0.248972,-0.00532209,-0.0502655,-0.104098,-0.391752,0.000111725,0.00348694,12
11.5216,0.248972,-0.00196077,-0.0502655,-0.109378,-0.399178,0.000123215,0.00348812,12
11.5251,0.248972,-0.00196077,-0.0502655,-0.121144,-0.435392,0.000111875,0.00348668,12
11.5286,0.248972,-0.00196077,-0.0502655,-0.138297,-0.488188,0.000112616,0.00348703,12
11.5321,0.248972,-0.00364143,-0.0502655,-0.160367,-0.560529,0.00011475,0.00348632,12
11.5356,0.248898,-0.00532209,-0.0502655,-0.18751,-0.648649,0.000111805,0.00348714,12
11.5391,0.248898,-0.00700275,-0.0502655,-0.196161,-0.679687,0.00011455,0.00348678,12
11.5426,0.248898,-0.00868341,-0.0502655,-0.198962,-0.69272,0.000111815,0.00348688,12
11.5461,0.248825,-0.0114845,-0.0502655,-0.195599,-0.689886,0.000139976,0.00348665,12
11.5496,0.248751,-0.0215685,-0.0534071,-0.172802,-0.684528,0.000116333,0.0034881,12
11.5531,0.248677,-0.0249298,-0.0534071,-0.153508,-0.634131,0.000117345,0.00348359,12
11.5566,0.248603,-0.0344535,-0.0534071,-0.136933,-0.608277,0.000114109,0.00348661,12
11.5601,0.248455,-0.0327729,-0.0534071,-0.122919,-0.561062,0.000113418,0.00348689,12
11.5636,0.248307,-0.0411762,-0.0534071,-0.111938,-0.549651,0.0001142,0.0034866,12
11.5671,0.248233,-0.0428568,-0.0534071,-0.105089,-0.533145,0.000113147,0.00348714,12
11.5706,0.248086,-0.0428568,-0.0534071,-0.104098,-0.530425,0.000113719,0.00348681,12
11.5741,0.247938,-0.0428568,-0.0534071,-0.111321,-0.552984,0.000117506,0.003485,12
11.5776,0.247716,-0.0473386,-0.0565487,-0.0919611,-0.543829,0.000122825,0.00348803,12
11.5811,0.247568,-0.0428568,-0.0565487,-0.0831695,-0.505334,0.000112356,0.00348677,12
11.5846,0.24742,-0.0506999,-0.0565487,-0.0849462,-0.531718,0.000113468,0.00347423,12
11.5881,0.247199,-0.0523805,-0.0565487,-0.0979191,-0.576552,0.00011467,0.0034868,12
11.5916,0.247051,-0.0540612,-0.0565487,-0.0989932,-0.584598,0.000112156,0.00348704,12
11.5951,0.246829,-0.0540612,-0.0565487,-0.101282,-0.592136,0.000115091,0.00348636,12
11.5986,0.246681,-0.0557419,-0.0565487,-0.104943,-0.608143,0.000112947,0.00348725,12
11.6021,0.24646,-0.0607838,-0.0565487,-0.110603,-0.639292,0.000153611,0.00348384,12
11.6056,0.246238,-0.0635849,-0.0596903,-0.105934,-0.670945,0.00012032,0.00348625,12
11.6091,0.246016,-0.0635849,-0.0596903,-0.114817,-0.698777,0.000113838,0.00348654,12
11.6126,0.245721,-0.0719882,-0.0596903,-0.113057,-0.716074,0.000114399,0.0034871,12
11.6161,0.245499,-0.0736689,-0.0596903,-0.112668,-0.719782,0.00011442,0.0034872,12
11.6196,0.245203,-0.0787109,-0.0596903,-0.112709,-0.7338,0.00011455,0.00348674,12
11.6231,0.244908,-0.086554,-0.0596903,-0.112709,-0.755045,0.000118988,0.00348555,12
11.6266,0.244612,-0.0882346,-0.0596903,-0.112668,-0.759987,0.000113829,0.00348681,12
11.6301,0.244317,-0.0899153,-0.0596903,-0.113057,-0.766252,0.000114029,0.0034864,12
11.6336,0.244021,-0.0932766,-0.0596903,-0.114817,-0.78115,0.000124789,0.00348831,12
11.6371,0.243651,-0.0966379,-0.0596903,-0.119362,-0.804785,0.000112516,0.0034868,12
11.6406,0.243356,-0.0977584,-0.0596903,-0.128576,-0.836742,0.000112155,0.00348735,12
11.6441,0.242986,-0.104481,-0.0596903,-0.120462,-0.830236,0.000128426,0.00347671,12
11.6476,0.242617,-0.104481,-0.0596903,-0.109076,-0.796013,0.000112606,0.0034872,12
11.6511,0.242247,-0.111204,-0.0596903,-0.0953606,-0.772265,0.00011436,0.00348683,12
11.6546,0.241804,-0.114565,-0.0596903,-0.0805708,-0.736553,0.000112867,0.00348704,12
11.6581,0.241434,-0.119047,-0.0596903,-0.066277,-0.705144,0.000137011,0.00348601,12
11.6616,0.240991,-0.119047,-0.0596903,-0.0543627,-0.669458,0.000117044,0.0034882,12
11.6651,0.240622,-0.120727,-0.0596903,-0.0470264,-0.652111,0.000112246,0.0034865,12
11.6686,0.240178,-0.125769,-0.0596903,-0.0467795,-0.665571,0.00011479,0.00348663,12
11.6721,0.239735,-0.130811,-0.0596903,-0.032097,-0.6346,0.000115111,0.00348683,12
11.6756,0.239291,-0.12745,-0.0596903,-0.0173484,-0.581368,0.00011444,0.00348524,12
11.6791,0.238848,-0.136974,-0.0596903,-0.00363263,-0.565137,0.000112746,0.00348684,12
11.6826,0.238331,-0.130811,-0.0596903,0.00779429,-0.51494,0.00011453,0.00348673,12
11.6861,0.237887,-0.136974,-0.0596903,0.0155194,-0.508324,0.000112115,0.00348657,12
11.6896,0.237444,-0.133612,-0.0596903,0.0179729,-0.492936,0.000131971,0.00348814,12
11.6931,0.236927,-0.143696,-0.0596903,0.0134276,-0.534545,0.000114971,0.00348519,12
11.6966,0.236483,-0.140335,-0.0596903,-0,-0.568036,0.000121853,0.00348634,12
11.7001,0.235966,-0.136974,-0.0596903,-0,-0.560363,0.000120752,0.00348491,12
11.7036,0.235522,-0.138654,-0.0596903,-0,-0.56576,0.00011443,0.00348717,12
11.7071,0.235005,-0.142016,-0.0596903,-0,-0.575733,0.000117526,0.00348592,12
11.7106,0.234488,-0.142016,-0.0596903,-0,-0.576883,0.000114019,0.00348689,12
11.7141,0.234044,-0.136974,-0.0596903,-0,-0.564634,0.000120481,0.00348572,12
11.7176,0.233527,-0.145377,-0.0596903,-0,-0.587842,0.00011995,0.00348802,12
11.7211,0.23301,-0.143696,-0.0596903,-0,-0.58458,0.000113659,0.00348676,12
11.7246,0.232566,-0.145377,-0.0596903,-0,-0.589977,0.000115773,0.00348653,12
11.7281,0.232049,-0.147058,-0.0596903,-0,-0.595539,0.000115121,0.00348721,12
11.7316,0.231532,-0.148738,-0.0596903,-0,-0.6011,0.000117024,0.00348681,12
11.7351,0.231014,-0.147058,-0.0596903,-0,-0.597839,0.000116243,0.00348689,12
11.7386,0.230497,-0.150419,-0.0596903,-0,-0.607812,0.000116223,0.00348691,12
11.7421,0.22998,-0.15322,-0.0596903,-0,-0.616314,0.000117346,0.00348586,12
11.7456,0.229463,-0.148738,-0.0596903,-0,-0.6057,0.000127363,0.00348783,12
11.7491,0.228945,-0.151539,-0.0596903,-0,-0.614203,0.000115322,0.00348651,12
11.7526,0.228428,-0.15322,-0.0596903,-0,-0.619764,0.000115832,0.00348725,12
11.7561,0.227837,-0.158262,-0.0596903,-0,-0.634313,0.000116093,0.00348719,12
11.7596,0.227319,-0.156581,-0.0596903,-0,-0.631051,0.000116072,0.00348708,12
11.7631,0.226802,-0.154901,-0.0596903,-0,-0.62779,0.000127684,0.00347577,12
11.7666,0.226211,-0.246217,-0.0628318,0.0134277,-0.865647,0.00011455,0.00348627,12
11.7701,0.225694,-0.158262,-0.0628318,0.0179728,-0.621935,0.000139205,0.00348722,12
11.7736,0.225102,-0.159943,-0.0628318,0.0155194,-0.635212,0.000132383,0.00348809,12
11.7771,0.224585,-0.161623,-0.0628318,0.00779426,-0.664551,0.000112787,0.00348665,12
11.7806,0.223994,-0.159943,-0.0628318,-0.00363261,-0.696624,0.000112977,0.0034871,12
11.7841,0.223477,-0.158262,-0.0628318,-0.0173483,-0.735578,0.000114109,0.00348663,12
11.7876,0.222885,-0.164985,-0.0628318,-0.0320969,-0.799933,0.000114039,0.0034869,12
11.7911,0.222294,-0.168346,-0.0628318,-0.0467795,-0.855262,0.000116674,0.00348663,12
11.7946,0.221703,-0.171147,-0.0628318,-0.0604541,-0.906018,0.00011454,0.00348677,12
11.7981,0.221112,-0.174508,-0.0628318,-0.0723357,-0.952726,0.000114259,0.00348701,12
11.8016,0.220447,-0.181231,-0.0628318,-0.0817964,-1.00097,0.000125921,0.00348832,12
11.8051,0.219855,-0.182912,-0.0628318,-0.0883652,-1.02691,0.000111965,0.00348652,12
11.8086,0.21919,-0.192435,-0.0628318,-0.0917281,-1.06374,0.000112967,0.00348686,12
11.8121,0.218525,-0.200839,-0.0628318,-0.0917281,-1.08728,0.000116344,0.00348551,12
11.8156,0.217786,-0.200839,-0.0628318,-0.0883652,-1.07857,0.000112456,0.00348738,12
11.8191,0.217121,-0.207001,-0.0628318,-0.0817965,-1.07601,0.000113789,0.00348707,12
11.8226,0.216308,-0.213724,-0.0628318,-0.0723358,-1.06634,0.000112856,0.00348714,12
11.8261,0.215569,-0.223248,-0.0628318,-0.0604542,-1.05641,0.00011454,0.003487,12
11.8296,0.21483,-0.22829,-0.0628318,-0.0467795,-1.0292,0.000148482,0.00348797,12
11.8331,0.214017,-0.22829,-0.0628318,-0.032097,-0.985816,0.000111955,0.00348695,12
11.8366,0.213204,-0.239494,-0.0628318,-0.0173484,-0.971639,0.000115332,0.00348696,12
11.8401,0.212391,-0.235012,-0.0628318,-0.00363266,-0.919466,0.000113448,0.00348689,12
11.8436,0.211505,-0.247897,-0.0628318,0.00779402,-0.92009,0.000115021,0.00348698,12
11.8471,0.210618,-0.249578,-0.0628318,0.0155193,-0.902695,0.000114309,0.00348703,12
11.8506,0.209805,-0.25462,-0.0596903,0.00454494,-0.913338,0.00011499,0.00348695,12
11.8541,0.208844,-0.257421,-0.0596903,-0.00454518,-0.950805,0.000113939,0.0034871,12
11.8576,0.207957,-0.262463,-0.0596903,-0.0155195,-0.999789,0.000127894,0.00348703,12
11.8611,0.207071,-0.264144,-0.0596903,-0.00779435,-0.982395,0.000118167,0.00348504,12
11.8646,0.20611,-0.269186,-0.0596903,0.00363252,-0.962594,0.000114459,0.00348724,12
11.8681,0.205149,-0.277029,-0.0565487,0.00392056,-0.946254,0.000115051,0.00348685,12
11.8716,0.204188,-0.287113,-0.0565487,0.014124,-0.943454,0.000114289,0.00348693,12
11.8751,0.203154,-0.287113,-0.0565487,0.03126,-0.893011,0.000120701,0.00348693,12
11.8786,0.202119,-0.294956,-0.0565487,0.0526598,-0.850032,0.00011439,0.00348684,12
11.8821,0.201085,-0.298317,-0.0534071,0.0625406,-0.792567,0.000114009,0.00348699,12
11.8856,0.200124,-0.246217,-0.0534071,0.0811719,-0.600598,0.000158139,0.00348763,12
11.8891,0.199015,-0.298317,-0.0534071,0.104943,-0.666657,0.000111875,0.00348693,12
11.8926,0.197981,-0.303359,-0.0534071,0.130713,-0.602872,0.000115312,0.00348601,12
11.8961,0.196946,-0.298317,-0.0534071,0.155815,-0.514678,0.000115472,0.00348672,12
11.8996,0.195911,-0.299998,-0.0534071,0.178049,-0.452954,0.000118397,0.00348656,12
11.9031,0.194877,-0.301678,-0.0502655,0.182262,-0.408522,0.000112577,0.00348699,12
11.9066,0.193842,-0.299998,-0.0502655,0.189508,-0.384109,0.000115903,0.0034868,12
11.9101,0.192808,-0.299998,-0.0502655,0.197117,-0.362988,0.000112696,0.00348702,12
11.9136,0.191773,-0.301678,-0.0502655,0.203049,-0.351441,0.000124829,0.00348807,12
11.9171,0.190664,-0.303359,-0.0502655,0.205891,-0.349569,0.000111895,0.00348676,12
11.9206,0.18963,-0.290474,-0.0502655,0.204858,-0.321226,0.000113338,0.00348711,12
11.9241,0.188669,-0.296636,-0.0502655,0.199793,-0.355127,0.000116925,0.00348644,12
11.9276,0.187635,-0.294956,-0.0502655,0.191167,-0.379565,0.000112987,0.00348674,12
11.9311,0.1866,-0.294956,-0.0502655,0.18008,-0.415992,0.000113678,0.00348706,12
11.9346,0.185565,-0.287113,-0.0471239,0.154829,-0.437248,0.00011432,0.00347852,12
11.9381,0.184531,-0.293275,-0.0471239,0.14008,-0.501119,0.000113207,0.00348688,12
11.9416,0.18357,-0.285432,-0.0471239,0.136932,-0.492355,0.000168269,0.00348806,12
11.9451,0.182535,-0.293275,-0.0471239,0.122919,-0.558374,0.000120711,0.00348579,12
11.9486,0.181501,-0.285432,-0.0471239,0.111938,-0.573884,0.000116734,0.00348635,12
11.9521,0.18054,-0.287113,-0.0471239,0.105089,-0.601513,0.00011492,0.0034866,12
11.9556,0.179505,-0.285432,-0.0471239,0.104098,-0.60245,0.000116643,0.00348655,12
11.9591,0.178545,-0.290474,-0.0471239,0.111321,-0.59559,0.000114049,0.00348688,12
11.9626,0.17751,-0.285432,-0.0471239,0.105389,-0.602914,0.000116503,0.0034863,12
11.9661,0.176476,-0.293275,-0.0471239,0.101142,-0.638871,0.000114631,0.00348679,12
11.9696,0.175515,-0.293275,-0.0439823,0.0870381,-0.646242,0.000137652,0.00348757,12
11.9731,0.17448,-0.290474,-0.0439823,0.0877408,-0.639026,0.000112406,0.00348624,12
11.9766,0.173593,-0.172828,-0.0439823,0.0798414,-0.3565,0.000113949,0.00348672,12
11.9801,0.172411,-0.290474,-0.0439823,0.0761398,-0.679332,0.000115142,0.00348702,12
11.9836,0.17145,-0.285432,-0.0439823,0.0764786,-0.667191,0.000115692,0.00348659,12
11.9871,0.170416,-0.282071,-0.0439823,0.0811721,-0.646221,0.000114399,0.0034869,12
11.9906,0.169455,-0.285432,-0.0408407,0.0775773,-0.630068,0.000117655,0.00348614,12
11.9941,0.16842,-0.292155,-0.0408407,0.0892609,-0.614053,0.000114359,0.00348657,12
11.9976,0.16746,-0.294956,-0.0408407,0.0917142,-0.61599,0.000143213,0.00348757,12
12.0011,0.166425,-0.288793,-0.0408407,0.0966384,-0.586958,0.000136591,0.00348635,12
12.0046,0.16539,-0.294956,-0.0408407,0.102777,-0.586539,0.000116905,0.0034863,12
12.0081,0.164356,-0.296636,-0.0408407,0.109346,-0.573032,0.000114099,0.00348722,12
12.0116,0.163321,-0.296636,-0.0408407,0.116031,-0.554757,0.000115932,0.00348616,9
12.0151,0.162287,-0.299998,-0.0408407,0.122988,-0.544465,0.000126011,0.00348726,9
12.0186,0.161252,-0.294956,-0.0408407,0.130847,-0.509344,0.00016353,0.00348603,9
12.0221,0.160217,-0.293275,-0.0408407,0.140705,-0.47689,0.000259245,0.00348632,9
12.0256,0.159109,-0.299998,-0.0408407,0.154132,-0.455671,0.000205757,0.00348339,9
12.0291,0.158074,-0.303359,-0.0408407,0.14882,-0.483147,0.000246031,0.00348231,9
12.0326,0.15704,-0.299998,-0.0408407,0.138508,-0.508362,0.000214003,0.0034823,9
12.0361,0.156005,-0.301678,-0.0408407,0.123825,-0.560265,0.000251551,0.00348319,9
12.0396,0.15497,-0.294956,-0.0408407,0.105714,-0.600664,0.000232066,0.00348124,9
12.0431,0.153936,-0.293275,-0.0376991,0.0720015,-0.664138,0.000266098,0.00348385,9
12.0466,0.152901,-0.296636,-0.0376991,0.0465687,-0.753541,0.000269625,0.00346958,9
12.0501,0.151866,-0.299998,-0.0376991,0.0294153,-0.817461,0.000287026,0.00348385,9
12.0536,0.150832,-0.299998,-0.0376991,0.0210125,-0.845623,0.000306392,0.00348294,9
12.0571,0.149723,-0.308401,-0.0376991,0.022302,-0.866177,0.000339262,0.0034839,9
12.0606,0.148615,-0.312883,-0.0376991,0.0346966,-0.842256,0.000330706,0.00348376,9
12.0641,0.14758,-0.310082,-0.0376991,0.0357295,-0.834024,0.000335525,0.00348364,9
12.0676,0.146472,-0.438372,-0.0376991,0.0389853,-1.16322,0.000348339,0.00348215,9
12.0711,0.145363,-0.317925,-0.0376991,0.0449346,-0.831207,0.000366381,0.00348399,9
12.0746,0.144255,-0.317925,-0.0376991,0.0543627,-0.804652,0.000376731,0.00348349,9
12.0781,0.143146,-0.329129,-0.0376991,0.0683686,-0.793418,0.000378444,0.00348389,9
12.0816,0.141964,-0.33081,-0.0376991,0.088365,-0.738911,0.000393351,0.0034844,9
12.0851,0.140855,-0.33249,-0.0376991,0.0917279,-0.735436,0.000411384,0.00348366,9
12.0886,0.139673,-0.329129,-0.0376991,0.0917279,-0.729241,0.000421102,0.00348359,9
12.0921,0.13849,-0.335852,-0.0376991,0.088365,-0.759867,0.000423146,0.00348373,9
12.0956,0.137382,-0.337532,-0.0376991,0.0817964,-0.78696,0.000445135,0.00348192,9
12.0991,0.136199,-0.340894,-0.0345575,0.058908,-0.830684,0.000466805,0.00348386,9
12.1026,0.134943,-0.347056,-0.0345575,0.0424813,-0.900212,0.000467597,0.00348353,9
12.1061,0.133761,-0.344255,-0.0345575,0.0312602,-0.930025,0.000476423,0.00348226,9
12.1096,0.132578,-0.350417,-0.0345575,0.0243028,-0.970244,0.000467798,0.00347337,9
12.1131,0.131322,-0.358821,-0.0345575,0.020981,-1.00532,0.000510405,0.00348388,9
12.1166,0.130066,-0.360501,-0.0314159,0.00755332,-1.01568,0.000505807,0.00348377,9
12.1201,0.128809,-0.366664,-0.0314159,0.00632986,-1.03841,0.000508572,0.00348384,9
12.1236,0.127479,-0.371706,-0.0314159,0.0157408,-1.02564,0.000504395,0.00348304,9
12.1271,0.126223,-0.38179,-0.0282743,0.0212594,-0.999736,0.000541833,0.00348368,9
12.1306,0.124819,-0.387952,-0.0282743,0.044568,-0.947291,0.000544078,0.00348368,9
12.1341,0.123489,-0.394675,-0.0282743,0.0836255,-0.847679,0.00054541,0.00348381,9
12.1376,0.122084,-0.402518,-0.0282743,0.112668,-0.781998,0.000562702,0.00348464,9
12.1411,0.12068,-0.399717,-0.0251327,0.128713,-0.690207,0.000596564,0.00348384,9
12.1446,0.119276,-0.404199,-0.0251327,0.151558,-0.634777,0.000608466,0.00348361,9
12.1481,0.117798,-0.402518,-0.0251327,0.177279,-0.554485,0.000606181,0.00348377,9
12.1516,0.116394,-0.402518,-0.0251327,0.202578,-0.479737,0.00062182,0.00348204,9
12.1551,0.11499,-0.402518,-0.0251327,0.224788,-0.414499,0.00062736,0.00348355,9
12.1586,0.113586,-0.398036,-0.0219912,0.228439,-0.356442,0.000644011,0.00348079,9
12.1621,0.112182,-0.399717,-0.0219912,0.234428,-0.34554,0.000109821,0.00348373,6
12.1656,0.110999,-0.409241,-0.0219912,0.240087,-0.355749,0.000138394,0.00348699,12
12.1691,0.109595,-0.399717,-0.0188496,0.230105,-0.32642,0.000110202,0.00348642,12
12.1726,0.108265,-0.399717,-0.0188496,0.225692,-0.34296,0.000117776,0.00348572,12
12.1761,0.106861,-0.396356,-0.015708,0.211223,-0.343617,0.000115171,0.0034856,12
12.1796,0.105457,-0.396356,-0.015708,0.207752,-0.357422,0.000117135,0.00348588,12
12.1831,0.104053,-0.398036,-0.015708,0.213081,-0.348552,0.000131031,0.00348398,12
12.1866,0.102648,-0.399717,-0.015708,0.226111,-0.315979,0.000127513,0.00348216,12
12.1901,0.101318,-0.392994,-0.0125664,0.233415,-0.240632,0.000120511,0.00348681,12
12.1936,0.0999141,-0.396356,-0.0125664,0.234051,-0.25062,0.000125751,0.00348628,12
12.1971,0.09851,-0.396356,-0.0125664,0.239562,-0.236779,0.000112036,0.0034868,12
12.2006,0.0971798,-0.392994,-0.0125664,0.249163,-0.201361,0.000117876,0.00348575,12
12.2041,0.0957757,-0.398036,-0.0125664,0.263169,-0.174608,0.000112816,0.00348694,12
12.2076,0.0943715,-0.392994,-0.0125664,0.282992,-0.103481,0.000115171,0.0034866,12
12.2111,0.0930413,-0.380109,-0.0125664,0.286794,-0.0609149,0.000113137,0.00348704,12
12.2146,0.0917111,-0.38179,-0.00942478,0.275986,-0.0633722,0.000115321,0.00348671,12
12.2181,0.0903809,-0.376748,-0.00942478,0.275234,-0.0554074,0.000126271,0.00348716,12
12.2216,0.0891246,-0.368344,-0.00942478,0.261601,-0.0781041,0.000124258,0.00348796,12
12.2251,0.0878683,-0.362182,-0.00942478,0.248827,-0.104037,0.000116784,0.00348665,12
12.2286,0.0866119,-0.355459,-0.00628319,0.224741,-0.125141,0.000142371,0.00348522,12
12.2321,0.0853556,-0.358821,-0.00628319,0.213852,-0.170275,0.000129137,0.00347388,12
12.2356,0.0840993,-0.355459,-0.00628319,0.193063,-0.228231,0.000115902,0.00348671,12
12.2391,0.082843,-0.353779,-0.00314159,0.162531,-0.282408,0.000112677,0.00348718,12
12.2426,0.0816606,-0.348737,-0.00314159,0.145667,-0.323708,0.000115732,0.00348613,12
12.2461,0.0804043,-0.353779,-0.00314159,0.142627,-0.349093,0.000111996,0.00348735,12
12.2496,0.0792218,-0.348737,-0.00314159,0.154666,-0.30143,0.000138513,0.00348704,12
12.2531,0.0779655,-0.347056,-0.00314159,0.15979,-0.284042,0.000111385,0.0034869,12
12.2566,0.0767831,-0.345936,-0.00314159,0.17268,-0.244053,0.000114079,0.00348706,12
12.2601,0.0755268,-0.344255,-0.00314159,0.195536,-0.172086,0.000119689,0.00348691,12
12.2636,0.0743444,-0.345936,-0.00314159,0.207146,-0.143392,0.000113217,0.00348705,12
12.2671,0.073162,-0.342574,-0.00314159,0.222822,-0.0889503,0.000114149,0.00348709,12
12.2706,0.0719795,-0.335852,-0.00314159,0.22088,-0.0799074,0.000114379,0.00348652,12
12.2741,0.0707971,-0.335852,-0.00314159,0.216006,-0.0975386,0.00011428,0.00348657,12
12.2776,0.0696147,-0.334171,-0,0.196655,-0.11714,0.000618474,0.003488,15
12.2811,0.0682845,-0.328009,-0,0.187649,-0.131641,0.000507961,0.00347316,9
12.2846,0.0673238,-0.150419,-0,0.165893,0.265419,0.000450887,0.00348356,9
12.2881,0.0660675,-0.316244,-0,0.144658,-0.23801,0.00033838,0.00348403,9
12.2916,0.0650329,-0.30504,-0,0.124414,-0.273206,0.000244188,0.0034827,9
12.2951,0.0639982,-0.301678,-0,0.106262,-0.322555,0.000227016,0.00348321,9
12.2986,0.0629636,-0.296636,-0,0.0919266,-0.355742,0.000118287,0.00348244,12
12.3021,0.061929,-0.30504,-0,0.0837641,-0.405223,0.000127264,0.00348361,12
12.3056,0.0608944,-0.299998,-0,0.0847568,-0.391233,0.000133415,0.00348741,12
12.3091,0.0597859,-0.301678,-0,0.0741647,-0.43071,0.000112406,0.00348645,12
12.3126,0.0587513,-0.308401,-0,0.0674562,-0.471304,0.000115301,0.00348635,12
12.3161,0.0576428,-0.310082,-0,0.0671433,-0.479143,0.00011453,0.00348659,12
12.3196,0.0566081,-0.311202,-0,0.0762087,-0.456481,0.000114309,0.0034851,12
12.3231,0.0554996,-0.314563,-0,0.0737553,-0.47532,0.000112857,0.00348723,12
12.3266,0.054465,-0.312883,-0,0.0749375,-0.46957,0.000114039,0.00348658,12
12.3301,0.0533565,-0.311202,-0,0.0817964,-0.446511,0.000112275,0.00348712,12
12.3336,0.052248,-0.30672,-0,0.0723357,-0.46633,0.000138233,0.00348789,12
12.3371,0.0511395,-0.310082,-0,0.0604541,-0.514188,0.000112115,0.00348668,12
12.3406,0.0501049,-0.312883,-0,0.0467796,-0.565929,0.000110733,0.00348724,12
12.3441,0.0489963,-0.308401,-0,0.032097,-0.601821,0.000596954,0.0034869,15
12.3476,0.0478139,-0.310082,-0,0.0173484,-0.654255,0.000491511,0.00348311,9
12.3511,0.0467054,-0.308401,-0,0.00363263,-0.694524,0.000399162,0.00348265,9
12.3546,0.0456708,-0.311202,-0,-0.00779426,-0.739347,0.000304719,0.00348354,9
12.3581,0.0446362,-0.317925,-0,-0.0155194,-0.78307,0.000234109,0.00348012,9
12.3616,0.0435277,-0.319605,0.00314159,-0.0314005,-0.80065,0.000255478,0.00348458,13
12.3651,0.0424192,-0.326328,0.00314159,-0.0314005,-0.820761,0.0002891,0.00348223,13
12.3686,0.0412367,-0.324647,0.00314159,-0.0155194,-0.770097,0.000314777,0.0034828,13
12.3721,0.0401282,-0.347056,0.00314159,-0.00779426,-0.807605,0.000332399,0.00348356,13
12.3756,0.0389458,-0.334171,0.00314159,0.00363263,-0.741241,0.000352757,0.00348366,13
12.3791,0.0377634,-0.340894,0.00628319,0.00392069,-0.722453,0.000400995,0.00348357,13
12.3826,0.036581,-0.339213,0.00628319,0.0141242,-0.689264,0.000428115,0.0034838,13
12.3861,0.0353986,-0.345936,0.00628319,0.0312602,-0.656796,0.00045277,0.00348257,13
12.3896,0.0342162,-0.347056,0.00628319,0.0526599,-0.596499,0.000475401,0.00348476,13
12.3931,0.0329598,-0.352098,0.00628319,0.0759684,-0.540785,0.000513541,0.00348359,10
12.3966,0.0317035,-0.350417,0.00628319,0.0991448,-0.467832,0.000532916,0.00348349,10
12.4001,0.0304472,-0.352098,0.00942478,0.107035,-0.412576,0.000600361,0.00348351,10
12.4036,0.0292648,-0.350417,0.00942478,0.120535,-0.36924,0.000604698,0.00348243,10
12.4071,0.0280085,-0.352098,0.00942478,0.136663,-0.326804,0.000633251,0.00348318,10
12.4106,0.0267521,-0.345936,0.00942478,0.152907,-0.263424,0.000721212,0.00348349,10
12.4141,0.0255697,-0.342574,0.00942478,0.167225,-0.213157,0.00069269,0.00348337,10
12.4176,0.0243873,-0.340894,0.0125664,0.164622,-0.181212,0.000727474,0.00348483,7
12.4211,0.023131,-0.344255,0.0125664,0.166306,-0.187643,0.00010923,0.00348392,7
12.4246,0.0221703,-0.335852,0.0125664,0.169768,-0.157066,0.000116864,0.00348603,14
12.4281,0.0210618,-0.33249,0.0125664,0.173122,-0.140383,0.000118437,0.00348599,14
12.4316,0.0198794,-0.326328,0.0125664,0.175113,-0.120707,0.00011464,0.0034868,14
12.4351,0.0187708,-0.33081,0.0125664,0.175113,-0.134936,0.000120972,0.00348512,14
12.4386,0.0175884,-0.324647,0.0125664,0.173122,-0.127517,0.000117416,0.00348717,14
12.4421,0.0164799,-0.322967,0.015708,0.15634,-0.139046,0.000118036,0.00348688,14
12.4456,0.0153714,-0.324647,0.015708,0.148334,-0.170565,0.000140338,0.003488,14
12.4491,0.0142629,-0.292155,0.015708,0.149102,-0.0853728,0.000112877,0.0034868,14
12.4526,0.0131544,-0.30672,0.015708,0.159431,-0.0942791,0.000114951,0.00348685,14
12.4561,0.0121198,-0.30672,0.015708,0.156539,-0.10548,0.000140878,0.00348573,14
12.4596,0.0110112,-0.303359,0.015708,0.154011,-0.106902,0.000116073,0.00347765,14
12.4631,0.00997663,-0.298317,0.015708,0.152632,-0.100213,0.000116003,0.00348631,14
12.4666,0.00901592,-0.288793,0.015708,0.153814,-0.0737109,0.000116012,0.00348684,14
12.4701,0.00798131,-0.285432,0.015708,0.159599,-0.0493823,0.000115141,0.00348727,14
12.4736,0.00702059,-0.282071,0.015708,0.148304,-0.0774591,0.000127554,0.00348758,14
12.4771,0.00605988,-0.277029,0.015708,0.134456,-0.108982,0.000114449,0.00348702,14
12.4806,0.00509917,-0.274228,0.015708,0.119625,-0.149413,0.000113539,0.00348702,14
12.4841,0.00413845,-0.267505,0.015708,0.105852,-0.176295,0.000133364,0.00348116,14
12.4876,0.00325164,-0.259102,0.0188496,0.082221,-0.190766,0.000117034,0.00348646,14
12.4911,0.00229093,-0.262463,0.0188496,0.0740249,-0.226952,0.00011962,0.00348619,14
12.4946,0.00140412,-0.259102,0.0188496,0.0584827,-0.267937,0.000117235,0.00348649,14
12.4981,0.000517307,-0.260782,0.0188496,0.0490221,-0.303439,0.000117346,0.00348616,14
12.5016,-0.000369505,-0.252939,0.0188496,0.0461139,-0.293774,0.000126682,0.00348811,14
12.5051,-0.00125632,-0.25462,0.0188496,0.0507002,-0.28604,0.000118558,0.00348545,14
12.5086,-0.00214313,-0.251259,0.0188496,0.064194,-0.237656,0.000113718,0.00348717,14
12.5121,-0.00302994,-0.252939,0.0188496,0.064128,-0.244242,0.000116995,0.00348635,14
12.5156,-0.00391675,-0.251259,0.0188496,0.0640868,-0.241929,0.000116423,0.00348703,14
12.5191,-0.00472966,-0.247897,0.0188496,0.0645416,-0.233513,0.00011497,0.00348692,14
12.5226,-0.00561647,-0.242855,0.0188496,0.0662771,-0.216907,0.000116694,0.00348683,14
12.5261,-0.00642938,-0.240054,0.0188496,0.0703925,-0.198695,0.000118477,0.00348598,14
12.5296,-0.0073162,-0.242855,0.0188496,0.0783005,-0.183679,0.000124979,0.00348835,14
12.5331,-0.00812911,-0.238374,0.0188496,0.0917282,-0.132393,0.00011454,0.00348636,14
12.5366,-0.00894202,-0.231651,0.0188496,0.0883653,-0.126904,0.000113658,0.00348723,14
12.5401,-0.00975493,-0.224928,0.0188496,0.0817965,-0.131283,0.000121693,0.0034853,14
12.5436,-0.0104939,-0.226609,0.0188496,0.0723358,-0.166456,0.000115321,0.00348727,14
12.5471,-0.0113068,-0.215404,0.0188496,0.0604542,-0.175423,0.000116634,0.00348708,14
12.5506,-0.0120459,-0.205321,0.0188496,0.0467796,-0.192685,0.000114259,0.00348717,14
12.5541,-0.012711,-0.342574,0.0188496,0.032097,-0.599635,0.000117375,0.00348614,14
12.5576,-0.01345,-0.197477,0.0188496,0.0173483,-0.265806,0.000122364,0.00348821,14
12.5611,-0.0141151,-0.195797,0.0188496,0.00363261,-0.305088,0.000113368,0.00348649,14
12.5646,-0.0147802,-0.195797,0.0188496,-0.00779426,-0.341737,0.000115221,0.00348704,14
12.5681,-0.0154453,-0.186273,0.0188496,-0.0155194,-0.341994,0.000114911,0.00348692,14
12.5716,-0.0161104,-0.187394,0.0188496,-0.0179729,-0.353965,0.000135338,0.00348703,14
12.5751,-0.0167755,-0.186273,0.0188496,-0.0134277,-0.338513,0.000118166,0.00348598,14
12.5786,-0.0174406,-0.190755,0.0188496,-0,-0.310427,0.000118037,0.0034873,14
12.5821,-0.0180318,-0.189074,0.0188496,-0,-0.307329,0.00011972,0.00348643,14
12.5856,-0.0186969,-0.181231,0.0188496,-0,-0.28822,0.000173718,0.00348808,13
12.5891,-0.0193621,-0.187394,0.015708,0.0134277,-0.302722,0.00021818,0.00348585,13
12.5926,-0.0199533,-0.17787,0.015708,0.0179728,-0.265047,0.000201349,0.00348211,13
12.5961,-0.0206184,-0.181231,0.015708,0.0155194,-0.282901,0.000238908,0.00347993,13
12.5996,-0.0212096,-0.172828,0.015708,0.00779428,-0.285934,0.000261089,0.00348316,13
12.6031,-0.0218747,-0.172828,0.015708,-0.00363263,-0.322583,0.000262892,0.00348274,13
12.6066,-0.0224659,-0.169466,0.015708,-0.0173484,-0.35729,0.000319196,0.00348412,13
12.6101,-0.0229832,-0.164985,0.0125664,-0.0186693,-0.388918,0.000354069,0.00348239,13
12.6136,-0.0235744,-0.161623,0.0125664,-0.0288068,-0.412611,0.000385758,0.00348477,13
12.6171,-0.0241656,-0.161623,0.0125664,-0.0449348,-0.463565,0.000406685,0.00348364,13
12.6206,-0.0247568,-0.159943,0.0125664,-0.0645415,-0.520815,0.000446027,0.00348352,13
12.6241,-0.0252741,-0.164985,0.0125664,-0.0854291,-0.59949,0.000472195,0.00348372,10
12.6276,-0.0258653,-0.163304,0.0125664,-0.105714,-0.658826,0.000524651,0.00348383,10
12.6311,-0.0263826,-0.154901,0.0125664,-0.123825,-0.693664,0.000528108,0.00347535,10
12.6346,-0.0269739,-0.158262,0.0125664,-0.138508,-0.748993,0.000562972,0.00348355,10
12.6381,-0.0275651,-0.166665,0.0125664,-0.148819,-0.804103,0.000585574,0.0034837,10
12.6416,-0.0280824,-0.166665,0.0125664,-0.154132,-0.821605,0.000615789,0.00348489,10
12.6451,-0.0287475,-0.171147,0.0125664,-0.154132,-0.834848,0.000669908,0.00348221,10
12.6486,-0.0293387,-0.17787,0.0125664,-0.148819,-0.837456,0.000704141,0.00348381,10
12.6521,-0.0299299,-0.184592,0.0125664,-0.138508,-0.824678,0.000712316,0.00348411,10
12.6556,-0.030595,-0.184592,0.0125664,-0.123825,-0.780965,0.000731732,0.0034839,7
12.6591,-0.0312601,-0.184592,0.0125664,-0.105714,-0.726698,0.000111194,0.00348291,7
12.6626,-0.0317774,-0.187394,0.0125664,-0.085429,-0.672767,0.000126703,0.00348398,14
12.6661,-0.0324425,-0.184592,0.0125664,-0.0645414,-0.602603,0.000126702,0.00348474,14
12.6696,-0.0330337,-0.189074,0.0125664,-0.0449347,-0.555334,0.000126192,0.00348789,14
12.6731,-0.0336988,-0.186273,0.0125664,-0.0288067,-0.499819,0.000113377,0.00348656,14
12.6766,-0.034364,-0.187394,0.0125664,-0.0186692,-0.473037,0.000119809,0.00348666,14
12.6801,-0.0350291,-0.186273,0.0125664,-0.0173483,-0.467509,0.000123145,0.00348505,14
12.6836,-0.0356942,-0.184592,0.0125664,-0.0036326,-0.42236,0.000143744,0.00348639,14
12.6871,-0.0362854,-0.181231,0.0125664,0.00779426,-0.37968,0.000116744,0.00348696,14
12.6906,-0.0369505,-0.182912,0.0125664,0.0155194,-0.361793,0.000117024,0.00348646,14
12.6941,-0.0376156,-0.181231,0.0125664,0.0179728,-0.351309,0.000118587,0.00348729,14
12.6976,-0.0382068,-0.174508,0.0125664,0.0134277,-0.348966,0.000124758,0.0034882,14
12.7011,-0.038798,-0.172828,0.0125664,-0,-0.387198,0.00012027,0.00348583,14
12.7046,-0.0393892,-0.172828,0.0125664,-0,-0.388512,0.000117987,0.00348635,14
12.7081,-0.0399804,-0.171147,0.0125664,-0,-0.385414,0.000120681,0.00348591,14
12.7116,-0.0405716,-0.161623,0.0125664,-0,-0.36173,0.000117225,0.00348651,14
12.7151,-0.0411628,-0.164985,0.0125664,-0,-0.371867,0.000118367,0.00348691,14
12.7186,-0.041754,-0.166665,0.0125664,-0,-0.377593,0.000116714,0.00348692,14
12.7221,-0.0423453,-0.159943,0.0125664,-0,-0.361261,0.000118467,0.00348673,14
12.7256,-0.0428626,-0.156581,0.0125664,-0,-0.353587,0.000122314,0.00348796,14
12.7291,-0.0434538,-0.161623,0.0125664,-0,-0.368136,0.00011443,0.00348681,14
12.7326,-0.0439711,-0.158262,0.0125664,-0,-0.360463,0.000119248,0.00348678,14
12.7361,-0.0445623,-0.15322,0.0125664,-0,-0.348543,0.000116674,0.00348696,14
12.7396,-0.0450796,-0.151539,0.00942478,0.0134277,-0.342128,0.000138483,0.0034867,14
12.7431,-0.0455969,-0.151539,0.00942478,0.0179728,-0.329288,0.000115041,0.00348706,14
12.7466,-0.0461142,-0.145377,0.00942478,0.0155194,-0.321814,0.000117115,0.00348691,14
12.7501,-0.0466315,-0.145377,0.00942478,0.00779427,-0.346741,0.000119289,0.00348591,14
12.7536,-0.0470749,-0.140335,0.00942478,-0.00363262,-0.369663,0.000130629,0.00348706,14
12.7571,-0.0475922,-0.133612,0.00942478,-0.0173484,-0.395382,0.000113639,0.00348651,14
12.7606,-0.0480356,-0.136974,0.00942478,-0.032097,-0.450586,0.000116634,0.00348573,14
12.7641,-0.048479,-0.133612,0.00942478,-0.0467796,-0.48794,0.000116554,0.00348679,14
12.7676,-0.0489963,-0.125769,0.00942478,-0.0604541,-0.510591,0.000115182,0.00348281,14
12.7711,-0.0494398,-0.129131,0.00942478,-0.0723358,-0.55697,0.000116454,0.00348686,14
12.7746,-0.0498832,-0.132492,0.00942478,-0.0817965,-0.595898,0.00011454,0.00348299,14
12.7781,-0.0503266,-0.135293,0.00942478,-0.0883652,-0.624455,0.000117235,0.00348696,14
12.7816,-0.0508439,-0.138654,0.00942478,-0.0917281,-0.644778,0.000127604,0.00347622,14
12.7851,-0.0512873,-0.138654,0.00942478,-0.0917281,-0.645764,0.000113218,0.003487,14
12.7886,-0.0518046,-0.140335,0.00942478,-0.0883652,-0.640975,0.000128305,0.00348689,14
12.7921,-0.052248,-0.143696,0.00942478,-0.0817965,-0.630566,0.0002069,0.00348715,13
12.7956,-0.0527653,-0.140335,0.00942478,-0.0723358,-0.593773,0.000143333,0.0034826,13
12.7991,-0.0532826,-0.151539,0.00942478,-0.0604541,-0.587763,0.00020181,0.00348585,13
12.8026,-0.053726,-0.142016,0.00942478,-0.0467795,-0.521661,0.000210747,0.00347418,13
12.8061,-0.0542433,-0.143696,0.00942478,-0.032097,-0.482031,0.000240291,0.00348341,13
12.8096,-0.0547606,-0.147058,0.00942478,-0.0173484,-0.446609,0.00028399,0.00348449,13
12.8131,-0.0552779,-0.145377,0.00942478,-0.00363263,-0.401132,0.000274904,0.00348375,13
12.8166,-0.0557213,-0.142016,0.00942478,0.00779426,-0.358124,0.000313224,0.00348597,13
12.8201,-0.0562386,-0.138654,0.00942478,0.0155194,-0.326673,0.000358908,0.00348661,13
12.8236,-0.0567559,-0.138654,0.00942478,0.0179728,-0.320272,0.000393692,0.0034834,13
12.8271,-0.0571993,-0.135293,0.00942478,0.0134276,-0.326424,0.000419268,0.00348242,13
12.8306,-0.0577167,-0.132492,0.00942478,-0,-0.36155,0.000449994,0.00348312,13
12.8341,-0.0581601,-0.133612,0.00942478,-0,-0.365477,0.000471274,0.0034834,10
12.8376,-0.0586035,-0.130811,0.00942478,-0,-0.35911,0.000503082,0.00348435,10
12.8411,-0.0590469,-0.132492,0.00942478,-0,-0.364507,0.000535973,0.00348347,10
12.8446,-0.0594903,-0.132492,0.00942478,-0,-0.365493,0.000558504,0.00348347,10
12.8481,-0.0599337,-0.129131,0.00942478,-0,-0.357655,0.000580014,0.00348359,10
12.8516,-0.060451,-0.129131,0.00942478,-0,-0.358805,0.00070404,0.00347962,10
12.8551,-0.0608944,-0.12745,0.00942478,-0,-0.355379,0.00067643,0.00348309,10
12.8586,-0.0613378,-0.124089,0.00942478,-0,-0.347542,0.000698761,0.00347872,10
12.8621,-0.0617812,-0.124089,0.00942478,-0,-0.348527,0.000710733,0.00348356,10
12.8656,-0.0621507,-0.119047,0.00942478,-0,-0.336114,0.000739886,0.00348475,10
12.8691,-0.0625941,-0.12745,0.00942478,-0,-0.359158,0.000111033,0.0034837,7
12.8726,-0.0629636,-0.119047,0.00942478,-0,-0.337921,0.000119068,0.0034853,14
12.8761,-0.0633331,-0.117366,0.00942478,-0,-0.334331,0.000116934,0.00348651,14
12.8796,-0.0637765,-0.114565,0.00942478,-0,-0.327964,0.000119839,0.00348655,14
12.8831,-0.064146,-0.112884,0.00628319,0.0134277,-0.321221,0.000113999,0.0034869,14
12.8866,-0.0645155,-0.106162,0.00628319,0.0179728,-0.290406,0.000124588,0.00348366,14
12.8901,-0.064885,-0.106162,0.00628319,0.0155194,-0.298779,0.000113878,0.00348707,14
12.8936,-0.0652546,-0.099439,0.00628319,0.00779426,-0.305731,0.000140338,0.00348754,14
12.8971,-0.0654763,-0.0753496,0.00628319,-0.00363263,-0.278162,0.00011455,0.00348672,14
12.9006,-0.0659936,-0.0932766,0.00628319,-0.0173484,-0.368585,0.000114439,0.00348705,14
12.9041,-0.0662892,-0.0977584,0.00628319,-0.032097,-0.426401,0.000115602,0.00348689,14
12.9076,-0.0666587,-0.0932766,0.00628319,-0.0467796,-0.460649,0.00011456,0.00348704,14
12.9111,-0.0669543,-0.0932766,0.00628319,-0.0604541,-0.503395,0.000140358,0.00348682,14
12.9146,-0.0673238,-0.0949573,0.00628319,-0.0723357,-0.545199,0.000116143,0.00348695,14
12.9181,-0.0676194,-0.0899153,0.00628319,-0.0817964,-0.56174,0.000115983,0.00348699,14
12.9216,-0.067915,-0.0949573,0.00628319,-0.0883652,-0.59585,0.000124649,0.00348665,14
12.9251,-0.0682845,-0.0977584,0.00314159,-0.0783004,-0.611222,0.000112917,0.00348705,14
12.9286,-0.068654,-0.0966379,0.00314159,-0.0737553,-0.595113,0.000117786,0.00348646,14
12.9321,-0.0689496,-0.099439,0.00314159,-0.0728458,-0.600323,0.000114169,0.00348717,14
12.9356,-0.0693191,-0.099439,0.00314159,-0.0740022,-0.604704,0.000115782,0.00348661,14
12.9391,-0.0696886,-0.10112,0.00314159,-0.0759684,-0.615989,0.00011417,0.00348733,14
12.9426,-0.0699842,-0.099439,0.00314159,-0.0778025,-0.617879,0.000117074,0.00348682,14
12.9461,-0.0703537,-0.10112,0.00314159,-0.0788765,-0.626418,0.00011462,0.00348742,14
12.9496,-0.0707232,-0.0977584,0.00314159,-0.0788765,-0.618416,0.000127193,0.00348795,14
12.9531,-0.0710188,-0.10112,0.00314159,-0.0778025,-0.624591,0.000113017,0.00348677,14
12.9566,-0.0713883,-0.106162,0.00314159,-0.0759684,-0.633002,0.000117927,0.00348589,14
12.9601,-0.0717578,-0.10112,0.00314159,-0.0740022,-0.614536,0.000115813,0.00348699,14
12.9636,-0.0721273,-0.1028,0.00314159,-0.0728458,-0.61621,0.000116614,0.00348645,14
12.9671,-0.0724969,-0.107842,0.00314159,-0.0737553,-0.633066,0.000143864,0.00348566,14
12.9706,-0.0728664,-0.10112,0.00314159,-0.0783004,-0.63023,0.000119439,0.00348168,14
12.9741,-0.0732359,-0.109523,0.00314159,-0.0883652,-0.684088,0.000118056,0.00347788,14
12.9776,-0.0736054,-0.115685,0.00314159,-0.0817964,-0.680867,0.000130479,0.00348789,14
12.9811,-0.0740488,-0.117366,0.00314159,-0.0723357,-0.657145,0.000113889,0.00348702,14
12.9846,-0.0744183,-0.120727,0.00314159,-0.0604541,-0.630219,0.000117896,0.00348687,14
12.9881,-0.0748617,-0.122408,0.00314159,-0.0467795,-0.593528,0.000115342,0.00348727,14
12.9916,-0.0753051,-0.120727,0.00314159,-0.032097,-0.54491,0.000122835,0.00348409,14
12.9951,-0.0757485,-0.122408,0.00314159,-0.0173483,-0.504913,0.000114199,0.00348724,14
12.9986,-0.076118,-0.129131,0.00314159,-0.00363262,-0.481165,0.00011986,0.00348543,14
13.0021,-0.0765614,-0.12745,0.00314159,0.00779426,-0.442568,0.00011476,0.00348713,14
13.0056,-0.0770048,-0.125769,0.00314159,0.0155194,-0.415365,0.000126011,0.00348784,14
13.0091,-0.0774482,-0.125769,0.00314159,0.0179728,-0.408799,0.000113298,0.00348701,14
13.0126,-0.0778916,-0.124089,0.00314159,0.0134277,-0.419363,0.000115101,0.00348688,14
13.0161,-0.0782611,-0.120727,0.00314159,-0,-0.45269,0.000179028,0.00348662,13
13.0196,-0.0787045,-0.111204,0.00314159,-0,-0.428677,0.000118737,0.00348556,13
13.0231,-0.0791479,-0.120727,0.00314159,-0,-0.454661,0.000212129,0.00348654,13
13.0266,-0.0795174,-0.114565,0.00314159,-0,-0.439307,0.000235822,0.00348282,13
13.0301,-0.0799608,-0.115685,0.00628319,-0.0134277,-0.446386,0.000233438,0.00348345,13
13.0336,-0.0803303,-0.115685,0.00628319,-0.0179728,-0.461197,0.00027309,0.00348452,13
13.0371,-0.0807738,-0.115685,0.00628319,-0.0155194,-0.454631,0.000289901,0.00348325,13
13.0406,-0.0811433,-0.114565,0.00628319,-0.00779426,-0.428735,0.000318744,0.00348331,13
13.0441,-0.0815867,-0.117366,0.00628319,0.00363263,-0.401902,0.000347667,0.00348388,13
13.0476,-0.0819562,-0.120727,0.00628319,0.0173484,-0.369331,0.000376821,0.00348369,13
13.0511,-0.0823996,-0.117366,0.00628319,0.032097,-0.316099,0.000410813,0.00348391,13
13.0546,-0.0827691,-0.117366,0.00628319,0.0467796,-0.271729,0.000430409,0.00348342,13
13.0581,-0.0832125,-0.117366,0.00628319,0.0604541,-0.230625,0.000454603,0.00348391,10
13.0616,-0.0836559,-0.114565,0.00628319,0.0723357,-0.187688,0.000497212,0.00348059,13
13.0651,-0.0840254,-0.112884,0.00942478,0.0683688,-0.158131,0.000529661,0.0034832,10
13.0686,-0.0843949,-0.104481,0.00942478,0.0703924,-0.130666,0.000561108,0.00348357,10
13.0721,-0.0847644,-0.1028,0.00942478,0.0762087,-0.109174,0.00058389,0.00348379,10
13.0756,-0.08506,-0.0949573,0.00942478,0.0839338,-0.0654665,0.000678344,0.0034833,10
13.0791,-0.0854295,-0.0966379,0.00942478,0.0919978,-0.0458793,0.000648138,0.00348389,10
13.0826,-0.0857251,-0.0899153,0.00942478,0.0991448,-0.00689242,0.000696988,0.00348135,10
13.0861,-0.0860207,-0.0848733,0.00942478,0.104433,0.0219609,0.000110863,0.00348379,7
13.0896,-0.0862424,-0.0787109,0.00942478,0.107234,0.0462651,0.000737742,0.00348694,17
13.0931,-0.0866119,-0.0787109,0.00942478,0.107234,0.0454436,0.000110342,0.0034837,7
13.0966,-0.0868336,-0.0736689,0.00942478,0.104433,0.0495644,0.000118226,0.00348569,14
13.1001,-0.0870553,-0.0669463,0.00942478,0.0991448,0.0504422,0.00011466,0.00348669,14
13.1036,-0.087277,-0.0624645,0.00942478,0.0919978,0.0397161,0.000116504,0.00348645,14
13.1071,-0.0874987,-0.0591032,0.00942478,0.0839338,0.0232263,0.00012009,0.00348455,14
13.1106,-0.0876466,-0.0540612,0.00942478,0.0762087,0.0123553,0.000117356,0.00348536,14
13.1141,-0.0878683,-0.0456579,0.00942478,0.0703924,0.0160184,0.000115301,0.00348701,14
13.1176,-0.0880161,-0.0456579,0.00942478,0.0683688,0.00946139,0.000127344,0.00348816,14
13.1211,-0.0881639,-0.0411762,0.00942478,0.0723358,0.0331071,0.000118157,0.00348693,14
13.1246,-0.0883116,-0.0378148,0.00942478,0.0604542,0.00503129,0.00011493,0.003487,14
13.1281,-0.0883856,-0.0344535,0.00942478,0.0467796,-0.0283988,0.000118267,0.00348679,14
13.1316,-0.0884595,-0.0277309,0.00942478,0.032097,-0.0561083,0.000116744,0.00348644,14
13.1351,-0.0886073,-0.0266104,0.00628319,0.0307761,-0.0957377,0.000121723,0.00348692,14
13.1386,-0.0886073,-0.0148458,0.00628319,0.0216055,-0.0930828,0.000143694,0.0034777,14
13.1421,-0.0886812,-0.0114845,0.00628319,0.00772512,-0.127146,0.00012009,0.00348663,14
13.1456,-0.0887551,-0.00700275,0.00628319,-0.00772514,-0.163101,0.000122925,0.0034863,14
13.1491,-0.0887551,-0.00868341,0.00314159,-0.00817781,-0.207082,0.000119339,0.0034871,14
13.1526,-0.0887551,-0.00364143,0.00314159,-0.0128032,-0.208083,0.000142331,0.00348199,14
13.1561,-0.0887551,-0.00028011,0.00314159,-0.0165776,-0.210877,0.000123176,0.00348587,14
13.1596,-0.0887551,-0.00196077,0.00314159,-0.0389853,-0.284258,0.000117224,0.00348567,14
13.1631,-0.0887551,-0.00028011,0.00314159,-0.0640868,-0.357106,0.000121553,0.00348725,14
13.1666,-0.0887551,-0.00196077,0.00314159,-0.0896841,-0.440303,0.000116213,0.00348603,14
13.1701,-0.0887551,0.00140055,-0,-0.100466,-0.502841,0.000115312,0.00348699,13
13.1736,-0.0887551,-0.00196077,-0,-0.117172,-0.563084,0.000129157,0.00348762,12
13.1771,-0.0887551,0.00140055,-0,-0.136663,-0.614252,0.000138133,0.00347944,12
13.1806,-0.0887551,-0.00532209,-0,-0.15627,-0.692246,0.000121383,0.00348561,12
13.1841,-0.0887551,-0.00028011,-0,-0.173794,-0.732951,0.000184959,0.0034679,12
13.1876,-0.0887551,-0.00364143,-0,-0.18751,-0.78399,0.000115592,0.00348555,12
13.1911,-0.088829,-0.00532209,-0,-0.196161,-0.815192,0.00012028,0.00348646,12
13.1946,-0.088829,-0.0114845,-0,-0.198962,-0.839989,0.000718196,0.00348584,12
13.1981,-0.0889029,-0.0131652,-0,-0.195599,-0.834214,0.000583059,0.0034811,9
13.2016,-0.0889768,-0.0232491,-0,-0.186229,-0.832009,0.000483006,0.00348443,9
13.2051,-0.0890507,-0.0277309,-0.00314159,-0.158053,-0.79539,0.000449103,0.00348353,9
13.2086,-0.0891246,-0.0249298,-0.00314159,-0.134479,-0.715644,0.000445026,0.00348349,9
13.2121,-0.0891985,-0.0294115,-0.00314159,-0.115194,-0.668214,0.000445397,0.00348386,9
13.2156,-0.0893463,-0.0310922,-0.00314159,-0.100511,-0.627763,0.00043677,0.00348374,9
13.2191,-0.0894202,-0.0361342,-0.00314159,-0.0913734,-0.613036,0.000448151,0.00348205,9
13.2226,-0.089568,-0.0378148,-0.00314159,-0.0893498,-0.611548,0.000426181,0.00348263,9
13.2261,-0.0897158,-0.0394955,-0.00314159,-0.0966385,-0.638722,0.000422034,0.00348317,9
13.2296,-0.0897897,-0.0411762,-0.00314159,-0.0917143,-0.628142,0.000423706,0.00348501,9
13.2331,-0.0899375,-0.0344535,-0.00314159,-0.0892609,-0.603272,0.000426893,0.00348375,9
13.2366,-0.0900853,-0.0428568,-0.00314159,-0.0910051,-0.631027,0.000411053,0.00348353,9
13.2401,-0.0902331,-0.0394955,-0.00314159,-0.0991448,-0.647586,0.000407668,0.00348382,9
13.2436,-0.0903809,-0.0456579,-0.00314159,-0.0919978,-0.642093,0.000405113,0.00348365,9
13.2471,-0.0905287,-0.0456579,-0.00314159,-0.0839338,-0.617601,0.000408729,0.00348362,9
13.2506,-0.0906765,-0.0445375,-0.00314159,-0.0762087,-0.591211,0.000397439,0.00348391,9
13.2541,-0.0908243,-0.0428568,-0.00314159,-0.0703924,-0.569226,0.000426432,0.00348362,9
13.2576,-0.091046,-0.0473386,-0.00314159,-0.0683688,-0.575255,0.000392669,0.00348496,9
13.2611,-0.0911938,-0.0540612,-0.00314159,-0.0723357,-0.60544,0.000378053,0.00348348,9
13.2646,-0.0913416,-0.0523805,-0.00314159,-0.0604541,-0.564786,0.000379485,0.00348381,9
13.2681,-0.0915633,-0.0523805,-0.00314159,-0.0467796,-0.52319,0.000396587,0.00348339,9
13.2716,-0.0917111,-0.0506999,-0.00314159,-0.032097,-0.473916,0.000365359,0.00348356,9
13.2751,-0.0918589,-0.0473386,-0.00314159,-0.0173484,-0.420026,0.000378453,0.00348357,9
13.2786,-0.0919328,-0.00868341,-0.00314159,-0.00363263,-0.276508,0.000377972,0.00348375,9
13.2821,-0.0922284,-0.0977584,-0.00314159,0.00779426,-0.475809,0.000366152,0.00348379,9
13.2856,-0.0924501,-0.0574225,-0.00314159,0.0155194,-0.346646,0.000361332,0.00348488,9
13.2891,-0.0925979,-0.0456579,-0.00314159,0.0179728,-0.308542,0.000348548,0.0034717,9
13.2926,-0.0928196,-0.0473386,-0.00314159,0.0134277,-0.327436,0.00034919,0.00348377,9
13.2961,-0.0929674,-0.0473386,-0.00314159,-0,-0.369094,0.000376911,0.00348345,9
13.2996,-0.0931152,-0.0445375,-0.00314159,-0,-0.36207,0.000355832,0.00348376,9
13.3031,-0.093263,-0.0473386,-0.00314159,-0,-0.369751,0.000341306,0.00348361,9
13.3066,-0.0934108,-0.0456579,-0.00314159,-0,-0.365668,0.00033324,0.00347439,9
13.3101,-0.0935586,-0.0456579,-0.00314159,-0,-0.365996,0.000370058,0.00348341,9
13.3136,-0.0937064,-0.0411762,-0.00314159,-0,-0.354561,0.000345142,0.00348477,9
13.3171,-0.0938542,-0.0456579,-0.00314159,-0,-0.366654,0.000336787,0.00348185,9
13.3206,-0.094002,-0.0411762,-0.00314159,-0,-0.355218,0.000324415,0.0034837,9
13.3241,-0.0941498,-0.0428568,-0.00314159,-0,-0.359958,0.000323353,0.00348345,9
13.3276,-0.0942976,-0.0428568,-0.00314159,-0,-0.360287,0.000317382,0.00348392,9
13.3311,-0.0944454,-0.0378148,-0.00314159,-0,-0.34738,0.000317803,0.0034835,9
13.3346,-0.0945932,-0.0378148,-0.00314159,-0,-0.347709,0.000312042,0.00348356,9
13.3381,-0.094741,-0.0411762,-0.00314159,-0,-0.356861,0.000298597,0.00348287,9
13.3416,-0.0948149,-0.0310922,-0.00314159,-0,-0.330555,0.000304408,0.00348478,9
13.3451,-0.0949627,-0.0310922,-0.00314159,-0,-0.330884,0.000299169,0.00348372,9
13.3486,-0.0950366,-0.0310922,-0.00314159,-0,-0.331048,0.000297926,0.00348361,9
13.3521,-0.0951844,-0.0266104,-0.00314159,-0,-0.319612,0.00030543,0.00348333,9
13.3556,-0.0952583,-0.0266104,-0.00314159,-0,-0.319777,0.000290813,0.00348371,9
13.3591,-0.0953322,-0.0249298,-0.00314159,-0,-0.315529,0.000304999,0.00348043,9
13.3626,-0.09548,-0.0232491,-0.00314159,-0,-0.311446,0.000285884,0.0034832,9
13.3661,-0.0955539,-0.0266104,-0.00314159,-0,-0.320434,0.000307474,0.00348319,9
13.3696,-0.0956278,-0.0249298,-0.00314159,-0,-0.316187,0.000269855,0.00348494,9
13.3731,-0.0957017,-0.0198878,-0.00314159,-0,-0.303116,0.000288219,0.00348257,9
13.3766,-0.0957757,-0.0198878,-0.00314159,-0,-0.30328,0.000271758,0.00348382,9
13.3801,-0.0958496,-0.0215685,-0.00314159,-0,-0.307856,0.000267992,0.00348355,9
13.3836,-0.0959235,-0.0266104,-0.00314159,-0,-0.321255,0.000266539,0.00348374,9
13.3871,-0.0959974,-0.0232491,-0.00314159,-0,-0.312596,0.000266308,0.0034827,9
13.3906,-0.0960713,-0.0232491,-0.00314159,-0,-0.312761,0.000259636,0.00348348,9
13.3941,-0.0961452,-0.0232491,-0.00314159,-0,-0.312925,0.000255268,0.00348228,9
13.3976,-0.0961452,-0.0131652,-0.00314159,-0,-0.286455,0.000263103,0.00348498,9
13.4011,-0.0962191,-0.0114845,-0.00314159,-0,-0.282208,0.000249156,0.00348353,9
13.4046,-0.096293,-0.0148458,-0.00314159,-0,-0.291195,0.00023978,0.0034836,9
13.4081,-0.096293,-0.0131652,-0.00314159,-0,-0.286784,0.00024008,0.00348237,9
13.4116,-0.0963669,-0.00980385,-0.00314159,-0,-0.278125,0.000239298,0.00348346,9
13.4151,-0.0963669,-0.00532209,-0.00314159,-0,-0.266361,0.000241422,0.00348343,9
13.4186,-0.0963669,-0.00364143,-0.00314159,-0,-0.261949,0.000233177,0.00348361,9
13.4221,-0.0963669,0.00140055,-0.00314159,-0,-0.248714,0.000249677,0.00348349,9
13.4256,-0.0963669,0.00140055,-0.00314159,-0,-0.248714,0.000204334,0.00348486,9
13.4291,-0.0963669,-0.00196077,-0.00314159,-0,-0.257538,0.0002237,0.00348454,9
13.4326,-0.0963669,-0.00364143,-0.00314159,-0,-0.261949,0.000222868,0.00348313,9
13.4361,-0.0963669,0.00308121,-0.00314159,-0,-0.244303,0.000217649,0.00348316,9
13.4396,-0.0963669,0.00308121,-0.00314159,-0,-0.244303,0.00020191,0.00348358,9
13.4431,-0.0963669,-0.00532209,-0.00314159,-0,-0.266361,0.000180952,0.00348306,9
13.4466,-0.0963669,0.00308121,-0.00314159,-0,-0.244303,0.000167968,0.00348579,9
13.4501,-0.0963669,-0.00028011,-0.00314159,-0,-0.253126,0.000173377,0.00348626,9
13.4536,-0.0963669,-0.00196077,-0.00314159,-0,-0.257538,0.00017998,0.00348755,9
13.4571,-0.0963669,0.00140055,-0.00314159,-0,-0.248714,0.000153632,0.00348604,9
13.4606,-0.0963669,-0.00364143,-0.00314159,-0,-0.261949,0.000159262,0.00348648,9
13.4641,-0.0963669,0.00140055,-0.00314159,-0,-0.248714,0.000167066,0.00348625,9
13.4676,-0.0963669,0.00140055,-0.00314159,-0,-0.248714,0.000160334,0.00348661,9
13.4711,-0.0963669,0.00308121,-0.00314159,-0,-0.244303,0.000153622,0.00348654,9
13.4746,-0.0963669,0.00308121,-0.00314159,-0,-0.244303,0.000151558,0.0034864,9
13.4781,-0.0963669,-0.00196077,-0.00314159,-0,-0.257538,0.000170372,0.00348241,9
13.4816,-0.0963669,-0.00364143,-0.00314159,-0,-0.261949,0.000161526,0.00348773,9
13.4851,-0.0963669,-0.00196077,-0.00314159,-0,-0.257538,0.000140939,0.00348555,9
13.4886,-0.0963669,0.00140055,-0.00314159,-0,-0.248714,0.00013598,0.00347822,9
13.4921,-0.0963669,0.00476187,-0.00314159,-0,-0.239891,0.000144575,0.00348593,9
13.4956,-0.0963669,-0.00028011,-0.00314159,-0,-0.253126,0.000129959,0.00348661,9
13.4991,-0.0963669,0.00308121,-0.00314159,-0,-0.244303,0.000138253,0.00348627,9
13.5026,-0.0963669,-0.00028011,-0.00314159,-0,-0.253126,0.000121473,0.00348598,9
13.5061,-0.0963669,-0.00028011,-0.00314159,-0,-0.253126,0.00013125,0.00348629,9
13.5096,-0.0963669,0.00140055,-0.00314159,-0,-0.248714,0.000127343,0.00348771,12
13.5131,-0.0963669,-0.00196077,-0.00314159,-0,-0.257538,0.000129167,0.00348597,9
13.5166,-0.0963669,-0.00364143,-0.00314159,-0,-0.261949,0.000116043,0.00348642,12
13.5201,-0.0963669,-0.00196077,-0.00314159,-0,-0.257538,0.000138083,0.00348641,9
13.5236,-0.0963669,-0.00028011,-0.00314159,-0,-0.253126,0.000124148,0.00348624,12
13.5271,-0.0963669,-0.00028011,-0.00314159,-0,-0.253126,0.000127053,0.00348515,9
13.5306,-0.0963669,0.00308121,-0.00314159,-0,-0.244303,0.000116333,0.00348653,12
13.5341,-0.0963669,-0.00196077,-0.00314159,-0,-0.257538,0.00015778,0.00348652,9
13.5376,-0.0963669,-0.00028011,-0.00314159,-0,-0.253126,0.000132272,0.00348778,12
13.5411,-0.0963669,-0.00196077,-0.00314159,-0,-0.257538,0.000131922,0.00348671,9
13.5446,-0.0963669,-0.00028011,-0.00314159,-0,-0.253126,0.000136941,0.00348688,12
13.5481,-0.0963669,-0.00532209,-0.00314159,-0,-0.266361,0.000128846,0.00348628,9
13.5516,-0.0963669,0.00140055,-0.00314159,-0,-0.248714,0.000122905,0.00348695,12
13.5551,-0.0963669,0.00308121,-0.00314159,-0,-0.244303,0.000131551,0.00348664,9
13.5586,-0.0963669,0.00308121,-0.00314159,-0,-0.244303,0.000122034,0.00348686,12
13.5621,-0.0963669,-0.00028011,-0.00314159,-0,-0.253126,0.000115312,0.00348715,9
13.5656,-0.0963669,0.00140055,-0.00314159,-0,-0.248714,0.000150295,0.0034877,12
13.5691,-0.0963669,0.00812319,-0.00314159,-0,-0.231068,0.000129988,0.00348395,9
13.5726,-0.0963669,0.00140055,-0.00314159,-0,-0.248714,0.000118297,0.00348614,12
13.5761,-0.0963669,0.00140055,-0.00314159,-0,-0.248714,0.000124529,0.00348667,9
13.5796,-0.0963669,0.00140055,-0.00314159,-0,-0.248714,0.000116303,0.00348685,12
13.5831,-0.0963669,0.00308121,-0.00314159,-0,-0.244303,0.000118458,0.00348687,12
13.5866,-0.0963669,-0.00028011,-0.00314159,-0,-0.253126,0.00011476,0.0034871,12
13.5901,-0.0963669,0.00140055,-0.00314159,-0,-0.248714,0.00014216,0.00348678,12
13.5936,-0.0963669,0.00308121,-0.00314159,-0,-0.244303,0.00012559,0.00348734,12
13.5971,-0.0963669,-0.00196077,-0.00314159,-0,-0.257538,0.000118126,0.00348575,12
13.6006,-0.0963669,-0.00028011,-0.00314159,-0,-0.253126,0.000131401,0.00348657,12
13.6041,-0.0963669,-0.00196077,-0.00314159,-0,-0.257538,0.000116213,0.00348645,12
13.6076,-0.0963669,-0.00364143,-0.00314159,-0,-0.261949,0.000122344,0.00348597,12
13.6111,-0.0963669,-0.00364143,-0.00314159,-0,-0.261949,0.000117335,0.0034865,12
13.6146,-0.0963669,0.00308121,-0.00314159,-0,-0.244303,0.000117966,0.00348675,12
13.6181,-0.0963669,-0.00028011,-0.00314159,-0,-0.253126,0.000117235,0.00348679,12
13.6216,-0.0963669,-0.00028011,-0.00314159,-0,-0.253126,0.000132894,0.00348786,12
13.6251,-0.0963669,0.00308121,-0.00314159,-0,-0.244303,0.000114781,0.00348682,12
13.6286,-0.0963669,-0.00364143,-0.00314159,-0,-0.261949,0.000115612,0.00348725,12
13.6321,-0.0963669,-0.00364143,-0.00314159,-0,-0.261949,0.000117105,0.00348687,12
13.6356,-0.0963669,-0.00700275,-0.00314159,-0,-0.270772,0.000127103,0.00348688,12
13.6391,-0.0963669,-0.00364143,-0.00314159,-0,-0.261949,0.000117765,0.0034866,12
13.6426,-0.0963669,-0.00028011,-0.00314159,-0,-0.253126,0.000119279,0.00348647,12
13.6461,-0.0963669,-0.00028011,-0.00314159,-0,-0.253126,0.000117555,0.0034869,12
13.6496,-0.0963669,-0.00028011,-0.00314159,-0,-0.253126,0.000129919,0.00348789,12
13.6531,-0.0963669,0.00308121,-0.00314159,-0,-0.244303,0.000114871,0.00348659,12
13.6566,-0.0963669,-0.00196077,-0.00314159,-0,-0.257538,0.000126141,0.00348715,12
13.6601,-0.0963669,-0.00028011,-0.00314159,-0,-0.253126,0.000117695,0.00348625,12
13.6636,-0.0963669,-0.00196077,-0.00314159,-0,-0.257538,0.000120391,0.00347784,12
13.6671,-0.0963669,0.00308121,-0.00314159,-0,-0.244303,0.000118026,0.00348655,12
13.6706,-0.0963669,-0.00028011,-0.00314159,-0,-0.253126,0.000115933,0.00348702,12
13.6741,-0.0963669,0.00140055,-0,-0.0134277,-0.251867,0.000113458,0.00348679,12
13.6776,-0.0963669,0.00308121,-0,-0.0179728,-0.261445,0.000126632,0.00348791,12
13.6811,-0.0963669,-0.00364143,-0,-0.0155194,-0.27154,0.000119338,0.00348699,12
13.6846,-0.0963669,-0.00028011,-0,-0.00779426,-0.23894,0.00011434,0.00348697,12
13.6881,-0.0963669,-0.00532209,-0,0.00363263,-0.217004,0.000112797,0.00348625,12
13.6916,-0.0963669,0.00140055,-0,0.0173484,-0.157142,0.000118868,0.00348672,12
13.6951,-0.0963669,0.00140055,-0,0.032097,-0.111747,0.000111474,0.00348725,12
13.6986,-0.0963669,-0.00532209,-0,0.0467796,-0.0842018,0.000115211,0.00348648,12
13.7021,-0.0963669,0.00140055,-0,0.0604541,-0.0244664,0.000136711,0.0034871,12
13.7056,-0.0963669,-0.00364143,-0,0.0723357,-0.00113076,0.000138353,0.0034876,12
13.7091,-0.0963669,-0.00028011,-0,0.0817964,0.0368115,0.000111454,0.00348664,12
13.7126,-0.0963669,0.00140055,-0,0.0883652,0.0614411,0.00061627,0.00348578,15
13.7161,-0.0963669,0.00644253,-0,0.0917281,0.0850264,0.000525624,0.00348648,9
13.7196,-0.0963669,0.00140055,-0,0.0917281,0.0717917,0.000424158,0.00348115,9
13.7231,-0.0963669,0.00140055,-0,0.0883652,0.0614411,0.000339572,0.00348373,9
13.7266,-0.0963669,0.00140055,-0,0.0817964,0.041223,0.000247083,0.00348353,9
13.7301,-0.0963669,0.00308121,-0,0.0723357,0.0165156,0.000148031,0.00348366,9
13.7336,-0.0963669,0.00308121,-0,0.0604541,-0.0200549,0.000126491,0.00348614,12
13.7371,-0.0963669,0.00140055,-0,0.0467796,-0.0665554,0.000111044,0.0034867,12
13.7406,-0.0963669,-0.00028011,-0,0.032097,-0.116158,0.000114751,0.00348664,12
13.7441,-0.0963669,0.00308121,-0,0.0173484,-0.15273,0.000119759,0.00348682,12
13.7476,-0.0963669,-0.00196077,-0,0.00363263,-0.208181,0.000115492,0.00348626,12
13.7511,-0.0963669,0.00476187,0.00314159,-0.0212219,-0.228858,0.000113257,0.0034871,13
13.7546,-0.0963669,-0.00364143,0.00314159,-0.0334922,-0.288682,0.000117185,0.00348638,14
13.7581,-0.0963669,-0.00196077,0.00314159,-0.0334922,-0.284271,0.000135017,0.00348724,14
13.7616,-0.0963669,0.00140055,0.00314159,-0.0212219,-0.237681,0.000131431,0.00348781,14
13.7651,-0.0963669,-0.00028011,0.00314159,0.00363263,-0.165593,0.00011447,0.00348686,14
13.7686,-0.0963669,-0.00532209,0.00314159,0.0173484,-0.136612,0.000117406,0.00348532,14
13.7721,-0.0963669,0.00140055,0.00314159,0.032097,-0.0735707,0.000121603,0.00348687,14
13.7756,-0.0963669,0.00140055,0.00314159,0.0467796,-0.0283792,0.000114771,0.00348687,14
13.7791,-0.0963669,-0.00028011,0.00314159,0.0604541,0.00929823,0.000135137,0.00348694,14
13.7826,-0.0963669,0.00140055,0.00628319,0.0589081,0.0471274,0.00011973,0.00348581,14
13.7861,-0.0963669,-0.00196077,0.00628319,0.0638236,0.0534338,0.00013131,0.0034869,14
13.7896,-0.0963669,-0.00028011,0.00628319,0.0728458,0.0856148,0.000121543,0.00348739,14
13.7931,-0.0963669,-0.00364143,0.00628319,0.0839338,0.110919,0.000116523,0.00348623,14
13.7966,-0.0963669,-0.00196077,0.00628319,0.0953607,0.150502,0.000118276,0.00348594,14
13.8001,-0.0963669,-0.00028011,0.00942478,0.0922859,0.183626,0.000114279,0.00348716,14
13.8036,-0.0963669,-0.00364143,0.00942478,0.0959206,0.18599,0.000131421,0.00348412,14
13.8071,-0.0963669,-0.00028011,0.00942478,0.103596,0.218437,0.000120882,0.00348668,13
13.8106,-0.0963669,0.00308121,0.00942478,0.113114,0.256556,0.000160615,0.00348635,13
13.8141,-0.0963669,-0.00028011,0.00942478,0.122748,0.277385,0.000235522,0.00348635,13
13.8176,-0.0963669,0.00140055,0.00942478,0.131242,0.307939,0.000236795,0.00348403,13
13.8211,-0.0963669,0.00140055,0.00942478,0.137811,0.328158,0.000252322,0.00348369,13
13.8246,-0.0963669,-0.00196077,0.00942478,0.14214,0.332661,0.000290913,0.00348266,13
13.8281,-0.0963669,0.00140055,0.00942478,0.144388,0.348402,0.000304378,0.00348375,13
13.8316,-0.0963669,-0.00028011,0.00942478,0.145182,0.346433,0.000341035,0.00348324,13
13.8351,-0.096293,0.00308121,0.0125664,0.132192,0.353617,0.000388963,0.00348387,13
13.8386,-0.096293,0.00308121,0.0125664,0.1293,0.344716,0.000410432,0.00347433,13
13.8421,-0.096293,-0.00028011,0.0125664,0.136663,0.358554,0.000448372,0.00348384,13
13.8456,-0.096293,-0.00028011,0.0125664,0.130713,0.340242,0.000480331,0.00348446,13
13.8491,-0.096293,0.00476187,0.0125664,0.124095,0.333106,0.000532547,0.00348308,10
13.8526,-0.0962191,0.00140055,0.0125664,0.116493,0.301049,0.000820845,0.00344427,10
13.8561,-0.0962191,0.00812319,0.0125664,0.108065,0.292756,0.00094356,0.00344877,10
13.8596,-0.0962191,0.00644253,0.0125664,0.0994394,0.261795,0.000620858,0.00347851,10
13.8631,-0.0962191,0.00308121,0.0125664,0.0917143,0.229194,0.000620588,0.00348274,10
13.8666,-0.0961452,0.00476187,0.0125664,0.0864599,0.217597,0.000642107,0.00348202,10
13.8701,-0.0961452,0.00476187,0.015708,0.0722894,0.212159,0.000704852,0.00348435,10
13.8736,-0.0961452,0.00476187,0.015708,0.074025,0.217501,0.000720231,0.00348418,10
13.8771,-0.0961452,0.00476187,0.015708,0.0684144,0.200232,0.000130359,0.0034854,7
13.8806,-0.0961452,0.00140055,0.015708,0.0684144,0.191409,0.000136641,0.00348538,14
13.8841,-0.0961452,-0.00196077,0.015708,0.074025,0.199854,0.000131361,0.00348566,14
13.8876,-0.0961452,-0.00364143,0.015708,0.0857171,0.23143,0.000139496,0.00348521,14
13.8911,-0.0961452,0.00476187,0.0188496,0.091005,0.30794,0.0001313,0.00348593,14
13.8946,-0.0961452,-0.00364143,0.0188496,0.0892608,0.280513,0.000139255,0.00348455,14
13.8981,-0.0961452,-0.00196077,0.0188496,0.0917143,0.292476,0.000137933,0.003485,14
13.9016,-0.0961452,0.00140055,0.0219912,0.0832108,0.313303,0.000152299,0.00348638,14
13.9051,-0.0961452,0.00140055,0.0219912,0.0848045,0.318208,0.000132964,0.00348549,14
13.9086,-0.0961452,0.00140055,0.0219912,0.0938267,0.345978,0.000142821,0.00348493,14
13.9121,-0.0961452,-0.00028011,0.0219912,0.108236,0.385918,0.000132814,0.00348573,14
13.9156,-0.0961452,-0.00196077,0.0219912,0.126621,0.438091,0.000133104,0.00348535,14
13.9191,-0.0961452,-0.00028011,0.0219912,0.148195,0.508906,0.00013614,0.0034848,14
13.9226,-0.0961452,0.00140055,0.0251327,0.159374,0.585901,0.000135999,0.00348474,14
13.9261,-0.0961452,0.00140055,0.0251327,0.182939,0.658432,0.000132543,0.00348592,14
13.9296,-0.0960713,0.00812319,0.0251327,0.193754,0.709531,0.000161807,0.00348705,14
13.9331,-0.0960713,0.00644253,0.0251327,0.203049,0.733729,0.000139716,0.00348537,14
13.9366,-0.0960713,0.0109243,0.0251327,0.209254,0.764591,0.000135618,0.00348557,14
13.9401,-0.0959974,0.0142856,0.0251327,0.211427,0.780267,0.000133164,0.0034859,14
13.9436,-0.0959235,0.0159663,0.0251327,0.209254,0.778154,0.000138714,0.00348455,14
13.9471,-0.0958496,0.0176469,0.0282743,0.189622,0.760479,0.00014155,0.00348591,14
13.9506,-0.0957757,0.0260502,0.0282743,0.175781,0.740103,0.000138083,0.00348586,14
13.9541,-0.0957017,0.0288513,0.0282743,0.16742,0.721883,0.00014729,0.00348559,14
13.9576,-0.0956278,0.030532,0.0314159,0.15158,0.715881,0.000140017,0.00348677,14
13.9611,-0.09548,0.0372546,0.0314159,0.151828,0.734619,0.000134276,0.00347512,14
13.9646,-0.0953322,0.0389353,0.0314159,0.143969,0.715173,0.000134447,0.00348503,14
13.9681,-0.0951844,0.0406159,0.0314159,0.140334,0.708722,0.000135819,0.00348563,14
13.9716,-0.0950366,0.0467784,0.0345575,0.127179,0.722913,0.000138443,0.00348481,14
13.9751,-0.0948888,0.0439773,0.0345575,0.127286,0.716219,0.000131251,0.00348575,14
13.9786,-0.094741,0.0551816,0.0345575,0.140027,0.785175,0.000134807,0.0034856,14
13.9821,-0.0945193,0.048459,0.0345575,0.165716,0.84709,0.000134667,0.0034836,14
13.9856,-0.0943715,0.0518203,0.0345575,0.181259,0.904079,0.000145747,0.00348677,14
13.9891,-0.0941498,0.0619043,0.0345575,0.200081,0.988976,0.000124889,0.00348577,14
13.9926,-0.0939281,0.0647054,0.0345575,0.22297,1.06727,0.000139666,0.00348487,13
13.9961,-0.0937064,0.0697474,0.0345575,0.227143,1.09384,0.000213902,0.0034862,13
13.9996,-0.0934108,0.0781507,0.0345575,0.226184,1.11361,0.000227747,0.0034817,13
14.0031,-0.0931152,0.0809518,0.0376991,0.207453,1.10214,0.000269244,0.00348215,13
14.0066,-0.0928196,0.094397,0.0376991,0.19467,1.09874,0.000321189,0.00348185,13
14.0101,-0.092524,0.0988788,0.0376991,0.187994,1.09062,0.000344502,0.00347117,13
14.0136,-0.0920067,0.161063,0.0376991,0.188367,1.25614,0.000400073,0.00348268,13
14.0171,-0.0917111,0.112324,0.0376991,0.173163,1.08207,0.000422965,0.00348261,13
14.0206,-0.0913416,0.115125,0.0376991,0.156126,1.0378,0.000471575,0.00348249,13
14.0241,-0.0908982,0.120167,0.0376991,0.138196,0.996839,0.000520264,0.00348262,10
14.0276,-0.0904548,0.130251,0.0376991,0.120944,0.971195,0.000622642,0.00348282,10
14.0311,-0.0900114,0.131932,0.0376991,0.106568,0.932344,0.000603957,0.00348299,10
14.0346,-0.0894941,0.143136,0.0376991,0.0978936,0.936205,0.000628492,0.00348131,10
14.0381,-0.0890507,0.141455,0.0376991,0.0983742,0.934258,0.000689384,0.00348252,10
14.0416,-0.0885334,0.148178,0.0376991,0.0877409,0.920326,0.000712857,0.00348353,10
14.0451,-0.0880161,0.150979,0.0376991,0.0819332,0.910953,0.00015282,0.00348266,7
14.0486,-0.0875726,0.154341,0.0376991,0.083934,0.92692,0.000120471,0.00348558,14
14.0521,-0.0869814,0.159383,0.0376991,0.072846,0.907341,0.0001305,0.00348555,14
14.0556,-0.0863902,0.162744,0.0376991,0.0638237,0.889709,0.00011993,0.00348609,14
14.0591,-0.085799,0.172268,0.0376991,0.0589081,0.900892,0.000129036,0.00348579,14
14.0626,-0.0852078,0.175629,0.0376991,0.0604542,0.915789,0.000119379,0.00348624,14
14.0661,-0.0845427,0.185713,0.0376991,0.0467795,0.901647,0.000121673,0.00348621,14
14.0696,-0.0839515,0.188514,0.0376991,0.032097,0.865123,0.000127253,0.00348743,14
14.0731,-0.0832864,0.190195,0.0376991,0.0173483,0.825618,0.000126793,0.00348635,14
14.0766,-0.0825474,0.195237,0.0376991,0.00363255,0.79828,0.000122835,0.00348585,14
14.0801,-0.0818823,0.20364,0.0376991,-0.00779426,0.786645,0.000122985,0.00348624,14
14.0836,-0.0811433,0.20476,0.0376991,-0.0155194,0.767452,0.000123196,0.00348537,14
14.0871,-0.0804043,0.206441,0.0376991,-0.0179728,0.765955,0.000121082,0.00348622,14
14.0906,-0.0797391,0.209802,0.0345575,-0,0.793399,0.000127795,0.00348493,14
14.0941,-0.0789262,0.209802,0.0345575,0.0179728,0.850525,0.000127755,0.00348569,14
14.0976,-0.0781872,0.222687,0.0345575,0.0155194,0.878438,0.000145788,0.00348696,14
14.1011,-0.0774482,0.219886,0.0345575,0.00779426,0.848951,0.000143554,0.00348609,14
14.1046,-0.0766353,0.227729,0.0345575,-0.00363263,0.836175,0.000122975,0.00347195,14
14.1081,-0.0758224,0.232771,0.0345575,-0.0173483,0.809001,0.000138985,0.00348233,14
14.1116,-0.0750095,0.22941,0.0345575,-0.032097,0.75659,0.000121553,0.00348635,14
14.1151,-0.0741966,0.237813,0.0345575,-0.0467796,0.735263,0.000123606,0.0034858,14
14.1186,-0.0733837,0.240614,0.0314159,-0.0470265,0.705487,0.00012015,0.00348635,14
14.1221,-0.0725707,0.242295,0.0314159,-0.054363,0.689124,0.000123746,0.00348577,14
14.1256,-0.0716839,0.242295,0.0314159,-0.0662771,0.654425,0.00012545,0.00348745,14
14.1291,-0.0707971,0.249018,0.0282743,-0.0671432,0.633201,0.000119649,0.00348601,14
14.1326,-0.0699103,0.25574,0.0282743,-0.0773879,0.621286,0.000124007,0.00348626,14
14.1361,-0.0690235,0.25574,0.0282743,-0.0935571,0.57349,0.000120792,0.00348633,14
14.1396,-0.0681367,0.25574,0.0282743,-0.112668,0.51664,0.000120251,0.0034862,14
14.1431,-0.0672499,0.258541,0.0282743,-0.132209,0.46582,0.000122765,0.00348629,14
14.1466,-0.0663631,0.261903,0.0251327,-0.136711,0.424582,0.000122725,0.0034863,14
14.1501,-0.0654024,0.180671,0.0251327,-0.146914,0.182085,0.000122144,0.00348591,13
14.1536,-0.0645155,0.258541,0.0251327,-0.159836,0.348687,0.000176133,0.00348712,13
14.1571,-0.0636287,0.250698,0.0251327,-0.173122,0.289179,0.000273721,0.00348541,13
14.1606,-0.0627419,0.245656,0.0251327,-0.185045,0.241218,0.000274494,0.00348131,13
14.1641,-0.0618551,0.243976,0.0251327,-0.194505,0.209659,0.000306722,0.00348203,13
14.1676,-0.0609683,0.243976,0.0251327,-0.201033,0.191539,0.000335144,0.00348221,13
14.1711,-0.0600815,0.243976,0.0251327,-0.204785,0.181963,0.000369527,0.00348197,13
14.1746,-0.0592686,0.243976,0.0251327,-0.206545,0.178351,0.000401476,0.00347946,13
14.1781,-0.0583818,0.243976,0.0251327,-0.207727,0.176684,0.000443162,0.00348116,13
14.1816,-0.0575689,0.237813,0.0219912,-0.196945,0.157327,0.000496611,0.0034834,13
14.1851,-0.0567559,0.236133,0.0219912,-0.174825,0.222805,0.000545701,0.0034666,10
14.1886,-0.0558691,0.237813,0.0219912,-0.154011,0.293251,0.000612553,0.0034823,10
14.1921,-0.0550562,0.231091,0.0219912,-0.134346,0.337939,0.000604719,0.00348132,10
14.1956,-0.0542433,0.22941,0.0219912,-0.116301,0.390876,0.000625627,0.00348259,10
14.1991,-0.0534304,0.227729,0.0219912,-0.100974,0.435446,0.000665389,0.00348048,10
14.2026,-0.0526914,0.221567,0.0219912,-0.0900925,0.454404,0.000695845,0.00348282,10
14.2061,-0.0518785,0.232771,0.0219912,-0.0860117,0.498182,0.000724138,0.00348195,10
14.2096,-0.0510656,0.22941,0.0219912,-0.0917143,0.473614,0.000126772,0.00348402,7
14.2131,-0.0504005,0.226049,0.0219912,-0.0864599,0.482442,0.000120651,0.00348519,14
14.2166,-0.0495876,0.227729,0.0219912,-0.0857171,0.490947,0.000123426,0.00348588,14
14.2201,-0.0488485,0.227729,0.0219912,-0.0919979,0.473258,0.000124007,0.00348558,14
14.2236,-0.0480356,0.231091,0.0219912,-0.0839339,0.508708,0.000121994,0.00348565,14
14.2271,-0.0472227,0.231091,0.0219912,-0.0762087,0.534292,0.000122445,0.00348586,14
14.2306,-0.0464098,0.224368,0.0219912,-0.0703924,0.536355,0.000120742,0.00348621,14
14.2341,-0.0455969,0.226049,0.0219912,-0.0683688,0.548802,0.000122404,0.00348607,14
14.2376,-0.0448579,0.232771,0.0219912,-0.0723358,0.555881,0.000146638,0.00348751,14
14.2411,-0.044045,0.22941,0.0219912,-0.060454,0.585436,0.000118347,0.00348575,14
14.2446,-0.0432321,0.22941,0.0219912,-0.0467796,0.629332,0.000121072,0.00348556,14
14.2481,-0.0424192,0.232771,0.0219912,-0.0320969,0.685154,0.000121853,0.00348578,14
14.2516,-0.0416062,0.236133,0.0219912,-0.0173483,0.741178,0.000119739,0.00348666,14
14.2551,-0.0407933,0.22941,0.0219912,-0.00363258,0.767555,0.000121552,0.00348598,14
14.2586,-0.0399804,0.237813,0.0219912,0.00779425,0.82659,0.000118437,0.00348658,14
14.2621,-0.0390197,0.33025,0.0219912,0.0155194,1.09514,0.00013601,0.0034861,14
14.2656,-0.0382807,0.242295,0.0219912,0.0179729,0.873462,0.000128144,0.0034873,14
14.2691,-0.0374678,0.242295,0.0219912,0.0134277,0.861279,0.000122525,0.00348469,14
14.2726,-0.036581,0.245656,0.0219912,-0,0.830745,0.0001528,0.00348596,14
14.2761,-0.0356942,0.258541,0.0219912,-0,0.866538,0.000126542,0.0034859,14
14.2796,-0.0348074,0.260222,0.0219912,-0,0.872921,0.000137182,0.00348617,14
14.2831,-0.0338466,0.263583,0.0219912,-0,0.88388,0.00012578,0.0034862,14
14.2866,-0.0328859,0.266945,0.0219912,-0,0.894838,0.000138234,0.00348611,14
14.2901,-0.0319991,0.271987,0.0219912,-0,0.910044,0.000125891,0.00347696,14
14.2936,-0.0309645,0.27983,0.0219912,-0,0.932932,0.000140899,0.00348704,14
14.2971,-0.0300038,0.28151,0.0219912,-0,0.939479,0.000127484,0.00348526,14
14.3006,-0.0290431,0.284872,0.0219912,-0,0.950438,0.000133034,0.00348648,14
14.3041,-0.0280085,0.294396,0.0219912,-0,0.977736,0.00014176,0.00348484,14
14.3076,-0.0269739,0.299437,0.0219912,-0,0.993271,0.000133345,0.00348632,14
14.3111,-0.0259392,0.302799,0.0219912,-0,1.00439,0.000126241,0.00348584,14
14.3146,-0.0248307,0.310642,0.0219912,-0,1.02745,0.000136701,0.00348593,14
14.3181,-0.0237222,0.315684,0.0188496,0.0134278,1.0463,0.000122805,0.00348535,14
14.3216,-0.0226137,0.320726,0.0188496,0.0179729,1.07599,0.000151638,0.00348744,14
14.3251,-0.0214313,0.333611,0.0188496,0.0155195,1.10488,0.000124709,0.00348545,14
14.3286,-0.0203228,0.340334,0.0188496,0.00779435,1.10122,0.000196731,0.00348617,13
14.3321,-0.0190665,0.343695,0.015708,0.00979514,1.08082,0.000221446,0.00348538,13
14.3356,-0.0178101,0.349857,0.015708,0.000624575,1.07156,0.000231374,0.00348219,13
14.3391,-0.0165538,0.359941,0.015708,-0.0165775,1.04787,0.000267049,0.00348067,13
14.3426,-0.0152975,0.366104,0.015708,-0.0389852,0.997874,0.000267691,0.00348257,13
14.3461,-0.0139673,0.376188,0.0125664,-0.050659,0.953194,0.000314436,0.00348221,13
14.3496,-0.0126371,0.413722,0.0125664,-0.0717112,0.98988,0.000357044,0.00348404,13
14.3531,-0.0113068,0.387392,0.0125664,-0.098374,0.841656,0.000374206,0.0034828,13
14.3566,-0.00990273,0.387392,0.0125664,-0.12735,0.755591,0.000411324,0.00348282,13
14.3601,-0.00857251,0.394115,0.0125664,-0.155815,0.688584,0.000431641,0.00346678,13
14.3636,-0.00709449,0.403638,0.00942478,-0.167984,0.641235,0.000487623,0.00348239,13
14.3671,-0.00569037,0.403638,0.00942478,-0.184286,0.594183,0.000516597,0.00348255,10
14.3706,-0.00428626,0.405319,0.00942478,-0.201422,0.548973,0.000594711,0.00348287,10
14.3741,-0.00280824,0.413722,0.00628319,-0.203296,0.530371,0.000587057,0.00348256,10
14.3776,-0.00140412,0.410361,0.00628319,-0.210178,0.503488,0.000613685,0.00348385,10
14.3811,7.39014e-05,0.412042,0.00314159,-0.205342,0.487891,0.000669347,0.0034827,10
14.3846,0.00155192,0.418204,0.00314159,-0.208589,0.497361,0.000706605,0.00348209,10
14.3881,0.00295604,0.415403,0.00314159,-0.216305,0.46938,0.000118818,0.00348258,7
14.3916,0.00421236,0.416523,-0,-0.212395,0.44897,0.000606732,0.00348561,15
14.3951,0.00583818,0.424927,-0,-0.217443,0.459106,0.000499345,0.00348189,9
14.3986,0.0073162,0.419885,-0,-0.228779,0.414266,0.000402328,0.00348278,9
14.4021,0.00872032,0.423246,-0.00314159,-0.231406,0.379949,0.000362234,0.00348282,9
14.4056,0.0101983,0.415403,-0.00314159,-0.247162,0.31415,0.000370108,0.00348391,9
14.4091,0.0116764,0.421565,-0.00314159,-0.274793,0.248567,0.000363256,0.0034805,9
14.4126,0.0131544,0.421565,-0.00314159,-0.289946,0.205212,0.000356113,0.00348268,9
14.4161,0.0146324,0.361622,-0.00628319,-0.291681,0.00763551,0.000364669,0.00348264,9
14.4196,0.0160365,0.416523,-0.00628319,-0.302464,0.121681,0.000360361,0.00348288,9
14.4231,0.0175145,0.413722,-0.00942478,-0.308239,0.0616618,0.000389253,0.00348302,9
14.4266,0.0189186,0.401958,-0.00942478,-0.307594,0.0358878,0.000388902,0.00348279,9
14.4301,0.0203228,0.395795,-0.00942478,-0.311758,0.0100167,0.000408579,0.00347761,9
14.4336,0.0217269,0.392434,-0.0125664,-0.306362,-0.0172527,0.000409852,0.00348343,9
14.4371,0.0230571,0.390753,-0.0125664,-0.314029,-0.0423078,0.00039801,0.00348258,9
14.4406,0.0244612,0.387392,-0.0125664,-0.310096,-0.0359029,0.000405533,0.00348294,9
14.4441,0.0257914,0.376188,-0.0125664,-0.30689,-0.052489,0.000401216,0.00348293,9
14.4476,0.0270478,0.372826,-0.0125664,-0.304569,-0.0513748,0.000414009,0.00348286,9
14.4511,0.028378,0.369465,-0.0125664,-0.304545,-0.0571674,0.000406996,0.00348299,9
14.4546,0.0296343,0.364423,-0.015708,-0.296059,-0.0796692,0.000430099,0.00348258,9
14.4581,0.0309645,0.358261,-0.015708,-0.280997,-0.046527,0.000416954,0.00348292,9
14.4616,0.0322208,0.354899,-0.015708,-0.273884,-0.0306632,0.000418928,0.00348413,9
14.4651,0.0334032,0.348177,-0.015708,-0.277074,-0.0555016,0.000422745,0.00348273,9
14.4686,0.0345857,0.346496,-0.015708,-0.269829,-0.0349839,0.00040327,0.003483,9
14.4721,0.035842,0.338653,-0.015708,-0.268243,-0.0478995,0.000405233,0.00348255,9
14.4756,0.0370244,0.335292,-0.015708,-0.251735,-0.00328412,0.000422354,0.00348241,9
14.4791,0.0381329,0.33193,-0.015708,-0.236401,0.0375545,0.000638951,0.00344395,9
14.4826,0.0393892,0.327448,-0.015708,-0.225851,0.0610548,0.000326258,0.00346016,9
14.4861,0.0403499,0.317364,-0.015708,-0.200287,0.115404,0.000346846,0.00348578,9
14.4896,0.0414584,0.312323,-0.0188496,-0.163006,0.181203,0.000377252,0.00348733,9
14.4931,0.042567,0.304479,-0.0188496,-0.140401,0.232659,0.00039263,0.00348606,9
14.4966,0.0436016,0.302799,-0.0188496,-0.111101,0.320727,0.000380878,0.00348315,9
14.5001,0.0446362,0.299437,-0.0188496,-0.0902636,0.37834,0.000396687,0.00348351,9
14.5036,0.0456708,0.291594,-0.0188496,-0.0803992,0.390414,0.00037109,0.00348222,9
14.5071,0.0467054,0.291594,-0.0188496,-0.0848046,0.379155,0.000353798,0.00348386,9
14.5106,0.0476661,0.288233,-0.0188496,-0.0832108,0.377373,0.000344532,0.00348326,9
14.5141,0.0487007,0.288233,-0.0188496,-0.0917143,0.3535,0.000361983,0.00348379,9
14.5176,0.0496615,0.286552,-0.0188496,-0.0892609,0.358775,0.000354761,0.00348484,9
14.5211,0.0506961,0.284872,-0.0188496,-0.0910051,0.351295,0.000335304,0.00348385,9
14.5246,0.0517307,0.286552,-0.0188496,-0.0991449,0.332953,0.000335385,0.0034836,9
14.5281,0.0526914,0.289914,-0.0188496,-0.0919979,0.365909,0.00031646,0.00348384,9
14.5316,0.0536521,0.283191,-0.0188496,-0.0839339,0.375219,0.000343169,0.00348384,9
14.5351,0.0546867,0.28151,-0.0188496,-0.0762088,0.396884,0.000294881,0.00347464,9
14.5386,0.0556474,0.27983,-0.015708,-0.0838201,0.409357,0.000303306,0.00348371,9
14.5421,0.0566081,0.271987,-0.015708,-0.0863417,0.383144,0.000309117,0.0034839,9
14.5456,0.0575689,0.273667,-0.015708,-0.0878552,0.385033,0.000317061,0.00348497,9
14.5491,0.0585296,0.271987,-0.015708,-0.0682484,0.443105,0.000303747,0.00348392,9
14.5526,0.0594903,0.276468,-0.015708,-0.0431469,0.534264,0.000298317,0.00348372,9
14.5561,0.060451,0.273667,-0.015708,-0.0147486,0.616454,0.000312052,0.00348269,9
14.5596,0.0614117,0.274788,-0.015708,0.0147486,0.712321,0.00028923,0.0034837,9
14.5631,0.0623724,0.278149,-0.015708,0.043147,0.810686,0.000281576,0.00348389,9
14.5666,0.0633331,0.273667,-0.015708,0.0682484,0.878318,0.000276286,0.00348346,9
14.5701,0.0642938,0.273667,-0.015708,0.0878552,0.940801,0.000280815,0.00348365,9
14.5736,0.0652546,0.278149,-0.015708,0.0997693,0.991371,0.00027826,0.00348423,9
14.5771,0.0662892,0.289914,-0.015708,0.101793,1.03078,0.000271999,0.00348394,9
14.5806,0.0673238,0.328569,-0.015708,0.0917281,1.10357,0.000270656,0.00348376,9
14.5841,0.0682845,0.292715,-0.015708,0.0917281,1.01159,0.000263113,0.00348375,9
14.5876,0.0693191,0.297757,-0.015708,0.0883652,1.01677,0.000260027,0.00348367,9
14.5911,0.0704276,0.307841,-0.015708,0.0817964,1.02549,0.000257562,0.0034838,9
14.5946,0.0714622,0.30616,-0.015708,0.0723357,0.994259,0.000242104,0.00346865,9
14.5981,0.0725708,0.312323,-0.015708,0.0604542,0.976329,0.000237716,0.00348352,9
14.6016,0.0736793,0.319045,-0.015708,0.0467795,0.95435,0.000237745,0.00348461,9
14.6051,0.0747878,0.324087,-0.015708,0.032097,0.924858,0.000231284,0.00348389,9
14.6086,0.0759702,0.33193,-0.015708,0.0173484,0.902678,0.000217779,0.00346813,9
14.6121,0.0771526,0.335292,-0.015708,0.00363258,0.871914,0.000235352,0.00348476,9
14.6156,0.0782611,0.336972,-0.015708,-0.00779429,0.843619,0.000296804,0.00348311,9
14.6191,0.0795174,0.343695,-0.015708,-0.0155194,0.840281,0.000200007,0.00348527,9
14.6226,0.0806999,0.351538,-0.0188496,-0.00454518,0.859098,0.000220314,0.00348426,9
14.6261,0.0818823,0.35658,-0.0188496,0.00454514,0.90294,0.000212319,0.0034864,9
14.6296,0.0831386,0.353219,-0.0188496,0.0155194,0.930688,0.000209774,0.00348598,9
14.6331,0.0843949,0.361622,-0.0219912,0.0212219,0.934914,0.000210305,0.00348633,9
14.6366,0.0857251,0.372826,-0.0219912,0.0143402,0.9461,0.00022931,0.00348448,9
14.6401,0.0870553,0.374507,-0.0219912,-0.00182901,0.903701,0.000226355,0.00348476,9
14.6436,0.0883117,0.379549,-0.0219912,-0.0243028,0.850557,0.000236323,0.00348483,9
14.6471,0.0897158,0.38235,-0.0251327,-0.0369846,0.783821,0.000265367,0.00348635,9
14.6506,0.091046,0.389073,-0.0251327,-0.0598297,0.73411,0.000271829,0.00348511,9
14.6541,0.0924501,0.400277,-0.0251327,-0.0889134,0.677125,0.000270335,0.00348636,9
14.6576,0.0939281,0.480388,-0.0251327,-0.120782,0.792608,0.000291585,0.00348617,9
14.6611,0.0952584,0.403638,-0.0251327,-0.152452,0.496625,0.000281045,0.0034858,9
14.6646,0.0966625,0.403638,-0.0282743,-0.167985,0.413762,0.000330256,0.0034839,9
14.6681,0.0980666,0.401958,-0.0282743,-0.187649,0.351947,0.000328642,0.0034864,9
14.6716,0.0994707,0.405319,-0.0282743,-0.207991,0.301281,0.000357125,0.00348541,9
14.6751,0.100875,0.397476,-0.0282743,-0.226184,0.227816,0.000342879,0.00348606,9
14.6786,0.102279,0.397476,-0.0314159,-0.226605,0.191468,0.000383734,0.00348448,9
14.6821,0.103683,0.400277,-0.0314159,-0.229991,0.191518,0.000381048,0.00348623,9
14.6856,0.105087,0.403638,-0.0345575,-0.220091,0.195758,0.000412977,0.00348496,9
14.6891,0.106491,0.390753,-0.0345575,-0.217173,0.174038,0.000401727,0.00348469,9
14.6926,0.107822,0.390753,-0.0376991,-0.20467,0.177302,0.000446328,0.00348356,9
14.6961,0.109226,0.390753,-0.0376991,-0.202694,0.186504,0.000435288,0.00348595,9
14.6996,0.110556,0.389073,-0.0376991,-0.208106,0.168394,0.000453622,0.00348142,9
14.7031,0.11196,0.387392,-0.0376991,-0.218864,0.133993,0.000465874,0.00348655,9
14.7066,0.11329,0.384031,-0.0376991,-0.234026,0.0814588,0.000555779,0.00348457,9
14.7101,0.114694,0.38235,-0.0408407,-0.240322,0.0226138,0.000502591,0.00347728,9
14.7136,0.115951,0.38235,-0.0408407,-0.261318,-0.0392167,0.000557923,0.00348579,9
14.7171,0.117281,0.371146,-0.0408407,-0.273133,-0.102038,0.00052917,0.00348614,9
14.7206,0.118611,0.367784,-0.0408407,-0.288725,-0.155894,0.000554486,0.00348521,9
14.7241,0.119867,0.359941,-0.0408407,-0.308722,-0.235236,0.000558354,0.00348656,9
14.7276,0.121124,0.35658,-0.0408407,-0.310498,-0.246735,0.000568382,0.00348456,9
14.7311,0.12238,0.346496,-0.0408407,-0.308111,-0.263064,0.00057827,0.00348622,9
14.7346,0.123562,0.340334,-0.0439823,-0.289702,-0.258126,0.000608566,0.00348379,9
14.7381,0.124745,0.327448,-0.0439823,-0.280093,-0.259744,0.000604488,0.00348626,9
14.7416,0.125853,0.320726,-0.0439823,-0.256503,-0.202318,0.000624365,0.0034851,9
14.7451,0.126962,0.30616,-0.0471239,-0.219403,-0.162074,0.000106515,0.00348609,6
14.7486,0.127849,0.301118,-0.0471239,-0.192516,-0.0905832,0.00012553,0.00348528,12
14.7521,0.128883,0.296076,-0.0471239,-0.176313,-0.0516477,0.00011503,0.00348663,12
14.7556,0.129918,0.291594,-0.0471239,-0.172364,-0.0489583,0.000128846,0.00348414,12
14.7591,0.130953,0.28151,-0.0471239,-0.158988,-0.0319556,0.0001143,0.00348661,12
14.7626,0.131913,0.274788,-0.0471239,-0.15118,-0.0234358,0.000122515,0.00348529,12
14.7661,0.132874,0.271987,-0.0471239,-0.151454,-0.0294958,0.000115291,0.00348661,12
14.7696,0.133835,0.270306,-0.0471239,-0.163263,-0.0681185,0.00017431,0.00348287,12
14.7731,0.134795,0.266945,-0.0471239,-0.166652,-0.0852372,0.00012541,0.00348329,12
14.7766,0.135682,0.258541,-0.0471239,-0.178188,-0.140831,0.000129097,0.00348499,12
14.7801,0.136569,0.25406,-0.0471239,-0.177445,-0.148337,0.000122635,0.00348525,12
14.7836,0.137456,0.252379,-0.0471239,-0.180363,-0.159759,0.000124268,0.00348469,12
14.7871,0.138269,0.242295,-0.0471239,-0.16573,-0.139383,0.000139075,0.00348669,12
14.7906,0.139156,0.240614,-0.0471239,-0.148545,-0.0889269,0.00012538,0.00348353,12
14.7941,0.139968,0.226049,-0.0471239,-0.130847,-0.0708809,0.000116664,0.00348641,12
14.7976,0.140707,0.224368,-0.0471239,-0.115148,-0.0253327,0.000157498,0.00348567,12
14.8011,0.14152,0.209802,-0.0471239,-0.104433,-0.0287775,0.000145567,0.00348561,12
14.8046,0.142259,0.209802,-0.0471239,-0.0778027,0.0548302,0.000124529,0.00348498,12
14.8081,0.142924,0.20364,-0.0471239,-0.0504122,0.124438,0.000162979,0.00348653,12
14.8116,0.143663,0.193556,-0.0471239,-0.0243027,0.179973,0.000120281,0.0034856,12
14.8151,0.144329,0.190195,-0.0439823,-0.0152566,0.238648,0.000153512,0.0034844,12
14.8186,0.144994,0.186833,-0.0439823,-0.00363268,0.267081,0.0001199,0.00348385,12
14.8221,0.145585,0.180671,-0.0439823,0.00570248,0.280952,0.000144454,0.00348587,12
14.8256,0.14625,0.184032,-0.0439823,0.00772512,0.297479,0.000140518,0.00348579,12
14.8291,0.146989,0.236133,-0.0439823,0.0216053,0.478603,0.000119659,0.00348546,12
14.8326,0.147506,0.172268,-0.0408407,0.0173484,0.337186,0.000122935,0.00348575,12
14.8361,0.148098,0.173948,-0.0408407,0.0141241,0.332988,0.000120411,0.00348557,12
14.8396,0.148763,0.172268,-0.0408407,0.0312602,0.382798,0.000122915,0.00348511,12
14.8431,0.149354,0.172268,-0.0408407,0.0526599,0.449978,0.000144615,0.00348561,12
14.8466,0.149945,0.175629,-0.0408407,0.0759684,0.531857,0.000124128,0.00348223,12
14.8501,0.150536,0.172268,-0.0408407,0.0991448,0.595683,0.000126382,0.00348482,12
14.8536,0.151127,0.168906,-0.0376991,0.107035,0.650634,0.000136249,0.00348645,12
14.8571,0.151793,0.17731,-0.0376991,0.120535,0.715723,0.000119249,0.00348543,12
14.8606,0.152384,0.17731,-0.0376991,0.136663,0.766678,0.000131962,0.00348224,12
14.8641,0.152975,0.182352,-0.0376991,0.152907,0.831224,0.000120732,0.00348554,12
14.8676,0.15364,0.180671,-0.0376991,0.167226,0.872362,0.000124348,0.00348562,12
14.8711,0.154305,0.188514,-0.0376991,0.17805,0.927743,0.000123576,0.00348533,12
14.8746,0.15497,0.188514,-0.0376991,0.184279,0.948397,0.000121163,0.00348546,12
14.8781,0.155635,0.195237,-0.0376991,0.185287,0.970623,0.000173538,0.00348577,12
14.8816,0.156301,0.200279,-0.0376991,0.180916,0.971883,0.000139837,0.00348661,12
14.8851,0.15704,0.206441,-0.0345575,0.158053,0.957507,0.000198864,0.00346348,12
14.8886,0.157779,0.214844,-0.0345575,0.139792,0.925002,0.000122124,0.00348364,12
14.8921,0.158518,0.218206,-0.0345575,0.125505,0.891495,0.000116784,0.00348685,12
14.8956,0.159257,0.222687,-0.0345575,0.115194,0.873165,0.000119829,0.00348349,12
14.8991,0.160069,0.221567,-0.0345575,0.109485,0.854458,0.000145457,0.00348696,12
14.9026,0.160882,0.226049,-0.0345575,0.109634,0.868489,0.000113569,0.003487,12
14.9061,0.161695,0.239494,-0.0345575,0.117526,0.929879,0.000115802,0.00348691,12
14.9096,0.162508,0.239494,-0.0345575,0.111321,0.912588,0.000121683,0.00348812,12
14.9131,0.163395,0.245656,-0.0345575,0.105389,0.912477,0.000111695,0.00348151,12
14.9166,0.164208,0.249018,-0.0345575,0.101142,0.910037,0.000114269,0.00348694,12
14.9201,0.165095,0.258541,-0.0376991,0.113893,0.938077,0.000118196,0.00348703,12
14.9236,0.166055,0.256861,-0.0376991,0.123686,0.965943,0.000113898,0.00348698,12
14.9271,0.166942,0.266945,-0.0376991,0.11088,0.954967,0.000113108,0.00348733,12
14.9306,0.167903,0.273667,-0.0376991,0.0917281,0.915801,0.000114289,0.00348684,12
14.9341,0.168864,0.284872,-0.0376991,0.0692132,0.878049,0.000113147,0.00348727,12
14.9376,0.169824,0.283191,-0.0376991,0.0464752,0.805787,0.000215054,0.00348825,12
14.9411,0.170859,0.288233,-0.0376991,0.0268111,0.760798,0.000390766,0.00344282,12
14.9446,0.171968,0.291594,-0.0376991,0.0136746,0.731652,0.000395345,0.00345155,12
14.9481,0.173002,0.288233,-0.0376991,-0.0136747,0.640951,0.000407537,0.00345717,12
14.9516,0.174037,0.292715,-0.0376991,-0.0402389,0.573253,0.000359128,0.00345797,12
14.9551,0.175071,0.296076,-0.0376991,-0.0644482,0.509862,0.000120821,0.00348591,12
14.9586,0.175958,0.294396,-0.0408407,-0.071305,0.448141,0.000147531,0.00348634,12
14.9621,0.176993,0.297757,-0.0408407,-0.0815497,0.427732,0.000118517,0.0034862,12
14.9656,0.178027,0.296076,-0.0408407,-0.0917281,0.394292,0.000164021,0.00348634,12
14.9691,0.179062,0.292715,-0.0408407,-0.0985438,0.366791,0.000117605,0.00348327,12
14.9726,0.180097,0.292715,-0.0408407,-0.0988568,0.368127,0.000122044,0.00348627,12
14.9761,0.181131,0.288233,-0.0439823,-0.0762565,0.390048,0.000397469,0.00345774,12
14.9796,0.18224,0.294396,-0.0439823,-0.0745783,0.413853,0.000121773,0.00348599,12
14.9831,0.183127,0.296076,-0.0471239,-0.064612,0.412735,0.000123316,0.00348597,12
14.9866,0.184161,0.291594,-0.0471239,-0.066784,0.396586,0.000136701,0.00348654,12
14.9901,0.185196,0.294396,-0.0471239,-0.0777972,0.37234,0.000128466,0.00348443,12
14.9936,0.18623,0.286552,-0.0471239,-0.094983,0.301157,0.000143122,0.00348705,12
14.9971,0.187265,0.296076,-0.0502655,-0.102873,0.265995,0.000126662,0.00348565,12
15.0006,0.1883,0.288233,-0.0502655,-0.122364,0.187716,0.000118397,0.00348643,12
15.0041,0.18926,0.292715,-0.0502655,-0.150787,0.114133,0.00014139,0.00348493,12
15.0076,0.190295,0.288233,-0.0502655,-0.186259,-0.00450959,0.000118578,0.00348652,12
15.0111,0.19133,0.288233,-0.0502655,-0.22768,-0.1297,0.000120481,0.00348596,12
15.0146,0.19229,0.28151,-0.0502655,-0.250385,-0.215096,0.000148091,0.0034852,12
15.0181,0.193251,0.27983,-0.0534071,-0.252648,-0.262513,0.000121773,0.00348572,12
15.0216,0.194212,0.271987,-0.0534071,-0.25568,-0.290296,0.000133725,0.00348767,12
15.0251,0.195172,0.260222,-0.0534071,-0.257125,-0.323491,0.000384675,0.0034571,12
15.0286,0.196133,0.258541,-0.0534071,-0.255415,-0.320501,0.000124388,0.00348512,12
15.0321,0.196946,0.25406,-0.0534071,-0.249763,-0.313063,0.000128435,0.00348623,12
15.0356,0.197759,0.242295,-0.0534071,-0.24017,-0.312611,0.000127083,0.00348417,12
15.0391,0.198572,0.234452,-0.0565487,-0.213993,-0.288999,0.000129097,0.00348504,12
15.0426,0.199385,0.22941,-0.0565487,-0.195113,-0.242316,0.000374126,0.00345644,12
15.0461,0.200198,0.105601,-0.0565487,-0.184,-0.531291,0.000386959,0.00345549,12
15.0496,0.200937,0.196917,-0.0565487,-0.182067,-0.284003,0.000373094,0.0034268,12
15.0531,0.201602,0.191875,-0.0565487,-0.167319,-0.250364,0.000348239,0.00345784,12
15.0566,0.202267,0.17899,-0.0565487,-0.154281,-0.242578,0.000368005,0.0034152,12
15.0601,0.202858,0.175629,-0.0565487,-0.144837,-0.221022,0.000372863,0.00345878,12
15.0636,0.203449,0.170587,-0.0565487,-0.141658,-0.223155,0.000118558,0.00347739,12
15.0671,0.203967,0.156021,-0.0565487,-0.148195,-0.28036,0.000117145,0.00348629,12
15.0706,0.204484,0.154341,-0.0565487,-0.144337,-0.271748,0.000139485,0.00348651,12
15.0741,0.205001,0.144817,-0.0565487,-0.146338,-0.301755,0.00012017,0.00348619,12
15.0776,0.205519,0.133052,-0.0565487,-0.1333,-0.291356,0.000125541,0.00348757,12
15.0811,0.205962,0.133052,-0.0565487,-0.120535,-0.251081,0.00012017,0.00348491,12
15.0846,0.206405,0.116806,-0.0534071,-0.123825,-0.264692,0.000119058,0.00348624,12
15.0881,0.206775,0.110643,-0.0534071,-0.123686,-0.279619,0.000118347,0.00348656,12
15.0916,0.207144,0.0988788,-0.0534071,-0.100948,-0.239694,0.000119759,0.0034855,12
15.0951,0.207514,0.0960777,-0.0534071,-0.0723356,-0.158158,0.000121963,0.00348411,12
15.0986,0.20781,0.0859937,-0.0534071,-0.0413021,-0.0884523,0.000119229,0.00348639,12
15.1021,0.208105,0.0747893,-0.0534071,-0.0114584,-0.0253497,0.000118247,0.00348622,12
15.1056,0.208327,0.071428,-0.0502655,-0,0.0397638,0.000165553,0.0034856,12
15.1091,0.208549,0.071428,-0.0502655,0.0114584,0.0755245,0.000149834,0.00347391,12
15.1126,0.20877,0.058543,-0.0502655,0.0413022,0.134051,0.000128626,0.0034849,12
15.1161,0.208992,0.0568623,-0.0502655,0.0723359,0.225651,0.000361412,0.00345663,12
15.1196,0.209214,0.0568623,-0.0502655,0.100948,0.314211,0.000352436,0.00345899,12
15.1231,0.209361,0.0551816,-0.0502655,0.123687,0.380113,0.000120911,0.00348619,12
15.1266,0.209583,0.0450977,-0.0471239,0.123825,0.392739,0.000142241,0.00348642,12
15.1301,0.209731,0.048459,-0.0471239,0.120535,0.391763,0.000120831,0.00348638,12
15.1336,0.209879,0.0518203,-0.0471239,0.1333,0.440205,0.000130058,0.00348756,12
15.1371,0.2101,0.048459,-0.0439823,0.13291,0.468851,0.000117736,0.00348566,12
15.1406,0.210248,0.0467784,-0.0439823,0.139792,0.48595,0.000118227,0.00348665,12
15.1441,0.21047,0.0568623,-0.0408407,0.13722,0.543174,0.000122965,0.00348494,12
15.1476,0.210618,0.053501,-0.0408407,0.144837,0.558123,0.000117836,0.0034865,12
15.1511,0.210839,0.0501397,-0.0408407,0.158718,0.592515,0.000151137,0.0034788,12
15.1546,0.210987,0.0518203,-0.0408407,0.175722,0.649591,0.000119629,0.00348618,12
15.1581,0.211209,0.0551816,-0.0376991,0.180067,0.710457,0.000121673,0.00348533,12
15.1616,0.211431,0.058543,-0.0376991,0.192493,0.75802,0.000134677,0.0034877,12
15.1651,0.211578,0.0568623,-0.0376991,0.210332,0.808843,0.000119349,0.00348447,12
15.1686,0.2118,0.0602236,-0.0376991,0.231856,0.884409,0.000117966,0.00348644,12
15.1721,0.212022,0.0647054,-0.0376991,0.256281,0.971843,0.000121272,0.00348578,12
15.1756,0.212244,0.066386,-0.0376991,0.283763,1.06133,0.000124588,0.00348323,12
15.1791,0.212539,0.0781507,-0.0376991,0.291051,1.1153,0.000122214,0.00348531,12
15.1826,0.212835,0.0798313,-0.0376991,0.291415,1.12149,0.000129838,0.00348304,12
15.1861,0.21313,0.094397,-0.0376991,0.285482,1.14212,0.000187694,0.00347445,12
15.1896,0.2135,0.0988788,-0.0376991,0.274667,1.12142,0.000139416,0.00348715,12
15.1931,0.213795,0.105601,-0.0345575,0.247739,1.09502,0.000121643,0.00348445,12
15.1966,0.214239,0.110643,-0.0345575,0.229991,1.05461,0.00012033,0.00348655,12
15.2001,0.214608,0.123528,-0.0345575,0.198956,0.993735,0.000121313,0.00348594,12
15.2036,0.215052,0.12857,-0.0345575,0.16869,0.9148,0.000117816,0.00348675,12
15.2071,0.215495,0.12857,-0.0345575,0.140606,0.829345,0.000121202,0.00348592,12
15.2106,0.216013,0.134733,-0.0345575,0.116902,0.773711,0.000117816,0.00348671,12
15.2141,0.21653,0.143136,-0.0345575,0.100559,0.746619,0.000120551,0.00348609,12
15.2176,0.216973,0.143136,-0.0345575,0.0953469,0.731561,0.000122925,0.00348736,12
15.2211,0.217491,0.15266,-0.0345575,0.0814666,0.714988,0.00011971,0.0034853,12
15.2246,0.218008,0.150979,-0.0345575,0.0754857,0.693318,0.000119539,0.00348624,12
15.2281,0.218525,0.15266,-0.0345575,0.081172,0.716381,0.000119559,0.0034861,12
15.2316,0.219116,0.150979,-0.0345575,0.0785701,0.705275,0.000119279,0.0034859,12
15.2351,0.219634,0.159383,-0.0345575,0.0839338,0.744992,0.000119569,0.00348649,9
15.2386,0.220151,0.159383,-0.0376991,0.0896363,0.725517,0.00013124,0.00347473,9
15.2421,0.220742,0.162744,-0.0376991,0.0883652,0.731742,0.000189518,0.00348506,9
15.2456,0.221333,0.170587,-0.0376991,0.0838881,0.739864,0.000177856,0.00348691,9
15.2491,0.221925,0.170587,-0.0376991,0.08013,0.729611,0.000208543,0.00348532,9
15.2526,0.222516,0.168906,-0.0376991,0.0568215,0.654772,0.000200447,0.00348165,9
15.2561,0.223107,0.17731,-0.0376991,0.0294311,0.59384,0.000220104,0.0034822,9
15.2596,0.223772,0.17899,-0.0376991,-0,0.509144,0.00025066,0.00348263,9
15.2631,0.224363,0.180671,-0.0376991,-0.0294313,0.424283,0.000258063,0.00348134,9
15.2666,0.225028,0.180671,-0.0376991,-0.0568216,0.341457,0.000236314,0.0034826,9
15.2701,0.225694,0.182352,-0.0376991,-0.0801302,0.275605,0.000251992,0.00348518,9
15.2736,0.226285,0.182352,-0.0376991,-0.0973159,0.224024,0.000245139,0.00348693,9
15.2771,0.226876,0.167786,-0.0408407,-0.0929104,0.162488,0.000325216,0.00348552,9
15.2806,0.227467,0.162744,-0.0408407,-0.087183,0.168195,0.000321169,0.00348303,9
15.2841,0.228058,0.161063,-0.0408407,-0.0762089,0.198875,0.000336607,0.00348251,9
15.2876,0.22865,0.159383,-0.0408407,-0.0805711,0.182351,0.000346014,0.00348304,9
15.2911,0.229167,0.149859,-0.0408407,-0.0854292,0.14355,0.000368525,0.00348063,9
15.2946,0.229758,0.149859,-0.0408407,-0.0896842,0.131767,0.000355612,0.0034829,9
15.2981,0.230202,0.143136,-0.0408407,-0.0925512,0.106282,0.000403569,0.00348238,9
15.3016,0.230793,0.146497,-0.0408407,-0.0935591,0.113318,0.000405323,0.00348397,9
15.3052,0.231236,0.141455,-0.0439823,-0.0791234,0.107324,0.000413608,0.0034827,9
15.3087,0.231753,0.134733,-0.0439823,-0.0717111,0.113642,0.000433495,0.00348149,9
15.3122,0.232197,0.133052,-0.0439823,-0.0699095,0.115761,0.000435619,0.00348177,9
15.3156,0.232714,0.130251,-0.0439823,-0.0727766,0.100733,0.0004473,0.00348283,9
15.3191,0.233158,0.12857,-0.0439823,-0.0798413,0.075563,0.000457268,0.00348262,9
15.3226,0.233601,0.12689,-0.0439823,-0.0911036,0.0374729,0.000452159,0.00348282,9
15.3261,0.23397,0.118486,-0.0439823,-0.107034,-0.0327971,0.000479108,0.00348215,9
15.3296,0.234414,0.116806,-0.0439823,-0.128576,-0.102526,0.000536273,0.00348395,9
15.3331,0.234783,0.112324,-0.0439823,-0.13279,-0.126438,0.000490299,0.00348291,9
15.3366,0.235153,0.105601,-0.0439823,-0.13279,-0.143264,0.000536533,0.0034828,9
15.3401,0.235522,0.0960777,-0.0439823,-0.128576,-0.154471,0.00050179,0.00348282,9
15.3437,0.235818,0.0893551,-0.0439823,-0.120462,-0.146487,0.000537606,0.00348268,9
15.3472,0.236114,0.0798313,-0.0439823,-0.109077,-0.135785,0.000523911,0.00348284,9
15.3507,0.236409,0.0731087,-0.0439823,-0.0953609,-0.110559,0.00053954,0.00348276,9
15.3542,0.236705,0.071428,-0.0439823,-0.080571,-0.0687917,0.000541122,0.00348276,9
15.3577,0.236927,0.0647054,-0.0439823,-0.0662771,-0.04195,0.000557001,0.00348434,9
15.3612,0.237148,0.0647054,-0.0439823,-0.054363,-0.00478669,0.000575515,0.00347535,9
15.3647,0.237296,0.0551816,-0.0439823,-0.0470265,-0.00687613,0.000582268,0.00348228,9
15.3682,0.237518,0.0467784,-0.0439823,-0.0467796,-0.0276814,0.000577048,0.00348242,9
15.3717,0.237666,0.0450977,-0.0439823,-0.032097,0.0134273,0.000581696,0.00348257,9
15.3752,0.237813,0.0372546,-0.0439823,-0.0173484,0.038563,0.000593758,0.00348283,9
15.3787,0.237887,0.0338933,-0.0439823,-0.00363271,0.0721197,0.000599159,0.00348294,9
15.3822,0.238035,0.0322126,-0.0439823,0.00779422,0.103208,0.0006164,0.00348276,9
15.3857,0.238109,0.0322126,-0.0408407,0.00209177,0.123997,0.000646415,0.00348362,9
15.3892,0.238257,0.0193276,-0.0408407,-0,0.0840647,0.00067078,0.00348266,9
15.3927,0.238331,0.0142856,-0.0408407,-0.00209184,0.0645557,0.000672272,0.00348244,9
15.3962,0.238331,0.0176469,-0.0408407,-0.00779445,0.0558268,0.000119399,0.0034829,6
15.3997,0.238405,0.0109243,-0.0408407,0.00363244,0.0735156,0.000133054,0.00348349,12
15.4032,0.238478,0.0142856,-0.0408407,0.0173482,0.124719,0.000124448,0.00348518,12
15.4067,0.238478,0.00812319,-0.0376991,0.0186692,0.150785,0.000244117,0.00347787,12
15.4102,0.238478,-0.00364143,-0.0376991,0.0288066,0.151106,0.000126872,0.00348426,12
15.4137,0.238478,-0.00364143,-0.0376991,0.0449346,0.200746,0.000165864,0.00347722,12
15.4172,0.238405,-0.00196077,-0.0376991,0.0645414,0.265341,0.000130048,0.00348391,12
15.4207,0.238405,0.00140055,-0.0376991,0.0854291,0.338455,0.000154614,0.0034838,12
15.4242,0.238405,0.00140055,-0.0376991,0.105714,0.400888,0.000120972,0.00348509,12
15.4277,0.238405,-0.00364143,-0.0376991,0.123825,0.443399,0.000190819,0.00347754,12
15.4312,0.238478,0.00476187,-0.0376991,0.138508,0.510813,0.000123636,0.00348417,12
15.4347,0.238478,0.00308121,-0.0376991,0.148819,0.538139,0.000224813,0.00348521,12
15.4382,0.238478,0.00308121,-0.0345575,0.140704,0.551339,0.000129577,0.003484,12
15.4417,0.238478,-0.00196077,-0.0345575,0.136159,0.524114,0.000181953,0.00348487,12
15.4452,0.238478,-0.00196077,-0.0345575,0.1333,0.515313,0.000119088,0.00348535,12
15.4487,0.238478,0.00476187,-0.0345575,0.130713,0.524998,0.000147209,0.00347821,12
15.4522,0.238478,0.00308121,-0.0345575,0.127458,0.510566,0.000134146,0.00348508,12
15.4557,0.238478,0.00812319,-0.0314159,0.109634,0.507118,0.000134206,0.00348286,12
15.4592,0.238552,0.00812319,-0.0314159,0.099553,0.476254,0.000123236,0.00348595,12
15.4627,0.238552,0.0126049,-0.0314159,0.0958015,0.476472,0.000145797,0.00348371,12
15.4662,0.238626,0.0109243,-0.0282743,0.0841669,0.47459,0.000137613,0.00348536,12
15.4697,0.238626,0.00644253,-0.0282743,0.0868022,0.470937,0.000275335,0.00346379,12
15.4732,0.2387,0.0126049,-0.0282743,0.102295,0.534962,0.000139516,0.00348374,12
15.4767,0.2387,0.00924363,-0.0282743,0.130016,0.611463,0.00014745,0.00348219,12
15.4802,0.238774,0.0159663,-0.0282743,0.145773,0.677771,0.000120791,0.00348507,12
15.4837,0.238848,0.0126049,-0.0282743,0.161736,0.718246,0.000135689,0.00347867,12
15.4872,0.238922,0.0176469,-0.0282743,0.177279,0.779482,0.000124008,0.00348529,12
15.4907,0.238922,0.0243696,-0.0282743,0.1924,0.843669,0.000135809,0.00348323,12
15.4942,0.23907,0.0271707,-0.0282743,0.207727,0.898528,0.00011963,0.00348515,12
15.4977,0.239144,0.0260502,-0.0282743,0.224518,0.947431,0.000186812,0.00348406,12
15.5012,0.239217,0.030532,-0.0282743,0.220304,0.94639,0.000118978,0.00348517,12
15.5047,0.239365,0.0422966,-0.0251327,0.1954,0.939122,0.000132873,0.00348373,12
15.5082,0.239513,0.048459,-0.0251327,0.1729,0.886375,0.000121443,0.00348555,12
15.5117,0.239735,0.048459,-0.0251327,0.152177,0.823084,0.000132182,0.00348323,12
15.5152,0.239883,0.053501,-0.0251327,0.133231,0.778333,0.000122374,0.00348528,12
15.5187,0.240104,0.0551816,-0.0251327,0.116689,0.732324,0.000132563,0.0034839,12
15.5222,0.240326,0.0680667,-0.0251327,0.103808,0.726993,0.000121102,0.00348506,12
15.5257,0.240548,0.0680667,-0.0251327,0.0964717,0.704905,0.000140908,0.00348437,12
15.5292,0.240769,0.066386,-0.0251327,0.0971917,0.703202,0.000119258,0.00348564,12
15.5327,0.241065,0.0731087,-0.0251327,0.0847568,0.683232,0.000147761,0.0034837,12
15.5362,0.241287,0.071428,-0.0251327,0.0741646,0.646712,0.000124098,0.00348545,12
15.5397,0.241582,0.0747893,-0.0251327,0.0674562,0.635544,0.000133304,0.00348338,12
15.5432,0.241804,0.0798313,-0.0251327,0.0671433,0.648309,0.000121192,0.00348576,12
15.5467,0.2421,0.0809518,-0.0282743,0.0896362,0.682961,0.000138364,0.00348116,12
15.5502,0.242395,0.0798313,-0.0282743,0.091728,0.687115,0.000122454,0.00348528,12
15.5537,0.242691,0.0843131,-0.0282743,0.0904569,0.695625,0.000157869,0.00348435,12
15.5572,0.242986,0.0859937,-0.0282743,0.0895907,0.698027,0.000118507,0.00348553,12
15.5607,0.243282,0.0893551,-0.0282743,0.0687031,0.643218,0.000131852,0.00348409,12
15.5642,0.243578,0.0927164,-0.0282743,0.0431058,0.573912,0.000121223,0.00348552,12
15.5677,0.243947,0.0927164,-0.0282743,0.0146825,0.487249,0.000135909,0.00348273,12
15.5712,0.244243,0.0910357,-0.0282743,-0.0146827,0.393112,0.000121192,0.00348587,12
15.5747,0.244612,0.0960777,-0.0282743,-0.0431058,0.319684,0.000140448,0.00348162,12
15.5782,0.244908,0.0960777,-0.0282743,-0.068703,0.241556,0.000122184,0.00348541,12
15.5817,0.245277,0.0927164,-0.0282743,-0.0895906,0.169264,0.000144004,0.00348497,12
15.5852,0.245573,0.0893551,-0.0314159,-0.0904568,0.120256,0.00014703,0.00348579,12
15.5887,0.245869,0.0876744,-0.0314159,-0.091728,0.112589,0.000134126,0.00347416,12
15.5922,0.246164,0.0859937,-0.0314159,-0.0896362,0.115272,0.000123266,0.00348512,12
15.5957,0.24646,0.0809518,-0.0314159,-0.0805709,0.130597,0.00013628,0.00348274,12
15.5992,0.246755,0.0731087,-0.0345575,-0.0720013,0.0988669,0.000122034,0.00348557,12
15.6027,0.246977,0.066386,-0.0345575,-0.0717112,0.0826062,0.00013089,0.00348409,12
15.6062,0.247199,0.0647054,-0.0345575,-0.0770317,0.0623115,0.000129267,0.00348364,12
15.6097,0.247494,0.071428,-0.0345575,-0.0857648,0.0537351,0.000144966,0.00348057,12
15.6132,0.247716,0.0630247,-0.0345575,-0.0961837,0.000101685,0.000117175,0.00348598,12
15.6167,0.247938,0.0568623,-0.0345575,-0.107033,-0.0489728,0.000122495,0.00348498,12
15.6202,0.248086,0.053501,-0.0345575,-0.117526,-0.0897655,0.000121082,0.0034854,12
15.6237,0.248307,0.048459,-0.0345575,-0.12735,-0.132746,0.000118508,0.00348647,12
15.6272,0.248455,0.0439773,-0.0345575,-0.136663,-0.172844,0.000131191,0.00348372,12
15.6307,0.248603,0.0372546,-0.0345575,-0.146091,-0.219181,0.000122154,0.00348573,12
15.6342,0.248751,0.030532,-0.0345575,-0.156734,-0.269257,0.000118577,0.00348631,12
15.6377,0.248825,0.0226889,-0.0345575,-0.170162,-0.331009,0.000139736,0.00348662,12
15.6412,0.248898,0.0226889,-0.0345575,-0.164064,-0.312077,0.00014157,0.00348577,12
15.6447,0.248972,0.0109243,-0.0345575,-0.152182,-0.306223,0.000122374,0.00348586,12
15.6482,0.248972,0.00140055,-0.0345575,-0.135145,-0.278782,0.000118817,0.00348657,12
15.6517,0.248972,-0.00700275,-0.0345575,-0.113894,-0.235431,0.000130409,0.00348423,12
15.6552,0.248972,-0.00868341,-0.0345575,-0.0896842,-0.165328,0.000120691,0.00348592,12
15.6587,0.248972,-0.00980385,-0.0345575,-0.0640869,-0.0894837,0.000120431,0.00348599,12
15.6622,0.248898,-0.00364143,-0.0345575,-0.0389854,0.00378787,0.00012022,0.00348618,12
15.6657,0.248898,0.00140055,-0.0345575,-0.0165778,0.0859912,0.000133175,0.00348705,12
15.6692,0.248898,-0.00028011,-0.0345575,0.000624269,0.134526,0.000117726,0.00348635,12
15.6727,0.248972,0.00476187,-0.0345575,0.00979492,0.176151,0.000121162,0.00348534,12
15.6762,0.248972,0.00140055,-0.0345575,0.00779411,0.16117,0.00012006,0.00348665,12
15.6797,0.248972,-0.00028011,-0.0314159,0.00209154,0.177382,0.000123947,0.00348488,12
15.6832,0.248972,-0.00364143,-0.0314159,-0,0.162122,0.00013078,0.0034865,12
15.6867,0.248972,-0.00028011,-0.0314159,-0.00209183,0.164506,0.000133304,0.0034824,12
15.6902,0.248972,0.00140055,-0.0314159,-0.00779441,0.151366,0.000122154,0.00348505,12
15.6937,0.248972,0.00308121,-0.0314159,0.00363249,0.190948,0.000131711,0.00348638,12
15.6972,0.248972,0.00476187,-0.0314159,0.0173482,0.237576,0.000116784,0.00348588,12
15.7007,0.248972,0.00308121,-0.0314159,0.0320969,0.278559,0.000130509,0.00348467,12
15.7042,0.248972,-0.00364143,-0.0314159,0.0467795,0.306104,0.000118978,0.00348608,12
15.7077,0.248972,-0.00196077,-0.0314159,0.060454,0.352605,0.000123326,0.00348539,12
15.7112,0.248972,-0.00028011,-0.0314159,0.0723357,0.393587,0.000118247,0.00348658,12
15.7147,0.248972,0.00476187,-0.0314159,0.0817963,0.43594,0.000123887,0.00348471,12
15.7182,0.248972,0.00308121,-0.0314159,0.0883651,0.451747,0.000120752,0.00348582,12
15.7217,0.248972,-0.00028011,-0.0314159,0.091728,0.453274,0.000134045,0.00348721,12
15.7252,0.248972,0.00140055,-0.0282743,0.0783004,0.454533,0.000116534,0.00348632,12
15.7287,0.248972,0.00308121,-0.0282743,0.0703923,0.434605,0.00012003,0.00348599,12
15.7322,0.248972,-0.00028011,-0.0282743,0.066277,0.413115,0.000119138,0.00348626,12
15.7357,0.248972,0.00140055,-0.0282743,0.0645414,0.412185,0.000129097,0.00348456,12
15.7392,0.248972,-0.00364143,-0.0282743,0.0640867,0.39755,0.000120621,0.00348545,12
15.7427,0.248972,-0.00028011,-0.0282743,0.0641279,0.4065,0.000118988,0.00348622,12
15.7462,0.248972,-0.00196077,-0.0282743,0.0641939,0.402292,0.000121943,0.00348561,12
15.7497,0.248972,-0.00028011,-0.0282743,0.0641279,0.4065,0.000123537,0.00348748,12
15.7532,0.248972,-0.00028011,-0.0282743,0.0640867,0.406374,0.000118136,0.00348509,12
15.7567,0.248972,-0.00196077,-0.0282743,0.0645414,0.403361,0.000140608,0.00348645,12
15.7602,0.248972,0.00140055,-0.0282743,0.066277,0.417527,0.000122004,0.00347604,12
15.7637,0.248972,0.00140055,-0.0282743,0.0703924,0.430193,0.000120521,0.00348624,12
15.7672,0.248972,-0.00364143,-0.0282743,0.0783003,0.441298,0.0001201,0.00348637,12
15.7707,0.248972,0.00140055,-0.0282743,0.091728,0.495862,0.000119479,0.00348643,12
15.7742,0.248972,-0.00028011,-0.0282743,0.0883652,0.4811,0.00011975,0.00348608,12
15.7777,0.248972,-0.00196077,-0.0282743,0.0817964,0.45647,0.000126302,0.00348607,12
15.7812,0.248972,-0.00196077,-0.0282743,0.0723357,0.427351,0.000117045,0.00348615,12
15.7847,0.248972,-0.00364143,-0.0282743,0.0604541,0.386369,0.000133455,0.00348435,12
15.7882,0.248972,0.00476187,-0.0282743,0.0467795,0.366338,0.000122635,0.00348618,12
15.7917,0.248972,-0.00364143,-0.0282743,0.032097,0.299089,0.000364999,0.00345819,12
15.7952,0.248972,-0.00028011,-0.0282743,0.0173484,0.262518,0.00013055,0.00348416,12
15.7987,0.248972,0.00308121,-0.0282743,0.00363265,0.229125,0.000118647,0.00348632,12
15.8022,0.248972,-0.00028011,-0.0282743,-0.00779428,0.185131,0.000121052,0.00348609,12
15.8057,0.248972,-0.00196077,-0.0282743,-0.0155194,0.156942,0.000123296,0.00348751,12
15.8092,0.248972,-0.00196077,-0.0282743,-0.0179728,0.149391,0.000118568,0.00348621,12
15.8127,0.248972,-0.00196077,-0.0282743,-0.0134276,0.163381,0.000146509,0.00348641,12
15.8162,0.248972,0.00140055,-0.0282743,-0,0.213533,0.000124649,0.00348626,12
15.8197,0.248972,0.00140055,-0.0282743,-0,0.213533,0.000123556,0.00348591,12
15.8232,0.248972,-0.00196077,-0.0282743,-0,0.204709,0.000128545,0.0034853,12
15.8267,0.248972,0.00140055,-0.0282743,-0,0.213533,0.000131311,0.00348461,12
15.8302,0.248972,-0.00196077,-0.0282743,-0,0.204709,0.000244999,0.0034782,12
15.8337,0.248972,-0.00196077,-0.0282743,-0,0.204709,0.000133925,0.00347142,12
15.8372,0.248972,-0.00196077,-0.0282743,-0,0.204709,0.000143323,0.00348447,12
15.8407,0.248972,0.00140055,-0.0282743,-0,0.213533,0.000136931,0.00348326,12
15.8442,0.248972,-0.00196077,-0.0282743,-0,0.204709,0.000157629,0.00348323,12
15.8477,0.248972,0.00140055,-0.0282743,-0,0.213533,0.000123446,0.00348533,12
15.8512,0.248972,-0.00364143,-0.0282743,-0,0.200298,0.000145106,0.00347879,12
15.8547,0.248972,0.00140055,-0.0282743,-0,0.213533,0.000127153,0.00348486,12
15.8582,0.248972,-0.00364143,-0.0282743,-0,0.200298,0.000251732,0.00347913,12
15.8617,0.248972,-0.00196077,-0.0282743,-0,0.204709,0.00014191,0.00347247,12
15.8652,0.248972,0.00308121,-0.0282743,-0,0.217944,0.000141309,0.0034819,12
15.8687,0.248972,0.00140055,-0.0282743,-0,0.213533,0.000150256,0.00348561,12
15.8722,0.248972,-0.00028011,-0.0282743,-0,0.209121,0.000140698,0.0034829,12
15.8757,0.248972,-0.00196077,-0.0282743,-0,0.204709,0.000128155,0.00348489,12
15.8792,0.248972,0.00308121,-0.0282743,-0,0.217944,0.000249497,0.00347813,12
15.8827,0.248972,-0.00028011,-0.0282743,-0,0.209121,0.000128987,0.00348433,12
15.8862,0.248972,0.00140055,-0.0282743,-0,0.213533,0.000138855,0.00348326,12
15.8897,0.248972,0.00140055,-0.0282743,-0,0.213533,0.000138053,0.00348685,12
15.8932,0.248972,0.00140055,-0.0282743,-0,0.213533,0.000264495,0.00347413,12
15.8967,0.248972,-0.00028011,-0.0282743,-0,0.209121,0.000132984,0.00348257,9
15.9002,0.248972,0.00476187,-0.0282743,-0,0.222356,0.00025079,0.00348023,9
15.9037,0.248972,0.00140055,-0.0282743,-0,0.213533,0.000162117,0.00348375,9
15.9072,0.248972,0.00476187,-0.0282743,-0,0.222356,0.000205426,0.00348325,9
15.9107,0.248972,-0.00028011,-0.0282743,-0,0.209121,0.000171805,0.00348259,9
15.9142,0.248972,-0.00028011,-0.0282743,-0,0.209121,0.000252814,0.00348282,9
15.9177,0.248972,-0.00196077,-0.0282743,-0,0.204709,0.000208832,0.00347726,9
15.9212,0.248972,0.00476187,-0.0282743,-0,0.222356,0.000215445,0.0034817,9
15.9247,0.248972,-0.00196077,-0.0282743,-0,0.204709,0.000221607,0.00348261,9
15.9282,0.248972,-0.00196077,-0.0282743,-0,0.204709,0.000214453,0.00348331,9
15.9317,0.248972,-0.00028011,-0.0282743,-0,0.209121,0.000222568,0.0034855,9
15.9352,0.248972,-0.00028011,-0.0282743,-0,0.209121,0.000253165,0.00348376,9
15.9387,0.248972,-0.00196077,-0.0282743,-0,0.204709,0.000233989,0.0034753,9
15.9422,0.248972,-0.00196077,-0.0282743,-0,0.204709,0.000281787,0.00348238,9
15.9457,0.248972,-0.00028011,-0.0282743,-0,0.209121,0.000277749,0.00346867,9
15.9492,0.248972,-0.00196077,-0.0282743,-0,0.204709,0.000299509,0.00348215,9
15.9527,0.248972,0.00308121,-0.0282743,-0,0.217944,0.000314857,0.00348278,9
15.9562,0.248972,-0.00532209,-0.0282743,-0,0.195886,0.000318794,0.00348251,9
15.9597,0.248972,-0.00028011,-0.0314159,0.0134276,0.212274,0.000338821,0.00348289,9
15.9632,0.248972,-0.00196077,-0.0314159,0.0179728,0.221852,0.00034334,0.00348173,9
15.9667,0.248972,-0.00028011,-0.0314159,0.0155194,0.218712,0.000339011,0.00348301,9
15.9702,0.248972,0.00476187,-0.0314159,0.00779423,0.208169,0.000333391,0.00347883,9
15.9737,0.248972,-0.00364143,-0.0314159,-0.00363265,0.150941,0.000308085,0.0034622,9
15.9772,0.248972,-0.00028011,-0.0314159,-0.0173484,0.117548,0.000328452,0.00348338,9
15.9807,0.248972,-0.00196077,-0.0314159,-0.032097,0.0677419,0.000374727,0.00348532,9
15.9842,0.248972,-0.00028011,-0.0314159,-0.0467795,0.026962,0.000337328,0.00348246,9
15.9877,0.248972,0.00308121,-0.0314159,-0.0604541,-0.00630381,0.000348389,0.00348511,9
15.9912,0.248972,-0.00028011,-0.0345575,-0.058908,-0.0485445,0.000364919,0.00348302,9
15.9947,0.248972,0.00140055,-0.0345575,-0.0638236,-0.0592624,0.000354901,0.00348558,9
15.9982,0.248972,-0.00028011,-0.0345575,-0.0728457,-0.0914433,0.000370419,0.00348307,9
16.0017,0.248972,0.00308121,-0.0345575,-0.0839338,-0.116748,0.000357005,0.00348095,9
16.0052,0.248972,-0.00196077,-0.0345575,-0.0953607,-0.165154,0.000380237,0.00348276,9
16.0087,0.248972,-0.00196077,-0.0345575,-0.105714,-0.197019,0.000372052,0.00348563,9
16.0122,0.248972,-0.00196077,-0.0345575,-0.113893,-0.222196,0.000384795,0.00348343,9
16.0157,0.248972,-0.00028011,-0.0345575,-0.119115,-0.233857,0.00038187,0.00348579,9
16.0192,0.248972,-0.00028011,-0.0345575,-0.120908,-0.239375,0.000385718,0.00348394,9
16.0227,0.248972,-0.00196077,-0.0345575,-0.119115,-0.238268,0.000470723,0.00348543,9
16.0262,0.248972,0.00308121,-0.0345575,-0.113894,-0.208961,0.000390526,0.00348363,9
16.0297,0.248972,-0.00532209,-0.0376991,-0.092286,-0.202689,0.000461817,0.00347999,9
16.0332,0.248972,-0.00028011,-0.0376991,-0.0773881,-0.1436,0.000439876,0.00348259,9
16.0367,0.248972,-0.00028011,-0.0376991,-0.0684146,-0.115981,0.000464472,0.00348513,9
16.0402,0.248972,-0.00028011,-0.0376991,-0.0650517,-0.10563,0.000455886,0.00348365,9
16.0437,0.248972,-0.00196077,-0.0376991,-0.0674564,-0.117443,0.000464742,0.00348548,9
16.0472,0.248972,0.00140055,-0.0376991,-0.0762566,-0.135706,0.000480701,0.00348394,9
16.0507,0.248972,-0.00196077,-0.0376991,-0.0925513,-0.194683,0.000479058,0.00348518,9
16.0542,0.248972,-0.00028011,-0.0376991,-0.0935593,-0.193374,0.000498233,0.003484,9
16.0577,0.248972,0.00140055,-0.0376991,-0.0925513,-0.18586,0.00049081,0.00347155,9
16.0612,0.248972,-0.00364143,-0.0376991,-0.0896842,-0.19027,0.000551271,0.00348354,9
16.0647,0.248972,-0.00028011,-0.0376991,-0.0854292,-0.16835,0.000535532,0.00348543,9
16.0682,0.248972,-0.00196077,-0.0376991,-0.0805711,-0.157809,0.000541724,0.00348398,9
16.0717,0.248972,-0.00532209,-0.0376991,-0.0762089,-0.153206,0.000581907,0.00348563,9
16.0752,0.248972,0.00308121,-0.0376991,-0.0737554,-0.123596,0.00056745,0.00348398,9
16.0787,0.248972,-0.00196077,-0.0408407,-0.06151,-0.137317,0.000587577,0.00348503,9
16.0822,0.248972,0.00308121,-0.0408407,-0.0638237,-0.131204,0.000615248,0.00348386,9
16.0857,0.248972,-0.00028011,-0.0408407,-0.0568165,-0.118459,0.000602154,0.00347241,9
16.0892,0.248972,-0.00364143,-0.0408407,-0.05266,-0.114489,0.000650092,0.0034835,9
16.0927,0.248972,-0.00364143,-0.0408407,-0.0504121,-0.107571,0.000656263,0.00348477,9
16.0962,0.248972,0.00140055,-0.0408407,-0.0494453,-0.0913601,0.000152901,0.00348246,6
16.0997,0.248972,0.00140055,-0.0408407,-0.0494452,-0.0913598,0.000120942,0.0034859,12
16.1032,0.248972,0.00308121,-0.0408407,-0.0504121,-0.0899241,0.000137422,0.00348301,12
16.1067,0.248972,-0.00196077,-0.0408407,-0.0526598,-0.110077,0.000120521,0.00348584,12
16.1102,0.248972,-0.00028011,-0.0408407,-0.0568163,-0.118459,0.000160795,0.00346613,12
16.1137,0.248972,-0.00196077,-0.0439823,-0.0503958,-0.141285,0.000137372,0.00348031,12
16.1172,0.248972,0.00140055,-0.0439823,-0.0569646,-0.15268,0.000133665,0.00348347,12
16.1207,0.248972,-0.00196077,-0.0439823,-0.0762086,-0.220734,0.000158691,0.00348544,12
16.1242,0.248972,0.00476187,-0.0471239,-0.0705061,-0.223712,0.000132322,0.00348339,12
16.1277,0.248972,-0.00364143,-0.0471239,-0.074025,-0.256601,0.000122986,0.00348529,12
16.1312,0.248972,-0.00196077,-0.0471239,-0.0836254,-0.281739,0.000131401,0.00348357,12
16.1347,0.248972,-0.00532209,-0.0471239,-0.0966384,-0.330615,0.000124468,0.0034851,12
16.1382,0.248972,0.00644253,-0.0471239,-0.110866,-0.343526,0.000133706,0.00348389,12
16.1417,0.248972,0.00140055,-0.0471239,-0.124582,-0.398976,0.000125591,0.00346924,12
16.1452,0.248972,0.00308121,-0.0502655,-0.123102,-0.428186,0.000136971,0.00348349,12
16.1487,0.248972,-0.00196077,-0.0502655,-0.127952,-0.456347,0.000121032,0.00348605,12
16.1522,0.248972,-0.00364143,-0.0502655,-0.136933,-0.488401,0.000159643,0.00348226,12
16.1557,0.248898,-0.00532209,-0.0502655,-0.148475,-0.528504,0.000120481,0.00348599,12
16.1592,0.248898,-0.00364143,-0.0502655,-0.161638,-0.564605,0.00014212,0.00348189,12
16.1627,0.248898,-0.00364143,-0.0502655,-0.176106,-0.609137,0.000126162,0.0034853,12
16.1662,0.248825,-0.0131652,-0.0502655,-0.192194,-0.683817,0.000133925,0.0034827,12
16.1697,0.248825,-0.00980385,-0.0502655,-0.210844,-0.732395,0.00013078,0.00348022,12
16.1732,0.248751,-0.0198878,-0.0534071,-0.195846,-0.751044,0.000141199,0.00348113,12
16.1767,0.248677,-0.0277309,-0.0534071,-0.182939,-0.73207,0.000127784,0.00348462,12
16.1802,0.248529,-0.0310922,-0.0534071,-0.17071,-0.703581,0.000123948,0.00348476,12
16.1837,0.248455,-0.0394955,-0.0534071,-0.158374,-0.687834,0.000164762,0.00346601,12
16.1872,0.248307,-0.0428568,-0.0534071,-0.145773,-0.658201,0.000144314,0.00347989,12
16.1907,0.248159,-0.0411762,-0.0534071,-0.133379,-0.615972,0.000244468,0.00347721,12
16.1942,0.247938,-0.0490192,-0.0534071,-0.122291,-0.602924,0.000132172,0.00347026,12
16.1977,0.24779,-0.0540612,-0.0534071,-0.114236,-0.591694,0.000141009,0.00347882,12
16.2012,0.247568,-0.0574225,-0.0534071,-0.111568,-0.592799,0.000133514,0.00348449,12
16.2047,0.24742,-0.0591032,-0.0565487,-0.103843,-0.611938,0.000123767,0.00348533,12
16.2082,0.247199,-0.0557419,-0.0565487,-0.0926301,-0.569096,0.000134386,0.00348361,12
16.2117,0.246977,-0.0591032,-0.0565487,-0.091515,-0.57498,0.000163359,0.00348414,12
16.2152,0.246755,-0.0635849,-0.0565487,-0.101282,-0.617299,0.000132863,0.0034837,12
16.2187,0.246534,-0.0652656,-0.0565487,-0.0989932,-0.615159,0.000154764,0.0034856,12
16.2222,0.246312,-0.0703076,-0.0565487,-0.0979193,-0.625581,0.000132493,0.00348378,12
16.2257,0.246016,-0.0703076,-0.0565487,-0.0983739,-0.627637,0.000185209,0.00346438,12
16.2292,0.245795,-0.0753496,-0.0565487,-0.101142,-0.649886,0.000122926,0.00348583,12
16.2327,0.245499,-0.0753496,-0.0565487,-0.10748,-0.670051,0.000239919,0.00347985,12
16.2362,0.245203,-0.0831926,-0.0565487,-0.119115,-0.727106,0.000129127,0.00348422,12
16.2397,0.244982,-0.081512,-0.0596903,-0.100466,-0.703962,0.000160013,0.0034854,12
16.2432,0.244686,-0.0932766,-0.0596903,-0.0877407,-0.696334,0.000133144,0.00348353,12
16.2467,0.244317,-0.0882346,-0.0596903,-0.0798412,-0.659607,0.000175562,0.00347863,12
16.2502,0.244021,-0.0949573,-0.0596903,-0.0761394,-0.666516,0.000124949,0.00348478,12
16.2537,0.243651,-0.0977584,-0.0596903,-0.0764786,-0.675735,0.000247314,0.00347524,12
16.2572,0.243356,-0.0949573,-0.0596903,-0.0811718,-0.683484,0.000125821,0.0034851,12
16.2607,0.242986,-0.109523,-0.0596903,-0.091005,-0.752805,0.000127714,0.0034851,12
16.2642,0.242617,-0.10112,-0.0596903,-0.107234,-0.781519,0.00013102,0.00348372,12
16.2677,0.242247,-0.109523,-0.0596903,-0.107234,-0.804398,0.000171695,0.0034833,12
16.2712,0.241878,-0.106162,-0.0596903,-0.104433,-0.787775,0.000123316,0.00348507,12
16.2747,0.241508,-0.117366,-0.0596903,-0.0991447,-0.801731,0.000133504,0.00348307,12
16.2782,0.241065,-0.115685,-0.0596903,-0.0919977,-0.776307,0.00012527,0.00347347,12
16.2817,0.240695,-0.119047,-0.0596903,-0.0839337,-0.761132,0.000182494,0.00346453,12
16.2852,0.240252,-0.119047,-0.0596903,-0.0762087,-0.738341,0.000123567,0.00348589,12
16.2887,0.239809,-0.12745,-0.0596903,-0.0703922,-0.743482,0.000247553,0.00347963,12
16.2922,0.239365,-0.12745,-0.0596903,-0.0683686,-0.738239,0.000127974,0.00348391,12
16.2957,0.238922,-0.132492,-0.0596903,-0.0723357,-0.76467,0.00013651,0.00348306,12
16.2992,0.238478,-0.132492,-0.0596903,-0.060454,-0.729084,0.000124258,0.00348532,12
16.3027,0.238035,-0.135293,-0.0596903,-0.0467795,-0.695334,0.000161356,0.00347852,12
16.3062,0.237518,-0.136974,-0.0596903,-0.032097,-0.655704,0.000124328,0.00348452,12
16.3097,0.237074,-0.136974,-0.0596903,-0.0173484,-0.611295,0.0002507,0.00346432,12
16.3132,0.236557,-0.142016,-0.0596903,-0.00363263,-0.583464,0.000124378,0.00348538,12
16.3167,0.23604,-0.140335,-0.0596903,0.00779429,-0.545032,0.000136039,0.00348349,12
16.3202,0.235522,-0.148738,-0.0596903,0.0155194,-0.544462,0.000125661,0.00348446,12
16.3237,0.235079,-0.151539,-0.0596903,0.0179729,-0.545249,0.000163209,0.00347859,12
16.3272,0.234562,-0.150419,-0.0596903,0.0134276,-0.557448,0.000124759,0.00348481,12
16.3307,0.234044,-0.143696,-0.0596903,-0,-0.58228,0.000141239,0.00348364,12
16.3342,0.233527,-0.150419,-0.0596903,-0,-0.601077,0.00012526,0.00348494,12
16.3377,0.23301,-0.148738,-0.0596903,-0,-0.597815,0.00014743,0.00347785,12
16.3412,0.232419,-0.154901,-0.0596903,-0,-0.615305,0.000121633,0.00348658,12
16.3447,0.231901,-0.15322,-0.0596903,-0,-0.612043,0.000136,0.00348336,12
16.3482,0.231384,-0.158262,-0.0596903,-0,-0.626428,0.000126121,0.00348572,12
16.3517,0.230867,-0.156581,-0.0596903,-0,-0.623166,0.000136681,0.00348344,12
16.3552,0.230275,-0.156581,-0.0596903,-0,-0.624481,0.000123306,0.00348564,12
16.3587,0.229758,-0.158262,-0.0596903,-0,-0.630042,0.000158411,0.00348306,12
16.3622,0.229167,-0.163304,-0.0596903,-0,-0.644591,0.000134316,0.0034844,12
16.3657,0.228576,-0.159943,-0.0596903,-0,-0.637082,0.000140167,0.00346891,12
16.3692,0.228058,-0.159943,-0.0596903,-0,-0.638232,0.000120971,0.00348685,12
16.3727,0.227467,-0.164985,-0.0596903,-0,-0.652781,0.000139305,0.0034838,12
16.3762,0.226876,-0.159943,-0.0596903,-0,-0.64086,0.000125069,0.00348541,12
16.3797,0.226359,-0.270866,-0.0596903,-0,-0.933175,0.000171304,0.0034837,12
16.3832,0.225767,-0.168346,-0.0596903,-0,-0.665382,0.000127554,0.00348448,12
16.3867,0.225176,-0.166665,-0.0596903,-0,-0.662285,0.000143163,0.00348356,12
16.3902,0.224585,-0.168346,-0.0596903,-0,-0.668011,0.000124579,0.00348545,12
16.3937,0.223994,-0.164985,-0.0596903,-0,-0.660502,0.000142181,0.00346775,12
16.3972,0.223403,-0.169466,-0.0596903,-0,-0.67358,0.000121873,0.00348682,12
16.4007,0.222811,-0.176189,-0.0596903,-0,-0.692541,0.000137432,0.00348354,12
16.4042,0.22222,-0.176189,-0.0596903,-0,-0.693855,0.000124829,0.00348564,12
16.4077,0.221629,-0.181231,-0.0596903,-0,-0.708404,0.000137181,0.00348355,12
16.4112,0.220964,-0.17955,-0.0596903,-0,-0.705471,0.000124949,0.0034854,12
16.4147,0.220373,-0.184592,-0.0596903,-0,-0.72002,0.00013638,0.00348393,12
16.4182,0.219708,-0.182912,-0.0596903,-0,-0.717087,0.000125099,0.00348549,12
16.4217,0.219042,-0.187394,-0.0596903,-0,-0.730329,0.000142681,0.00347674,12
16.4252,0.218377,-0.192435,-0.0596903,-0,-0.745043,0.000121743,0.00348651,12
16.4287,0.217712,-0.187394,-0.0596903,-0,-0.733286,0.000150165,0.00348018,12
16.4322,0.217047,-0.192435,-0.0596903,-0,-0.748,0.000123656,0.00348538,12
16.4357,0.216382,-0.194116,-0.0596903,-0,-0.75389,0.000166806,0.00348341,12
16.4392,0.215717,-0.195797,-0.0596903,-0,-0.75978,0.00012515,0.00348542,12
16.4427,0.214978,-0.199158,-0.0596903,-0,-0.770246,0.000137211,0.00348361,12
16.4462,0.214313,-0.205321,-0.0596903,-0,-0.7879,0.000124989,0.00348563,12
16.4497,0.213574,-0.207001,-0.0596903,-0,-0.793954,0.000140418,0.00347663,12
16.4532,0.212835,-0.210363,-0.0596903,-0,-0.80442,0.00011996,0.00348699,12
16.4567,0.21217,-0.208682,-0.0596903,-0,-0.801487,0.000135178,0.00348341,12
16.4602,0.211357,-0.215404,-0.0596903,-0,-0.82094,0.000124578,0.00347657,12
16.4637,0.210618,-0.220446,-0.0565487,-0.0134276,-0.838971,0.000132493,0.00348375,12
16.4672,0.209879,-0.222127,-0.0565487,-0.0179728,-0.859015,0.000122044,0.00348572,12
16.4707,0.209066,-0.222127,-0.0565487,-0.0155194,-0.85327,0.00013094,0.00348415,12
16.4742,0.208327,-0.22829,-0.0565487,-0.00779423,-0.847311,0.000122655,0.00348948,12
16.4777,0.207514,-0.233332,-0.0565487,0.00363266,-0.827182,0.000133675,0.00348262,12
16.4812,0.206701,-0.236693,-0.0565487,0.0173484,-0.795597,0.000116904,0.00348712,12
16.4847,0.205814,-0.238374,-0.0565487,0.032097,-0.756585,0.000134336,0.00348322,12
16.4882,0.205001,-0.244536,-0.0565487,0.0467795,-0.729377,0.000121142,0.00348579,12
16.4917,0.204114,-0.249578,-0.0565487,0.0604541,-0.702494,0.000475461,0.00341788,12
16.4952,0.203154,-0.252939,-0.0565487,0.0723357,-0.676882,0.000183657,0.00346214,12
16.4987,0.202415,-0.249578,-0.0565487,0.0817964,-0.640583,0.000212069,0.0034599,12
16.5022,0.201528,-0.257421,-0.0565487,0.0883653,-0.642923,0.000185811,0.00348253,12
16.5057,0.200641,-0.244536,-0.0534071,0.0783005,-0.603874,0.000216667,0.00345984,12
16.5092,0.199754,-0.353779,-0.0534071,0.0737554,-0.906588,0.000152449,0.00347169,12
16.5127,0.198941,-0.247897,-0.0534071,0.0728459,-0.633265,0.000216557,0.00345429,12
16.5162,0.198055,-0.252939,-0.0534071,0.0740021,-0.644912,0.000192062,0.00346176,12
16.5197,0.197168,-0.256301,-0.0534071,0.0759683,-0.649655,0.000310419,0.00344831,12
16.5232,0.196207,-0.25462,-0.0534071,0.0778025,-0.641733,0.000143423,0.00347833,12
16.5267,0.195394,-0.252939,-0.0534071,0.0788766,-0.635823,0.00014724,0.00347886,12
16.5302,0.194507,-0.257421,-0.0534071,0.0788766,-0.649558,0.000126241,0.00348395,12
16.5337,0.193621,-0.259102,-0.0534071,0.0778024,-0.659247,0.000145547,0.00348184,12
16.5372,0.192734,-0.262463,-0.0534071,0.0759683,-0.675687,0.00011986,0.00348632,12
16.5407,0.191773,-0.267505,-0.0534071,0.0740023,-0.697108,0.000135368,0.00348331,12
16.5442,0.190886,-0.269186,-0.0534071,0.0728459,-0.707051,0.000122805,0.00348468,12
16.5477,0.189925,-0.272547,-0.0534071,0.0737553,-0.71521,0.000162348,0.00348366,12
16.5512,0.188965,-0.270866,-0.0534071,0.0783003,-0.698945,0.000124598,0.00348538,12
16.5547,0.188078,-0.277029,-0.0534071,0.0883653,-0.686113,0.000134456,0.00348298,12
16.5582,0.187117,-0.274228,-0.0534071,0.0817965,-0.701114,0.000122785,0.00348561,12
16.5617,0.186157,-0.272547,-0.0534071,0.0723358,-0.727957,0.000134987,0.00347873,12
16.5652,0.185196,-0.274228,-0.0502655,0.0470265,-0.774228,0.000150015,0.00348729,12
16.5687,0.184235,-0.274228,-0.0502655,0.0288068,-0.832442,0.000137512,0.00348219,12
16.5722,0.183201,-0.277029,-0.0502655,0.0165777,-0.879734,0.000125891,0.00348501,12
16.5757,0.18224,-0.288793,-0.0502655,0.0095541,-0.934369,0.000140017,0.00348269,12
16.5792,0.181279,-0.285432,-0.0502655,0.00726537,-0.934726,0.000121223,0.00348566,12
16.5827,0.180244,-0.287113,-0.0502655,0.00955416,-0.934392,0.000133886,0.00348334,12
16.5862,0.179284,-0.293275,-0.0502655,0.0165775,-0.931087,0.000125651,0.00348503,12
16.5897,0.178249,-0.298317,-0.0502655,0.0288068,-0.908981,0.000137692,0.0034833,12
16.5932,0.177141,-0.30504,-0.0502655,0.0470264,-0.873013,0.000116464,0.00348668,12
16.5967,0.176106,-0.310082,-0.0502655,0.0723356,-0.810649,0.00013649,0.00348255,12
16.6002,0.174997,-0.312883,-0.0502655,0.0817962,-0.791347,0.00012549,0.00348503,12
16.6037,0.173889,-0.312883,-0.0502655,0.0883651,-0.773592,0.00013097,0.00348367,12
16.6072,0.172854,-0.310082,-0.0471239,0.0783003,-0.761342,0.000175532,0.00348575,12
16.6107,0.171746,-0.314563,-0.0471239,0.0737551,-0.78956,0.000152169,0.00347905,12
16.6142,0.170563,-0.321286,-0.0471239,0.0728457,-0.812634,0.000126312,0.0034838,12
16.6177,0.169529,-0.316244,-0.0471239,0.0740019,-0.79814,0.000141239,0.00348001,12
16.6212,0.16842,-0.319605,-0.0471239,0.0759681,-0.803376,0.0001256,0.00348611,12
16.6247,0.167312,-0.328009,-0.0471239,0.0778022,-0.822252,0.00013629,0.00348298,12
16.6282,0.166129,-0.326328,-0.0439823,0.0654487,-0.820316,0.000123837,0.00348324,12
16.6317,0.165021,-0.329129,-0.0439823,0.0609036,-0.844122,0.000139596,0.00347561,12
16.6352,0.163838,-0.33081,-0.0439823,0.062283,-0.846916,0.000133515,0.00348538,12
16.6387,0.162656,-0.335852,-0.0408407,0.0547463,-0.8478,0.000138394,0.00348282,12
16.6422,0.161474,-0.342574,-0.0408407,0.059662,-0.852945,0.0002399,0.00348073,12
16.6457,0.160217,-0.342574,-0.0408407,0.0746749,-0.80953,0.000128576,0.00347421,12
16.6492,0.159035,-0.350417,-0.0408407,0.0980582,-0.760774,0.00012534,0.00348531,12
16.6527,0.157852,-0.352098,-0.0408407,0.128713,-0.673463,0.00013111,0.00348375,12
16.6562,0.156596,-0.35714,-0.0408407,0.166168,-0.574207,0.000128485,0.00348489,12
16.6597,0.15534,-0.360501,-0.0376991,0.172802,-0.527228,0.00014172,0.00348309,9
16.6632,0.154084,-0.35714,-0.0376991,0.182939,-0.489996,0.000202131,0.00348552,9
16.6667,0.152827,-0.35714,-0.0376991,0.193754,-0.4595,0.000176643,0.00348294,9
16.6702,0.151571,-0.360501,-0.0376991,0.203049,-0.442507,0.000278511,0.00347997,9
16.6737,0.150315,-0.355459,-0.0376991,0.209254,-0.412967,0.000214674,0.00348377,9
16.6772,0.149058,-0.355459,-0.0376991,0.211427,-0.409071,0.000263683,0.00348364,9
16.6807,0.147802,-0.360501,-0.0345575,0.195827,-0.43494,0.000242845,0.00348281,9
16.6842,0.146546,-0.452938,-0.0345575,0.185076,-0.713457,0.000230402,0.00347827,9
16.6877,0.145363,-0.353779,-0.0345575,0.178235,-0.47686,0.000246031,0.00348481,9
16.6912,0.144107,-0.348737,-0.0345575,0.175145,-0.475928,0.000327811,0.00347615,9
16.6947,0.142851,-0.348737,-0.0314159,0.163006,-0.477906,0.000250199,0.00348387,9
16.6982,0.141668,-0.35714,-0.0314159,0.165543,-0.494785,0.000255358,0.00348484,9
16.7017,0.140486,-0.347056,-0.0314159,0.158718,-0.491951,0.000260958,0.00348324,9
16.7052,0.139229,-0.347056,-0.0314159,0.155016,-0.506137,0.000379315,0.00348551,9
16.7087,0.137973,-0.350417,-0.0282743,0.140853,-0.523169,0.000295602,0.00348239,9
16.7122,0.136791,-0.352098,-0.0282743,0.139167,-0.535397,0.00032713,0.00348264,9
16.7157,0.135534,-0.352098,-0.0282743,0.149488,-0.506425,0.00031621,0.00348308,9
16.7192,0.134278,-0.352098,-0.0282743,0.172285,-0.439049,0.000363456,0.00347679,9
16.7227,0.133022,-0.360501,-0.0282743,0.184622,-0.42593,0.000341556,0.00348281,9
16.7262,0.131839,-0.352098,-0.0282743,0.200082,-0.358916,0.000435298,0.0034825,9
16.7297,0.130509,-0.353779,-0.0282743,0.219607,-0.306187,0.000418818,0.00346559,9
16.7332,0.129327,-0.355459,-0.0282743,0.220574,-0.310251,0.000400724,0.00347773,9
16.7367,0.12807,-0.345936,-0.0251327,0.203296,-0.303048,0.000424659,0.0034828,9
16.7402,0.126888,-0.342574,-0.0251327,0.191026,-0.33462,0.000404872,0.00348241,9
16.7437,0.125706,-0.345936,-0.0251327,0.183449,-0.369392,0.000424508,0.00348318,9
16.7472,0.124523,-0.339213,-0.0251327,0.181037,-0.361799,0.000407006,0.00348267,9
16.7507,0.123341,-0.344255,-0.0251327,0.185045,-0.365326,0.000424578,0.00348281,9
16.7542,0.122084,-0.339213,-0.0251327,0.173163,-0.391454,0.000431321,0.00347664,9
16.7577,0.120902,-0.337532,-0.0251327,0.159447,-0.431887,0.000403911,0.00347753,9
16.7612,0.11972,-0.334171,-0.0251327,0.145154,-0.469687,0.000433435,0.00348467,9
16.7647,0.118537,-0.334171,-0.0219912,0.118738,-0.515444,0.000446439,0.00348534,9
16.7682,0.117355,-0.340894,-0.0219912,0.105022,-0.577935,0.000451077,0.00348363,9
16.7717,0.116246,-0.334171,-0.0219912,0.105262,-0.562013,0.000465864,0.00348553,9
16.7752,0.115064,-0.335852,-0.0219912,0.0971485,-0.594026,0.000476183,0.00348302,9
16.7787,0.113881,-0.337532,-0.0219912,0.0947361,-0.608492,0.000488125,0.00348525,9
16.7822,0.112699,-0.340894,-0.0219912,0.0992813,-0.605954,0.000495508,0.00348403,9
16.7857,0.111517,-0.335852,-0.0219912,0.112668,-0.554144,0.000482715,0.00348194,9
16.7892,0.110334,-0.340894,-0.0219912,0.113057,-0.568811,0.000515815,0.00348471,9
16.7927,0.109078,-0.345936,-0.0219912,0.114817,-0.57942,0.0004964,0.00348563,9
16.7962,0.107895,-0.345936,-0.0219912,0.119362,-0.568059,0.000513862,0.00348312,9
16.7997,0.106713,-0.347056,-0.0188496,0.115148,-0.548422,0.000537666,0.00348521,9
16.8032,0.105531,-0.342574,-0.0188496,0.102489,-0.57825,0.000538858,0.0034819,9
16.8067,0.104348,-0.340894,-0.0188496,0.093557,-0.603959,0.00052365,0.00347575,9
16.8102,0.103092,-0.345936,-0.0188496,0.0875665,-0.638425,0.000517929,0.00348019,9
16.8137,0.101909,-0.344255,-0.015708,0.0707759,-0.650145,0.000520273,0.0034786,9
16.8172,0.100727,-0.340894,-0.015708,0.0656526,-0.659719,0.000552153,0.00348473,9
16.8207,0.0994707,-0.348737,-0.015708,0.0709405,-0.666824,0.00053458,0.00348559,9
16.8242,0.0982883,-0.35714,-0.015708,0.0860117,-0.645122,0.000519562,0.00348184,9
16.8277,0.097032,-0.364983,-0.015708,0.110866,-0.592003,0.000500217,0.00348562,9
16.8312,0.0957757,-0.363863,-0.0125664,0.108353,-0.561412,0.000529861,0.00348403,9
16.8347,0.0944454,-0.366664,-0.0125664,0.113269,-0.556592,0.000546362,0.00348559,9
16.8382,0.0931891,-0.40756,-0.0125664,0.123258,-0.635988,0.000536434,0.00348181,9
16.8417,0.0919328,-0.363863,-0.0125664,0.136594,-0.483034,0.00052394,0.00347929,9
16.8452,0.0906765,-0.364983,-0.0125664,0.152177,-0.440804,0.00056213,0.00348433,9
16.8487,0.0894202,-0.362182,-0.0125664,0.169537,-0.382811,0.000527617,0.0034857,9
16.8522,0.0881639,-0.362182,-0.0125664,0.188831,-0.326219,0.000543126,0.00348409,9
16.8557,0.0869075,-0.363863,-0.0125664,0.210843,-0.265671,0.000529721,0.00348559,9
16.8592,0.0856512,-0.363863,-0.0125664,0.212636,-0.262945,0.000546993,0.00348413,9
16.8627,0.0843949,-0.358821,-0.0125664,0.207481,-0.268372,0.000542865,0.00348437,9
16.8662,0.0831386,-0.35714,-0.0125664,0.19569,-0.303044,0.00056742,0.00348379,9
16.8697,0.0818823,-0.352098,-0.00942478,0.164622,-0.350051,0.000536904,0.00346961,9
16.8732,0.0806999,-0.358821,-0.00942478,0.137842,-0.45275,0.000591745,0.00348515,9
16.8767,0.0794435,-0.350417,-0.00942478,0.115194,-0.503194,0.000557091,0.00348557,9
16.8802,0.0781872,-0.350417,-0.00942478,0.0971485,-0.561528,0.00055641,0.00348382,9
16.8837,0.0770048,-0.353779,-0.00628319,0.0713769,-0.614126,0.000576297,0.0034854,9
16.8872,0.0757485,-0.352098,-0.00628319,0.0619162,-0.641626,0.00058916,0.00348193,9
16.8907,0.0744922,-0.35714,-0.00628319,0.0692374,-0.63512,0.000585654,0.0034705,9
16.8942,0.0732359,-0.362182,-0.00628319,0.0702454,-0.648045,0.000568893,0.00348242,9
16.8977,0.0719795,-0.364983,-0.00314159,0.0647832,-0.636826,0.000591705,0.00348193,9
16.9012,0.0707232,-0.368344,-0.00314159,0.075632,-0.61505,0.000597275,0.00348453,9
16.9047,0.069393,-0.375067,-0.00314159,0.102007,-0.554475,0.000579552,0.00348546,9
16.9082,0.0680628,-0.371706,-0.00314159,0.119556,-0.494593,0.000589692,0.00348346,9
16.9117,0.0668065,-0.542573,-0.00314159,0.140296,-0.882064,0.000571247,0.00348529,9
16.9152,0.0654763,-0.373386,-0.00314159,0.163439,-0.369686,0.000590142,0.00348296,9
16.9187,0.0642199,-0.375067,-0,0.175403,-0.301891,0.000548586,0.0034854,9
16.9222,0.0629636,-0.371706,-0,0.198968,-0.223329,0.000464462,0.00348324,9
16.9257,0.0616334,-0.366664,-0,0.208999,-0.182179,0.000368615,0.00346932,9
16.9292,0.0603771,-0.364983,-0,0.216724,-0.156783,0.000279843,0.0034853,9
16.9327,0.0591947,-0.368344,-0,0.220574,-0.156384,0.000178457,0.00348568,9
16.9362,0.0579384,-0.368344,-0,0.219607,-0.162153,0.000131461,0.00348336,12
16.9397,0.056682,-0.362182,-0,0.213509,-0.167538,0.00012004,0.00348533,12
16.9432,0.0554996,-0.360501,0.00314159,0.189167,-0.202502,0.000139697,0.00348236,14
16.9467,0.0541694,-0.360501,0.00314159,0.169832,-0.26497,0.000121292,0.00348577,14
16.9502,0.052987,-0.348737,0.00314159,0.15519,-0.281783,0.000133925,0.00348413,14
16.9537,0.0517307,-0.350417,0.00314159,0.145713,-0.318156,0.000124008,0.00348559,13
16.9572,0.0504744,-0.355459,0.00628319,0.129229,-0.346744,0.000173117,0.00348473,13
16.9607,0.049218,-0.358821,0.00628319,0.130089,-0.355714,0.000194707,0.00348532,13
16.9642,0.0480356,-0.348737,0.00628319,0.124883,-0.347895,0.000230313,0.00348402,13
16.9677,0.0467793,-0.348737,0.00628319,0.126726,-0.345016,0.000242585,0.00348528,13
16.9712,0.045523,-0.355459,0.00942478,0.12266,-0.339792,0.000296343,0.00348395,13
16.9747,0.0442667,-0.352098,0.00942478,0.136253,-0.291926,0.000377703,0.00348545,13
16.9782,0.0430104,-0.352098,0.00942478,0.143309,-0.273001,0.0003654,0.00348418,13
16.9817,0.041754,-0.355459,0.00942478,0.156157,-0.24507,0.000369046,0.00347628,13
16.9852,0.0407194,-0.213724,0.00942478,0.174484,0.181082,0.000425339,0.00348295,13
16.9887,0.0393153,-0.345936,0.00942478,0.198761,-0.0943636,0.000435889,0.00348577,13
16.9922,0.0382068,-0.335852,0.00942478,0.205891,-0.0484107,0.00046935,0.00348306,10
16.9957,0.0370244,-0.329129,0.00942478,0.209147,-0.0233721,0.000508722,0.00348529,10
16.9992,0.035842,-0.324647,0.00942478,0.208999,-0.0146927,0.000532256,0.00348303,10
17.0027,0.0347335,-0.319605,0.0125664,0.193117,-0.0146264,0.000675539,0.00348077,10
17.0062,0.0336249,-0.308401,0.0125664,0.185541,-0.0110005,0.000624635,0.00348383,10
17.0097,0.0325164,-0.310082,0.0125664,0.186739,-0.0141872,0.000630917,0.00348506,10
17.0132,0.0314818,-0.311202,0.0125664,0.173618,-0.0598142,0.000663877,0.00348472,10
17.0167,0.0303733,-0.296636,0.0125664,0.159447,-0.0676598,0.000716894,0.00348539,10
17.0202,0.0293387,-0.296636,0.0125664,0.144699,-0.115354,0.00071946,0.00348395,7
17.0237,0.0283041,-0.303359,0.0125664,0.130471,-0.179093,0.000115682,0.00348567,7
17.0272,0.0274173,-0.292155,0.0125664,0.118491,-0.188527,0.000134677,0.00348371,14
17.0307,0.0263826,-0.293275,0.0125664,0.111113,-0.216475,0.000130709,0.00348448,14
17.0342,0.0254219,-0.293275,0.0125664,0.111321,-0.217971,0.000133245,0.00348373,14
17.0377,0.0243873,-0.293275,0.0125664,0.098374,-0.260121,0.000126602,0.00348091,14
17.0412,0.0233527,-0.292155,0.0125664,0.0877407,-0.292208,0.000131151,0.00348516,14
17.0447,0.022392,-0.285432,0.0125664,0.081933,-0.294573,0.000150436,0.00348587,14
17.0482,0.0213574,-0.283751,0.0125664,0.0839338,-0.286303,0.000137272,0.00348224,14
17.0517,0.0203967,-0.282071,0.0125664,0.0728458,-0.318154,0.000132282,0.003484,14
17.0552,0.019436,-0.275348,0.0125664,0.0638236,-0.330413,0.000133014,0.00348329,14
17.0587,0.0184752,-0.274228,0.0125664,0.0589081,-0.344737,0.000127764,0.00348513,14
17.0622,0.0175145,-0.270866,0.0125664,0.0604541,-0.333291,0.000157278,0.00348396,14
17.0657,0.0166277,-0.269186,0.0125664,0.0467796,-0.37294,0.000148442,0.00348588,14
17.0692,0.015667,-0.265824,0.0125664,0.032097,-0.411444,0.000132973,0.00348518,14
17.0727,0.0147802,-0.257421,0.0125664,0.0173483,-0.436752,0.000123056,0.00348555,14
17.0762,0.0138934,-0.371706,0.0125664,0.0036326,-0.780927,0.000132883,0.00348428,14
17.0797,0.0129327,-0.25462,0.0125664,-0.00779426,-0.510892,0.000200448,0.00347641,14
17.0832,0.0120459,-0.252939,0.0125664,-0.0155194,-0.532229,0.000126522,0.00348429,14
17.0867,0.011159,-0.259102,0.0125664,-0.0179728,-0.557928,0.000243106,0.0034805,14
17.0902,0.0102722,-0.256301,0.0125664,-0.0134276,-0.538557,0.000129737,0.00348448,14
17.0937,0.00938542,-0.260782,0.0125664,-0,-0.510963,0.000136801,0.00347755,14
17.0972,0.00849861,-0.260782,0.0125664,-0,-0.512935,0.000137061,0.0034845,14
17.1007,0.0076118,-0.262463,0.0125664,-0,-0.519318,0.000251942,0.00347908,14
17.1042,0.00665109,-0.257421,0.0125664,-0,-0.508218,0.00013095,0.00348392,14
17.1077,0.00576428,-0.264144,0.0125664,-0,-0.527836,0.000133855,0.0034849,14
17.1112,0.00487746,-0.270866,0.0125664,-0,-0.547454,0.000148492,0.00348088,14
17.1147,0.00391675,-0.260782,0.0125664,-0,-0.52312,0.000251121,0.00347838,14
17.1182,0.00295604,-0.264144,0.0125664,-0,-0.534078,0.000167827,0.00348431,14
17.1217,0.00206923,-0.265824,0.0125664,-0,-0.540461,0.000139586,0.00346918,14
17.1252,0.00118242,-0.270866,0.0125664,-0,-0.555667,0.000140337,0.00348412,14
17.1287,0.000221703,-0.265824,0.0125664,-0,-0.544568,0.000159483,0.00348347,14
17.1322,-0.000665108,-0.265824,0.0125664,-0,-0.54654,0.00013597,0.00348533,14
17.1357,-0.00162582,-0.262463,0.015708,-0.0134277,-0.543005,0.000166695,0.00347826,14
17.1392,-0.00251263,-0.267505,0.015708,-0.0179728,-0.5722,0.00013068,0.00348461,14
17.1427,-0.00347334,-0.270866,0.015708,-0.0155194,-0.575608,0.000135558,0.00348492,14
17.1462,-0.00443406,-0.265824,0.015708,-0.00779425,-0.540731,0.000141679,0.00348392,14
17.1497,-0.00532087,-0.270866,0.015708,0.00363263,-0.520766,0.000202421,0.00347637,14
17.1532,-0.00628158,-0.264144,0.015708,0.0173484,-0.46304,0.000131831,0.00348508,14
17.1567,-0.00716839,-0.267505,0.015708,0.032097,-0.42844,0.000136561,0.00347551,14
17.1602,-0.00812911,-0.269186,0.015708,0.0467795,-0.389796,0.000142651,0.0034837,13
17.1637,-0.00908982,-0.270866,0.0188496,0.0470264,-0.357407,0.000269605,0.00347778,13
17.1672,-0.0100505,-0.274228,0.0188496,0.0543629,-0.345784,0.000173639,0.00348425,13
17.1707,-0.0109373,-0.267505,0.0188496,0.066277,-0.293439,0.000204194,0.00347711,13
17.1742,-0.0118981,-0.257421,0.0188496,0.0805709,-0.22511,0.000237395,0.00348339,13
17.1777,-0.0127849,-0.396356,0.0188496,0.0953606,-0.546251,0.000302665,0.00348391,13
17.1812,-0.0136717,-0.256301,0.0188496,0.109076,-0.138374,0.000302254,0.00348631,13
17.1847,-0.0145585,-0.246217,0.0188496,0.120462,-0.0788317,0.000352265,0.00345991,13
17.1882,-0.0154453,-0.247897,0.0219912,0.115148,-0.0633941,0.000350423,0.00348179,13
17.1917,-0.0162582,-0.236693,0.0219912,0.114817,-0.0368099,0.000374848,0.003481,13
17.1952,-0.0170711,-0.236693,0.0219912,0.117271,-0.0310654,0.000383573,0.00348437,13
17.1987,-0.017884,-0.22829,0.0219912,0.120782,-7.36568e-06,0.00042021,0.00347992,13
17.2022,-0.0186969,-0.222127,0.0219912,0.124095,0.0245589,0.000448993,0.00348342,13
17.2057,-0.0195099,-0.218766,0.0219912,0.126425,0.0387466,0.00049105,0.0034755,10
17.2092,-0.0202489,-0.212043,0.0219912,0.127458,0.0579292,0.000526105,0.00348628,10
17.2127,-0.0209879,-0.210363,0.0219912,0.127351,0.0603682,0.000559376,0.00348318,10
17.2162,-0.0217269,-0.210363,0.0219912,0.126731,0.0568192,0.000594951,0.00348532,10
17.2197,-0.022392,-0.197477,0.0219912,0.126699,0.0890629,0.000630616,0.00348289,10
17.2232,-0.0230571,-0.190755,0.0219912,0.128823,0.111769,0.000661363,0.0034857,10
17.2267,-0.0237222,-0.186273,0.0219912,0.135145,0.141513,0.000700585,0.00348372,10
17.2302,-0.0243873,-0.184592,0.0219912,0.123825,0.109605,0.000116764,0.00348561,7
17.2337,-0.0249046,-0.17955,0.0219912,0.109076,0.0762948,0.00019099,0.00347409,14
17.2372,-0.0255697,-0.169466,0.0219912,0.0919978,0.0487196,0.00012508,0.00348651,14
17.2407,-0.0261609,-0.168346,0.0219912,0.0740022,-0.0050424,0.000148562,0.00347986,14
17.2442,-0.0266782,-0.156581,0.0219912,0.0568163,-0.0282075,0.000126101,0.00348562,14
17.2477,-0.0272695,-0.154901,0.0188496,0.0559089,-0.0660793,0.000145637,0.00348384,14
17.2512,-0.0277868,-0.15322,0.0188496,0.0513247,-0.0769273,0.000130359,0.00348566,14
17.2547,-0.0283041,-0.143696,0.0188496,0.0476164,-0.0644922,0.000147661,0.00348081,14
17.2582,-0.0287475,-0.142016,0.0188496,0.0251426,-0.130238,0.000129417,0.00348549,14
17.2617,-0.0292648,-0.138654,0.0188496,-0,-0.199951,0.000137452,0.00347572,14
17.2652,-0.0297082,-0.129131,0.015708,-0.0117149,-0.250171,0.00012008,0.00348651,14
17.2687,-0.0301516,-0.124089,0.015708,-0.0296434,-0.293105,0.000134727,0.00348341,14
17.2722,-0.030595,-0.122408,0.015708,-0.0492329,-0.349973,0.000130199,0.00348584,14
17.2757,-0.0310384,-0.120727,0.015708,-0.0660875,-0.398424,0.000144074,0.00348309,14
17.2792,-0.0314079,-0.120727,0.015708,-0.0759683,-0.429658,0.000125971,0.00348609,14
17.2827,-0.0318513,-0.114565,0.015708,-0.0991447,-0.485802,0.00011967,0.00348599,14
17.2862,-0.0322208,-0.120727,0.0125664,-0.107034,-0.565259,0.000128936,0.0034861,14
17.2897,-0.0326642,-0.115685,0.0125664,-0.120535,-0.594563,0.000145778,0.0034804,14
17.2932,-0.0330337,-0.115685,0.0125664,-0.136663,-0.645024,0.000123977,0.00348729,14
17.2967,-0.0334771,-0.119047,0.0125664,-0.152907,-0.70483,0.000125901,0.003485,14
17.3002,-0.0339205,-0.120727,0.0125664,-0.167225,-0.7543,0.00012571,0.00348623,14
17.3037,-0.03429,-0.124089,0.0125664,-0.178049,-0.797259,0.000123727,0.00348561,14
17.3072,-0.0347335,-0.122408,0.0125664,-0.184279,-0.813008,0.000119369,0.00348638,14
17.3107,-0.0351769,-0.129131,0.00942478,-0.17186,-0.83159,0.000123386,0.00348491,14
17.3142,-0.0356203,-0.132492,0.00942478,-0.162944,-0.813956,0.000129438,0.00348583,14
17.3177,-0.0360637,-0.135293,0.00942478,-0.155961,-0.800803,0.000120852,0.00348633,14
17.3212,-0.036581,-0.136974,0.00942478,-0.14997,-0.787926,0.000117375,0.00348762,14
17.3247,-0.0370244,-0.133612,0.00942478,-0.144658,-0.763736,0.000121302,0.00348601,14
17.3282,-0.0375417,-0.140335,0.00942478,-0.140337,-0.769232,0.000126232,0.00347775,14
17.3317,-0.0379851,-0.138654,0.00942478,-0.137949,-0.758458,0.00012028,0.00348557,14
17.3352,-0.0385024,-0.140335,0.00942478,-0.139065,-0.767455,0.000119358,0.00348629,14
17.3387,-0.0388719,-0.0428568,0.00942478,-0.145883,-0.533389,0.000121082,0.00348604,14
17.3422,-0.0394631,-0.135293,0.00942478,-0.136877,-0.749621,0.00012532,0.00348672,14
17.3457,-0.0399065,-0.140335,0.00942478,-0.126731,-0.732613,0.000144946,0.00348491,14
17.3492,-0.0404238,-0.147058,0.00942478,-0.117172,-0.721987,0.000119239,0.00348764,14
17.3527,-0.0409411,-0.142016,0.00942478,-0.110397,-0.689051,0.000120671,0.0034864,14
17.3562,-0.0414584,-0.143696,0.00942478,-0.109076,-0.690547,0.000126282,0.00348569,14
17.3597,-0.0419019,-0.147058,0.00942478,-0.0919978,-0.647789,0.000124459,0.00348447,14
17.3632,-0.0424192,-0.148738,0.00942478,-0.0740022,-0.597962,0.000128486,0.0034852,14
17.3667,-0.0429365,-0.148738,0.00942478,-0.0568164,-0.546216,0.000122124,0.00348584,13
17.3702,-0.0434538,-0.151539,0.00628319,-0.0290537,-0.507444,0.000214884,0.00348631,13
17.3737,-0.044045,-0.148738,0.00628319,-0.0153791,-0.459316,0.000230052,0.00348134,13
17.3772,-0.0445623,-0.150419,0.00628319,-0.0165776,-0.468567,0.000253575,0.00348397,13
17.3807,-0.0450796,-0.150419,0.00628319,-0.0095541,-0.448099,0.000277058,0.00348086,13
17.3842,-0.0455969,-0.145377,0.00628319,-0.00726526,-0.428969,0.000312674,0.00348244,13
17.3877,-0.0461142,-0.147058,0.00628319,-0.0095541,-0.441576,0.00038207,0.0034823,13
17.3912,-0.0466315,-0.148738,0.00628319,-0.0165776,-0.468755,0.000364328,0.00348269,13
17.3947,-0.0471488,-0.147058,0.00628319,-0.0288067,-0.503133,0.000393311,0.00348181,13
17.3982,-0.0476661,-0.143696,0.00628319,-0.0470265,-0.551538,0.000407517,0.00348296,13
17.4017,-0.0481095,-0.147058,0.00628319,-0.0723357,-0.639247,0.00043658,0.0034825,13
17.4052,-0.0486268,-0.138654,0.00628319,-0.0817964,-0.647458,0.000525283,0.00348397,13
17.4087,-0.0491441,-0.142016,0.00628319,-0.0883652,-0.677649,0.000497683,0.00348286,10
17.4122,-0.0495876,-0.140335,0.00628319,-0.0917281,-0.684573,0.000515855,0.00348245,10
17.4157,-0.0501049,-0.145377,0.00628319,-0.0917281,-0.698958,0.000562662,0.00348237,10
17.4192,-0.0506222,-0.145377,0.00314159,-0.0749375,-0.686605,0.000587227,0.00348287,10
17.4227,-0.0511395,-0.148738,0.00314159,-0.0638236,-0.66237,0.000623072,0.00348261,10
17.4262,-0.0516568,-0.148738,0.00314159,-0.0568164,-0.641952,0.000642878,0.00348277,10
17.4297,-0.0521741,-0.150419,0.00314159,-0.0526599,-0.634721,0.000664147,0.00348168,10
17.4332,-0.0527653,-0.15322,0.00314159,-0.0504122,-0.636469,0.000697028,0.0034842,10
17.4367,-0.0532826,-0.15322,0.00314159,-0.0494453,-0.634643,0.000723657,0.00348268,10
17.4402,-0.0537999,-0.15322,0.00314159,-0.0494453,-0.635793,0.000740227,0.00348302,10
17.4437,-0.0543911,-0.156581,0.00314159,-0.0504122,-0.648907,0.000117866,0.00348269,7
17.4472,-0.0548345,-0.15322,0.00314159,-0.0526599,-0.647987,0.000120711,0.00348596,14
17.4507,-0.0553518,-0.161623,0.00314159,-0.0568164,-0.683988,0.000127163,0.00348487,14
17.4542,-0.055943,-0.164985,0.00314159,-0.0638236,-0.715693,0.000120161,0.00348647,14
17.4577,-0.0565342,-0.168346,0.00314159,-0.0749375,-0.760038,0.000122365,0.00348602,14
17.4612,-0.0571254,-0.166665,0.00628319,-0.105156,-0.811773,0.000143152,0.00348734,14
17.4647,-0.0576428,-0.166665,0.00628319,-0.109701,-0.826913,0.000123036,0.00348552,14
17.4682,-0.058234,-0.169466,0.00628319,-0.103885,-0.817678,0.000122665,0.00348625,14
17.4717,-0.0588252,-0.169466,0.00628319,-0.0895907,-0.774997,0.000123767,0.00348528,14
17.4752,-0.0594903,-0.174508,0.00628319,-0.0687031,-0.72542,0.000121633,0.00348599,14
17.4787,-0.0600815,-0.182912,0.00628319,-0.0431058,-0.670006,0.000121072,0.00348606,14
17.4822,-0.0607466,-0.186273,0.00628319,-0.0146826,-0.592824,0.000134877,0.00348609,14
17.4857,-0.0613378,-0.184592,0.00942478,0.00125493,-0.502496,0.000122485,0.00348563,14
17.4892,-0.0620029,-0.187394,0.00942478,0.025133,-0.437833,0.000118597,0.00348715,14
17.4927,-0.062668,-0.187394,0.00942478,0.0531838,-0.352974,0.0001251,0.00347704,14
17.4962,-0.0633331,-0.17955,0.00942478,0.0817965,-0.245798,0.000122104,0.00348593,14
17.4997,-0.0639243,-0.184592,0.00942478,0.107517,-0.181181,0.000121463,0.00348543,14
17.5032,-0.0645894,-0.174508,0.00942478,0.127049,-0.0960725,0.000123086,0.0034861,14
17.5067,-0.0651807,-0.171147,0.00942478,0.137253,-0.0571582,0.00012043,0.00348626,14
17.5102,-0.0657719,-0.312883,0.00942478,0.135145,-0.437004,0.000122765,0.00348594,14
17.5137,-0.0663631,-0.159943,0.0125664,0.128823,-0.0181461,0.000121292,0.00348628,14
17.5172,-0.0668804,-0.159943,0.0125664,0.126699,-0.0258341,0.00014165,0.00348718,14
17.5207,-0.0674716,-0.156581,0.0125664,0.126731,-0.0182251,0.000131652,0.0034827,14
17.5242,-0.0679889,-0.154901,0.0125664,0.12735,-0.0130572,0.000134076,0.00348577,14
17.5277,-0.0685062,-0.151539,0.0125664,0.127458,-0.00505407,0.000125089,0.00348629,14
17.5312,-0.0690235,-0.136974,0.0125664,0.126425,0.0288506,0.000120612,0.00348554,14
17.5347,-0.0694669,-0.138654,0.0125664,0.124095,0.0162819,0.000126101,0.00348556,14
17.5382,-0.0699842,-0.130811,0.0125664,0.120782,0.0255222,0.000120752,0.00348621,14
17.5417,-0.0704276,-0.130811,0.0125664,0.11727,0.0137292,0.000124859,0.00348257,14
17.5452,-0.070871,-0.124089,0.0125664,0.114817,0.0228384,0.00012004,0.00348699,14
17.5487,-0.0712405,-0.119047,0.0125664,0.115148,0.0362715,0.000122024,0.00348601,14
17.5522,-0.0716839,-0.115685,0.0125664,0.120462,0.0604645,0.000127484,0.00348636,14
17.5557,-0.0720534,-0.109523,0.0125664,0.109076,0.0407749,0.000120622,0.00348632,14
17.5592,-0.0724229,-0.104481,0.0125664,0.0953607,0.0109727,0.000140588,0.00348643,14
17.5627,-0.0727924,-0.0977584,0.0125664,0.0805709,-0.0177239,0.000120341,0.00348609,14
17.5662,-0.0730881,-0.0932766,0.0125664,0.066277,-0.050612,0.000142101,0.0034855,14
17.5697,-0.0733837,-0.086554,0.0125664,0.0543629,-0.0702931,0.000121273,0.00348603,14
17.5732,-0.0736793,-0.0831926,0.0125664,0.0470265,-0.0847079,0.000118056,0.00348746,14
17.5767,-0.0739749,-0.0798313,0.0125664,0.0467796,-0.0773019,0.000121432,0.0034863,14
17.5802,-0.0742705,-0.0798313,0.0125664,0.032097,-0.12315,0.000158811,0.00348606,13
17.5837,-0.0744922,-0.0770302,0.0125664,0.0173483,-0.161685,0.000216266,0.00348597,13
17.5872,-0.0747878,-0.0686269,0.0125664,0.0036326,-0.1825,0.000274072,0.00348201,13
17.5907,-0.0750095,-0.0669463,0.0125664,-0.00779426,-0.213752,0.000267721,0.00348278,13
17.5942,-0.0752312,-0.0635849,0.0125664,-0.0155194,-0.229199,0.000287306,0.00348183,13
17.5977,-0.0754529,-0.0574225,0.00942478,-0.00454515,-0.217915,0.000368095,0.00348288,13
17.6012,-0.0756007,-0.0540612,0.00942478,0.00454522,-0.181441,0.000361834,0.00348401,13
17.6047,-0.0758224,-0.0540612,0.00942478,0.0155194,-0.148156,0.000401677,0.00348292,13
17.6082,-0.0760441,-0.0557419,0.00942478,0.00779427,-0.176838,0.000417546,0.00348246,13
17.6117,-0.0761919,-0.0490192,0.00942478,-0.00363262,-0.194691,0.000454143,0.00347996,13
17.6152,-0.0764136,-0.0490192,0.00942478,-0.0173484,-0.237399,0.000481814,0.00348175,13
17.6187,-0.0765614,-0.0456579,0.00942478,-0.032097,-0.2743,0.000498554,0.00348273,10
17.6222,-0.0767092,-0.0456579,0.00942478,-0.0467796,-0.31982,0.000530292,0.0034822,10
17.6257,-0.076857,-0.0428568,0.00628319,-0.0470265,-0.351732,0.000577559,0.0034827,10
17.6292,-0.0769309,-0.0378148,0.00628319,-0.0543629,-0.361242,0.000591976,0.00348399,10
17.6327,-0.0770787,-0.0394955,0.00628319,-0.0662771,-0.402653,0.000655973,0.00348293,10
17.6362,-0.0772265,-0.0378148,0.00628319,-0.080571,-0.442565,0.00066535,0.00348237,10
17.6397,-0.0773743,-0.0344535,0.00314159,-0.0819331,-0.476439,0.000704572,0.00348287,10
17.6432,-0.0774482,-0.0344535,0.00314159,-0.0911036,-0.504829,0.000733565,0.00348258,10
17.6467,-0.077596,-0.0344535,0.00314159,-0.104943,-0.547753,0.000117005,0.00348292,7
17.6502,-0.0776699,-0.0361342,0.00314159,-0.120782,-0.60108,0.000123055,0.00348534,14
17.6537,-0.0778177,-0.0394955,0.00314159,-0.136423,-0.658372,0.000121703,0.00348066,14
17.6572,-0.0779655,-0.0378148,0.00314159,-0.150138,-0.696505,0.000142692,0.00348599,14
17.6607,-0.0780394,-0.0361342,0.00314159,-0.160673,-0.724683,0.000120411,0.00347723,14
17.6642,-0.0781872,-0.0456579,-0,-0.153814,-0.767075,0.000127835,0.00347718,12
17.6677,-0.078335,-0.0428568,-0,-0.151558,-0.753107,0.000646445,0.00348614,15
17.6712,-0.0785567,-0.0490192,-0,-0.152177,-0.771681,0.00054554,0.00348,9
17.6747,-0.0787045,-0.0540612,-0,-0.154573,-0.792619,0.000454033,0.00348265,9
17.6782,-0.0789262,-0.0591032,-0,-0.158275,-0.817741,0.000374827,0.00348276,9
17.6817,-0.079074,-0.0607838,-0,-0.163439,-0.838377,0.000281596,0.0034829,9
17.6852,-0.0792957,-0.0607838,-0,-0.170852,-0.861683,0.00019609,0.00348388,9
17.6887,-0.0795174,-0.0652656,-0,-0.181924,-0.908021,0.000146629,0.00348291,12
17.6922,-0.0797391,-0.0686269,-0,-0.174348,-0.894017,0.000123878,0.00348416,12
17.6957,-0.0799608,-0.0703076,-0,-0.16202,-0.860978,0.000120251,0.00348611,12
17.6992,-0.0801826,-0.0719882,-0,-0.145883,-0.816215,0.000124178,0.0034844,12
17.7027,-0.0804782,-0.0831926,-0,-0.12735,-0.789241,0.000118257,0.00348663,12
17.7062,-0.0807738,-0.0899153,-0,-0.108306,-0.748926,0.00012591,0.00348354,12
17.7097,-0.0810694,-0.0798313,-0,-0.0911036,-0.670168,0.000118016,0.00348391,12
17.7132,-0.081365,-0.0932766,-0,-0.0785702,-0.667541,0.000124047,0.00348672,12
17.7167,-0.0816606,-0.0932766,-0,-0.0740022,-0.654138,0.000118868,0.00348586,12
17.7202,-0.0820301,-0.0932766,-0,-0.0568164,-0.602063,0.00011949,0.00348607,12
17.7237,-0.0823257,-0.0966379,-0,-0.0424813,-0.567422,0.000119449,0.00348618,12
17.7272,-0.0826952,-0.104481,-0,-0.0333519,-0.560731,0.000122465,0.00348552,12
17.7307,-0.0830647,-0.1028,-0,-0.032097,-0.553278,0.000119219,0.00348592,12
17.7342,-0.0833603,-0.10112,-0,-0.0173484,-0.504129,0.000613775,0.00348554,15
17.7377,-0.0838037,-0.10112,-0,-0.00363263,-0.462899,0.000511578,0.00347489,9
17.7412,-0.0840993,-0.0977584,-0,0.00779426,-0.419562,0.000425049,0.00348377,9
17.7447,-0.0844688,-0.099439,-0,0.0155194,-0.401018,0.00037647,0.00348285,9
17.7482,-0.0848383,-0.099439,-0,0.0179728,-0.394288,0.000245259,0.00348082,9
17.7517,-0.0851339,-0.099439,-0,0.0134277,-0.408935,0.000122755,0.00348168,9
17.7552,-0.0854295,-0.0932766,-0,-0,-0.434745,0.000126372,0.00348516,12
17.7587,-0.085799,-0.0977584,-0,-0,-0.447331,0.000129297,0.00348445,12
17.7622,-0.0861685,-0.0966379,-0,-0,-0.445211,0.000124678,0.00348572,12
17.7657,-0.0864641,-0.0949573,-0,-0,-0.441456,0.000123927,0.00348219,12
17.7692,-0.0868336,-0.0932766,-0,-0,-0.437866,0.000356423,0.0034617,12
17.7727,-0.0872031,-0.0966379,-0,-0,-0.447511,0.000122093,0.00348511,12
17.7762,-0.0874987,-0.0949573,-0,-0,-0.443756,0.000151718,0.00347297,12
17.7797,-0.0877943,-0.0966379,0.00314159,-0.0134277,-0.451978,0.000122034,0.00348601,13
17.7832,-0.0881639,-0.0932766,0.00314159,-0.0179728,-0.457965,0.000122564,0.00348582,14
17.7867,-0.0884595,-0.0899153,0.00314159,-0.0155194,-0.442248,0.000121903,0.00348584,14
17.7902,-0.088829,-0.0949573,0.00314159,-0.00779426,-0.432527,0.000128385,0.00348611,14
17.7937,-0.0891246,-0.0899153,0.00314159,0.00363263,-0.384778,0.000121162,0.00347893,14
17.7972,-0.0894202,-0.0949573,0.00314159,0.0173484,-0.356455,0.000123897,0.00348431,14
17.8007,-0.0897897,-0.0899153,0.00314159,0.032097,-0.298646,0.000119329,0.00348643,14
17.8042,-0.0900853,-0.0899153,0.00314159,0.0467796,-0.254112,0.000124278,0.00348587,14
17.8077,-0.0903809,-0.086554,0.00314159,0.0604541,-0.203857,0.00011998,0.00348618,14
17.8112,-0.0907504,-0.0882346,0.00314159,0.0723357,-0.17252,0.000125621,0.00348554,14
17.8147,-0.0909721,-0.081512,0.00628319,0.0683688,-0.1294,0.000120981,0.00348625,14
17.8182,-0.0912677,-0.0770302,0.00628319,0.0703924,-0.112064,0.000123326,0.00348547,14
17.8217,-0.0915633,-0.0787109,0.00628319,0.0762087,-0.0992307,0.000121713,0.00348264,14
17.8252,-0.0918589,-0.0736689,0.00628319,0.0839338,-0.0628759,0.00012009,0.00348729,14
17.8287,-0.0919328,-0.00980385,0.00628319,0.0919978,0.12942,0.000120862,0.00348615,14
17.8322,-0.0922284,-0.124089,0.00628319,0.0991448,-0.149227,0.000121132,0.00348635,14
17.8357,-0.092524,-0.0607838,0.00628319,0.104433,0.0325614,0.00012531,0.00348631,14
17.8392,-0.0926718,-0.0506999,0.00628319,0.107234,0.0673234,0.000124718,0.00347593,14
17.8427,-0.0928935,-0.0540612,0.00628319,0.107234,0.0580074,0.000153261,0.003485,14
17.8462,-0.0930413,-0.0473386,0.00628319,0.104433,0.0667041,0.000122394,0.00348456,14
17.8497,-0.0931891,-0.0428568,0.00628319,0.0991448,0.0618641,0.000133555,0.00346631,14
17.8532,-0.0933369,-0.0394955,0.00628319,0.0919978,0.0483611,0.000121332,0.00348717,14
17.8567,-0.0934847,-0.0310922,0.00628319,0.0839338,0.0452702,0.000132122,0.00348634,14
17.8602,-0.0935586,-0.0277309,0.00628319,0.0762087,0.030152,0.00015792,0.00348363,14
17.8637,-0.0936325,-0.0232491,0.00628319,0.0703924,0.0238499,0.000131762,0.00348339,13
17.8672,-0.0937064,-0.0182071,0.00628319,0.0683688,0.0306919,0.000165303,0.00348424,13
17.8707,-0.0937803,-0.0131652,0.00628319,0.0723357,0.0559723,0.000371071,0.00345605,13
17.8742,-0.0937803,-0.0114845,0.00628319,0.0604541,0.0238135,0.000440107,0.00345772,13
17.8777,-0.0938542,-0.00532209,0.00628319,0.0467796,-0.00226397,0.000265537,0.00348554,13
17.8812,-0.0938542,-0.00028011,0.00314159,0.0455246,-0.0310679,0.000312473,0.00348167,13
17.8847,-0.0938542,0.00308121,0.00314159,0.0353212,-0.05365,0.000341596,0.00348277,13
17.8882,-0.0938542,-0.00028011,0.00314159,0.019152,-0.11224,0.000347086,0.00348271,13
17.8917,-0.0937803,-0.00028011,0.00314159,-0,-0.171024,0.000378814,0.00348242,13
17.8952,-0.0937803,0.00140055,0.00314159,-0.019152,-0.22556,0.000404161,0.00348227,13
17.8987,-0.0938542,-0.00028011,0.00314159,-0.0353212,-0.279903,0.00043118,0.00348298,13
17.9022,-0.0938542,0.00140055,0.00314159,-0.0455246,-0.306897,0.000445958,0.00348224,13
17.9057,-0.0938542,-0.00196077,0.00314159,-0.0467796,-0.319583,0.000475091,0.00348281,13
17.9092,-0.0938542,-0.00028011,0.00314159,-0.0604541,-0.35726,0.000549718,0.00348392,10
17.9127,-0.0938542,0.00140055,-0,-0.0589081,-0.386266,0.000423888,0.0034829,9
17.9162,-0.0938542,0.00140055,-0,-0.0638236,-0.401395,0.000358547,0.00348233,9
17.9197,-0.0938542,0.00308121,-0,-0.0728458,-0.424753,0.000265247,0.0034828,9
17.9232,-0.0938542,-0.00196077,-0,-0.0839338,-0.472116,0.000145788,0.00348256,9
17.9267,-0.0938542,-0.00532209,-0,-0.0953607,-0.51611,0.000129117,0.0034854,12
17.9302,-0.0938542,0.00140055,-0,-0.105714,-0.530329,0.000126873,0.00348567,12
17.9337,-0.0938542,-0.00196077,-0,-0.113893,-0.564329,0.000131602,0.00348617,12
17.9372,-0.0938542,-0.00364143,-0,-0.119115,-0.584813,0.00013059,0.00348615,12
17.9407,-0.0938542,-0.00364143,-0,-0.120908,-0.590331,0.000126532,0.00348604,12
17.9442,-0.0938542,-0.00196077,-0,-0.119115,-0.580401,0.000118677,0.0034859,12
17.9477,-0.0938542,-0.00028011,-0,-0.113893,-0.559917,0.000119529,0.0034861,12
17.9512,-0.0938542,0.00308121,-0,-0.105714,-0.525917,0.000121463,0.00348568,12
17.9547,-0.0938542,-0.00532209,-0,-0.0953607,-0.51611,0.000140868,0.00348591,12
17.9582,-0.0938542,-0.00028011,-0,-0.0839338,-0.467704,0.000117375,0.00348645,12
17.9617,-0.0938542,-0.00364143,-0,-0.0728458,-0.4424,0.000140147,0.00348369,12
17.9652,-0.0938542,0.00140055,-0,-0.0638236,-0.401395,0.000115492,0.00348705,12
17.9687,-0.0938542,0.00140055,-0,-0.0589081,-0.386266,0.000123086,0.0034861,12
17.9722,-0.0938542,0.00140055,-0,-0.0604541,-0.391025,0.00059957,0.00348625,15
17.9757,-0.0938542,-0.00028011,-0,-0.0467796,-0.353347,0.000497162,0.00347455,9
17.9792,-0.0938542,-0.00196077,-0.00314159,-0.0186693,-0.309415,0.000454634,0.00348261,9
17.9827,-0.0938542,-0.00196077,-0.00314159,0.000624473,-0.25003,0.000450105,0.00348228,9
17.9862,-0.0938542,-0.00028011,-0.00314159,0.0118868,-0.210954,0.000451097,0.00348309,9
17.9897,-0.0938542,0.00140055,-0.00314159,0.0155885,-0.195149,0.00044191,0.00348226,9
17.9932,-0.0938542,0.00140055,-0.00314159,0.0118868,-0.206543,0.000451467,0.00348373,9
17.9967,-0.0938542,0.00476187,-0.00314159,0.000624473,-0.232384,0.000448823,0.00348274,9
18.0002,-0.0938542,-0.00028011,-0.00314159,-0.0186693,-0.305003,0.000437933,0.00348241,9
18.0037,-0.0938542,0.00140055,-0.00314159,-0.0467796,-0.387112,0.00042524,0.00347323,9
18.0072,-0.0938542,-0.00196077,-0.00314159,-0.0604541,-0.438024,0.000428776,0.00348271,9
18.0107,-0.0938542,-0.00028011,-0.00314159,-0.0723357,-0.470183,0.000414489,0.00347328,9
18.0142,-0.0938542,0.00140055,-0.00314159,-0.0817964,-0.49489,0.000422615,0.00348275,9
18.0177,-0.0938542,0.00140055,-0.00314159,-0.0883652,-0.515108,0.000454503,0.00347638,9
18.0212,-0.0938542,-0.00028011,-0.00314159,-0.0917281,-0.529871,0.000416133,0.00348279,9
18.0247,-0.0938542,-0.00028011,-0.00314159,-0.0917281,-0.529871,0.000408589,0.0034826,9
18.0282,-0.0938542,-0.00028011,-0.00314159,-0.0883652,-0.51952,0.000433094,0.00348261,9
18.0317,-0.0938542,-0.00028011,-0.00314159,-0.0817964,-0.499302,0.00044189,0.00348219,9
18.0352,-0.0938542,-0.00196077,-0.00314159,-0.0723357,-0.474594,0.000394894,0.00348296,9
18.0387,-0.0938542,-0.00028011,-0.00314159,-0.0604541,-0.433612,0.000408449,0.0034817,9
18.0422,-0.0938542,0.00140055,-0.00314159,-0.0467796,-0.387112,0.000390977,0.0034829,9
18.0457,-0.0938542,0.00140055,-0.00314159,-0.032097,-0.34192,0.00038738,0.00348249,9
18.0492,-0.0938542,-0.00196077,-0.00314159,-0.0173484,-0.305349,0.000384645,0.00348406,9
18.0527,-0.0938542,-0.00028011,-0.00314159,-0.00363263,-0.258722,0.000386038,0.00348153,9
18.0562,-0.0938542,0.00140055,-0.00314159,0.00779426,-0.219139,0.000384706,0.00348292,9
18.0597,-0.0938542,-0.00196077,-0.00314159,0.0155194,-0.204185,0.00038762,0.00348288,9
18.0632,-0.0938542,-0.00028011,-0.00314159,0.0179728,-0.192222,0.000366222,0.00348295,9
18.0667,-0.0938542,0.00140055,-0.00314159,0.0134277,-0.2018,0.000361914,0.00348212,9
18.0702,-0.0938542,-0.00028011,-0.00314159,-0,-0.247541,0.000362434,0.00348291,9
18.0737,-0.0938542,0.00476187,-0.00314159,-0,-0.234306,0.000364088,0.00348255,9
18.0772,-0.0938542,0.00308121,-0.00314159,-0,-0.238717,0.000356804,0.0034839,9
18.0807,-0.0938542,-0.00196077,-0.00314159,-0,-0.251952,0.000358618,0.00348187,9
18.0842,-0.0938542,0.00308121,-0.00314159,-0,-0.238717,0.000350292,0.00348209,9
18.0877,-0.0938542,0.00140055,-0.00314159,-0,-0.243129,0.000378303,0.00346948,9
18.0912,-0.0938542,-0.00700275,-0.00314159,-0,-0.265187,0.000342909,0.00348286,9
18.0947,-0.0938542,-0.00028011,-0.00314159,-0,-0.247541,0.000356223,0.00348111,9
18.0982,-0.0938542,-0.00028011,-0.00314159,-0,-0.247541,0.000333061,0.00348172,9
18.1017,-0.0938542,-0.00196077,-0.00314159,-0,-0.251952,0.000341355,0.00348003,9
18.1052,-0.0938542,-0.00196077,-0.00314159,-0,-0.251952,0.000330115,0.00348385,9
18.1087,-0.0938542,0.00140055,-0.00314159,-0,-0.243129,0.000331187,0.0034826,9
18.1122,-0.0938542,-0.00532209,-0.00314159,-0,-0.260775,0.000326178,0.003481,9
18.1157,-0.0938542,-0.00028011,-0.00314159,-0,-0.247541,0.000339262,0.0034819,9
18.1192,-0.0938542,-0.00196077,-0.00314159,-0,-0.251952,0.000329734,0.00348206,9
18.1227,-0.0938542,-0.00028011,-0.00314159,-0,-0.247541,0.00034338,0.00348151,9
18.1262,-0.0938542,-0.00364143,-0.00314159,-0,-0.256364,0.000309938,0.0034827,9
18.1297,-0.0938542,-0.00196077,-0.00314159,-0,-0.251952,0.000336046,0.00348246,9
18.1332,-0.0938542,-0.00028011,-0.00314159,-0,-0.247541,0.000305861,0.00348402,9
18.1367,-0.0938542,-0.00364143,-0.00314159,-0,-0.256364,0.000335204,0.00348261,9
18.1402,-0.0938542,0.00308121,-0.00314159,-0,-0.238717,0.000296875,0.00348269,9
18.1437,-0.0938542,0.00140055,-0.00314159,-0,-0.243129,0.000358898,0.00348282,9
18.1472,-0.0938542,-0.00028011,-0.00314159,-0,-0.247541,0.000290904,0.00348253,9
18.1507,-0.0938542,-0.00028011,-0.00314159,-0,-0.247541,0.000337158,0.00348101,9
18.1542,-0.0938542,-0.00364143,-0.00314159,-0,-0.256364,0.000284802,0.00348266,9
18.1577,-0.0938542,0.00308121,-0.00314159,-0,-0.238717,0.000329635,0.00348225,9
18.1612,-0.0938542,-0.00196077,-0.00314159,-0,-0.251952,0.000284261,0.00348401,9
18.1647,-0.0938542,-0.00196077,-0.00314159,-0,-0.251952,0.000334633,0.00348138,9
18.1682,-0.0938542,-0.00028011,-0.00314159,-0,-0.247541,0.000254026,0.00348293,9
18.1717,-0.0938542,-0.00196077,-0.00314159,-0,-0.251952,0.000331488,0.00348093,9
18.1752,-0.0938542,-0.00364143,-0.00314159,-0,-0.256364,0.000263393,0.00348088,9
18.1787,-0.0938542,0.00140055,-0.00314159,-0,-0.243129,0.000334664,0.00348169,9
18.1822,-0.0938542,-0.00028011,-0.00314159,-0,-0.247541,0.000253595,0.00347348,9
18.1857,-0.0938542,-0.00028011,-0.00314159,-0,-0.247541,0.000726151,0.00340114,9
18.1892,-0.0938542,0.00308121,-0.00314159,-0,-0.238717,0.000386599,0.0034338,9
18.1927,-0.0938542,0.00308121,-0.00314159,-0,-0.238717,0.000339753,0.00345164,9
18.1962,-0.0938542,-0.00196077,-0.00314159,-0,-0.251952,0.000350973,0.00346129,9
18.1997,-0.0938542,0.00308121,-0.00314159,-0,-0.238717,0.000368385,0.00345597,9
18.2032,-0.0938542,-0.00364143,-0.00314159,-0,-0.256364,0.000232887,0.00346959,9
18.2067,-0.0938542,0.00140055,-0.00314159,-0,-0.243129,0.000341867,0.00344478,9
18.2102,-0.0938542,-0.00196077,-0.00314159,-0,-0.251952,0.00027833,0.00345723,9
18.2137,-0.0938542,-0.00028011,-0.00314159,-0,-0.247541,0.000198013,0.00347867,9
18.2172,-0.0938542,-0.00028011,-0.00314159,-0,-0.247541,0.000188716,0.00348533,9
18.2207,-0.0938542,0.00140055,-0.00314159,-0,-0.243129,0.00019097,0.00348535,9
18.2242,-0.0938542,0.00140055,-0.00314159,-0,-0.243129,0.000193936,0.00348559,9
18.2277,-0.0938542,0.00140055,-0.00314159,-0,-0.243129,0.000182645,0.00348567,9
18.2312,-0.0938542,-0.00364143,-0.00314159,-0,-0.256364,0.000221917,0.00348616,9
18.2347,-0.0938542,-0.00028011,-0.00314159,-0,-0.247541,0.000202581,0.00348101,9
18.2382,-0.0938542,-0.00364143,-0.00314159,-0,-0.256364,0.000204405,0.00348209,9
18.2417,-0.0938542,0.00308121,-0.00314159,-0,-0.238717,0.000201239,0.00348238,9
18.2452,-0.0938542,0.00308121,-0.00314159,-0,-0.238717,0.000196811,0.00348401,9
18.2487,-0.0938542,0.00140055,-0.00314159,-0,-0.243129,0.000162238,0.00348271,9
18.2522,-0.0938542,0.00140055,-0.00314159,-0,-0.243129,0.000154854,0.00348526,9
18.2557,-0.0938542,0.00308121,-0.00314159,-0,-0.238717,0.000183176,0.00348578,9
18.2592,-0.0938542,0.00140055,-0.00314159,-0,-0.243129,0.000148332,0.0034857,9
18.2627,-0.0938542,-0.00196077,-0.00314159,-0,-0.251952,0.000143573,0.00348439,9
18.2662,-0.0938542,-0.00196077,-0.00314159,-0,-0.251952,0.000204444,0.00348824,9
18.2697,-0.0938542,0.00308121,-0.00314159,-0,-0.238717,0.000417786,0.00340406,12
18.2732,-0.0938542,-0.00364143,-0.00314159,-0,-0.256364,0.000494286,0.00345659,12
18.2767,-0.0938542,-0.00028011,-0.00314159,-0,-0.247541,0.000399994,0.003453,12
18.2802,-0.0938542,-0.00364143,-0.00314159,-0,-0.256364,0.000118708,0.00347873,9
18.2837,-0.0938542,-0.00028011,-0.00314159,-0,-0.247541,0.000139896,0.00348405,9
18.2872,-0.0938542,0.00140055,-0.00314159,-0,-0.243129,0.000121723,0.00348571,12
18.2907,-0.0938542,0.00140055,-0.00314159,-0,-0.243129,0.000135648,0.00348129,12
18.2942,-0.0938542,-0.00028011,-0.00314159,-0,-0.247541,0.00012,0.00348611,12
18.2977,-0.0938542,0.00140055,-0.00314159,-0,-0.243129,0.0001306,0.00348317,12
18.3012,-0.0938542,0.00308121,-0,-0.0134277,-0.24187,0.000389083,0.0034582,12
18.3047,-0.0938542,0.00308121,-0,-0.0179728,-0.25586,0.000118477,0.00348493,12
18.3082,-0.0938542,0.00476187,-0,-0.0155194,-0.243897,0.000118297,0.0034858,12
18.3117,-0.0938542,-0.00028011,-0,-0.00779426,-0.233354,0.000153782,0.00348466,12
18.3152,-0.0938542,0.00140055,-0,0.00363263,-0.193772,0.000343761,0.00347149,12
18.3187,-0.0938542,0.00140055,-0,0.0173484,-0.151556,0.000261299,0.00346751,12
18.3222,-0.0938542,0.00140055,-0,0.032097,-0.106162,0.000554127,0.00347083,12
18.3257,-0.0938542,0.00308121,-0,0.0467796,-0.0565585,0.00014774,0.00347385,12
18.3292,-0.0938542,0.00308121,-0,0.0604541,-0.0144695,0.000180441,0.00348692,12
18.3327,-0.0938542,0.00308121,-0,0.0723357,0.0221009,0.000130629,0.00348349,12
18.3362,-0.0938542,0.00308121,-0,0.0817964,0.05122,0.000119009,0.00348559,12
18.3397,-0.0938542,-0.00364143,-0,0.0883652,0.0537916,0.00013069,0.00348388,12
18.3432,-0.0938542,0.00308121,-0,0.0917281,0.0817886,0.000119719,0.00348576,12
18.3467,-0.0938542,0.00140055,-0,0.0917281,0.077377,0.000639773,0.00348418,15
18.3502,-0.0938542,-0.00196077,-0,0.0883652,0.0582032,0.000534661,0.00347833,9
18.3537,-0.0938542,0.00308121,-0,0.0817964,0.05122,0.000436701,0.00347569,9
18.3572,-0.0938542,-0.00196077,-0,0.0723357,0.00886616,0.000350443,0.00347989,9
18.3607,-0.0938542,-0.00028011,-0,0.0604541,-0.0232927,0.000307213,0.00347471,9
18.3642,-0.0938542,-0.00364143,-0,0.0467796,-0.0742048,0.000209945,0.00346347,9
18.3677,-0.0938542,-0.00196077,-0,0.032097,-0.114985,0.000128696,0.0034835,12
18.3713,-0.0938542,0.00140055,0.00314159,0.00392069,-0.154709,0.000223059,0.00347973,13
18.3748,-0.0938542,-0.00028011,0.00314159,-0.0143402,-0.215326,0.000129107,0.00348342,14
18.3783,-0.0938542,0.00140055,0.00314159,-0.0233137,-0.238534,0.000205527,0.00348016,14
18.3818,-0.0938542,-0.00700275,0.00314159,-0.0233137,-0.260592,0.000134857,0.0034829,14
18.3853,-0.0938542,-0.00028011,0.00314159,-0.0143402,-0.215326,0.000155665,0.00348213,13
18.3888,-0.0938542,-0.00028011,0.00314159,0.00392069,-0.159121,0.000193575,0.00348492,13
18.3923,-0.0938542,-0.00028011,0.00314159,0.032097,-0.0723969,0.000282909,0.00348206,13
18.3958,-0.0938542,-0.00028011,0.00314159,0.0467796,-0.0272054,0.000302585,0.00348226,13
18.3993,-0.0938542,-0.00028011,0.00314159,0.0604541,0.0148836,0.000282869,0.00347684,13
18.4028,-0.0938542,0.00476187,0.00628319,0.0589081,0.061536,0.000307023,0.00348206,13
18.4062,-0.0938542,-0.00028011,0.00628319,0.0638236,0.0634307,0.00039263,0.00347861,13
18.4097,-0.0938542,0.00140055,0.00628319,0.0728458,0.0956117,0.000362033,0.00348355,13
18.4132,-0.0938542,0.00140055,0.00628319,0.0839338,0.12974,0.000377362,0.00347957,13
18.4167,-0.0938542,-0.00196077,0.00628319,0.0953607,0.156087,0.000418468,0.00348252,13
18.4202,-0.0938542,0.00308121,0.00942478,0.0922859,0.198034,0.000449024,0.00347797,13
18.4237,-0.0938542,-0.00196077,0.00942478,0.0959206,0.195987,0.000468128,0.0034834,10
18.4272,-0.0938542,0.00140055,0.00942478,0.103596,0.228434,0.000551251,0.0034835,10
18.4307,-0.0938542,-0.00028011,0.00942478,0.113114,0.253318,0.000528429,0.00348308,10
18.4342,-0.0938542,0.00308121,0.00942478,0.122748,0.291793,0.000574794,0.00347735,10
18.4378,-0.0938542,-0.00028011,0.00942478,0.131242,0.309113,0.000575806,0.00348311,10
18.4413,-0.0938542,0.00140055,0.00942478,0.137811,0.333743,0.000679375,0.00348546,10
18.4448,-0.0938542,0.00308121,0.00942478,0.14214,0.351481,0.000632329,0.00348321,10
18.4483,-0.0938542,0.00140055,0.00942478,0.144388,0.353988,0.00075831,0.00348336,10
18.4518,-0.0937803,0.00140055,0.0125664,0.131754,0.353442,0.000717165,0.00348326,10
18.4553,-0.0937803,0.00476187,0.0125664,0.127647,0.349625,0.000132693,0.0034828,7
18.4588,-0.0937803,-0.00028011,0.0125664,0.131754,0.34903,0.000121113,0.00348578,14
18.4623,-0.0937803,0.00140055,0.0125664,0.144388,0.392328,0.000139816,0.00346738,14
18.4658,-0.0937803,-0.00028011,0.0125664,0.14214,0.380998,0.000127514,0.00348472,14
18.4693,-0.0937803,0.00140055,0.0125664,0.137811,0.372083,0.000183347,0.00346544,14
18.4728,-0.0937803,0.00140055,0.0125664,0.131242,0.351865,0.000130209,0.00348473,14
18.4763,-0.0937803,0.00308121,0.0125664,0.122748,0.330134,0.000171364,0.00347759,14
18.4798,-0.0937803,-0.00028011,0.0125664,0.113114,0.291658,0.000133655,0.00348359,14
18.4833,-0.0937803,0.00308121,0.0125664,0.103596,0.271186,0.000302215,0.00347717,14
18.4868,-0.0937803,0.00476187,0.0125664,0.0959206,0.251973,0.000141079,0.0034837,14
18.4903,-0.0937803,-0.00028011,0.015708,0.0788582,0.224399,0.000146038,0.00348273,14
18.4938,-0.0937064,0.00308121,0.015708,0.0773879,0.228861,0.00013124,0.00348433,14
18.4973,-0.0937064,0.00308121,0.015708,0.0684144,0.201241,0.000252112,0.00347944,14
18.5008,-0.0937064,-0.00028011,0.015708,0.0650515,0.182067,0.000139055,0.00348307,14
18.5043,-0.0937064,-0.00364143,0.0188496,0.0540285,0.177493,0.000149374,0.00347903,14
18.5078,-0.0937064,-0.00028011,0.0188496,0.0582836,0.199413,0.000124839,0.00348586,14
18.5113,-0.0937064,-0.00196077,0.0188496,0.0770317,0.252706,0.000209384,0.0034827,14
18.5148,-0.0937064,0.00140055,0.0188496,0.0857648,0.288409,0.000128926,0.0034844,14
18.5183,-0.0937064,0.00140055,0.0219912,0.082756,0.317324,0.000197062,0.00347597,14
18.5218,-0.0937064,-0.00196077,0.0219912,0.0890596,0.327903,0.000129157,0.00348224,14
18.5253,-0.0937064,-0.00196077,0.0219912,0.102007,0.367752,0.000121403,0.00348681,14
18.5288,-0.0937064,0.00644253,0.0219912,0.119556,0.443826,0.000129878,0.00348528,14
18.5323,-0.0937064,-0.00028011,0.0219912,0.140295,0.490013,0.000460213,0.0034336,14
18.5358,-0.0937064,-0.00700275,0.0251327,0.150012,0.540448,0.000451027,0.0034531,14
18.5393,-0.0937064,-0.00028011,0.0251327,0.170858,0.622258,0.000182014,0.00348521,14
18.5428,-0.0937064,0.00308121,0.0251327,0.201422,0.725153,0.000125811,0.00348596,14
18.5463,-0.0937064,-0.00028011,0.0251327,0.216724,0.763428,0.000125911,0.0034851,14
18.5498,-0.0937064,0.00476187,0.0251327,0.228151,0.811834,0.000131241,0.00348278,14
18.5533,-0.0937064,0.00308121,0.0251327,0.23429,0.826317,0.00012038,0.00348672,14
18.5568,-0.0936325,0.0109243,0.0251327,0.234356,0.847272,0.000128365,0.0034852,14
18.5603,-0.0936325,0.0159663,0.0282743,0.214764,0.838382,0.000400103,0.00345445,14
18.5638,-0.0935586,0.0142856,0.0282743,0.198296,0.783448,0.000390476,0.00345549,14
18.5673,-0.0934847,0.0288513,0.0282743,0.184167,0.778358,0.000136069,0.00348414,14
18.5708,-0.0933369,0.0288513,0.0282743,0.172376,0.742396,0.000131952,0.00348569,14
18.5743,-0.093263,0.0288513,0.0314159,0.150282,0.712731,0.00012009,0.00348624,13
18.5778,-0.0931152,0.035574,0.0314159,0.141763,0.704486,0.000170432,0.00348652,13
18.5813,-0.0929674,0.0439773,0.0314159,0.147291,0.743888,0.000219442,0.00348653,13
18.5848,-0.0928935,0.0439773,0.0345575,0.1305,0.730549,0.000287878,0.00348223,13
18.5883,-0.0926718,0.0439773,0.0345575,0.127286,0.721147,0.000308546,0.0034807,13
18.5918,-0.092524,0.0450977,0.0345575,0.136705,0.753409,0.000330386,0.00348202,13
18.5953,-0.0923762,0.048459,0.0345575,0.158759,0.83044,0.00038199,0.00348022,13
18.5988,-0.0920806,0.0876744,0.0345575,0.170038,0.968748,0.000388272,0.00348386,13
18.6023,-0.0919328,0.00924363,0.0345575,0.183655,0.805115,0.000414419,0.00348119,13
18.6058,-0.091785,0.0630247,0.0345575,0.200081,0.997174,0.00042031,0.00348422,13
18.6093,-0.0915633,0.0697474,0.0345575,0.220574,1.07839,0.000497121,0.00348625,13
18.6128,-0.0912677,0.071428,0.0376991,0.209394,1.08722,0.000528139,0.00348052,10
18.6163,-0.091046,0.07647,0.0376991,0.202907,1.08098,0.000581636,0.00348115,10
18.6198,-0.0907504,0.0859937,0.0376991,0.200486,1.09919,0.000609728,0.00348264,10
18.6233,-0.0904548,0.0910357,0.0376991,0.202288,1.11863,0.000660321,0.00348215,10
18.6268,-0.0900853,0.0960777,0.0376991,0.209254,1.15412,0.000682251,0.00348282,10
18.6303,-0.0897158,0.107282,0.0376991,0.198761,1.15206,0.0007906,0.0034829,10
18.6338,-0.0893463,0.110643,0.0376991,0.184549,1.11796,0.000116894,0.00348265,7
18.6373,-0.0889768,0.118486,0.0376991,0.167561,1.08708,0.00011989,0.00348598,14
18.6408,-0.0886073,0.125209,0.0376991,0.149368,1.04955,0.000119178,0.00348616,14
18.6443,-0.0881639,0.133052,0.0376991,0.132166,1.01818,0.000123196,0.00348568,14
18.6478,-0.0876466,0.138094,0.0376991,0.118781,0.991366,0.000119218,0.00348645,14
18.6513,-0.0871292,0.146497,0.0376991,0.112668,0.995759,0.000122916,0.00348575,14
18.6548,-0.0866119,0.148178,0.0376991,0.0935573,0.942499,0.000151418,0.00348614,14
18.6583,-0.0860946,0.157702,0.0376991,0.0773881,0.918881,0.000127964,0.00348387,14
18.6618,-0.0855034,0.166105,0.0376991,0.0671434,0.910721,0.000121112,0.00348623,14
18.6653,-0.0849861,0.162744,0.0376991,0.0662772,0.900382,0.000120291,0.00348731,14
18.6688,-0.0843949,0.167786,0.0376991,0.054363,0.87826,0.000120792,0.0034864,14
18.6723,-0.0838037,0.173948,0.0376991,0.0470264,0.873169,0.000121042,0.0034862,14
18.6758,-0.0831386,0.180671,0.0376991,0.0467795,0.891534,0.000120602,0.00348616,14
18.6793,-0.0825474,0.182352,0.0376991,0.032097,0.852068,0.000121763,0.00348542,14
18.6828,-0.0818823,0.188514,0.0376991,0.0173483,0.824327,0.00012034,0.00348623,14
18.6863,-0.0812172,0.188514,0.0376991,0.00363255,0.78359,0.000121413,0.0034864,14
18.6898,-0.0804782,0.193556,0.0376991,-0.00779426,0.763297,0.000121062,0.00348644,14
18.6933,-0.079813,0.200279,0.0376991,-0.0155194,0.758645,0.00012043,0.0034865,14
18.6968,-0.079074,0.20364,0.0376991,-0.0179728,0.761559,0.000119629,0.00348667,14
18.7003,-0.0784089,0.20476,0.0345575,-0,0.783121,0.000128155,0.00348546,14
18.7038,-0.0776699,0.211483,0.0345575,0.0179728,0.857729,0.000121723,0.00347662,14
18.7073,-0.076857,0.218206,0.0345575,0.0155194,0.869631,0.000122775,0.00348564,14
18.7108,-0.076118,0.221567,0.0345575,0.00779426,0.856319,0.000144645,0.00348624,14
18.7143,-0.075379,0.226049,0.0345575,-0.00363263,0.834556,0.000122896,0.00348595,14
18.7178,-0.0745661,0.231091,0.0345575,-0.0173483,0.807382,0.00012006,0.0034862,14
18.7213,-0.0737532,0.237813,0.0345575,-0.032097,0.78144,0.000120611,0.00348735,14
18.7248,-0.0729403,0.238934,0.0345575,-0.0467796,0.740997,0.000120912,0.00348601,14
18.7283,-0.0720534,0.242295,0.0345575,-0.0604542,0.709702,0.000129958,0.00348256,14
18.7318,-0.0712405,0.239494,0.0345575,-0.0723358,0.667586,0.000121462,0.00348619,14
18.7353,-0.0704276,0.247337,0.0314159,-0.0683688,0.664015,0.000121332,0.0034864,14
18.7388,-0.0695408,0.245656,0.0314159,-0.0703923,0.655346,0.000120671,0.00348641,13
18.7423,-0.068654,0.247337,0.0282743,-0.062781,0.64698,0.000160224,0.00348651,13
18.7458,-0.0677672,0.247337,0.0282743,-0.065961,0.639163,0.000292496,0.00348568,13
18.7493,-0.0668804,0.260222,0.0282743,-0.0764784,0.642585,0.000262731,0.00348289,13
18.7528,-0.0659936,0.250698,0.0282743,-0.0913505,0.573783,0.000290723,0.00348183,13
18.7563,-0.0651067,0.25406,0.0282743,-0.108065,0.53313,0.000317973,0.00348254,13
18.7598,-0.064146,0.260222,0.0251327,-0.111154,0.503758,0.000374076,0.00348289,13
18.7633,-0.0632592,0.25574,0.0251327,-0.121358,0.46256,0.000424859,0.00348262,13
18.7668,-0.0623724,0.268625,0.0251327,-0.135693,0.454232,0.000469261,0.00348244,13
18.7703,-0.0614117,0.260222,0.0251327,-0.151805,0.384719,0.000492533,0.00348279,10
18.7738,-0.0605249,0.260222,0.0251327,-0.167966,0.336946,0.000519883,0.00348256,10
18.7773,-0.0595642,0.263583,0.0251327,-0.183079,0.301391,0.000565487,0.00348372,10
18.7808,-0.0586774,0.260222,0.0251327,-0.196671,0.252703,0.000588799,0.00348278,10
18.7843,-0.0577906,0.256861,0.0251327,-0.2089,0.208211,0.000634985,0.00348228,10
18.7878,-0.0569037,0.25574,0.0251327,-0.220551,0.171381,0.000653027,0.00348185,10
18.7913,-0.055943,0.260222,0.0219912,-0.219609,0.150004,0.000780141,0.00348267,10
18.7948,-0.0550562,0.249018,0.0219912,-0.206074,0.164224,0.000734687,0.00347727,10
18.7983,-0.0541694,0.249018,0.0219912,-0.191961,0.209633,0.000119278,0.00348204,7
18.8018,-0.0535043,0.243976,0.0219912,-0.176485,0.245511,0.000122906,0.00348514,14
18.8053,-0.0526175,0.239494,0.0219912,-0.159489,0.288031,0.00011997,0.00348688,14
18.8088,-0.0518046,0.242295,0.0219912,-0.141443,0.352733,0.000123336,0.00348577,14
18.8123,-0.0509917,0.240614,0.0219912,-0.123447,0.405517,0.000121834,0.00348627,14
18.8158,-0.0501049,0.237813,0.0219912,-0.107229,0.450056,0.000122184,0.00348591,14
18.8193,-0.0492919,0.234452,0.0219912,-0.0951411,0.480244,0.000122455,0.00348562,14
18.8228,-0.048479,0.234452,0.0219912,-0.0901682,0.497357,0.000123928,0.00348535,14
18.8263,-0.0476661,0.237813,0.0219912,-0.0959206,0.490282,0.000122515,0.00348636,14
18.8298,-0.0468532,0.237813,0.0219912,-0.0922859,0.503276,0.000130069,0.00348509,14
18.8333,-0.0459664,0.236133,0.0219912,-0.0953608,0.491372,0.000120571,0.00348728,14
18.8368,-0.0451535,0.238934,0.0219912,-0.0839339,0.535702,0.000120231,0.0034859,14
18.8403,-0.0443406,0.240614,0.0219912,-0.0728459,0.576049,0.000130128,0.00348608,14
18.8438,-0.0434538,0.243976,0.0219912,-0.0638236,0.614613,0.000122275,0.00348604,14
18.8473,-0.0426409,0.240614,0.0219912,-0.0589081,0.622726,0.000120641,0.00348605,14
18.8508,-0.041754,0.236133,0.0219912,-0.060454,0.608175,0.000136129,0.00348588,14
18.8543,-0.0409411,0.245656,0.0219912,-0.0467796,0.677069,0.000130219,0.00348602,14
18.8578,-0.0400543,0.247337,0.0219912,-0.0320969,0.728644,0.000128456,0.00348636,14
18.8613,-0.0391675,0.273667,0.0219912,-0.0173483,0.845125,0.000117465,0.00348761,14
18.8648,-0.0383546,0.243976,0.0219912,-0.00363258,0.81121,0.000143142,0.00346565,14
18.8683,-0.0374678,0.249018,0.0219912,0.00779425,0.861586,0.000122875,0.00348555,14
18.8718,-0.0366549,0.245656,0.0219912,0.0155194,0.878347,0.000122054,0.0034861,14
18.8753,-0.0357681,0.25406,0.0219912,0.0179729,0.909928,0.000123156,0.00348653,14
18.8788,-0.0348813,0.258541,0.0188496,0.0268553,0.912827,0.000122906,0.00347686,14
18.8823,-0.0339205,0.263583,0.0188496,0.0179729,0.900858,0.000153672,0.00348433,14
18.8858,-0.0330337,0.268625,0.0188496,0.0155195,0.908513,0.000126632,0.00348552,14
18.8893,-0.032073,0.270306,0.0188496,0.00779435,0.891282,0.000125209,0.00348509,14
18.8928,-0.0311123,0.278149,0.0188496,-0.00363254,0.878835,0.000126321,0.0034848,14
18.8963,-0.0300777,0.283191,0.0188496,-0.0173483,0.852154,0.000126331,0.00348502,14
18.8998,-0.029117,0.289914,0.0188496,-0.0320969,0.826541,0.000123356,0.0034857,14
18.9033,-0.0280824,0.294396,0.015708,-0.0333518,0.798566,0.000123587,0.00348601,14
18.9068,-0.0270478,0.301118,0.015708,-0.0424812,0.790413,0.000124769,0.00348594,14
18.9103,-0.0259392,0.302799,0.015708,-0.0568163,0.753167,0.000123707,0.00348586,14
18.9138,-0.0249046,0.304479,0.015708,-0.0740021,0.706982,0.000127083,0.00348555,14
18.9173,-0.0237961,0.307841,0.015708,-0.0919977,0.662881,0.000117596,0.00348748,14
18.9208,-0.0226876,0.319045,0.015708,-0.109076,0.642189,0.000122816,0.00348628,14
18.9243,-0.0215791,0.312323,0.0125664,-0.110397,0.584765,0.000119328,0.00348649,13
18.9278,-0.0204706,0.324087,0.0125664,-0.117172,0.597259,0.000158531,0.00348573,13
18.9313,-0.0193621,0.322406,0.0125664,-0.126731,0.565889,0.000209344,0.00348598,13
18.9348,-0.0181796,0.325768,0.0125664,-0.136877,0.546111,0.00027828,0.00347982,13
18.9383,-0.0169972,0.327448,0.0125664,-0.145883,0.525432,0.000282798,0.00348273,13
18.9418,-0.0158887,0.324087,0.0125664,-0.152493,0.498728,0.000302545,0.00348242,13
18.9453,-0.0147063,0.325768,0.0125664,-0.155922,0.495214,0.000330466,0.00348405,13
18.9488,-0.0135978,0.33193,0.00942478,-0.142428,0.51721,0.000381289,0.00348274,13
18.9523,-0.0123415,0.428288,0.00942478,-0.134479,0.797401,0.000678434,0.00344115,13
18.9558,-0.0110851,0.333611,0.00942478,-0.130819,0.562941,0.000712928,0.00344444,13
18.9593,-0.00997663,0.327448,0.00942478,-0.130818,0.54923,0.000746749,0.00344527,13
18.9628,-0.00879422,0.333611,0.00942478,-0.134479,0.556767,0.000435769,0.0034439,13
18.9663,-0.0077596,0.333611,0.00942478,-0.142428,0.5346,0.000512941,0.003484,10
18.9698,-0.00650329,0.340334,0.00942478,-0.155922,0.513507,0.000536073,0.0034832,10
18.9733,-0.00532087,0.342014,0.00942478,-0.152493,0.5311,0.000547854,0.00348456,10
18.9768,-0.00413845,0.338653,0.00628319,-0.132455,0.548403,0.000617923,0.00348073,10
18.9803,-0.00295604,0.345376,0.00628319,-0.118904,0.610387,0.000640504,0.00348358,10
18.9838,-0.00169972,0.348177,0.00628319,-0.111212,0.644209,0.000662284,0.00348029,10
18.9873,-0.000517307,0.345376,0.00314159,-0.09595,0.648283,0.000758932,0.0034837,10
18.9908,0.00073901,0.345376,0.00314159,-0.0960572,0.650746,0.000735759,0.00348278,7
18.9943,0.00199533,0.349857,0.00314159,-0.110905,0.619602,0.000110002,0.00348384,7
18.9978,0.00295604,0.349857,0.00314159,-0.116301,0.605131,0.000132593,0.00348249,14
19.0013,0.00421236,0.358261,0.00314159,-0.124414,0.605008,0.000115241,0.00348727,14
19.0048,0.00546867,0.359941,0.00314159,-0.134619,0.580804,0.000126702,0.00348471,14
19.0083,0.00672499,0.359941,-0,-0.133486,0.548906,0.000368175,0.00345768,12
19.0118,0.00805521,0.361622,-0,-0.143955,0.524053,0.000601723,0.00348218,15
19.0153,0.00938542,0.363303,-0,-0.165397,0.465426,0.000541452,0.00348586,9
19.0188,0.0106417,0.359941,-0,-0.173618,0.434092,0.000429928,0.00348353,9
19.0223,0.0118242,0.359941,-0,-0.18079,0.414646,0.000331087,0.00348561,9
19.0258,0.0130805,0.366104,-0.00314159,-0.172857,0.419855,0.00033819,0.00348431,9
19.0293,0.0143368,0.260222,-0.00314159,-0.172129,0.146957,0.000332971,0.00348705,9
19.0328,0.0155931,0.361622,-0.00314159,-0.177351,0.399843,0.000347036,0.0034839,9
19.0363,0.0168494,0.353219,-0.00314159,-0.188052,0.347643,0.000323022,0.00348609,9
19.0398,0.0181057,0.354899,-0.00314159,-0.204544,0.304084,0.000325136,0.00348222,9
19.0433,0.0192882,0.354899,-0.00314159,-0.203578,0.309688,0.000319145,0.00348622,9
19.0468,0.0205445,0.348177,-0.00314159,-0.198265,0.311187,0.000317582,0.00348464,9
19.0503,0.0218008,0.349857,-0.00628319,-0.175492,0.350307,0.00032181,0.00348601,9
19.0538,0.0229832,0.346496,-0.00628319,-0.158512,0.396375,0.000340484,0.00347666,9
19.0573,0.0242395,0.348177,-0.00628319,-0.147011,0.43898,0.000327871,0.00348707,9
19.0608,0.0254219,0.349857,-0.00628319,-0.141458,0.463109,0.000336177,0.0034861,9
19.0643,0.0266044,0.348177,-0.00628319,-0.143112,0.456237,0.000344903,0.00348373,9
19.0678,0.0278607,0.346496,-0.00942478,-0.140584,0.424223,0.000368826,0.00348366,9
19.0713,0.0290431,0.349857,-0.00942478,-0.134659,0.45391,0.000373114,0.0034838,9
19.0748,0.0302994,0.343695,-0.00942478,-0.138295,0.429336,0.000378585,0.00348266,9
19.0783,0.0314818,0.342014,-0.00942478,-0.151805,0.385971,0.000363767,0.00348395,9
19.0818,0.0326642,0.348177,-0.00942478,-0.151937,0.404369,0.000368525,0.00348119,9
19.0853,0.0339205,0.346496,-0.0125664,-0.138377,0.406309,0.000376901,0.00348468,9
19.0888,0.035103,0.346496,-0.0125664,-0.13375,0.42318,0.000378875,0.00348354,9
19.0923,0.0362854,0.342014,-0.0125664,-0.137112,0.403694,0.000383273,0.00348342,9
19.0958,0.0374678,0.343695,-0.0125664,-0.148309,0.376273,0.000385937,0.00348256,9
19.0993,0.0386502,0.340334,-0.0125664,-0.167966,0.309574,0.000394724,0.00348374,9
19.1028,0.0399065,0.343695,-0.0125664,-0.173147,0.305244,0.000390596,0.00348384,9
19.1063,0.0410889,0.260222,-0.0125664,-0.177279,0.076047,0.000389244,0.00348377,9
19.1098,0.0422714,0.342014,-0.0125664,-0.180989,0.281953,0.000416634,0.00348374,9
19.1133,0.0434538,0.33193,-0.0125664,-0.185534,0.244122,0.000420772,0.0034837,9
19.1168,0.0445623,0.33025,-0.0125664,-0.192798,0.219817,0.000396086,0.00348266,9
19.1203,0.0457447,0.327448,-0.0125664,-0.180941,0.251587,0.00039231,0.0034838,9
19.1238,0.0468532,0.317364,-0.0125664,-0.164334,0.278698,0.000399903,0.00348289,9
19.1273,0.0479617,0.319045,-0.015708,-0.13096,0.350117,0.00042533,0.00348381,9
19.1308,0.0490702,0.319045,-0.015708,-0.105015,0.432437,0.000411845,0.0034837,9
19.1343,0.0501788,0.322406,-0.015708,-0.08697,0.499266,0.000409691,0.0034837,9
19.1378,0.0513612,0.320726,-0.015708,-0.0779229,0.525329,0.000405654,0.00348367,9
19.1413,0.0524697,0.315684,-0.015708,-0.079601,0.509393,0.000423887,0.00348494,9
19.1448,0.0535782,0.317364,-0.015708,-0.0700082,0.545795,0.000404371,0.00348071,9
19.1483,0.0546867,0.320726,-0.015708,-0.0633571,0.577553,0.000390886,0.00348386,9
19.1518,0.0557952,0.322406,-0.015708,-0.0609037,0.59198,0.000398251,0.00348319,9
19.1553,0.0569037,0.319045,-0.015708,-0.0643748,0.574938,0.000380598,0.003484,9
19.1588,0.0580123,0.319045,-0.015708,-0.0759683,0.541718,0.000375579,0.00348249,9
19.1623,0.0591208,0.327448,-0.015708,-0.0740021,0.572292,0.000366202,0.0034839,9
19.1658,0.0602293,0.315684,-0.015708,-0.0728458,0.547434,0.000363066,0.00348323,9
19.1693,0.0613378,0.319045,-0.015708,-0.0737552,0.555922,0.000359138,0.00348493,9
19.1728,0.0624463,0.325768,-0.015708,-0.0783004,0.562043,0.000367093,0.00348314,9
19.1763,0.0636287,0.322406,-0.015708,-0.0883652,0.52487,0.000373935,0.003475,9
19.1798,0.0647373,0.324087,-0.015708,-0.0817964,0.551964,0.000353107,0.00348083,9
19.1833,0.0658458,0.322406,-0.015708,-0.0723357,0.579135,0.000443363,0.0034703,9
19.1868,0.0671021,0.394115,-0.015708,-0.0604542,0.806726,0.000341997,0.00348134,9
19.1903,0.0681367,0.319045,-0.0188496,-0.0333519,0.657217,0.000347567,0.00348436,9
19.1938,0.0692452,0.324087,-0.0188496,-0.0141242,0.732096,0.000354209,0.00348203,9
19.1973,0.0704276,0.33025,-0.0188496,-0.00182898,0.788744,0.000333742,0.00348729,9
19.2008,0.0715361,0.327448,-0.0188496,0.00416163,0.802294,0.000338892,0.00348421,9
19.2043,0.0727186,0.33025,-0.0188496,0.0041616,0.812275,0.0003816,0.00348587,9
19.2078,0.0738271,0.33193,-0.0188496,-0.00182901,0.800712,0.000314327,0.00348452,9
19.2113,0.0750095,0.338653,-0.0188496,-0.0141242,0.783144,0.000307424,0.0034861,9
19.2148,0.0761919,0.345376,-0.0219912,-0.0199243,0.74739,0.000331107,0.00348323,9
19.2183,0.0774482,0.342014,-0.0219912,-0.0424814,0.671931,0.00032168,0.00348625,9
19.2218,0.0786306,0.349857,-0.0219912,-0.0568164,0.651025,0.000349551,0.00348468,9
19.2253,0.079887,0.351538,-0.0219912,-0.0740022,0.605333,0.000450987,0.00348704,9
19.2288,0.0811433,0.359941,-0.0219912,-0.0919979,0.574795,0.000349821,0.00347584,9
19.2323,0.0823257,0.354899,-0.0219912,-0.109077,0.511622,0.000469681,0.00348579,9
19.2358,0.0836559,0.351538,-0.0251327,-0.110397,0.463514,0.000388152,0.00348427,9
19.2393,0.0848383,0.366104,-0.0251327,-0.117172,0.483525,0.000501479,0.00348584,9
19.2428,0.0861685,0.361622,-0.0251327,-0.126731,0.445295,0.000398781,0.00348487,9
19.2463,0.0873509,0.361622,-0.0251327,-0.136877,0.416695,0.000401526,0.00348129,9
19.2498,0.0886073,0.361622,-0.0251327,-0.145883,0.391768,0.000407888,0.00348417,9
19.2533,0.0898636,0.359941,-0.0251327,-0.152493,0.369805,0.000484218,0.00348096,9
19.2568,0.0911938,0.361622,-0.0282743,-0.142494,0.369772,0.000434276,0.00348476,9
19.2603,0.0923762,0.361622,-0.0282743,-0.137883,0.386593,0.000524853,0.00348429,9
19.2638,0.0938542,0.501677,-0.0282743,-0.136933,0.760437,0.000461496,0.00348481,9
19.2673,0.0948889,0.35658,-0.0282743,-0.138544,0.376911,0.000593498,0.00348601,9
19.2708,0.0962191,0.354899,-0.0282743,-0.142245,0.364063,0.000472878,0.00348491,9
19.2743,0.0974015,0.35658,-0.0282743,-0.148195,0.352791,0.000496621,0.00348372,9
19.2778,0.0986578,0.35658,-0.0282743,-0.157177,0.327938,0.000492042,0.00348604,9
19.2813,0.0999141,0.354899,-0.0314159,-0.157177,0.288143,0.000585574,0.00348784,9
19.2848,0.10117,0.353219,-0.0314159,-0.148195,0.31417,0.0005399,0.00348346,9
19.2883,0.102427,0.353219,-0.0314159,-0.142245,0.335274,0.000541132,0.00348325,9
19.2918,0.103683,0.354899,-0.0345575,-0.125116,0.357025,0.000564676,0.00348386,9
19.2953,0.104865,0.349857,-0.0345575,-0.11896,0.365367,0.000581486,0.00348399,9
19.2988,0.106122,0.349857,-0.0345575,-0.122364,0.357682,0.000579623,0.00348369,9
19.3023,0.107378,0.354899,-0.0345575,-0.1347,0.33574,0.000579452,0.00348363,9
19.3058,0.108561,0.348177,-0.0345575,-0.156126,0.254776,0.000573101,0.00348363,9
19.3093,0.109743,0.348177,-0.0376991,-0.149804,0.238686,0.00061603,0.00348479,9
19.3128,0.110999,0.338653,-0.0376991,-0.151001,0.212794,0.000628943,0.00348378,9
19.3163,0.112182,0.348177,-0.0376991,-0.157991,0.218907,0.000632169,0.00348364,9
19.3198,0.113364,0.333611,-0.0376991,-0.169832,0.146858,0.000646726,0.0034839,9
19.3233,0.11462,0.338653,-0.0376991,-0.186366,0.111995,0.000656634,0.00348377,6
19.3268,0.115729,0.335292,-0.0376991,-0.208221,0.0383671,0.000108809,0.00348383,6
19.3303,0.116764,0.33193,-0.0376991,-0.21246,0.0187972,0.000118667,0.0034853,12
19.3338,0.117872,0.328569,-0.0376991,-0.21251,0.0122846,0.000112677,0.00348649,12
19.3373,0.119054,0.325768,-0.0376991,-0.208999,0.0183676,0.000111174,0.0034876,12
19.3408,0.120237,0.394115,-0.0408407,-0.189755,0.221455,0.000115302,0.00348682,12
19.3443,0.121271,0.310642,-0.0408407,-0.178972,0.0378345,0.000114721,0.00348669,12
19.3478,0.122306,0.304479,-0.0408407,-0.177279,0.0291706,0.00011448,0.0034868,12
19.3513,0.123415,0.301118,-0.0408407,-0.161736,0.0706492,0.000117285,0.003486,12
19.3548,0.124449,0.302799,-0.0408407,-0.145773,0.126494,0.000114911,0.00348674,12
19.3583,0.125484,0.292715,-0.0408407,-0.130016,0.150822,0.000118147,0.00348625,12
19.3618,0.126445,0.284872,-0.0408407,-0.115723,0.176365,0.000115402,0.00348642,12
19.3653,0.127479,0.284872,-0.0408407,-0.104775,0.21236,0.000117886,0.00348495,12
19.3688,0.12844,0.278149,-0.0408407,-0.0996862,0.212512,0.0001145,0.0034866,12
19.3723,0.129401,0.28151,-0.0408407,-0.103596,0.211438,0.000117836,0.0034863,12
19.3758,0.130361,0.276468,-0.0408407,-0.0959205,0.223962,0.000113559,0.00348699,12
19.3793,0.131322,0.274788,-0.0408407,-0.0922858,0.232874,0.000115572,0.00348643,12
19.3828,0.132283,0.270306,-0.0408407,-0.0953606,0.213781,0.000115141,0.0034869,12
19.3863,0.133243,0.265264,-0.0408407,-0.0839338,0.237852,0.000119339,0.00348574,12
19.3898,0.13413,0.271987,-0.0408407,-0.0728458,0.291598,0.000112777,0.0034872,12
19.3933,0.135091,0.265264,-0.0408407,-0.0638235,0.303857,0.000114069,0.00348676,12
19.3968,0.135978,0.260222,-0.0408407,-0.058908,0.307723,0.000155054,0.00348677,12
19.4003,0.136938,0.261903,-0.0408407,-0.0604541,0.309511,0.000116674,0.00348585,12
19.4038,0.137825,0.261903,-0.0408407,-0.0467795,0.353571,0.00011479,0.00347833,12
19.4073,0.138712,0.256861,-0.0408407,-0.032097,0.387499,0.000115502,0.00348652,12
19.4108,0.139599,0.25574,-0.0408407,-0.0173484,0.431924,0.000112987,0.00348718,12
19.4143,0.140486,0.25574,-0.0408407,-0.00363268,0.476111,0.000116874,0.00348653,12
19.4178,0.141373,0.250698,-0.0408407,0.00779425,0.500019,0.000112646,0.00348693,12
19.4213,0.142259,0.25406,-0.0408407,0.0155194,0.53459,0.000111755,0.00348794,12
19.4248,0.143146,0.252379,-0.0408407,0.0179728,0.539701,0.000126031,0.00348391,12
19.4283,0.143959,0.243976,-0.0408407,0.0134276,0.505461,0.000121532,0.00348398,12
19.4318,0.144846,0.250698,-0.0408407,-0,0.48375,0.000117155,0.00348667,12
19.4353,0.145733,0.25406,-0.0408407,-0,0.494544,0.000117686,0.00348613,12
19.4388,0.146693,0.284872,-0.0408407,-0,0.577559,0.000115893,0.00348698,12
19.4423,0.147506,0.247337,-0.0408407,-0,0.48084,0.000118337,0.0034863,12
19.4458,0.148393,0.250698,-0.0408407,-0,0.491635,0.000115491,0.00348712,12
19.4493,0.14928,0.249018,-0.0408407,-0,0.489195,0.000114721,0.0034878,12
19.4528,0.150167,0.252379,-0.0408407,-0,0.499989,0.000147591,0.00348538,12
19.4563,0.151054,0.25406,-0.0408407,-0,0.506372,0.000121823,0.00348507,12
19.4598,0.15194,0.250698,-0.0408407,-0,0.49952,0.000118427,0.00348653,12
19.4633,0.152827,0.25406,-0.0408407,-0,0.510315,0.000118978,0.00348647,12
19.4668,0.153714,0.258541,-0.0408407,-0,0.52405,0.000116433,0.00348686,12
19.4703,0.154601,0.252379,-0.0408407,-0,0.509846,0.000118798,0.00348587,12
19.4738,0.155488,0.25406,-0.0408407,-0,0.516228,0.000117345,0.0034868,12
19.4773,0.156374,0.25574,-0.0408407,-0,0.522611,0.00011428,0.00348773,12
19.4808,0.157261,0.260222,-0.0439823,0.0134277,0.539499,0.000112907,0.00348706,12
19.4843,0.158148,0.256861,-0.0439823,0.0179728,0.546637,0.000114651,0.00348573,12
19.4878,0.159109,0.256861,-0.0439823,0.0155194,0.541221,0.000112406,0.00348718,12
19.4913,0.159996,0.260222,-0.0439823,0.00779426,0.528239,0.000117044,0.00348609,12
19.4948,0.160956,0.266945,-0.0439823,-0.00363265,0.51285,0.000112537,0.00348717,12
19.4983,0.161843,0.270306,-0.0439823,-0.0173484,0.481429,0.000116674,0.00348679,12
19.5018,0.162804,0.268625,-0.0439823,-0.032097,0.433758,0.000112637,0.00348674,12
19.5053,0.163691,0.268625,-0.0471239,-0.033352,0.39369,0.000111895,0.0034881,12
19.5088,0.164651,0.270306,-0.0471239,-0.0424814,0.372138,0.000137812,0.00348695,12
19.5123,0.165612,0.273667,-0.0471239,-0.0568165,0.338975,0.000115632,0.00348678,12
19.5158,0.166499,0.261903,-0.0471239,-0.0740023,0.257169,0.000114681,0.00348676,12
19.5193,0.16746,0.268625,-0.0471239,-0.091998,0.221562,0.000113909,0.00348698,12
19.5228,0.168346,0.261903,-0.0471239,-0.109077,0.15332,0.000113768,0.00348639,12
19.5263,0.169233,0.260222,-0.0471239,-0.123825,0.105485,0.000113578,0.00348609,12
19.5298,0.17012,0.260222,-0.0471239,-0.135145,0.0726157,0.000113719,0.0034869,12
19.5333,0.171007,0.250698,-0.0502655,-0.128823,0.0308699,0.000111254,0.00348792,12
19.5368,0.171894,0.249018,-0.0502655,-0.126699,0.0349679,0.000113157,0.00348688,12
19.5403,0.17278,0.240614,-0.0502655,-0.126731,0.0147812,0.000120301,0.00348468,12
19.5438,0.173593,0.0731087,-0.0502655,-0.127351,-0.425006,0.000112536,0.00348707,12
19.5473,0.174406,0.232771,-0.0502655,-0.127458,-0.00442816,0.000112626,0.003487,12
19.5508,0.175219,0.234452,-0.0502655,-0.126425,0.00496928,0.000113659,0.00348715,12
19.5543,0.176032,0.218206,-0.0502655,-0.124095,-0.0286975,0.000112236,0.0034868,12
19.5578,0.176771,0.214844,-0.0502655,-0.120782,-0.0256804,0.000112206,0.00348702,12
19.5613,0.17751,0.211483,-0.0502655,-0.11727,-0.0220532,0.000117476,0.00348622,12
19.5648,0.178249,0.200279,-0.0502655,-0.114817,-0.04227,0.000111825,0.00348711,12
19.5683,0.178914,0.196917,-0.0502655,-0.115148,-0.0506339,0.000140167,0.00348664,12
19.5718,0.179579,0.188514,-0.0502655,-0.120462,-0.0875691,0.000112015,0.0034872,12
19.5753,0.180244,0.185713,-0.0502655,-0.109076,-0.0583991,0.000113147,0.00348716,12
19.5788,0.18091,0.17899,-0.0502655,-0.0953607,-0.0323514,0.000114229,0.00348705,12
19.5823,0.181501,0.172268,-0.0502655,-0.0805709,-0.00316184,0.000114119,0.003478,12
19.5858,0.182092,0.168906,-0.0502655,-0.066277,0.0333244,0.000125981,0.00348481,12
19.5893,0.182683,0.167786,-0.0502655,-0.054363,0.0683675,0.000112576,0.00348738,12
19.5928,0.183201,0.156021,-0.0471239,-0.060454,0.058065,0.000116814,0.00348679,12
19.5963,0.183718,0.156021,-0.0471239,-0.0647525,0.0459848,0.000367905,0.00345763,12
19.5998,0.184309,0.150979,-0.0471239,-0.0476165,0.086807,0.000114641,0.0034867,12
19.6033,0.184752,0.148178,-0.0471239,-0.0251425,0.149613,0.000116624,0.00348655,12
19.6068,0.18527,0.138094,-0.0471239,-0,0.201679,0.000117575,0.00348708,12
19.6103,0.185713,0.138094,-0.0471239,0.0251425,0.280051,0.000123466,0.0034847,12
19.6138,0.18623,0.134733,-0.0471239,0.0476163,0.34155,0.00013103,0.00348256,12
19.6173,0.186674,0.136414,-0.0439823,0.0513248,0.396538,0.000115893,0.00348716,12
19.6208,0.187117,0.12857,-0.0439823,0.055909,0.391046,0.000115251,0.00348612,12
19.6243,0.187561,0.130251,-0.0439823,0.0568163,0.399235,0.000144585,0.00348701,12
19.6278,0.188078,0.130251,-0.0439823,0.0740021,0.453282,0.000113849,0.00348613,12
19.6313,0.188521,0.12857,-0.0439823,0.091998,0.505245,0.0001148,0.00348675,12
19.6348,0.188965,0.131932,-0.0408407,0.0956489,0.564467,0.000115021,0.00348671,12
19.6383,0.189408,0.130251,-0.0408407,0.105852,0.592447,0.000118367,0.00348657,12
19.6418,0.189852,0.12689,-0.0408407,0.119625,0.627001,0.000114209,0.00348701,12
19.6453,0.190369,0.134733,-0.0408407,0.134456,0.694387,0.000119268,0.00348787,12
19.6488,0.190812,0.138094,-0.0408407,0.148304,0.746818,0.00011959,0.00348744,12
19.6523,0.19133,0.139775,-0.0408407,0.159599,0.787144,0.000115101,0.00348684,12
19.6558,0.191773,0.144817,-0.0408407,0.167242,0.824888,0.00011476,0.00348721,12
19.6593,0.19229,0.141455,-0.0376991,0.157177,0.824412,0.000121223,0.00348679,12
19.6628,0.192808,0.146497,-0.0376991,0.151558,0.821502,0.000112466,0.00348722,12
19.6663,0.193325,0.149859,-0.0376991,0.148814,0.823031,0.000124027,0.0034863,12
19.6698,0.193842,0.157702,-0.0376991,0.148004,0.842275,0.000116875,0.00348734,12
19.6733,0.194433,0.157702,-0.0376991,0.148814,0.846083,0.000110703,0.00348851,12
19.6768,0.194951,0.164425,-0.0376991,0.151558,0.873323,0.000121192,0.00348714,12
19.6803,0.195542,0.166105,-0.0376991,0.157177,0.896344,0.000139335,0.00348729,12
19.6838,0.196133,0.170587,-0.0376991,0.167242,0.940401,0.000115682,0.00348675,12
19.6873,0.196724,0.170587,-0.0376991,0.159599,0.918191,0.000119379,0.00348738,12
19.6908,0.197316,0.182352,-0.0376991,0.148304,0.915622,0.000124058,0.00348653,12
19.6943,0.197981,0.184032,-0.0376991,0.134456,0.878889,0.000113147,0.00348716,12
19.6978,0.198646,0.186833,-0.0376991,0.119625,0.842072,0.000129307,0.00348319,12
19.7013,0.199311,0.198598,-0.0376991,0.105852,0.83204,0.000120711,0.00348731,12
19.7048,0.200124,0.28151,-0.0376991,0.0956486,1.02008,0.000124248,0.00348579,12
19.7083,0.200715,0.198598,-0.0376991,0.0919976,0.792518,0.000372894,0.0034578,12
19.7118,0.201454,0.201959,-0.0376991,0.0740021,0.747595,0.000367093,0.0034594,12
19.7153,0.202193,0.208122,-0.0376991,0.0568163,0.712518,0.000117455,0.00348646,12
19.7188,0.202784,0.208122,-0.0376991,0.0424813,0.66971,0.000121032,0.00348714,12
19.7223,0.203523,0.214844,-0.0376991,0.0333518,0.6609,0.000113418,0.00348735,12
19.7258,0.204336,0.214844,-0.0408407,0.0455247,0.661998,0.00011988,0.00348622,12
19.7293,0.205075,0.209802,-0.0408407,0.0353212,0.619,0.000110643,0.00348797,12
19.7328,0.205814,0.218206,-0.0408407,0.019152,0.592934,0.000112436,0.00348717,12
19.7363,0.206553,0.221567,-0.0408407,-0,0.544452,0.000145738,0.00348718,9
19.7398,0.207366,0.214844,-0.0408407,-0.019152,0.469664,0.000233077,0.00348719,9
19.7433,0.208179,0.224368,-0.0408407,-0.0353212,0.446703,0.00013628,0.00348326,9
19.7468,0.208918,0.221567,-0.0408407,-0.0455246,0.409588,0.000225263,0.00348448,9
19.7503,0.209731,0.222687,-0.0408407,-0.0467795,0.410474,0.000172386,0.00348368,9
19.7538,0.21047,0.222687,-0.0439823,-0.0470264,0.373181,0.000226024,0.00348562,9
19.7573,0.211283,0.227729,-0.0439823,-0.0543628,0.365642,0.000224111,0.00348453,9
19.7608,0.212022,0.222687,-0.0471239,-0.0528493,0.320532,0.000238598,0.00347504,9
19.7643,0.212835,0.222687,-0.0471239,-0.062598,0.292333,0.000231725,0.00348354,9
19.7678,0.213574,0.218206,-0.0471239,-0.0798413,0.229139,0.000242525,0.00348601,9
19.7713,0.214387,0.219886,-0.0471239,-0.101282,0.169364,0.000244508,0.00348636,9
19.7748,0.215126,0.216525,-0.0471239,-0.124095,0.0919691,0.000275175,0.00348656,9
19.7783,0.215865,0.213164,-0.0471239,-0.145924,0.0175994,0.000289051,0.00348363,9
19.7818,0.216604,0.208122,-0.0502655,-0.151459,-0.0492044,0.000298788,0.00348384,9
19.7853,0.217343,0.209802,-0.0502655,-0.161597,-0.0743524,0.000296954,0.00348509,9
19.7888,0.218082,0.198598,-0.0502655,-0.173511,-0.138791,0.000297396,0.0034836,9
19.7923,0.218821,0.200279,-0.0502655,-0.185004,-0.168111,0.000300311,0.00348388,9
19.7958,0.219486,0.186833,-0.0502655,-0.194506,-0.231171,0.000350813,0.00347827,9
19.7993,0.220151,0.186833,-0.0502655,-0.201075,-0.24991,0.000300691,0.00348403,9
19.8028,0.220742,0.180671,-0.0502655,-0.204396,-0.274996,0.000315078,0.00348394,9
19.8063,0.221407,0.172268,-0.0502655,-0.204785,-0.296771,0.000318764,0.00348402,9
19.8098,0.221998,0.166105,-0.0502655,-0.203182,-0.306701,0.000312483,0.00348266,9
19.8133,0.222516,0.15266,-0.0502655,-0.201159,-0.334615,0.000323513,0.00348384,9
19.8168,0.223033,0.146497,-0.0502655,-0.200912,-0.348881,0.000322512,0.00348224,9
19.8203,0.22355,0.133052,-0.0502655,-0.180916,-0.32148,0.00031673,0.00348391,9
19.8238,0.223994,0.12857,-0.0534071,-0.142428,-0.251972,0.000343029,0.00348363,9
19.8273,0.224437,0.121848,-0.0534071,-0.109485,-0.167236,0.000342548,0.00348395,9
19.8308,0.224881,0.110643,-0.0534071,-0.0823998,-0.112296,0.000341666,0.00348314,9
19.8343,0.22525,0.108963,-0.0534071,-0.0621153,-0.0534526,0.000335555,0.00348372,9
19.8378,0.22562,0.100559,-0.0534071,-0.0502012,-0.0380188,0.000328403,0.00348324,9
19.8413,0.225989,0.0927164,-0.0502655,-0.062283,-0.0567951,0.000354059,0.003485,9
19.8448,0.226285,0.0893551,-0.0502655,-0.0788765,-0.116034,0.000351504,0.00348308,9
19.8483,0.226654,0.0142856,-0.0502655,-0.0809682,-0.318702,0.000357415,0.00348376,9
19.8518,0.226802,0.066386,-0.0502655,-0.0855966,-0.19586,0.000382672,0.0034839,9
19.8553,0.227098,0.0619043,-0.0502655,-0.0723356,-0.166151,0.000358247,0.00348362,9
19.8588,0.227245,0.0602236,-0.0502655,-0.0566538,-0.121967,0.000358487,0.00348372,9
19.8623,0.227467,0.048459,-0.0502655,-0.0407487,-0.103401,0.000367965,0.00348396,9
19.8658,0.227615,0.0422966,-0.0502655,-0.0269755,-0.0768558,0.000383744,0.00347658,9
19.8693,0.227763,0.0338933,-0.0502655,-0.0178462,-0.070486,0.000389384,0.00348525,9
19.8728,0.227837,0.0322126,-0.0502655,-0.0160293,-0.0691413,0.000377693,0.00348331,9
19.8763,0.227911,0.0226889,-0.0471239,-0.0134277,-0.0477922,0.000397519,0.00348281,9
19.8798,0.227984,0.0159663,-0.0471239,-0.0019435,-0.0299271,0.000461526,0.00346966,9
19.8833,0.228058,0.0109243,-0.0471239,0.0157544,0.0114749,0.000407277,0.00347979,9
19.8868,0.228058,0.00644253,-0.0439823,0.0237264,0.0624238,0.000449064,0.00347927,9
19.8903,0.228132,0.00308121,-0.0439823,0.041928,0.109788,0.000439276,0.00348248,9
19.8938,0.228132,-0.00028011,-0.0439823,0.0662768,0.175908,0.000468659,0.0034717,9
19.8973,0.228058,-0.00196077,-0.0408407,0.079578,0.250448,0.000493395,0.00348483,9
19.9008,0.228058,-0.00196077,-0.0408407,0.100688,0.315421,0.000490349,0.00348106,9
19.9043,0.228058,0.00140055,-0.0408407,0.124582,0.397788,0.00051265,0.0034798,9
19.9078,0.228058,0.00308121,-0.0376991,0.13328,0.467149,0.000574564,0.00348096,9
19.9113,0.228058,-0.00196077,-0.0376991,0.145012,0.490023,0.000542385,0.00348308,9
19.9148,0.228132,0.00476187,-0.0376991,0.154281,0.536363,0.000558665,0.00348224,9
19.9183,0.228132,0.00476187,-0.0376991,0.180573,0.617286,0.0005726,0.00348361,9
19.9218,0.228132,0.00308121,-0.0376991,0.208418,0.698578,0.000580064,0.00348366,9
19.9253,0.228132,0.00308121,-0.0376991,0.23656,0.785199,0.000590513,0.00348509,9
19.9288,0.228132,0.00308121,-0.0345575,0.251102,0.868133,0.000608777,0.00348378,9
19.9323,0.228132,0.00812319,-0.0345575,0.274667,0.953899,0.000609617,0.00348387,9
19.9358,0.228132,0.00924363,-0.0345575,0.282119,0.979777,0.000615489,0.00347303,9
19.9393,0.228206,0.0126049,-0.0345575,0.284846,0.997156,0.000702558,0.00348367,9
19.9428,0.228206,0.0159663,-0.0314159,0.268162,0.992805,0.000115571,0.00348357,6
19.9463,0.22828,0.030532,-0.0314159,0.253908,0.987331,0.000701136,0.00348646,15
19.9498,0.228428,0.030532,-0.0314159,0.240514,0.946434,0.000112717,0.00348382,6
19.9533,0.228502,0.0450977,-0.0282743,0.213924,0.941166,0.000111725,0.00348754,12
19.9568,0.22865,0.0422966,-0.0282743,0.196762,0.88132,0.000122104,0.00348465,12
19.9603,0.228797,0.048459,-0.0282743,0.188401,0.872088,0.000114831,0.0034864,12
19.9638,0.229019,0.053501,-0.0282743,0.18931,0.888615,0.0001147,0.0034865,12
19.9673,0.229167,0.0518203,-0.0282743,0.201061,0.920699,0.000137342,0.00348648,12
19.9708,0.229389,0.058543,-0.0282743,0.20197,0.941637,0.000115381,0.00348662,12
19.9743,0.22961,0.0630247,-0.0282743,0.207036,0.969486,0.000116043,0.00348636,12
19.9778,0.229832,0.071428,-0.0282743,0.21877,1.02815,0.000118958,0.00348545,12
19.9813,0.230128,0.0747893,-0.0282743,0.216276,1.02996,0.000111554,0.00348796,12
19.9848,0.230349,0.0843131,-0.0282743,0.215178,1.05207,0.000117475,0.00348586,12
19.9883,0.230645,0.0843131,-0.0282743,0.218459,1.06283,0.00011444,0.00348672,12
19.9918,0.231014,0.0927164,-0.0282743,0.205537,1.04593,0.000116584,0.00348623,12
19.9953,0.23131,0.0971981,-0.0282743,0.192194,1.01728,0.000114089,0.00348704,12
19.9988,0.23168,0.107282,-0.0282743,0.181412,1.01139,0.000117094,0.00348545,12
20.0023,0.232049,0.115125,-0.0282743,0.152452,0.943663,0.000114169,0.00348694,12
20.0058,0.232492,0.118486,-0.0282743,0.120782,0.855994,0.000118928,0.00348542,12
20.0093,0.232936,0.12689,-0.0282743,0.0889133,0.780949,0.000111865,0.00348819,12
20.0128,0.233379,0.130251,-0.0282743,0.0598296,0.701242,0.000113197,0.00348698,12
20.0163,0.233823,0.131932,-0.0282743,0.0369844,0.636324,0.000113428,0.00348697,12
20.0198,0.23434,0.134733,-0.0282743,0.0243027,0.605793,0.000114279,0.00348683,12
20.0233,0.234783,0.134733,-0.0282743,0.00182889,0.537607,0.000133024,0.00348716,12
20.0268,0.235301,0.138094,-0.0282743,-0.0143402,0.497813,0.000117996,0.00348582,12
20.0303,0.235744,0.143136,-0.0314159,-0.00779423,0.494005,0.000112556,0.00348716,12
20.0338,0.236261,0.139775,-0.0314159,0.00245342,0.517873,0.00011488,0.00348651,12
20.0373,0.236705,0.138094,-0.0314159,-0.00245348,0.499344,0.000110262,0.00348829,12
20.0408,0.237222,0.139775,-0.0345575,0.00779431,0.498271,0.00011435,0.00348668,12
20.0443,0.237739,0.138094,-0.0345575,0.0143402,0.515157,0.00011404,0.00348673,12
20.0478,0.238183,0.133052,-0.0345575,-0.00182894,0.453141,0.000112847,0.00348728,12
20.0513,0.2387,0.139775,-0.0345575,-0.0243027,0.402765,0.000115121,0.00348613,12
20.0548,0.239217,0.144817,-0.0345575,-0.0504122,0.336788,0.000111875,0.00348685,12
20.0583,0.239735,0.139775,-0.0376991,-0.0643748,0.243551,0.000113478,0.0034869,12
20.0618,0.240178,0.144817,-0.0376991,-0.0864599,0.189796,0.000111304,0.00348729,12
20.0653,0.240695,0.141455,-0.0376991,-0.113057,0.10026,0.00010944,0.00348826,12
20.0688,0.241213,0.138094,-0.0376991,-0.141025,0.00650309,0.000114761,0.0034866,12
20.0723,0.241656,0.138094,-0.0376991,-0.167696,-0.0746033,0.000111665,0.0034873,12
20.0758,0.2421,0.133052,-0.0376991,-0.190873,-0.158187,0.000115191,0.00348585,12
20.0793,0.242543,0.12857,-0.0376991,-0.208827,-0.224228,0.000134416,0.00348702,12
20.0828,0.242986,0.115125,-0.0376991,-0.220304,-0.293859,0.00011455,0.00348711,12
20.0863,0.24343,0.110643,-0.0376991,-0.224518,-0.317608,0.000112737,0.00348706,12
20.0898,0.243799,0.100559,-0.0376991,-0.221155,-0.332905,0.000115292,0.00348621,12
20.0933,0.244095,0.0971981,-0.0408407,-0.196945,-0.304731,0.000111104,0.00348788,12
20.0968,0.244464,0.0843131,-0.0408407,-0.174825,-0.269649,0.000120351,0.0034843,12
20.1003,0.24476,0.0826324,-0.0408407,-0.154011,-0.209341,0.000112256,0.00348712,12
20.1038,0.244982,0.071428,-0.0408407,-0.134346,-0.177731,0.000115261,0.00348639,12
20.1073,0.245203,0.0630247,-0.0408407,-0.116301,-0.143754,0.000113258,0.00348706,12
20.1108,0.245425,0.0568623,-0.0408407,-0.100974,-0.112263,0.00011434,0.00347778,12
20.1143,0.245647,0.0518203,-0.0408407,-0.0900926,-0.0915132,0.000130339,0.00348427,12
20.1178,0.245795,0.0450977,-0.0408407,-0.0860117,-0.0962703,0.000115472,0.00348605,12
20.1213,0.245942,0.0338933,-0.0408407,-0.0917142,-0.142904,0.000111485,0.00348789,12
20.1248,0.246016,0.035574,-0.0408407,-0.0864598,-0.122156,0.000112877,0.00348669,12
20.1283,0.246164,0.0243696,-0.0408407,-0.0857171,-0.148952,0.00011436,0.00348646,12
20.1318,0.246238,0.0159663,-0.0408407,-0.0919977,-0.190177,0.000114049,0.0034869,12
20.1353,0.246312,0.0176469,-0.0408407,-0.0839338,-0.160781,0.00011421,0.00348667,12
20.1388,0.246312,0.00924363,-0.0408407,-0.0762087,-0.159062,0.000116403,0.00348699,12
20.1423,0.246386,0.00812319,-0.0408407,-0.0703923,-0.143936,0.000122455,0.00348473,12
20.1458,0.246386,-0.00532209,-0.0376991,-0.0817964,-0.176153,0.00011472,0.00348698,12
20.1493,0.246312,-0.00196077,-0.0376991,-0.0903085,-0.193694,0.000113007,0.003488,12
20.1528,0.246312,-0.00700275,-0.0376991,-0.0759735,-0.162807,0.000115221,0.00348624,12
20.1563,0.246312,0.00140055,-0.0376991,-0.0545738,-0.0748828,0.00011465,0.00348689,12
20.1598,0.246312,-0.00028011,-0.0376991,-0.0284644,0.00106786,0.000115922,0.00348678,12
20.1633,0.246312,-0.00196077,-0.0376991,-0,0.0842668,0.000119739,0.00348689,12
20.1668,0.246312,0.00308121,-0.0376991,0.0284643,0.185112,0.000113949,0.00348677,12
20.1703,0.246312,0.00308121,-0.0376991,0.0545738,0.265474,0.000112877,0.0034869,12
20.1738,0.246312,0.00476187,-0.0376991,0.0759735,0.335752,0.000116203,0.00348681,12
20.1773,0.246312,0.00140055,-0.0376991,0.0903085,0.37105,0.000112407,0.00348765,12
20.1808,0.246312,0.00140055,-0.0376991,0.095224,0.38618,0.000129157,0.00348727,12
20.1843,0.246312,-0.00028011,-0.0376991,0.088365,0.360657,0.000116613,0.00348623,12
20.1878,0.246386,0.00476187,-0.0345575,0.0783003,0.381254,0.000111675,0.00348725,12
20.1913,0.246386,0.00308121,-0.0345575,0.0737551,0.362853,0.000121773,0.00348524,12
20.1948,0.246386,-0.00028011,-0.0345575,0.0728457,0.351231,0.000137021,0.00348721,12
20.1983,0.246386,-0.00364143,-0.0345575,0.0740021,0.345967,0.00012554,0.00348667,12
20.2018,0.246386,-0.00364143,-0.0345575,0.0759683,0.352019,0.000113458,0.00348706,12
20.2053,0.246386,0.00308121,-0.0345575,0.0778024,0.37531,0.000113518,0.00348813,12
20.2088,0.246386,-0.00028011,-0.0345575,0.0788766,0.369793,0.00011453,0.00348695,12
20.2123,0.246386,-0.00028011,-0.0345575,0.0788766,0.369793,0.000121503,0.00348607,12
20.2158,0.246386,-0.00196077,-0.0314159,0.0643749,0.358923,0.000114561,0.00348674,12
20.2193,0.246386,0.00308121,-0.0314159,0.0579956,0.352523,0.000113368,0.0034872,12
20.2228,0.246386,-0.00028011,-0.0314159,0.0584828,0.345199,0.000113468,0.00348713,12
20.2263,0.246386,-0.00196077,-0.0314159,0.0650515,0.361006,0.000112867,0.00348713,12
20.2298,0.246386,0.00140055,-0.0314159,0.0773879,0.407799,0.00011997,0.00348708,12
20.2333,0.246386,-0.00028011,-0.0314159,0.0956488,0.459593,0.000113248,0.00348775,12
20.2368,0.246386,-0.00364143,-0.0314159,0.120462,0.527142,0.000111304,0.00348714,12
20.2403,0.246386,0.00308121,-0.0282743,0.115148,0.56661,0.000116905,0.00348662,12
20.2438,0.246386,0.00308121,-0.0282743,0.114817,0.56559,0.000112236,0.003487,12
20.2473,0.246386,0.00644253,-0.0282743,0.117271,0.581965,0.000114731,0.0034865,12
20.2508,0.246386,0.00812319,-0.0282743,0.120782,0.597183,0.000135198,0.00348688,12
20.2543,0.246386,0.00812319,-0.0282743,0.124095,0.607381,0.000116093,0.00348665,12
20.2578,0.24646,0.00812319,-0.0282743,0.126425,0.614716,0.000113468,0.00348715,12
20.2613,0.24646,0.0109243,-0.0282743,0.127458,0.625248,0.000123977,0.00348762,12
20.2648,0.24646,0.00924363,-0.0282743,0.12735,0.620506,0.00011399,0.00348704,12
20.2683,0.246534,0.0142856,-0.0282743,0.126731,0.631999,0.000113508,0.00348722,12
20.2718,0.246608,0.0193276,-0.0282743,0.126699,0.645299,0.000113849,0.00348695,12
20.2753,0.246681,0.0176469,-0.0282743,0.128823,0.647589,0.00011446,0.00348713,12
20.2788,0.246755,0.0176469,-0.0282743,0.135145,0.667212,0.000113338,0.00348723,12
20.2823,0.246829,0.0260502,-0.0282743,0.123825,0.654593,0.000122495,0.00347297,12
20.2858,0.246903,0.0260502,-0.0282743,0.109076,0.609362,0.000112666,0.00348721,12
20.2893,0.246977,0.0288513,-0.0282743,0.0919978,0.564313,0.000110413,0.00348784,12
20.2928,0.247051,0.0260502,-0.0282743,0.0740021,0.501736,0.000113839,0.00348692,12
20.2963,0.247199,0.0260502,-0.0282743,0.0568163,0.449168,0.000117045,0.00348624,12
20.2998,0.247273,0.030532,-0.0282743,0.0424812,0.416975,0.000113959,0.00348695,12
20.3033,0.247347,0.0271707,-0.0282743,0.0333518,0.380216,0.000119299,0.00348464,12
20.3068,0.247494,0.0271707,-0.0282743,0.032097,0.376683,0.000139356,0.00348675,12
20.3103,0.247568,0.0271707,-0.0282743,0.0173484,0.331452,0.000115983,0.00348679,12
20.3138,0.247642,0.030532,-0.0282743,0.00363265,0.298224,0.00011484,0.00348689,12
20.3173,0.24779,0.0260502,-0.0282743,-0.00779428,0.251617,0.000112526,0.00348807,12
20.3208,0.247864,0.0260502,-0.0282743,-0.0155194,0.228005,0.000112426,0.00348725,12
20.3243,0.247938,0.030532,-0.0282743,-0.0179728,0.232382,0.000115923,0.00348595,12
20.3278,0.248086,0.0243696,-0.0282743,-0.0134276,0.230524,0.000113448,0.00348715,12
20.3313,0.248159,0.0243696,-0.0282743,-0,0.272017,0.000121092,0.00348623,12
20.3348,0.248233,0.0193276,-0.0282743,-0,0.258947,0.000115432,0.00348717,12
20.3383,0.248233,0.0126049,-0.0282743,-0,0.2413,0.000117926,0.00348673,12
20.3418,0.248307,0.0159663,-0.0282743,-0,0.250288,0.000115351,0.00348718,12
20.3453,0.248381,0.0142856,-0.0282743,-0,0.246041,0.000115471,0.00348695,12
20.3488,0.248381,0.0109243,-0.0282743,-0,0.237217,0.000117184,0.0034869,12
20.3523,0.248455,0.0109243,-0.0282743,-0,0.237382,0.000119489,0.00348538,12
20.3558,0.248455,0.00812319,-0.0282743,-0,0.230029,0.000171795,0.00348668,9
20.3593,0.248455,0.00308121,-0.0282743,-0,0.216794,0.000118277,0.00348563,12
20.3628,0.248529,0.00140055,-0.0282743,-0,0.212547,0.000187163,0.00348705,9
20.3663,0.248529,-0.00196077,-0.0282743,-0,0.203724,0.00012592,0.00348283,12
20.3698,0.248529,-0.00028011,-0.0282743,-0,0.208135,0.000172917,0.00348648,9
20.3733,0.248455,-0.00196077,-0.0282743,-0,0.203559,0.000126923,0.00348693,9
20.3768,0.248529,-0.00196077,-0.0282743,-0,0.203724,0.000167627,0.00348649,9
20.3803,0.248529,0.00140055,-0.0282743,-0,0.212547,0.000160474,0.0034856,9
20.3838,0.248529,-0.00196077,-0.0282743,-0,0.203724,0.000189658,0.00348527,9
20.3873,0.248529,-0.00028011,-0.0282743,-0,0.208135,0.000167577,0.00348225,9
20.3908,0.248529,-0.00028011,-0.0282743,-0,0.208135,0.000169231,0.00348608,9
20.3943,0.248529,0.00140055,-0.0282743,-0,0.212547,0.000181382,0.00348437,9
20.3978,0.248529,-0.00196077,-0.0282743,-0,0.203724,0.000193505,0.00348626,9
20.4013,0.248529,0.00140055,-0.0282743,-0,0.212547,0.000204776,0.00348702,9
20.4048,0.248529,-0.00196077,-0.0282743,-0,0.203724,0.000202541,0.00348667,9
20.4083,0.248455,0.00140055,-0.0282743,-0,0.212383,0.000252873,0.00348365,9
20.4118,0.248529,0.00140055,-0.0282743,-0,0.212547,0.000247614,0.00348303,9
20.4153,0.248529,-0.00028011,-0.0282743,-0,0.208135,0.000264985,0.00348305,9
20.4188,0.248529,-0.00196077,-0.0282743,-0,0.203724,0.000303347,0.00348364,9
20.4223,0.248529,-0.00028011,-0.0282743,-0,0.208135,0.000285794,0.00348222,9
20.4258,0.248455,-0.00028011,-0.0282743,-0,0.207971,0.000282528,0.00348377,9
20.4293,0.248529,-0.00196077,-0.0282743,-0,0.203724,0.000309788,0.0034823,9
20.4328,0.248529,-0.00196077,-0.0282743,-0,0.203724,0.000306151,0.00348352,9
20.4363,0.248529,0.00476187,-0.0282743,-0,0.22137,0.00032187,0.00348279,9
20.4398,0.248529,-0.00196077,-0.0282743,-0,0.203724,0.000324716,0.0034835,9
20.4433,0.248529,0.00140055,-0.0282743,-0,0.212547,0.000347488,0.0034836,9
20.4468,0.248529,-0.00028011,-0.0282743,-0,0.208135,0.000342628,0.00348381,9
20.4503,0.248529,-0.00028011,-0.0282743,-0,0.208135,0.000358237,0.00348307,9
20.4538,0.248529,-0.00028011,-0.0282743,-0,0.208135,0.000364949,0.00348375,9
20.4573,0.248529,-0.00196077,-0.0282743,-0,0.203724,0.00040309,0.00348472,9
20.4608,0.248529,-0.00028011,-0.0282743,-0,0.208135,0.000388703,0.00348374,9
20.4643,0.248529,-0.00028011,-0.0282743,-0,0.208135,0.000383753,0.00347512,9
20.4678,0.248455,-0.00028011,-0.0282743,-0,0.207971,0.000400715,0.00348362,9
20.4713,0.248529,-0.00364143,-0.0282743,-0,0.199312,0.000417366,0.00348288,9
20.4748,0.248455,-0.00028011,-0.0282743,-0,0.207971,0.000453501,0.00348378,9
20.4783,0.248529,-0.00196077,-0.0282743,-0,0.203724,0.000435178,0.00348295,9
20.4818,0.248529,0.00308121,-0.0282743,-0,0.216958,0.000450336,0.00348384,9
20.4853,0.248529,-0.00196077,-0.0282743,-0,0.203724,0.00045827,0.00348464,9
20.4888,0.248529,-0.00028011,-0.0282743,-0,0.208135,0.0004801,0.00348368,9
20.4923,0.248529,0.00308121,-0.0282743,-0,0.216958,0.000470082,0.00348096,9
20.4958,0.248529,0.00308121,-0.0282743,-0,0.216958,0.000482204,0.00348359,9
20.4993,0.248455,-0.00196077,-0.0282743,-0,0.203559,0.000487644,0.00348285,9
20.5028,0.248529,-0.00028011,-0.0282743,-0,0.208135,0.000506119,0.00348366,9
20.5063,0.248529,-0.00028011,-0.0282743,-0,0.208135,0.000509875,0.00348363,9
20.5098,0.248529,-0.00028011,-0.0282743,-0,0.208135,0.000524441,0.00348318,9
20.5133,0.248529,0.00140055,-0.0282743,-0,0.212547,0.000529351,0.00348308,9
20.5168,0.248455,-0.00364143,-0.0282743,-0,0.199148,0.000534951,0.00348352,9
20.5203,0.248529,-0.00028011,-0.0282743,-0,0.208135,0.00055122,0.00348356,9
20.5238,0.248529,0.00644253,-0.0282743,-0,0.225782,0.000563533,0.00348364,9
20.5273,0.248529,-0.00028011,-0.0282743,-0,0.208135,0.000575725,0.00348343,9
20.5308,0.248529,-0.00364143,-0.0282743,-0,0.199312,0.000618144,0.00348351,9
20.5343,0.248529,-0.00196077,-0.0282743,-0,0.203724,0.000665571,0.00348385,9
20.5378,0.248455,-0.00868341,-0.0282743,-0,0.185913,0.000115812,0.00348211,6
20.5413,0.248529,-0.00028011,-0.0314159,0.0134276,0.211288,0.000668696,0.00348741,15
20.5448,0.248529,0.00308121,-0.0314159,0.0179728,0.234101,0.000116364,0.00348333,6
20.5483,0.248529,-0.00028011,-0.0314159,0.0155194,0.217726,0.00066541,0.00348623,15
20.5518,0.248529,0.00140055,-0.0314159,0.00779423,0.198361,0.000111404,0.00348363,6
20.5553,0.248529,0.00140055,-0.0314159,-0.00363265,0.16319,0.000657606,0.00348598,15
20.5588,0.248529,0.00140055,-0.0314159,-0.0173484,0.120974,0.000110372,0.00348348,6
20.5623,0.248529,-0.00364143,-0.0314159,-0.032097,0.0623446,0.000664739,0.00348519,15
20.5658,0.248529,0.00140055,-0.0314159,-0.0467795,0.030388,0.000123026,0.00348375,6
20.5693,0.248455,-0.00196077,-0.0314159,-0.0604541,-0.0206885,0.000669498,0.00348743,12
20.5728,0.248455,-0.00028011,-0.0314159,-0.0723357,-0.0528472,0.000108599,0.00348294,6
20.5763,0.248455,0.00140055,-0.0345575,-0.0683687,-0.0744019,0.000113518,0.00348661,12
20.5798,0.248455,0.00140055,-0.0345575,-0.0703923,-0.0806302,0.000113839,0.00348648,12
20.5833,0.248455,-0.00532209,-0.0345575,-0.0762086,-0.116179,0.000115492,0.00348652,12
20.5868,0.248455,-0.00532209,-0.0345575,-0.0839338,-0.139956,0.000133705,0.00348675,12
20.5903,0.248455,-0.00028011,-0.0345575,-0.0919978,-0.151541,0.000118468,0.00348584,12
20.5938,0.248455,0.00140055,-0.0345575,-0.0991448,-0.169128,0.000114851,0.00348643,12
20.5973,0.248455,0.00140055,-0.0345575,-0.104433,-0.185403,0.000112787,0.00348778,12
20.6008,0.248455,-0.00196077,-0.0345575,-0.107234,-0.202847,0.000115632,0.00348685,12
20.6043,0.248455,-0.00028011,-0.0345575,-0.107234,-0.198436,0.000114019,0.00348688,12
20.6078,0.248455,-0.00028011,-0.0345575,-0.104433,-0.189815,0.00012015,0.00348553,12
20.6113,0.248455,-0.00028011,-0.0345575,-0.0991448,-0.173539,0.000113518,0.00348694,12
20.6148,0.248455,-0.00196077,-0.0345575,-0.091998,-0.155954,0.000125891,0.00348315,12
20.6183,0.248455,0.00476187,-0.0376991,-0.0705063,-0.110334,0.00011473,0.00348672,12
20.6218,0.248455,-0.00028011,-0.0376991,-0.058236,-0.0858023,0.000116083,0.0034865,12
20.6253,0.248455,-0.00028011,-0.0376991,-0.0548731,-0.0754517,0.000110312,0.00348808,12
20.6288,0.248455,-0.00028011,-0.0376991,-0.0605747,-0.0930004,0.000113559,0.00348723,12
20.6323,0.248455,-0.00196077,-0.0376991,-0.0759685,-0.144793,0.000125831,0.00348164,12
20.6358,0.248455,0.00140055,-0.0376991,-0.0778026,-0.141615,0.000117005,0.00348619,12
20.6393,0.248455,-0.00196077,-0.0376991,-0.0788766,-0.153744,0.000112937,0.00347821,12
20.6428,0.248455,0.00476187,-0.0376991,-0.0788767,-0.136097,0.000112717,0.00348688,12
20.6463,0.248455,0.00308121,-0.0376991,-0.0778026,-0.137203,0.000140638,0.00348685,12
20.6498,0.248455,-0.00028011,-0.0376991,-0.0759685,-0.140381,0.000118558,0.00348666,12
20.6533,0.248455,-0.00364143,-0.0376991,-0.0740024,-0.143153,0.000116864,0.00348783,12
20.6568,0.248455,0.00140055,-0.0376991,-0.072846,-0.126359,0.000115372,0.0034868,12
20.6603,0.248455,-0.00028011,-0.0376991,-0.0737554,-0.133569,0.000113478,0.00348722,12
20.6638,0.248455,-0.00700275,-0.0376991,-0.0783005,-0.165205,0.000117235,0.0034863,12
20.6673,0.248455,-0.00196077,-0.0408407,-0.0749377,-0.179796,0.000112346,0.00348733,12
20.6708,0.248455,0.00140055,-0.0408407,-0.0638237,-0.136765,0.000115662,0.00348663,12
20.6743,0.248455,0.00308121,-0.0408407,-0.0568165,-0.110786,0.000112967,0.00348635,12
20.6778,0.248455,-0.00028011,-0.0408407,-0.05266,-0.106816,0.000123216,0.00348557,12
20.6813,0.248455,-0.00196077,-0.0408407,-0.0504121,-0.104309,0.000110363,0.00348818,12
20.6848,0.248455,-0.00028011,-0.0408407,-0.0494453,-0.0969216,0.000112387,0.00348712,12
20.6883,0.248455,-0.00364143,-0.0408407,-0.0494452,-0.105745,0.000112827,0.00348705,12
20.6918,0.248455,-0.00028011,-0.0408407,-0.0504121,-0.0998972,0.000113248,0.00348698,12
20.6953,0.248455,-0.00028011,-0.0408407,-0.0526598,-0.106816,0.000113218,0.00348699,12
20.6988,0.248455,-0.00196077,-0.0439823,-0.0433886,-0.120867,0.000118727,0.00348479,12
20.7023,0.248455,0.00308121,-0.0439823,-0.0458507,-0.115211,0.000143463,0.00348694,12
20.7058,0.248455,0.00140055,-0.0439823,-0.059418,-0.161381,0.000113829,0.00348649,12
20.7093,0.248455,0.00140055,-0.0439823,-0.0839338,-0.236838,0.000110433,0.00348798,12
20.7128,0.248455,-0.00196077,-0.0471239,-0.081933,-0.27768,0.000114149,0.00348634,12
20.7163,0.248455,0.00140055,-0.0471239,-0.0877407,-0.286732,0.000112306,0.00348731,12
20.7198,0.248455,-0.00196077,-0.0471239,-0.098374,-0.328283,0.000148011,0.003481,12
20.7233,0.248455,-0.00028011,-0.0471239,-0.111321,-0.363721,0.000133956,0.00348563,12
20.7268,0.248455,-0.00028011,-0.0471239,-0.124541,-0.404411,0.000115332,0.00348641,12
20.7303,0.248455,0.00140055,-0.0471239,-0.136464,-0.436696,0.000111595,0.00348715,12
20.7338,0.248455,-0.00532209,-0.0502655,-0.132563,-0.480512,0.00011443,0.00348666,12
20.7373,0.248455,-0.00196077,-0.0502655,-0.13452,-0.477715,0.000110573,0.00348824,12
20.7408,0.248381,-0.00364143,-0.0502655,-0.140296,-0.500066,0.000112196,0.00348702,12
20.7443,0.248381,-0.00532209,-0.0502655,-0.148475,-0.529654,0.000113999,0.00348693,12
20.7478,0.248381,-0.00532209,-0.0502655,-0.158275,-0.559816,0.000115342,0.0034856,12
20.7513,0.248307,-0.0114845,-0.0502655,-0.169537,-0.610821,0.000134877,0.00348577,12
20.7548,0.248307,-0.0131652,-0.0502655,-0.182733,-0.655848,0.000115352,0.0034868,12
20.7583,0.248233,-0.0148458,-0.0502655,-0.198962,-0.710374,0.000138243,0.0034875,12
20.7618,0.248159,-0.0266104,-0.0534071,-0.182171,-0.727916,0.000388372,0.00345541,12
20.7653,0.248012,-0.0327729,-0.0534071,-0.168256,-0.701591,0.000111124,0.00348799,12
20.7688,0.247938,-0.0310922,-0.0534071,-0.155961,-0.659501,0.000117656,0.00348546,12
20.7723,0.24779,-0.0394955,-0.0534071,-0.144658,-0.647096,0.000112957,0.00348726,12
20.7758,0.247642,-0.0428568,-0.0534071,-0.134346,-0.624509,0.000115531,0.00348655,12
20.7793,0.247494,-0.0445375,-0.0534071,-0.125654,-0.602497,0.000112556,0.00348713,12
20.7828,0.247347,-0.0540612,-0.0534071,-0.119838,-0.609922,0.000113708,0.00348677,12
20.7863,0.247199,-0.0506999,-0.0534071,-0.118781,-0.598175,0.000111905,0.00348733,12
20.7898,0.246977,-0.0523805,-0.0534071,-0.124996,-0.622207,0.000115271,0.00348683,12
20.7933,0.246755,-0.0591032,-0.0534071,-0.11727,-0.616569,0.000126682,0.00348651,12
20.7968,0.246608,-0.0607838,-0.0534071,-0.110603,-0.600788,0.000116534,0.00348594,12
20.8003,0.246386,-0.0635849,-0.0534071,-0.107034,-0.597649,0.000118317,0.00348717,12
20.8038,0.246164,-0.0607838,-0.0534071,-0.109076,-0.597074,0.000113468,0.00348712,12
20.8073,0.245942,-0.0686269,-0.0565487,-0.0819328,-0.572786,0.000116443,0.0034744,12
20.8108,0.245647,-0.0719882,-0.0565487,-0.0625981,-0.522756,0.000112596,0.00348712,12
20.8143,0.245425,-0.0770302,-0.0565487,-0.0507575,-0.500039,0.000148933,0.00348697,12
20.8178,0.24513,-0.0798313,-0.0565487,-0.0465685,-0.495156,0.00012014,0.00348567,12
20.8213,0.244908,-0.0787109,-0.0565487,-0.050659,-0.505298,0.000111625,0.00348804,12
20.8248,0.244612,-0.086554,-0.0565487,-0.064128,-0.567998,0.000131521,0.0034835,12
20.8283,0.244317,-0.0798313,-0.0565487,-0.0641939,-0.551212,0.000134326,0.00348611,12
20.8318,0.244021,-0.0787109,-0.0565487,-0.0641279,-0.548725,0.000384064,0.00345759,12
20.8353,0.243725,-0.0848733,-0.0596903,-0.050659,-0.562278,0.000395795,0.00345915,12
20.8388,0.24343,-0.0831926,-0.0596903,-0.0465685,-0.545934,0.000130379,0.00348588,12
20.8423,0.243208,-0.0882346,-0.0596903,-0.0507577,-0.572555,0.000112947,0.00348724,12
20.8458,0.242839,-0.0899153,-0.0596903,-0.0625981,-0.614232,0.00011467,0.00348665,12
20.8493,0.242543,-0.0899153,-0.0596903,-0.0819329,-0.674399,0.000117696,0.00348826,12
20.8528,0.242247,-0.0899153,-0.0596903,-0.109076,-0.758601,0.000116744,0.00348637,12
20.8563,0.241952,-0.0932766,-0.0596903,-0.120462,-0.803126,0.000116273,0.00348722,12
20.8598,0.241656,-0.0949573,-0.0596903,-0.128576,-0.833168,0.0001144,0.00348641,12
20.8633,0.241287,-0.0932766,-0.0596903,-0.13279,-0.842547,0.000111454,0.00348706,12
20.8668,0.240917,-0.104481,-0.0596903,-0.13279,-0.87278,0.000164732,0.00346969,12
20.8703,0.240622,-0.10112,-0.0596903,-0.128576,-0.851644,0.000126952,0.00348679,12
20.8738,0.240178,-0.107842,-0.0596903,-0.120462,-0.845302,0.000155625,0.00348626,12
20.8773,0.239809,-0.112884,-0.0596903,-0.109076,-0.824314,0.000122625,0.00348801,12
20.8808,0.239439,-0.117366,-0.0596903,-0.0953606,-0.794684,0.000117867,0.00348588,12
20.8843,0.238996,-0.120727,-0.0596903,-0.0805708,-0.758971,0.000126812,0.00348619,12
20.8878,0.238552,-0.125769,-0.0596903,-0.066277,-0.729197,0.000134687,0.0034828,12
20.8913,0.238109,-0.129131,-0.0596903,-0.0543627,-0.702334,0.000131732,0.00348424,12
20.8948,0.237666,-0.130811,-0.0596903,-0.0470264,-0.685151,0.000124939,0.00348258,12
20.8983,0.237222,-0.136974,-0.0596903,-0.0467795,-0.701553,0.00011456,0.00348696,12
20.9018,0.236705,-0.138654,-0.0596903,-0.032097,-0.661923,0.000119449,0.00348668,12
20.9053,0.236261,-0.140335,-0.0596903,-0.0173484,-0.621925,0.000121132,0.00348811,12
20.9088,0.235744,-0.140335,-0.0596903,-0.00363263,-0.58086,0.000115341,0.00348622,12
20.9123,0.235227,-0.143696,-0.0596903,0.00779429,-0.555662,0.000125781,0.00348686,12
20.9158,0.234783,-0.143696,-0.0596903,0.0155194,-0.53287,0.000112556,0.00348712,12
20.9193,0.234266,-0.147058,-0.0596903,0.0179729,-0.535292,0.000127063,0.0034869,12
20.9228,0.233749,-0.143696,-0.0596903,0.0134276,-0.541608,0.000126382,0.00348701,12
20.9263,0.233231,-0.138654,-0.0596903,-0,-0.570853,0.000127433,0.00348709,12
20.9298,0.232788,-0.147058,-0.0596903,-0,-0.593896,0.000153261,0.0034864,12
20.9333,0.232271,-0.142016,-0.0596903,-0,-0.581811,0.000127543,0.00348755,12
20.9368,0.231753,-0.145377,-0.0596903,-0,-0.591784,0.000118988,0.00348695,12
20.9403,0.231236,-0.150419,-0.0596903,-0,-0.606169,0.000128346,0.00348614,12
20.9438,0.230719,-0.147058,-0.0596903,-0,-0.598496,0.000127203,0.00348611,12
20.9473,0.230128,-0.150419,-0.0596903,-0,-0.608633,0.000140829,0.00348375,12
20.9508,0.22961,-0.151539,-0.0596903,-0,-0.612724,0.000118838,0.00348636,12
20.9543,0.229093,-0.154901,-0.0596903,-0,-0.622697,0.000127384,0.0034736,12
20.9578,0.228576,-0.154901,-0.0596903,-0,-0.623847,0.000117746,0.00348656,12
20.9613,0.227984,-0.159943,-0.0596903,-0,-0.638396,0.000127053,0.00348795,12
20.9648,0.227467,-0.156581,-0.0596903,-0,-0.630723,0.000127033,0.00348701,12
20.9683,0.226876,-0.151539,-0.0596903,-0,-0.618802,0.000132212,0.00348692,12
20.9718,0.226433,-0.249578,-0.0596903,-0,-0.877131,0.000115982,0.0034871,12
20.9753,0.225841,-0.154901,-0.0596903,-0,-0.629925,0.000116865,0.00348642,12
20.9788,0.22525,-0.158262,-0.0596903,-0,-0.640063,0.000115752,0.00348702,12
20.9823,0.224659,-0.164985,-0.0596903,-0,-0.659023,0.000118717,0.00347437,12
20.9858,0.224142,-0.164985,-0.0596903,-0,-0.660173,0.000137201,0.00348708,12
20.9893,0.22355,-0.164985,-0.0596903,-0,-0.661488,0.00011467,0.00348775,12
20.9928,0.222959,-0.168346,-0.0596903,-0,-0.671625,0.000117366,0.0034863,12
20.9963,0.222442,-0.169466,-0.0596903,-0,-0.675716,0.000115682,0.00348704,12
20.9998,0.221851,-0.168346,-0.0596903,-0,-0.674089,0.000131541,0.00348148,12
21.0033,0.221186,-0.174508,-0.0596903,-0,-0.691743,0.000119549,0.00348533,12
21.0068,0.220594,-0.176189,-0.0596903,-0,-0.697469,0.000115481,0.00348654,12
21.0103,0.220003,-0.171147,-0.0596903,-0,-0.685548,0.000116133,0.00348686,12
21.0138,0.219412,-0.182912,-0.0628318,0.0134277,-0.714591,0.000113909,0.00348678,12
21.0173,0.218747,-0.181231,-0.0628318,0.0179728,-0.697668,0.000111986,0.00348791,12
21.0208,0.218082,-0.184592,-0.0628318,0.0155194,-0.715521,0.000112676,0.00348707,12
21.0243,0.217491,-0.189074,-0.0628318,0.00779426,-0.752377,0.000116323,0.00348641,12
21.0278,0.216825,-0.186273,-0.0628318,-0.00363261,-0.781674,0.000112837,0.00348684,12
21.0313,0.21616,-0.190755,-0.0628318,-0.0173483,-0.837132,0.000126261,0.0034853,12
21.0348,0.215495,-0.190755,-0.0628318,-0.0320969,-0.884005,0.000115231,0.00348648,12
21.0383,0.21483,-0.200839,-0.0628318,-0.0467795,-0.957145,0.000113658,0.00348707,12
21.0418,0.214165,-0.200839,-0.0628318,-0.0604541,-1.00071,0.000137332,0.00348722,12
21.0453,0.213426,-0.200839,-0.0628318,-0.0723357,-1.03893,0.000112296,0.00348812,12
21.0488,0.212687,-0.2042,-0.0628318,-0.0817964,-1.07851,0.000116514,0.00348621,12
21.0523,0.211948,-0.212043,-0.0628318,-0.0883652,-1.12096,0.000114751,0.00348679,12
21.0558,0.211209,-0.218766,-0.0628318,-0.0917281,-1.1506,0.000114319,0.00348684,12
21.0593,0.210396,-0.226609,-0.0628318,-0.0917281,-1.17299,0.000113899,0.00348701,12
21.0628,0.209583,-0.235012,-0.0628318,-0.0883652,-1.18651,0.000113909,0.00348713,12
21.0663,0.20877,-0.242855,-0.0628318,-0.0817965,-1.18868,0.000113097,0.00348702,12
21.0698,0.207957,-0.247897,-0.0628318,-0.0723358,-1.17461,0.00011437,0.00348702,12
21.0733,0.207071,-0.257421,-0.0628318,-0.0604542,-1.16501,0.000116113,0.00348641,12
21.0768,0.206184,-0.262463,-0.0628318,-0.0467795,-1.13812,0.000113208,0.0034866,12
21.0803,0.205223,-0.269186,-0.0596903,-0.0455246,-1.11587,0.000115201,0.00348689,12
21.0838,0.204262,-0.274228,-0.0596903,-0.0353212,-1.09983,0.000111905,0.00348703,12
21.0873,0.203302,-0.283751,-0.0596903,-0.019152,-1.0772,0.00011427,0.00348701,12
21.0908,0.202267,-0.287113,-0.0596903,-0,-1.02937,0.000117355,0.003487,9
21.0943,0.201306,-0.296636,-0.0565487,0.00572422,-1.00071,0.000179699,0.0034836,9
21.0978,0.200198,-0.293275,-0.0565487,0.0173481,-0.958578,0.000178417,0.00348616,9
21.1013,0.199163,-0.299998,-0.0565487,0.0300052,-0.939566,0.000197302,0.00348714,9
21.1048,0.198128,-0.310082,-0.0534071,0.0255575,-0.943849,0.000221035,0.00348281,9
21.1083,0.197094,-0.308401,-0.0534071,0.0461139,-0.878467,0.000222237,0.00348345,9
21.1118,0.195985,-0.310082,-0.0534071,0.0741646,-0.799005,0.000209835,0.00348376,9
21.1153,0.194877,-0.317925,-0.0534071,0.106099,-0.723766,0.000197311,0.00347086,9
21.1188,0.193768,-0.322967,-0.0534071,0.138777,-0.638885,0.000176564,0.00348509,9
21.1223,0.19266,-0.326328,-0.0502655,0.156103,-0.558669,0.000198444,0.00348573,9
21.1258,0.191551,-0.326328,-0.0502655,0.178188,-0.493158,0.000199436,0.00348679,9
21.1293,0.190369,-0.328009,-0.0502655,0.201422,-0.428687,0.000252202,0.00348788,9
21.1328,0.189186,-0.326328,-0.0502655,0.222822,-0.361037,0.000232106,0.00348228,9
21.1363,0.188078,-0.334171,-0.0502655,0.240032,-0.331115,0.000225814,0.00348223,9
21.1398,0.186969,-0.329129,-0.0502655,0.251327,-0.285581,0.000226836,0.00348392,9
21.1433,0.185861,-0.316244,-0.0502655,0.255607,-0.241049,0.000252172,0.00348411,9
21.1468,0.184679,-0.317925,-0.0502655,0.252401,-0.257957,0.000241492,0.00348384,9
21.1503,0.18357,-0.312883,-0.0471239,0.228438,-0.282765,0.000270837,0.00348386,9
21.1538,0.182461,-0.316244,-0.0471239,0.206815,-0.360607,0.000280835,0.00348386,9
21.1573,0.181427,-0.308401,-0.0471239,0.187059,-0.403127,0.000298237,0.00347556,9
21.1608,0.180318,-0.30672,-0.0439823,0.156057,-0.458425,0.000302875,0.00348371,9
21.1643,0.179284,-0.308401,-0.0439823,0.137217,-0.523121,0.000319606,0.00348203,9
21.1678,0.178175,-0.301678,-0.0439823,0.130541,-0.528487,0.000313124,0.00348389,9
21.1713,0.177141,-0.30672,-0.0439823,0.136971,-0.524233,0.000332149,0.00348384,9
21.1748,0.176032,-0.308401,-0.0439823,0.134038,-0.540136,0.000331748,0.00348397,9
21.1783,0.174997,-0.311202,-0.0408407,0.12237,-0.547524,0.000357105,0.00348388,9
21.1818,0.173889,-0.30672,-0.0408407,0.125692,-0.528,0.000378975,0.00348392,9
21.1853,0.17278,-0.30504,-0.0408407,0.144317,-0.468727,0.000391668,0.00348488,9
21.1888,0.171746,-0.30504,-0.0408407,0.155149,-0.437685,0.000403089,0.00348399,9
21.1923,0.170711,-0.303359,-0.0408407,0.171617,-0.384887,0.000420982,0.0034831,9
21.1958,0.169603,-0.296636,-0.0408407,0.194506,-0.299256,0.000427534,0.00348372,9
21.1993,0.168568,-0.298317,-0.0408407,0.201033,-0.285876,0.000424368,0.00348377,9
21.2028,0.167533,-0.298317,-0.0408407,0.204785,-0.276629,0.000438985,0.00348397,9
21.2063,0.166499,-0.293275,-0.0408407,0.206545,-0.260275,0.00046362,0.00348251,9
21.2098,0.165538,-0.287113,-0.0408407,0.207728,-0.242597,0.000451298,0.00347093,9
21.2133,0.164504,-0.283751,-0.0408407,0.210372,-0.227933,0.000539008,0.00348499,9
21.2168,0.163469,-0.287113,-0.0376991,0.17937,-0.296301,0.000503483,0.00348393,9
21.2203,0.162508,-0.285432,-0.0376991,0.151558,-0.379629,0.000517139,0.00348345,9
21.2238,0.161548,-0.28039,-0.0376991,0.126621,-0.445283,0.000527458,0.00348388,9
21.2273,0.160513,-0.28039,-0.0376991,0.104874,-0.514519,0.000531995,0.00348371,9
21.2308,0.159552,-0.28039,-0.0376991,0.0872582,-0.570873,0.000557372,0.00348393,9
21.2343,0.158591,-0.278709,-0.0376991,0.0753439,-0.605268,0.000619886,0.00348134,9
21.2378,0.157557,-0.28039,-0.0376991,0.0713292,-0.624336,0.000575856,0.00348401,9
21.2413,0.156596,-0.282071,-0.0376991,0.0780398,-0.610229,0.000619816,0.00348363,9
21.2448,0.155562,-0.292155,-0.0376991,0.0745782,-0.649652,0.000592055,0.00348391,9
21.2483,0.154601,-0.278709,-0.0376991,0.0762563,-0.61133,0.000617312,0.00348345,9
21.2518,0.15364,-0.285432,-0.0376991,0.0854289,-0.60288,0.000615859,0.00348413,9
21.2553,0.152605,-0.283751,-0.0376991,0.0805708,-0.615721,0.000640545,0.00348385,9
21.2588,0.151571,-0.293275,-0.0376991,0.0762084,-0.656447,0.000636507,0.00348386,9
21.2623,0.15061,-0.292155,-0.0376991,0.073755,-0.663193,0.000658086,0.00348346,9
21.2658,0.149576,-0.293275,-0.0376991,0.0749373,-0.664795,0.000113428,0.00348385,6
21.2693,0.148689,-0.294956,-0.0376991,0.0817964,-0.650066,0.000169511,0.00348028,12
21.2728,0.147654,-0.293275,-0.0376991,0.0723357,-0.677073,0.000122855,0.00348418,12
21.2763,0.146767,-0.28039,-0.0376991,0.0604541,-0.681793,0.000120992,0.0034852,12
21.2798,0.145733,-0.285432,-0.0376991,0.0467796,-0.739416,0.000131381,0.00348215,12
21.2833,0.144698,-0.287113,-0.0376991,0.032097,-0.791319,0.000117826,0.00348676,12
21.2868,0.143663,-0.282071,-0.0376991,0.0173484,-0.825779,0.000116243,0.00348704,12
21.2903,0.142703,-0.293275,-0.0376991,0.00363266,-0.899541,0.000117546,0.00348623,12
21.2938,0.141668,-0.296636,-0.0376991,-0.00779426,-0.945835,0.000118227,0.0034861,12
21.2973,0.140634,-0.299998,-0.0376991,-0.0155194,-0.980735,0.000121813,0.00348564,12
21.3008,0.139599,-0.308401,-0.0376991,-0.0179728,-1.01264,0.000137161,0.00348681,12
21.3043,0.13849,-0.314563,-0.0376991,-0.0134276,-1.01729,0.00012018,0.00348506,12
21.3078,0.137382,-0.316244,-0.0376991,-0,-0.982841,0.000118938,0.00348674,12
21.3113,0.136273,-0.324647,-0.0376991,-0,-1.00736,0.000118087,0.00348592,12
21.3148,0.135091,-0.33249,-0.0376991,-0,-1.03058,0.00013104,0.00348682,12
21.3183,0.133982,-0.344255,-0.0376991,-0,-1.06392,0.000116904,0.00348686,12
21.3218,0.132726,-0.340894,-0.0376991,-0,-1.05789,0.000134516,0.00348365,12
21.3253,0.131544,-0.353779,-0.0376991,-0,-1.09434,0.00011479,0.00348763,12
21.3288,0.130287,-0.355459,-0.0376991,-0,-1.10155,0.00013043,0.00348644,12
21.3323,0.129105,-0.358821,-0.0345575,-0.0134277,-1.11615,0.000125721,0.00347784,12
21.3358,0.127849,-0.362182,-0.0345575,-0.0179728,-1.14176,0.000121803,0.00348719,12
21.3393,0.126518,-0.366664,-0.0345575,-0.0155194,-1.14893,0.000123246,0.00348552,12
21.3428,0.125262,-0.376748,-0.0314159,-0.021222,-1.15757,0.000127795,0.00348704,12
21.3463,0.123932,-0.384591,-0.0314159,-0.0143402,-1.15993,0.000377442,0.00345677,12
21.3498,0.122454,-0.392994,-0.0314159,0.00182894,-1.13551,0.000375238,0.0034572,12
21.3533,0.12105,-0.399717,-0.0282743,0.0108751,-1.09025,0.000119699,0.00348786,12
21.3568,0.11972,-0.466383,-0.0282743,0.0324394,-1.20183,0.000126532,0.00348657,12
21.3603,0.118315,-0.415963,-0.0282743,0.0622832,-0.980748,0.000125991,0.00348674,12
21.3638,0.116837,-0.417084,-0.0251327,0.0832109,-0.884385,0.000120411,0.00348586,12
21.3673,0.115433,-0.427168,-0.0251327,0.114236,-0.818484,0.000119479,0.00348397,12
21.3708,0.113881,-0.428848,-0.0251327,0.150648,-0.714272,0.000117045,0.00348621,12
21.3743,0.112403,-0.435011,-0.0251327,0.188367,-0.61764,0.000119229,0.00348395,12
21.3778,0.110851,-0.438372,-0.0219912,0.210509,-0.523584,0.000112085,0.00348711,12
21.3813,0.109373,-0.441733,-0.0219912,0.23656,-0.455511,0.000110693,0.00348767,12
21.3848,0.107822,-0.441733,-0.0188496,0.24901,-0.382464,0.000156256,0.00348592,12
21.3883,0.10627,-0.438372,-0.0188496,0.266873,-0.322111,0.000112246,0.00348683,12
21.3918,0.104792,-0.441733,-0.015708,0.272324,-0.279265,0.000114339,0.00348702,12
21.3953,0.10324,-0.438372,-0.015708,0.284221,-0.237274,0.000112516,0.00348717,12
21.3988,0.101688,-0.435011,-0.015708,0.298167,-0.188976,0.000115101,0.00348687,12
21.4023,0.10021,-0.435011,-0.0125664,0.297439,-0.156327,0.000112907,0.00348663,12
21.4058,0.0987317,-0.43221,-0.0125664,0.302148,-0.137767,0.000114841,0.00348685,12
21.4093,0.0971798,-0.425487,-0.0125664,0.309311,-0.101523,0.000111024,0.00348791,12
21.4128,0.0957018,-0.425487,-0.0125664,0.317202,-0.0805211,0.000112757,0.00348688,12
21.4163,0.0942237,-0.418764,-0.00942478,0.311921,-0.0442363,0.00011441,0.00348705,12
21.4198,0.0927457,-0.414283,-0.00942478,0.316565,-0.0214645,0.00011449,0.00348677,12
21.4233,0.0913416,-0.412602,-0.00628319,0.317862,0.0219943,0.00011442,0.00348694,12
21.4268,0.0899375,-0.414283,-0.00628319,0.315342,0.00670359,0.000127294,0.00348702,12
21.4303,0.0884595,-0.404199,-0.00314159,0.307904,0.045173,0.000115141,0.0034863,12
21.4338,0.0871292,-0.396356,-0.00314159,0.318175,0.0944156,0.000124168,0.00348717,12
21.4373,0.0857251,-0.398036,-0.00314159,0.321645,0.0975631,0.000119839,0.0034882,12
21.4408,0.084321,-0.392994,-0.00314159,0.330958,0.136339,0.000142782,0.00348685,12
21.4443,0.0829908,-0.387952,-0.00314159,0.34674,0.195194,0.00011477,0.00348589,12
21.4478,0.0816606,-0.378428,-0,0.333255,0.213907,0.00012565,0.00348524,12
21.4513,0.0803304,-0.376748,-0,0.327496,0.197636,0.000113898,0.00348654,12
21.4548,0.079074,-0.366664,-0,0.330091,0.2293,0.000114119,0.00348648,12
21.4583,0.0777438,-0.362182,-0,0.31873,0.20314,0.000112296,0.00348698,12
21.4618,0.0765614,-0.360501,-0,0.308097,0.172195,0.000115241,0.00348676,12
21.4653,0.0753051,-0.348737,-0,0.300703,0.177526,0.000604569,0.00347896,15
21.4688,0.0739749,-0.345936,-0,0.300317,0.180732,0.00048577,0.00348248,9
21.4723,0.0727925,-0.33081,-0,0.28761,0.178698,0.000389244,0.00348384,9
21.4758,0.0716839,-0.326328,-0,0.280093,0.16486,0.000313625,0.00348334,9
21.4793,0.0705754,-0.324647,-0,0.258594,0.100639,0.000213522,0.00348374,9
21.4828,0.0695408,-0.316244,-0,0.240625,0.0650875,0.000116764,0.00348362,12
21.4863,0.0684323,-0.316244,0.00314159,0.193428,-0.0444656,0.000138925,0.00348594,13
21.4898,0.0673977,-0.298317,0.00314159,0.156511,-0.113336,0.000186132,0.00348465,13
21.4933,0.0663631,-0.290474,0.00314159,0.132542,-0.168822,0.000215315,0.00348666,13
21.4968,0.0653285,-0.294956,0.00314159,0.100781,-0.280644,0.000243656,0.00348347,13
21.5003,0.0642938,-0.288793,0.00314159,0.0770103,-0.339932,0.000260337,0.00348362,13
21.5038,0.0633331,-0.283751,0.00314159,0.0643697,-0.36774,0.000286645,0.00348339,13
21.5073,0.0622985,-0.283751,0.00314159,0.066784,-0.362608,0.000318433,0.00348339,13
21.5108,0.0612639,-0.293275,0.00314159,0.0646121,-0.396592,0.000324825,0.003473,13
21.5143,0.0603032,-0.285432,0.00314159,0.0745783,-0.347465,0.000367844,0.003483,13
21.5178,0.0592686,-0.285432,0.00314159,0.0762564,-0.3446,0.000381349,0.00348354,13
21.5213,0.058234,-0.283751,0.00314159,0.0854291,-0.314256,0.000428937,0.0034848,13
21.5248,0.0572733,-0.288793,0.00314159,0.080571,-0.344579,0.000432593,0.00348321,13
21.5283,0.0562386,-0.287113,0.00314159,0.0762087,-0.355894,0.000464372,0.00348378,13
21.5318,0.055204,-0.285432,0.00314159,0.0737553,-0.361334,0.000484188,0.00348363,13
21.5353,0.0542433,-0.287113,0.00314159,0.0749375,-0.364242,0.000593428,0.00348376,10
21.5388,0.0532087,-0.278709,0.00314159,0.0817964,-0.323373,0.000531645,0.00348367,10
21.5423,0.0523219,-0.277029,0.00314159,0.0723357,-0.350051,0.000591595,0.00348326,10
21.5458,0.0512873,-0.274228,0.00314159,0.0604541,-0.381569,0.000580434,0.00348364,10
21.5493,0.0503266,-0.275348,0.00314159,0.0467796,-0.428735,0.000609909,0.0034848,10
21.5528,0.0493658,-0.278709,0.00314159,0.032097,-0.484885,0.000633271,0.00348217,10
21.5563,0.0484051,-0.269186,0.00314159,0.0173484,-0.507416,0.0006762,0.00348373,10
21.5598,0.0474444,-0.277029,0.00314159,0.00363263,-0.572355,0.000686319,0.00348184,10
21.5633,0.0464837,-0.272547,0.00314159,-0.00779426,-0.597897,0.000711324,0.00348314,10
21.5668,0.045523,-0.278709,0.00314159,-0.0155194,-0.639986,0.000733946,0.00348359,10
21.5703,0.0445623,-0.283751,0.00314159,-0.0179728,-0.662908,0.000111535,0.00347855,7
21.5738,0.0437494,-0.288793,0.00314159,-0.0134277,-0.66396,0.000117275,0.00348599,14
21.5773,0.0427148,-0.290474,0.00314159,-0,-0.629342,0.000117545,0.00348772,14
21.5808,0.0416801,-0.292155,0.00314159,-0,-0.636054,0.000121243,0.00348637,14
21.5843,0.0407933,-0.184592,0.00314159,-0,-0.355683,0.000116684,0.00348659,14
21.5878,0.0396848,-0.293275,0.00314159,-0,-0.64343,0.000119189,0.00348692,14
21.5913,0.0386502,-0.288793,0.00314159,-0,-0.633966,0.000116955,0.00348689,14
21.5948,0.0376895,-0.285432,0.00314159,-0,-0.627278,0.000122385,0.00348429,14
21.5983,0.0366549,-0.288793,0.00314159,-0,-0.638401,0.000116805,0.00348701,14
21.6018,0.0356942,-0.290474,0.00314159,-0,-0.644948,0.000118828,0.00348674,14
21.6053,0.0346596,-0.294956,0.00314159,-0,-0.659012,0.00011451,0.00348836,14
21.6088,0.0336249,-0.294956,0.00314159,-0,-0.661312,0.000117475,0.00348687,14
21.6123,0.0325903,-0.296636,0.00314159,-0,-0.668024,0.000142872,0.00348686,14
21.6158,0.0315557,-0.30672,0.00314159,-0,-0.696793,0.000131181,0.00348167,14
21.6193,0.0305211,-0.301678,0.00314159,-0,-0.685858,0.000120631,0.00348669,14
21.6228,0.0294865,-0.301678,0.00314159,-0,-0.688158,0.000118878,0.00348697,14
21.6263,0.0284519,-0.30504,0.00314159,-0,-0.699281,0.000117776,0.0034868,14
21.6298,0.0273434,-0.30672,0.00628319,-0.0134277,-0.709309,0.000117495,0.00348546,14
21.6333,0.0263087,-0.308401,0.00628319,-0.0179728,-0.73001,0.000112176,0.00348817,14
21.6368,0.0252002,-0.316244,0.00628319,-0.0155194,-0.745511,0.000120691,0.00348655,14
21.6403,0.0240917,-0.316244,0.00628319,-0.00779426,-0.724197,0.00011468,0.0034868,14
21.6438,0.0229832,-0.322967,0.00628319,0.00363263,-0.709137,0.000116643,0.00348649,14
21.6473,0.0218747,-0.317925,0.00942478,0.00392069,-0.659304,0.000114379,0.0034872,14
21.6508,0.0207662,-0.319605,0.00942478,0.0141241,-0.634774,0.000117005,0.00348663,14
21.6543,0.0195838,-0.324647,0.00942478,0.0312602,-0.597894,0.000113479,0.00348723,14
21.6578,0.0184752,-0.33249,0.00942478,0.0526599,-0.55508,0.000118938,0.0034859,14
21.6613,0.0172928,-0.33249,0.00942478,0.0759684,-0.485967,0.000112015,0.0034881,14
21.6648,0.0161843,-0.335852,0.00942478,0.0991448,-0.42592,0.000114009,0.00348697,14
21.6683,0.0150019,-0.328009,0.00942478,0.120462,-0.342348,0.000137272,0.00348656,14
21.6718,0.0138195,-0.409241,0.00942478,0.138508,-0.502661,0.000115602,0.00348643,14
21.6753,0.012711,-0.326328,0.0125664,0.138755,-0.24855,0.000117285,0.00348625,14
21.6788,0.0116025,-0.314563,0.0125664,0.142728,-0.207903,0.000116083,0.0034863,14
21.6823,0.0105678,-0.310082,0.0125664,0.148073,-0.181986,0.000116123,0.00348685,14
21.6858,0.00945932,-0.312883,0.0125664,0.152907,-0.176927,0.000115602,0.00347735,14
21.6893,0.00835081,-0.308401,0.0125664,0.155815,-0.158676,0.000112686,0.00348781,14
21.6928,0.0073162,-0.298317,0.0125664,0.155856,-0.13438,0.000119499,0.00348647,14
21.6963,0.00628158,-0.299998,0.0125664,0.152559,-0.151238,0.000113919,0.00348719,14
21.6998,0.00517307,-0.296636,0.015708,0.132497,-0.168453,0.000124619,0.00348419,14
21.7033,0.00413845,-0.296636,0.015708,0.11845,-0.213988,0.000114329,0.00348714,14
21.7068,0.00310384,-0.290474,0.015708,0.109476,-0.227732,0.000116254,0.00348666,14
21.7103,0.00214313,-0.293275,0.015708,0.105262,-0.25019,0.00011455,0.00348694,13
21.7138,0.00110852,-0.296636,0.015708,0.106122,-0.258667,0.000154844,0.00348703,13
21.7173,7.39014e-05,-0.294956,0.015708,0.112997,-0.235394,0.000197602,0.00348642,13
21.7208,-0.000960712,-0.287113,0.0188496,0.11403,-0.175751,0.000225013,0.00348229,13
21.7243,-0.00199533,-0.285432,0.0188496,0.109378,-0.187959,0.00027264,0.00348363,13
21.7278,-0.00295604,-0.283751,0.0188496,0.111212,-0.180038,0.000278781,0.00348391,13
21.7313,-0.00399065,-0.283751,0.0188496,0.118904,-0.158661,0.000290914,0.00348373,13
21.7348,-0.00495136,-0.274228,0.0188496,0.132456,-0.0940882,0.000300441,0.00348344,13
21.7383,-0.00591208,-0.272547,0.0188496,0.152493,-0.0301385,0.00031642,0.00348388,13
21.7418,-0.00679889,-0.264144,0.0188496,0.155922,0.000501887,0.000355392,0.00348338,13
21.7453,-0.0077596,-0.260782,0.0188496,0.155856,0.00698621,0.000371511,0.00348474,13
21.7488,-0.00864641,-0.25462,0.0188496,0.152452,0.0107135,0.000397138,0.00348345,13
21.7523,-0.00960713,-0.256301,0.0188496,0.146338,-0.0146519,0.000428886,0.00348372,13
21.7558,-0.01042,-0.246217,0.0219912,0.125185,-0.0169194,0.000470072,0.00348332,13
21.7593,-0.0113068,-0.240054,0.0219912,0.112874,-0.0406083,0.000606873,0.00348259,10
21.7628,-0.0121198,-0.233332,0.0219912,0.109561,-0.0349662,0.00076881,0.00344333,10
21.7663,-0.0130066,-0.217085,0.0219912,0.116031,0.0256226,0.0010223,0.00343618,10
21.7698,-0.0138195,-0.222127,0.0219912,0.109346,-0.00999384,0.00054551,0.00344963,10
21.7733,-0.0144107,-0.213724,0.0219912,0.102777,-0.00946798,0.000606553,0.0034805,10
21.7768,-0.0151497,-0.205321,0.0219912,0.0966385,-0.00794793,0.000658828,0.00348369,10
21.7803,-0.0158887,-0.205321,0.0219912,0.0917144,-0.0247467,0.000689274,0.00348534,10
21.7838,-0.0165538,-0.195797,0.0219912,0.0892609,-0.00877787,0.000749244,0.00348338,7
21.7873,-0.0172189,-0.195797,0.0219912,0.091005,-0.00488792,0.000123086,0.00348526,7
21.7908,-0.0178101,-0.190755,0.0219912,0.0991448,0.0320859,0.000143844,0.00348283,14
21.7943,-0.0184013,-0.186273,0.0219912,0.0919978,0.0205383,0.000123717,0.00348493,14
21.7978,-0.0190665,-0.17787,0.0219912,0.0839339,0.0162977,0.00013598,0.00348251,14
21.8013,-0.0196577,-0.174508,0.0188496,0.0896363,0.00318217,0.000215906,0.00348223,14
21.8048,-0.0202489,-0.166665,0.0188496,0.0883651,0.0185427,0.000128906,0.00348375,14
21.8083,-0.0208401,-0.163304,0.0188496,0.0838881,0.0122719,0.000125841,0.00348536,14
21.8118,-0.0213574,-0.154901,0.0188496,0.08013,0.0216129,0.000133134,0.00348348,14
21.8153,-0.0218747,-0.143696,0.015708,0.0702492,-0.0187149,0.000199055,0.00347785,14
21.8188,-0.022392,-0.143696,0.015708,0.0474041,-0.0901799,0.000126682,0.00348437,14
21.8223,-0.0229093,-0.138654,0.015708,0.0155194,-0.176233,0.000216637,0.00348057,14
21.8258,-0.0233527,-0.130811,0.015708,-0.021637,-0.270995,0.0001306,0.00348337,14
21.8293,-0.0237961,-0.130811,0.015708,-0.0604541,-0.391456,0.000124188,0.00348668,14
21.8328,-0.0242395,-0.129131,0.015708,-0.0974783,-0.501986,0.000131351,0.00348388,14
21.8363,-0.0246829,-0.132492,0.0125664,-0.115985,-0.606933,0.000135338,0.00348298,14
21.8398,-0.0251263,-0.12745,0.0125664,-0.135145,-0.653656,0.000148522,0.00348459,14
21.8433,-0.0255697,-0.125769,0.0125664,-0.15009,-0.696231,0.00016905,0.00347978,14
21.8468,-0.0260131,-0.133612,0.0125664,-0.15627,-0.736823,0.00012552,0.00348527,14
21.8503,-0.0265304,-0.136974,0.0125664,-0.173794,-0.800735,0.000129527,0.00348457,14
21.8538,-0.0269739,-0.138654,0.0125664,-0.18751,-0.848348,0.000134677,0.00347477,14
21.8573,-0.0274173,-0.143696,0.0125664,-0.196161,-0.889195,0.000132894,0.00348435,14
21.8608,-0.0279346,-0.143696,0.00942478,-0.185534,-0.895813,0.000133584,0.00348497,14
21.8643,-0.0284519,-0.148738,0.00942478,-0.177626,-0.885858,0.000213341,0.00347989,14
21.8678,-0.0289692,-0.148738,0.00942478,-0.17071,-0.86572,0.00013654,0.00348183,14
21.8713,-0.0294865,-0.151539,0.00942478,-0.163686,-0.852605,0.00013627,0.00348323,14
21.8748,-0.0300777,-0.163304,0.00942478,-0.156085,-0.861403,0.00012571,0.003485,14
21.8783,-0.030595,-0.163304,0.00942478,-0.148062,-0.837859,0.000208553,0.00347952,14
21.8818,-0.0311862,-0.156581,0.00942478,-0.140403,-0.797953,0.000126702,0.00348443,14
21.8853,-0.0317035,-0.163304,0.00942478,-0.13452,-0.798644,0.000138964,0.00348422,14
21.8888,-0.0322947,-0.166665,0.00942478,-0.132455,-0.802427,0.000122926,0.00348564,14
21.8923,-0.0328859,-0.171147,0.00942478,-0.136877,-0.829114,0.000135759,0.00348343,14
21.8958,-0.0334771,-0.174508,0.00942478,-0.126731,-0.808023,0.000147431,0.0034857,14
21.8993,-0.0340683,-0.17787,0.00942478,-0.117172,-0.788738,0.000132433,0.00348362,14
21.9028,-0.0346596,-0.17787,0.00942478,-0.110397,-0.769201,0.000122755,0.00348562,14
21.9063,-0.0353247,-0.182912,0.00942478,-0.109076,-0.779849,0.000138244,0.00348586,14
21.9098,-0.0359898,-0.189074,0.00942478,-0.0919978,-0.744937,0.000134326,0.00348517,14
21.9133,-0.036581,-0.190755,0.00942478,-0.0740022,-0.695274,0.000120771,0.00348682,14
21.9168,-0.0372461,-0.195797,0.00942478,-0.0568164,-0.657091,0.00012535,0.00348625,14
21.9203,-0.0379112,-0.192435,0.00942478,-0.0424813,-0.605624,0.000410783,0.00342156,14
21.9238,-0.0386502,-0.189074,0.00942478,-0.0333519,-0.570344,0.000203504,0.00348514,13
21.9273,-0.0392414,-0.329129,0.00942478,-0.032097,-0.935428,0.000184999,0.0034818,13
21.9308,-0.0399065,-0.189074,0.00942478,-0.0173484,-0.52388,0.000242084,0.00348495,13
21.9343,-0.0405716,-0.184592,0.00942478,-0.00363263,-0.471378,0.000267,0.00348201,13
21.9378,-0.0413106,-0.189074,0.00942478,0.00779426,-0.449615,0.00030018,0.00348279,13
21.9413,-0.0419758,-0.189074,0.00942478,0.0155194,-0.427316,0.000321279,0.00348342,13
21.9448,-0.042567,-0.17955,0.00942478,0.0179728,-0.39608,0.000353809,0.00348289,13
21.9483,-0.0432321,-0.184592,0.00942478,0.0134276,-0.424783,0.00038205,0.00348248,13
21.9518,-0.0438972,-0.181231,0.00942478,-0,-0.458767,0.000418287,0.00348285,13
21.9553,-0.0444884,-0.17787,0.00942478,-0,-0.451258,0.000476364,0.00347858,13
21.9588,-0.0451535,-0.174508,0.00942478,-0,-0.443913,0.000465995,0.00348301,13
21.9623,-0.0457447,-0.176189,0.00942478,-0,-0.449639,0.000574093,0.00348178,10
21.9658,-0.0464098,-0.174508,0.00942478,-0,-0.446706,0.000524552,0.00348286,10
21.9693,-0.047001,-0.17955,0.00942478,-0,-0.461255,0.000575295,0.00348319,10
21.9728,-0.0475922,-0.176189,0.00942478,-0,-0.453746,0.000582418,0.0034827,10
21.9763,-0.0482573,-0.176189,0.00942478,-0,-0.455224,0.000617062,0.00348029,10
21.9798,-0.0488485,-0.176189,0.00942478,-0,-0.456538,0.0006432,0.00348275,10
21.9833,-0.0494398,-0.176189,0.00942478,-0,-0.457853,0.00067055,0.0034821,10
21.9868,-0.0501049,-0.172828,0.00942478,-0,-0.450508,0.000701416,0.00348267,10
21.9903,-0.0506961,-0.171147,0.00942478,-0,-0.447411,0.000721853,0.00348039,10
21.9938,-0.0512873,-0.172828,0.00942478,-0,-0.453136,0.000749705,0.0034824,7
21.9973,-0.0518785,-0.174508,0.00942478,-0,-0.458862,0.000121102,0.00348262,7
22.0008,-0.0523958,-0.171147,0.00942478,-0,-0.451189,0.000134187,0.00348502,14
22.0043,-0.052987,-0.163304,0.00942478,-0,-0.431916,0.000131772,0.003485,14
22.0078,-0.0535043,-0.161623,0.00942478,-0,-0.428654,0.000123226,0.00348605,14
22.0113,-0.0540955,-0.166665,0.00942478,-0,-0.443203,0.000161466,0.0034858,14
22.0148,-0.0546867,-0.161623,0.00942478,-0,-0.431282,0.000122595,0.00348621,14
22.0183,-0.0552779,-0.164985,0.00942478,-0,-0.44142,0.000126642,0.00348531,14
22.0218,-0.0557952,-0.164985,0.00942478,-0,-0.44257,0.000123967,0.00348628,14
22.0253,-0.0563864,-0.164985,0.0125664,-0.0134277,-0.447037,0.000125891,0.00348434,14
22.0288,-0.0569776,-0.164985,0.0125664,-0.0179728,-0.46234,0.000122204,0.00347723,14
22.0323,-0.0575689,-0.163304,0.0125664,-0.0155194,-0.451692,0.000122364,0.00348577,14
22.0358,-0.0580862,-0.159943,0.0125664,-0.00779426,-0.420241,0.000142531,0.00348441,14
22.0393,-0.0586774,-0.163304,0.0125664,0.00363263,-0.395208,0.000123807,0.0034857,14
22.0428,-0.0591947,-0.158262,0.0125664,0.0173484,-0.340907,0.000405944,0.00345757,14
22.0463,-0.0598598,-0.159943,0.0125664,0.032097,-0.301403,0.000379526,0.00342263,14
22.0498,-0.0603771,-0.159943,0.0125664,0.0467796,-0.257361,0.000121062,0.00348639,14
22.0533,-0.0608944,-0.156581,0.0125664,0.0604541,-0.207599,0.00012024,0.00348699,14
22.0568,-0.0614117,-0.151539,0.0125664,0.0723357,-0.158943,0.000118818,0.00348654,14
22.0603,-0.0620029,-0.143696,0.0125664,0.0817964,-0.110551,0.000132202,0.00348478,14
22.0638,-0.0625202,-0.148738,0.0125664,0.0883652,-0.104718,0.000120211,0.00348629,14
22.0673,-0.0630375,-0.143696,0.0125664,0.0917281,-0.0822823,0.000151227,0.00348651,14
22.0708,-0.0634809,-0.142016,0.0125664,0.0917281,-0.0788564,0.000126142,0.00348598,14
22.0743,-0.0639982,-0.132492,0.0125664,0.0883652,-0.065358,0.000126212,0.00348526,14
22.0778,-0.0644416,-0.129131,0.0125664,0.0817964,-0.0777386,0.000121813,0.00348634,14
22.0813,-0.064885,-0.122408,0.0125664,0.0723358,-0.0901968,0.000118858,0.00348722,14
22.0848,-0.0653285,-0.119047,0.0125664,0.0604541,-0.11893,0.00011981,0.00348642,14
22.0883,-0.0656241,-0.194116,0.0125664,0.0467796,-0.358727,0.00012548,0.00348519,14
22.0918,-0.0660675,-0.107842,0.0125664,0.032097,-0.178442,0.000124358,0.0034862,14
22.0953,-0.066437,-0.107842,0.0125664,0.0173483,-0.224659,0.000143734,0.00348291,14
22.0988,-0.0668065,-0.106162,0.0125664,0.0036326,-0.263284,0.00012007,0.00348656,14
22.1023,-0.067176,-0.10112,0.0125664,-0.00779426,-0.286041,0.000122455,0.00348607,14
22.1058,-0.0675455,-0.1028,0.0125664,-0.0155194,-0.315051,0.000121573,0.00348623,14
22.1093,-0.067915,-0.104481,0.0125664,-0.0179728,-0.327836,0.000119229,0.00348713,14
22.1128,-0.0682106,-0.0977584,0.0125664,-0.0134276,-0.296857,0.000134717,0.00348598,14
22.1163,-0.0685801,-0.0899153,0.0125664,-0,-0.235762,0.000155806,0.00347925,14
22.1198,-0.0688757,-0.0932766,0.00942478,0.0134277,-0.24209,0.000144916,0.00348318,14
22.1233,-0.0691713,-0.0915959,0.00942478,0.0179728,-0.224346,0.000165113,0.0034852,14
22.1268,-0.0695408,-0.0831926,0.00942478,0.0155194,-0.21066,0.000126933,0.00348579,14
22.1303,-0.0698364,-0.0848733,0.00942478,0.00779427,-0.239506,0.000169461,0.00348601,13
22.1338,-0.070132,-0.0798313,0.00942478,-0.00363262,-0.262099,0.000215916,0.00348495,13
22.1373,-0.0703537,-0.0787109,0.00942478,-0.0173484,-0.301867,0.000244609,0.00348332,13
22.1408,-0.0706493,-0.0753496,0.00942478,-0.032097,-0.339096,0.000266749,0.0034827,13
22.1443,-0.0709449,-0.0753496,0.00942478,-0.0467796,-0.384944,0.000298508,0.00348252,13
22.1478,-0.0711666,-0.0736689,0.00942478,-0.0604541,-0.423114,0.000319757,0.00348272,13
22.1513,-0.0713883,-0.0719882,0.00942478,-0.0723358,-0.455766,0.000334013,0.0034822,13
22.1548,-0.0716839,-0.0669463,0.00942478,-0.0817965,-0.472308,0.000360391,0.00348265,13
22.1583,-0.0719056,-0.0736689,0.00942478,-0.0883652,-0.510665,0.000396998,0.00348226,13
22.1618,-0.0721273,-0.0719882,0.00942478,-0.0917281,-0.517097,0.000416384,0.00348291,13
22.1653,-0.0724229,-0.0753496,0.00942478,-0.0917281,-0.526577,0.000462097,0.00348304,13
22.1688,-0.0726447,-0.0686269,0.00628319,-0.0749376,-0.49592,0.000498454,0.00348278,10
22.1723,-0.0729403,-0.0753496,0.00628319,-0.0638236,-0.480016,0.000557071,0.00348253,10
22.1758,-0.073162,-0.0753496,0.00628319,-0.0568164,-0.458941,0.000545731,0.00348305,10
22.1793,-0.0734576,-0.0787109,0.00628319,-0.0526599,-0.455628,0.000612484,0.00348138,10
22.1828,-0.0736793,-0.0798313,0.00314159,-0.0369845,-0.448991,0.000629214,0.003483,10
22.1863,-0.0739749,-0.0770302,0.00314159,-0.0314725,-0.42533,0.00066525,0.00348126,10
22.1898,-0.0742705,-0.0686269,0.00314159,-0.033926,-0.411481,0.000677051,0.00348301,10
22.1933,-0.0744922,-0.0736689,0.00314159,-0.0426179,-0.451961,0.000703751,0.00348346,10
22.1968,-0.0747878,-0.0753496,0.00314159,-0.0562925,-0.499119,0.000713729,0.00347222,10
22.2003,-0.0750095,-0.0719882,0.00314159,-0.0741647,-0.545797,0.000116794,0.00348281,7
22.2038,-0.0752312,-0.0703076,0.00314159,-0.0959206,-0.608841,0.000126913,0.00348565,14
22.2073,-0.0754529,-0.0703076,0.00314159,-0.121717,-0.688733,0.000128396,0.0034832,14
22.2108,-0.0756746,-0.0753496,0.00314159,-0.152182,-0.796229,0.000122244,0.00348559,14
22.2143,-0.0759702,-0.0753496,0.00314159,-0.164064,-0.833457,0.000121493,0.00348601,14
22.2178,-0.0762658,-0.0798313,0.00314159,-0.170162,-0.864646,0.000134968,0.00348595,14
22.2213,-0.0764875,-0.0882346,0.00314159,-0.170162,-0.887197,0.000118287,0.00348734,14
22.2248,-0.0767831,-0.0831926,0.00314159,-0.164064,-0.855851,0.000118037,0.00348653,14
22.2283,-0.0771526,-0.0915959,0.00314159,-0.152182,-0.84216,0.000128175,0.00348502,14
22.2318,-0.0774482,-0.0977584,0.00314159,-0.135145,-0.806553,0.000135298,0.00348526,14
22.2353,-0.0778177,-0.099439,0.00314159,-0.113893,-0.746377,0.000120541,0.00348652,14
22.2388,-0.0781872,-0.104481,0.00314159,-0.0896841,-0.685919,0.000154473,0.00348647,14
22.2423,-0.0785567,-0.107842,0.00314159,-0.0640868,-0.616778,0.000121152,0.00348633,14
22.2458,-0.0789262,-0.111204,0.00314159,-0.0389853,-0.549162,0.00013608,0.00348608,14
22.2493,-0.0792957,-0.106162,0.00314159,-0.0165776,-0.46778,0.000119319,0.00348733,14
22.2528,-0.0796652,-0.10112,0.00314159,0.000624481,-0.402421,0.000129517,0.00348575,14
22.2563,-0.0800347,-0.104481,0.00314159,0.00979504,-0.383839,0.000124799,0.0034845,14
22.2598,-0.0804043,-0.10112,0.00314159,0.00779426,-0.381995,0.000119009,0.00348646,14
22.2633,-0.0807738,-0.10112,0.00314159,0.0155194,-0.35904,0.000123246,0.0034849,14
22.2668,-0.0811433,-0.099439,0.00314159,0.0179728,-0.347898,0.000129337,0.00348592,14
22.2703,-0.0814389,-0.10112,0.00314159,0.0134277,-0.366956,0.00012502,0.00348557,14
22.2738,-0.0818084,-0.10112,0.00314159,-0,-0.409107,0.000137262,0.00348563,14
22.2773,-0.0821779,-0.1028,0.00314159,-0,-0.41434,0.000122995,0.00348619,14
22.2808,-0.0825474,-0.1028,0.00314159,-0,-0.415161,0.000172095,0.00347218,14
22.2843,-0.0829169,-0.1028,0.00314159,-0,-0.415982,0.000131842,0.00348257,14
22.2878,-0.0832125,-0.1028,0.00314159,-0,-0.416639,0.000127624,0.00348497,14
22.2913,-0.083582,-0.10112,0.00314159,-0,-0.413049,0.000124047,0.00348595,14
22.2948,-0.0839515,-0.0977584,0.00314159,-0,-0.405047,0.000153221,0.00348572,14
22.2983,-0.084321,-0.099439,0.00314159,-0,-0.41028,0.00012576,0.00348597,14
22.3018,-0.0846166,-0.0915959,0.00314159,-0,-0.39035,0.000127143,0.00348509,14
22.3053,-0.0849861,-0.0977584,0.00314159,-0,-0.407347,0.000122024,0.00348672,14
22.3088,-0.0853556,-0.0899153,0.00314159,-0,-0.387581,0.000123206,0.00348645,14
22.3123,-0.0856512,-0.0932766,0.00314159,-0,-0.397062,0.000135047,0.00348413,14
22.3158,-0.0860207,-0.0977584,0.00314159,-0,-0.409647,0.000142591,0.00348555,14
22.3193,-0.0863163,-0.0882346,0.00314159,-0,-0.385305,0.000123186,0.00348635,14
22.3228,-0.0866119,-0.0915959,0.00314159,-0,-0.394786,0.000123096,0.00348611,14
22.3263,-0.0869814,-0.0899153,0.00314159,-0,-0.391195,0.000132644,0.00348611,14
22.3298,-0.087277,-0.0899153,0.00314159,-0,-0.391852,0.000126902,0.00348617,14
22.3333,-0.0875726,-0.086554,0.00628319,-0.0134277,-0.386839,0.000117515,0.00348752,14
22.3368,-0.0878683,-0.0899153,0.00628319,-0.0179728,-0.410309,0.000122595,0.00348592,14
22.3403,-0.0881639,-0.0831926,0.00628319,-0.0155194,-0.385768,0.000120051,0.00348645,14
22.3438,-0.0884595,-0.0882346,0.00628319,-0.00779426,-0.375883,0.000123427,0.00348561,14
22.3473,-0.0887551,-0.0882346,0.00628319,0.00363263,-0.341369,0.00013632,0.00347401,14
22.3508,-0.0890507,-0.0899153,0.00628319,0.0173484,-0.304222,0.00015301,0.00348475,14
22.3543,-0.0893463,-0.0848733,0.00628319,0.032097,-0.24625,0.000120602,0.0034864,14
22.3578,-0.0896419,-0.081512,0.00628319,0.0467796,-0.192892,0.00014182,0.00348455,13
22.3613,-0.0899375,-0.0753496,0.00628319,0.0604541,-0.135285,0.000173488,0.00348752,13
22.3648,-0.0902331,-0.0787109,0.00628319,0.0723357,-0.108194,0.000222127,0.00348512,13
22.3683,-0.0905287,-0.0736689,0.00628319,0.0817964,-0.0664977,0.000237505,0.00347222,13
22.3718,-0.0907504,-0.0736689,0.00628319,0.0883652,-0.0467725,0.000270536,0.00347979,13
22.3753,-0.0909721,-0.0652656,0.00628319,0.0917281,-0.0148567,0.000301583,0.00348279,13
22.3788,-0.0911938,-0.0624645,0.00628319,0.0917281,-0.00799694,0.000320027,0.00348256,13
22.3824,-0.0914155,-0.0624645,0.00628319,0.0883652,-0.0188404,0.000345063,0.00347891,13
22.3859,-0.0916372,-0.0506999,0.00628319,0.0817964,-0.0086701,0.000380197,0.00347995,13
22.3894,-0.091785,-0.0490192,0.00628319,0.0723357,-0.0337061,0.00040367,0.00348377,13
22.3929,-0.0919328,-0.0445375,0.00628319,0.0604541,-0.0588408,0.000429607,0.00348201,13
22.3964,-0.0919328,-0.00700275,0.00628319,0.0467796,-0.00240441,0.000447,0.0034825,13
22.3999,-0.0920806,-0.0591032,0.00628319,0.032097,-0.184684,0.000472566,0.00348233,13
22.4034,-0.0923023,-0.0652656,0.00628319,0.0173483,-0.246747,0.000540952,0.00348183,10
22.4069,-0.0924501,-0.0277309,0.00628319,0.00363263,-0.190766,0.000548175,0.00348251,10
22.4104,-0.092524,-0.0198878,0.00628319,-0.00779423,-0.205513,0.000559175,0.00348282,10
22.4139,-0.0925979,-0.0215685,0.00628319,-0.0155194,-0.233867,0.000590844,0.00348243,10
22.4174,-0.0926718,-0.0215685,0.00628319,-0.0179728,-0.241582,0.000609337,0.00348333,10
22.4209,-0.0927457,-0.0148458,0.00628319,-0.0134276,-0.210111,0.000636116,0.00348147,10
22.4244,-0.0928196,-0.0165265,0.00628319,-0,-0.173357,0.000677532,0.00348272,10
22.4279,-0.0928196,-0.0148458,0.00314159,0.0134277,-0.165793,0.000708379,0.00347992,10
22.4314,-0.0928935,-0.00868341,0.00314159,0.0179728,-0.135792,0.000743984,0.00348218,10
22.4349,-0.0929674,-0.0114845,0.00314159,0.0155194,-0.15086,0.000119268,0.00348156,7
22.4384,-0.0929674,-0.00700275,0.00314159,0.00779427,-0.162873,0.000120151,0.00348595,14
22.4419,-0.0929674,-0.00532209,0.00314159,-0.00363263,-0.193633,0.000127043,0.00348436,14
22.4454,-0.0929674,-0.00196077,0.00314159,-0.0173484,-0.227025,0.000124378,0.00348712,14
22.4489,-0.0929674,-0.00028011,0.00314159,-0.032097,-0.268008,0.000122174,0.00348591,14
22.4524,-0.0929674,-0.00196077,0.00314159,-0.0467796,-0.317611,0.000128365,0.00348624,14
22.4559,-0.0929674,0.00476187,0.00314159,-0.0604541,-0.342054,0.000120481,0.00348638,14
22.4594,-0.0929674,-0.00028011,-0,-0.0589081,-0.388706,0.000118788,0.00348599,12
22.4629,-0.0929674,0.00308121,-0,-0.0638236,-0.395013,0.000118166,0.00348587,12
22.4664,-0.0929674,0.00476187,-0,-0.0728458,-0.418371,0.000614948,0.00348585,15
22.4699,-0.0929674,0.00308121,-0,-0.0839338,-0.45691,0.00051831,0.00348184,9
22.4734,-0.0929674,-0.00364143,-0,-0.0953607,-0.509727,0.00043082,0.003484,9
22.4769,-0.0929674,0.00140055,-0,-0.105714,-0.528357,0.000340945,0.00348215,9
22.4804,-0.0929674,-0.00028011,-0,-0.113893,-0.557946,0.000240812,0.0034826,9
22.4839,-0.0929674,-0.00028011,-0,-0.119115,-0.574018,0.000124138,0.00348229,9
22.4874,-0.0929674,-0.00028011,-0,-0.120908,-0.579537,0.000120381,0.00348508,12
22.4909,-0.0929674,-0.00028011,-0,-0.119115,-0.574018,0.000122435,0.00348407,12
22.4944,-0.0930413,-0.00196077,-0,-0.113893,-0.562521,0.00012015,0.00348591,12
22.4979,-0.0930413,0.00140055,-0,-0.105714,-0.528522,0.000121102,0.00348531,12
22.5014,-0.0930413,-0.00364143,-0,-0.0953607,-0.509891,0.000116573,0.00348708,12
22.5049,-0.0930413,0.00140055,-0,-0.0839338,-0.461486,0.000121092,0.00348584,12
22.5084,-0.0930413,-0.00700275,-0.00314159,-0.0594181,-0.446263,0.000126552,0.00348619,12
22.5119,-0.0930413,0.00140055,-0.00314159,-0.0458508,-0.382446,0.000123266,0.00348472,12
22.5154,-0.0930413,-0.00196077,-0.00314159,-0.0433887,-0.383691,0.000123386,0.00348645,12
22.5189,-0.0930413,-0.00028011,-0.00314159,-0.0526599,-0.407815,0.000120891,0.00348592,12
22.5224,-0.0930413,-0.00196077,-0.00314159,-0.0504122,-0.405309,0.000145357,0.00348644,12
22.5259,-0.0931152,-0.00364143,-0.00314159,-0.0494453,-0.406909,0.000126142,0.00348499,12
22.5294,-0.0931152,-0.00980385,-0.00314159,-0.0494453,-0.423085,0.000123436,0.00348639,12
22.5329,-0.0931152,-0.00532209,-0.00314159,-0.0504122,-0.414296,0.00012544,0.00348493,12
22.5364,-0.0931152,-0.00532209,-0.00314159,-0.0526599,-0.421215,0.000128857,0.00347639,12
22.5399,-0.0931152,-0.00532209,-0.00314159,-0.0568164,-0.434008,0.000124889,0.00348535,12
22.5434,-0.0931152,-0.00028011,-0.00314159,-0.0638236,-0.442341,0.00011997,0.00348614,12
22.5469,-0.0931152,0.00476187,-0.00314159,-0.0749375,-0.463313,0.00012557,0.00348496,12
22.5504,-0.0931152,-0.00364143,-0.00314159,-0.0917281,-0.537051,0.000121142,0.00348586,12
22.5539,-0.0931152,0.00140055,-0.00314159,-0.0917281,-0.523816,0.00012561,0.00348536,12
22.5574,-0.0931152,-0.00196077,-0.00314159,-0.0883652,-0.522289,0.000116954,0.00348739,12
22.5609,-0.0931152,-0.00028011,-0.00314159,-0.0817964,-0.497659,0.000124729,0.00348538,12
22.5644,-0.0931152,0.00308121,-0.00314159,-0.0723357,-0.459717,0.000121553,0.00348583,12
22.5679,-0.0931891,-0.00532209,-0.00314159,-0.0604541,-0.445369,0.000123486,0.00348581,12
22.5714,-0.0931891,-0.00364143,-0.00628319,-0.0333519,-0.395715,0.000120731,0.00348595,12
22.5749,-0.0931891,-0.00364143,-0.00628319,-0.0141242,-0.336534,0.000125841,0.00348528,12
22.5784,-0.0931891,-0.00868341,-0.00628319,-0.00182897,-0.311926,0.000165192,0.00348594,12
22.5819,-0.0931891,-0.00196077,-0.00628319,0.00416163,-0.275841,0.00012563,0.00348442,12
22.5854,-0.0931891,0.00476187,-0.00628319,0.00416163,-0.258195,0.000139255,0.00348724,12
22.5889,-0.0931891,-0.00028011,-0.00628319,-0.00182898,-0.289868,0.000125791,0.0034851,12
22.5924,-0.0931891,0.00140055,-0.00628319,-0.0141242,-0.3233,0.000131882,0.0034855,12
22.5959,-0.0931891,-0.00532209,-0.00628319,-0.0333519,-0.400127,0.000126983,0.00348397,12
22.5994,-0.0931891,0.00140055,-0.00628319,-0.0604541,-0.465899,0.000123657,0.00348556,12
22.6029,-0.0931891,0.00140055,-0.00628319,-0.0723357,-0.502469,0.000139646,0.00348446,12
22.6064,-0.0931891,-0.00028011,-0.00942478,-0.0683688,-0.532847,0.000123386,0.00348498,12
22.6099,-0.0931891,0.00308121,-0.00942478,-0.0703924,-0.530252,0.000122584,0.00348511,12
22.6134,-0.0931891,-0.00196077,-0.00942478,-0.0762087,-0.561389,0.000122315,0.00348706,12
22.6169,-0.0931891,0.00140055,-0.00942478,-0.0839338,-0.576343,0.00013623,0.00347996,12
22.6204,-0.0931891,-0.00028011,-0.00942478,-0.0919978,-0.605575,0.000124478,0.00348553,12
22.6239,-0.0931891,-0.00028011,-0.00942478,-0.0991448,-0.627572,0.000123266,0.00348549,12
22.6274,-0.093263,-0.00532209,-0.00942478,-0.104433,-0.657247,0.00012565,0.00348457,12
22.6309,-0.093263,-0.00868341,-0.00942478,-0.107234,-0.674691,0.000123436,0.0034855,12
22.6344,-0.093263,-0.00028011,-0.00942478,-0.107234,-0.652633,0.000151988,0.00348574,12
22.6379,-0.093263,-0.00532209,-0.00942478,-0.104433,-0.657247,0.000125069,0.00348533,12
22.6414,-0.093263,-0.00980385,-0.00942478,-0.0991448,-0.652736,0.000121863,0.00348706,12
22.6449,-0.0933369,-0.0114845,-0.00942478,-0.0919978,-0.635314,0.000122484,0.00348566,12
22.6484,-0.0934108,-0.0198878,-0.00942478,-0.0839338,-0.632716,0.000123186,0.00348587,12
22.6519,-0.0934847,-0.0198878,-0.00942478,-0.0762087,-0.609103,0.000122044,0.00348474,12
22.6554,-0.0934847,-0.0232491,-0.00942478,-0.0703924,-0.600024,0.000122885,0.00348568,12
22.6589,-0.0935586,-0.0215685,-0.00942478,-0.0683688,-0.589548,0.000122325,0.00348592,12
22.6624,-0.0936325,-0.0215685,-0.00942478,-0.0723358,-0.601923,0.000122846,0.00348577,12
22.6659,-0.0937064,-0.0198878,-0.00942478,-0.0604542,-0.561105,0.000121803,0.00348589,12
22.6694,-0.0937803,-0.0215685,-0.00942478,-0.0467796,-0.523592,0.000121022,0.00348673,12
22.6729,-0.0938542,-0.0232491,-0.00942478,-0.032097,-0.482976,0.000123557,0.00348567,12
22.6764,-0.094002,-0.0249298,-0.00942478,-0.0173484,-0.442322,0.000123426,0.0034856,12
22.6799,-0.0940759,-0.0294115,-0.00942478,-0.00363263,-0.412034,0.000119359,0.00348595,12
22.6834,-0.0941498,-0.0182071,-0.00942478,0.00779428,-0.347617,0.000123867,0.00348566,12
22.6869,-0.0942237,-0.0277309,-0.00942478,0.0155194,-0.349003,0.000120822,0.00348603,12
22.6904,-0.0942976,-0.0249298,-0.00942478,0.0179728,-0.334263,0.000142731,0.00348568,12
22.6939,-0.0943715,-0.0215685,-0.00942478,0.0134277,-0.339594,0.000143443,0.00348558,12
22.6974,-0.0944454,-0.0294115,-0.00942478,-0,-0.401675,0.000129688,0.00347508,12
22.7009,-0.0945193,-0.0165265,-0.00942478,-0,-0.368017,0.000126041,0.00348485,12
22.7044,-0.0945932,-0.0215685,-0.00942478,-0,-0.381416,0.000126973,0.00348514,12
22.7079,-0.0946671,-0.0232491,-0.00942478,-0,-0.385992,0.000123386,0.00348577,12
22.7114,-0.0948149,-0.0232491,-0.00942478,-0,-0.38632,0.000127213,0.00348546,12
22.7149,-0.0948888,-0.0215685,-0.00942478,-0,-0.382073,0.000121774,0.00348604,12
22.7184,-0.0948888,-0.0198878,-0.00942478,-0,-0.377661,0.000146348,0.00348499,12
22.7219,-0.0949627,-0.0215685,-0.00942478,-0,-0.382237,0.00012553,0.00348504,12
22.7254,-0.0950366,-0.0182071,-0.00942478,-0,-0.373578,0.00012515,0.0034868,12
22.7289,-0.0951106,-0.0165265,-0.00942478,-0,-0.369331,0.000121833,0.00348627,12
22.7324,-0.0951844,-0.0114845,-0.00942478,-0,-0.356261,0.000127053,0.0034855,12
22.7359,-0.0951844,-0.0165265,-0.00942478,-0,-0.369495,0.000122014,0.00348606,12
22.7394,-0.0952583,-0.0114845,-0.00942478,-0,-0.356425,0.000126822,0.00348552,12
22.7429,-0.0953322,-0.0114845,-0.00942478,-0,-0.356589,0.000123206,0.00348568,12
22.7464,-0.0953322,-0.00868341,-0.00942478,-0,-0.349237,0.000132673,0.00347056,12
22.7499,-0.0954061,-0.00700275,-0.00942478,-0,-0.344989,0.000149203,0.00348553,12
22.7534,-0.0954061,-0.0114845,-0.00942478,-0,-0.356753,0.000125019,0.00348692,12
22.7569,-0.09548,-0.0131652,-0.00942478,-0,-0.361329,0.000122755,0.00348625,12
22.7604,-0.09548,-0.00868341,-0.00942478,-0,-0.349565,0.000127955,0.0034854,12
22.7639,-0.09548,-0.00868341,-0.00942478,-0,-0.349565,0.000121713,0.00348592,12
22.7674,-0.0955539,-0.00868341,-0.00942478,-0,-0.349729,0.000140678,0.00348344,12
22.7709,-0.0955539,-0.00196077,-0.00942478,-0,-0.332083,0.000124668,0.00348538,12
22.7744,-0.0955539,0.00308121,-0.00942478,-0,-0.318848,0.000128225,0.00348466,12
22.7779,-0.0955539,0.00644253,-0.00942478,-0,-0.310025,0.000124308,0.00348552,12
22.7814,-0.0955539,-0.00028011,-0.00942478,-0,-0.327671,0.000137903,0.00348461,12
22.7849,-0.0955539,-0.00196077,-0.00942478,-0,-0.332083,0.000124768,0.00348565,12
22.7884,-0.0955539,-0.00196077,-0.00942478,-0,-0.332083,0.000129718,0.00348536,12
22.7919,-0.0955539,0.00140055,-0.00942478,-0,-0.32326,0.000125049,0.00348479,12
22.7954,-0.0955539,-0.00364143,-0.00942478,-0,-0.336495,0.000131351,0.00348448,12
22.7989,-0.0955539,0.00308121,-0.00942478,-0,-0.318848,0.00012551,0.0034857,12
22.8024,-0.0955539,-0.00028011,-0.00942478,-0,-0.327671,0.000129738,0.00348387,12
22.8059,-0.0955539,-0.00196077,-0.00942478,-0,-0.332083,0.000127654,0.00348563,12
22.8094,-0.0955539,0.00140055,-0.00942478,-0,-0.32326,0.000138964,0.0034864,12
22.8129,-0.0955539,-0.00028011,-0.00628319,-0.0134277,-0.330824,0.000124298,0.00348534,12
22.8164,-0.0955539,-0.00028011,-0.00628319,-0.0179728,-0.344814,0.000130039,0.00348409,12
22.8199,-0.0955539,-0.00028011,-0.00628319,-0.0155194,-0.337262,0.000132673,0.00348218,12
22.8234,-0.0955539,0.00140055,-0.00628319,-0.00779426,-0.309074,0.000121904,0.00348555,12
22.8269,-0.0955539,0.00476187,-0.00628319,0.00363263,-0.26508,0.000119038,0.00348612,12
22.8304,-0.0955539,-0.00196077,-0.00628319,0.0173484,-0.24051,0.000122896,0.00348543,12
22.8339,-0.0955539,0.00140055,-0.00628319,0.032097,-0.186292,0.000120621,0.00348569,12
22.8374,-0.0955539,0.00140055,-0.00628319,0.0467796,-0.141101,0.000121733,0.00347398,12
22.8409,-0.0955539,-0.00364143,-0.00628319,0.0604541,-0.112247,0.00012027,0.00348581,12
22.8444,-0.0955539,-0.00196077,-0.00628319,0.0723357,-0.0712646,0.000120601,0.00348598,12
22.8479,-0.0955539,-0.00028011,-0.00628319,0.0817964,-0.037734,0.000121623,0.00348602,12
22.8514,-0.0955539,0.00140055,-0.00628319,0.0883652,-0.0131044,0.000121573,0.00348553,12
22.8549,-0.0955539,-0.00028011,-0.00628319,0.0917281,-0.00716537,0.00012002,0.00348627,12
22.8584,-0.0955539,-0.00028011,-0.00628319,0.0917281,-0.00716537,0.000150376,0.00347873,12
22.8619,-0.0955539,0.00140055,-0.00628319,0.0883652,-0.0131044,0.000143724,0.00348588,12
22.8654,-0.0955539,-0.00028011,-0.00628319,0.0817964,-0.037734,0.000120051,0.0034866,12
22.8689,-0.0955539,-0.00196077,-0.00628319,0.0723357,-0.0712646,0.000122585,0.00347502,12
22.8724,-0.09548,0.00308121,-0.00628319,0.0604541,-0.094436,0.000126161,0.0034841,12
22.8759,-0.0955539,0.00140055,-0.00628319,0.0467795,-0.141101,0.000118998,0.00348608,12
22.8794,-0.0955539,-0.00196077,-0.00628319,0.0320969,-0.195116,0.000121122,0.00348589,12
22.8829,-0.0955539,0.00308121,-0.00628319,0.0173483,-0.227276,0.000118297,0.00348589,12
22.8864,-0.0955539,-0.00028011,-0.00628319,0.00363263,-0.278314,0.00013101,0.00348296,12
22.8899,-0.0955539,-0.00028011,-0.00628319,-0.00779426,-0.313485,0.00011998,0.0034861,12
22.8934,-0.0955539,0.00308121,-0.00628319,-0.0155194,-0.328439,0.000129718,0.00348522,12
22.8969,-0.0955539,-0.00028011,-0.00628319,-0.0179728,-0.344814,0.000122925,0.00348585,12
22.9004,-0.0955539,0.00308121,-0.00628319,-0.0134277,-0.322001,0.000133646,0.00348485,12
22.9039,-0.0955539,-0.00196077,-0.00628319,-0,-0.293907,0.000128836,0.00348563,12
22.9074,-0.0955539,0.00140055,-0.00628319,-0,-0.285084,0.000134847,0.00348368,12
22.9109,-0.0955539,-0.00196077,-0.00628319,-0,-0.293907,0.0001255,0.0034855,12
22.9144,-0.0955539,-0.00028011,-0.00628319,-0,-0.289495,0.000133756,0.00346951,12
22.9179,-0.0955539,-0.00196077,-0.00628319,-0,-0.293907,0.000158931,0.0034856,12
22.9214,-0.0955539,0.00140055,-0.00314159,-0.0134277,-0.288236,0.000125961,0.00348581,12
22.9249,-0.0955539,0.00140055,-0.00314159,-0.0179728,-0.302226,0.000121724,0.00348615,12
22.9284,-0.0955539,-0.00364143,-0.00314159,-0.0155194,-0.307909,0.000128636,0.00348378,12
22.9319,-0.0955539,-0.00028011,-0.00314159,-0.00779427,-0.275309,0.000121613,0.00348574,12
22.9354,-0.0955539,0.00140055,-0.00314159,0.00363263,-0.235727,0.000121643,0.00348502,12
22.9389,-0.0955539,-0.00364143,-0.00314159,0.0173484,-0.206746,0.000122014,0.0034856,12
22.9424,-0.0955539,-0.00028011,-0.00314159,0.032097,-0.152528,0.000122765,0.00348566,12
22.9459,-0.0955539,-0.00196077,-0.00314159,0.0467796,-0.111748,0.000121633,0.00348596,12
22.9494,-0.0955539,0.00140055,-0.00314159,0.0604541,-0.0608356,0.000118838,0.00348716,12
22.9529,-0.0955539,0.00140055,-0.00314159,0.0723357,-0.0242652,0.000119238,0.00348595,12
22.9564,-0.0955539,-0.00364143,-0.00314159,0.0817964,-0.00838092,0.000122655,0.00348564,12
22.9599,-0.0955539,-0.00364143,-0.00314159,0.0883652,0.0118371,0.000146929,0.00348601,12
22.9634,-0.0955539,-0.00028011,-0.00314159,0.0917281,0.0310109,0.000122355,0.00348573,12
22.9669,-0.09548,0.00308121,-0.00314159,0.0917281,0.0399984,0.000121112,0.00348605,12
22.9704,-0.0955539,-0.00028011,-0.00314159,0.0883652,0.0206603,0.000122645,0.00348554,12
22.9739,-0.0955539,-0.00196077,-0.00314159,0.0817964,-0.00396935,0.00015292,0.0034857,12
22.9774,-0.09548,-0.00028011,-0.00314159,0.0723357,-0.0285125,0.000124648,0.00348427,12
22.9809,-0.0955539,-0.00028011,-0.00314159,0.0604541,-0.0652472,0.000121563,0.00348513,12
22.9844,-0.0955539,0.00140055,-0.00314159,0.0467795,-0.102925,0.000122916,0.0034853,12
22.9879,-0.09548,-0.00028011,-0.00314159,0.032097,-0.152363,0.000121333,0.00348563,12
22.9914,-0.0955539,0.00140055,-0.00314159,0.0173483,-0.193511,0.000125901,0.00348497,12
22.9949,-0.0955539,-0.00196077,-0.00314159,0.00363262,-0.24455,0.000120972,0.00348573,12
22.9984,-0.0955539,-0.00196077,-0.00314159,-0.00779426,-0.279721,0.000131962,0.00348223,12
23.0019,-0.0955539,-0.00196077,-0.00314159,-0.0155194,-0.303498,0.000123347,0.00348571,12
23.0054,-0.0955539,0.00308121,-0,-0.0314005,-0.300967,0.000119619,0.00348658,12
23.0089,-0.0955539,-0.00532209,-0,-0.0314005,-0.323025,0.000121362,0.00348581,12
23.0124,-0.0955539,0.00140055,-0,-0.0155194,-0.256498,0.000122936,0.00348529,12
23.0159,-0.0955539,0.00140055,-0,-0.00779426,-0.232721,0.000121322,0.00348588,12
23.0194,-0.0955539,0.00308121,-0,0.00363263,-0.193139,0.000127784,0.00348357,12
23.0229,-0.0955539,0.00140055,-0,0.0173484,-0.155335,0.0001202,0.00348612,12
23.0264,-0.0955539,0.00308121,-0,0.032097,-0.105528,0.000606773,0.00348582,15
23.0299,-0.0955539,-0.00028011,-0,0.0467796,-0.06916,0.000484378,0.00348134,9
23.0334,-0.0955539,-0.00532209,-0,0.0604541,-0.0403058,0.000438524,0.00347449,9
23.0369,-0.0955539,0.00308121,-0,0.0723357,0.0183226,0.000317142,0.00348265,9
23.0404,-0.0955539,-0.00028011,-0,0.0817964,0.0386185,0.000221416,0.00348219,9
23.0439,-0.0955539,-0.00028011,-0,0.0883652,0.0588365,0.000132934,0.00348248,12
23.0474,-0.0955539,-0.00028011,-0,0.0917281,0.0691871,0.000126001,0.0034828,12
23.0509,-0.0955539,-0.00028011,-0,0.0917281,0.0691871,0.000119068,0.00348609,12
23.0544,-0.09548,0.00308121,-0,0.0883652,0.0678239,0.000121753,0.00348572,12
23.0579,-0.0955539,0.00140055,-0,0.0817964,0.0430301,0.000118047,0.00348629,12
23.0614,-0.0955539,-0.00364143,-0,0.0723357,0.000676256,0.000117436,0.0034871,12
23.0649,-0.09548,-0.00196077,-0,0.0604541,-0.0313183,0.000130099,0.00348218,12
23.0684,-0.0955539,-0.00364143,-0,0.0467796,-0.0779831,0.000124448,0.00348448,12
23.0719,-0.0955539,-0.00532209,0.00314159,0.0186693,-0.130739,0.000120712,0.00348609,13
23.0754,-0.09548,0.00140055,0.00314159,-0.000624473,-0.172313,0.000124598,0.0034858,14
23.0789,-0.09548,0.00140055,0.00314159,-0.0118868,-0.206977,0.000119129,0.00348638,14
23.0824,-0.0955539,-0.00196077,0.00314159,-0.0155885,-0.227358,0.000122234,0.0034856,14
23.0859,-0.0955539,-0.00028011,0.00314159,-0.0118868,-0.211553,0.000121393,0.00348604,14
23.0894,-0.0955539,-0.00028011,0.00314159,-0.000624473,-0.176889,0.000142622,0.00348738,14
23.0929,-0.0955539,-0.00364143,0.00314159,0.0186693,-0.126327,0.000126462,0.00348336,14
23.0964,-0.0955539,-0.00364143,0.00314159,0.0467796,-0.0398069,0.000121753,0.00348438,14
23.0999,-0.09548,0.00308121,0.00628319,0.0470265,0.0169399,0.000122695,0.00348622,14
23.1034,-0.0955539,0.00140055,0.00628319,0.0543629,0.0349449,0.000121553,0.00348637,14
23.1069,-0.09548,0.00140055,0.00628319,0.066277,0.0717796,0.000121824,0.00348592,14
23.1104,-0.0955539,-0.00364143,0.00628319,0.080571,0.102376,0.000121432,0.00348605,14
23.1139,-0.0955539,-0.00532209,0.00628319,0.0953607,0.143486,0.000132704,0.00348614,14
23.1174,-0.0955539,-0.00364143,0.00628319,0.109076,0.190113,0.000129938,0.00348219,14
23.1209,-0.09548,-0.00196077,0.00942478,0.107035,0.22658,0.000121413,0.00348549,14
23.1244,-0.09548,-0.00028011,0.00942478,0.110603,0.241976,0.000124528,0.00348548,14
23.1279,-0.09548,0.00308121,0.00942478,0.11727,0.27132,0.000120952,0.00348525,14
23.1314,-0.09548,0.00140055,0.00942478,0.124996,0.290686,0.000121523,0.00348596,14
23.1349,-0.09548,-0.00028011,0.00942478,0.132209,0.308475,0.000121102,0.00348591,14
23.1384,-0.09548,0.00308121,0.00942478,0.137811,0.33454,0.000123346,0.00348532,14
23.1419,-0.09548,-0.00028011,0.00942478,0.141173,0.336068,0.00012505,0.0034861,14
23.1454,-0.09548,-0.00028011,0.00942478,0.14214,0.339044,0.000143834,0.00348726,14
23.1489,-0.09548,-0.00196077,0.00942478,0.141025,0.3312,0.000136992,0.00348574,14
23.1524,-0.09548,0.00644253,0.0125664,0.125185,0.34268,0.000120642,0.00348631,13
23.1559,-0.09548,-0.00196077,0.0125664,0.118187,0.299081,0.000210265,0.00348594,13
23.1594,-0.09548,-0.00196077,0.0125664,0.119872,0.30427,0.000214794,0.0034812,13
23.1629,-0.09548,-0.00028011,0.0125664,0.130713,0.342049,0.000242344,0.00347076,13
23.1664,-0.09548,-0.00196077,0.0125664,0.127458,0.327617,0.000280424,0.0034821,13
23.1699,-0.09548,0.00140055,0.0125664,0.123062,0.32291,0.000301633,0.00348258,13
23.1734,-0.09548,0.00140055,0.0125664,0.117526,0.305871,0.000346164,0.00348402,13
23.1769,-0.09548,-0.00028011,0.0125664,0.111321,0.282362,0.000374106,0.00348271,13
23.1804,-0.09548,0.00308121,0.0125664,0.105389,0.272926,0.00039809,0.00348257,13
23.1839,-0.09548,0.00308121,0.015708,0.0877148,0.256703,0.000447421,0.00348212,13
23.1874,-0.09548,-0.00028011,0.015708,0.0824929,0.231808,0.000488987,0.00348253,13
23.1909,-0.0954061,0.00308121,0.015708,0.0901942,0.264499,0.000482044,0.00348134,13
23.1944,-0.0954061,-0.00196077,0.015708,0.0875665,0.243176,0.000504786,0.0034826,10
23.1979,-0.0954061,0.00308121,0.015708,0.0875664,0.256411,0.000542815,0.00348251,10
23.2014,-0.0954061,-0.00196077,0.0188496,0.0767665,0.248111,0.000578181,0.00348338,10
23.2049,-0.0954061,0.00308121,0.0188496,0.0779477,0.264982,0.000576968,0.0034583,10
23.2084,-0.0954061,-0.00028011,0.0188496,0.0901682,0.293772,0.000617583,0.00348222,10
23.2119,-0.0954061,-0.00028011,0.0188496,0.113114,0.364397,0.000652727,0.00348212,10
23.2154,-0.0954061,-0.00196077,0.0219912,0.10932,0.386485,0.000692169,0.00348253,10
23.2189,-0.0954061,-0.00196077,0.0219912,0.113269,0.398638,0.000745517,0.00348187,10
23.2224,-0.0954061,0.00140055,0.0219912,0.122291,0.435231,0.000123697,0.0034814,7
23.2259,-0.0954061,-0.00028011,0.0219912,0.134346,0.467923,0.000125531,0.00348468,14
23.2294,-0.0954061,0.00308121,0.0219912,0.148021,0.518835,0.000145036,0.00348696,14
23.2329,-0.0954061,0.00476187,0.0219912,0.16253,0.567905,0.000127965,0.00348295,14
23.2364,-0.0954061,-0.00196077,0.0251327,0.164289,0.59385,0.000122735,0.00348586,14
23.2399,-0.0954061,0.00476187,0.0251327,0.17608,0.647787,0.000121914,0.00348602,14
23.2434,-0.0954061,0.00476187,0.0251327,0.197117,0.712537,0.000121633,0.00348617,14
23.2469,-0.0954061,0.00476187,0.0251327,0.203049,0.730795,0.000123296,0.00348465,14
23.2504,-0.0953322,0.00308121,0.0251327,0.205891,0.735296,0.000121693,0.00348621,14
23.2539,-0.0953322,0.0126049,0.0251327,0.204858,0.757116,0.000128185,0.00348356,14
23.2574,-0.0952583,0.0142856,0.0251327,0.199794,0.746102,0.000117526,0.00348738,14
23.2609,-0.0951844,0.0159663,0.0282743,0.17774,0.720976,0.000164172,0.00348555,14
23.2644,-0.0951106,0.0243696,0.0282743,0.162107,0.695081,0.000120291,0.0034862,14
23.2679,-0.0950366,0.0260502,0.0282743,0.152737,0.670817,0.000124398,0.00348579,14
23.2714,-0.0948888,0.0288513,0.0314159,0.136831,0.667718,0.000121072,0.00348613,14
23.2749,-0.0948149,0.035574,0.0314159,0.138112,0.68947,0.000131702,0.00348225,14
23.2784,-0.0946671,0.0338933,0.0314159,0.132542,0.668245,0.000124589,0.00348501,14
23.2819,-0.0945193,0.0422966,0.0314159,0.132608,0.690835,0.000155596,0.00347499,14
23.2854,-0.0943715,0.0389353,0.0345575,0.124725,0.696253,0.00012037,0.00348675,14
23.2889,-0.0942976,0.0372546,0.0345575,0.131831,0.713877,0.00012568,0.00348583,14
23.2924,-0.0940759,0.0450977,0.0345575,0.153455,0.801513,0.00012003,0.00348646,14
23.2959,-0.0939281,0.0518203,0.0345575,0.165716,0.857227,0.000124999,0.0034855,14
23.2994,-0.0937803,0.0518203,0.0345575,0.181259,0.905393,0.000121142,0.00348644,14
23.3029,-0.0935586,0.053501,0.0345575,0.200081,0.968233,0.000125901,0.00348412,14
23.3064,-0.0933369,0.058543,0.0345575,0.22297,1.05241,0.00011997,0.0034864,14
23.3099,-0.0931152,0.0630247,0.0376991,0.213715,1.07436,0.000124779,0.00348541,14
23.3134,-0.0928935,0.07647,0.0376991,0.208212,1.0932,0.000117656,0.00348735,14
23.3169,-0.0925979,0.0747893,0.0376991,0.205361,1.08067,0.000161416,0.00348261,14
23.3204,-0.0923023,0.0988788,0.0376991,0.204849,1.14299,0.000121663,0.00348615,14
23.3239,-0.0919328,0.0142856,0.0376991,0.207146,0.928831,0.000124969,0.00348498,14
23.3274,-0.0917111,0.100559,0.0376991,0.213509,1.17537,0.000121323,0.0034863,14
23.3309,-0.0913416,0.103921,0.0376991,0.201628,1.14844,0.00016398,0.00348112,13
23.3344,-0.0909721,0.110643,0.0376991,0.185557,1.11745,0.000213071,0.00348469,13
23.3379,-0.0905287,0.118486,0.0376991,0.166553,1.08053,0.00025065,0.00348146,13
23.3414,-0.0900853,0.125209,0.0376991,0.146501,1.03744,0.000297756,0.00348391,13
23.3449,-0.0896419,0.12689,0.0376991,0.127911,0.98562,0.000322552,0.00348234,13
23.3484,-0.0891985,0.134733,0.0376991,0.113923,0.964141,0.000375358,0.00348244,13
23.3519,-0.0886812,0.141455,0.0376991,0.108306,0.965648,0.000405013,0.00348238,13
23.3554,-0.0882378,0.144817,0.0376991,0.0911038,0.922511,0.000477616,0.00348271,13
23.3589,-0.0876466,0.149859,0.0376991,0.0785703,0.898483,0.000495909,0.00348228,13
23.3624,-0.0871292,0.154341,0.0376991,0.0740023,0.897337,0.000537145,0.00348262,10
23.3659,-0.0866119,0.159383,0.0376991,0.0568165,0.858825,0.000567701,0.00348245,10
23.3694,-0.0860207,0.162744,0.0376991,0.0424813,0.824841,0.000621229,0.00348098,10
23.3729,-0.0854295,0.168906,0.0376991,0.0333518,0.814231,0.000689304,0.00348006,10
23.3764,-0.0847644,0.173948,0.0376991,0.032097,0.825082,0.000688523,0.00348284,10
23.3799,-0.0841732,0.184032,0.0376991,0.0173483,0.807471,0.000732483,0.00347333,10
23.3834,-0.0835081,0.188514,0.0376991,0.00363255,0.778498,0.000117385,0.00348253,7
23.3869,-0.0829908,0.190195,0.0376991,-0.00779426,0.748889,0.000123166,0.00348571,14
23.3904,-0.0823257,0.186833,0.0376991,-0.0155194,0.717767,0.000123175,0.00348568,14
23.3939,-0.0816606,0.198598,0.0376991,-0.0179728,0.742575,0.000129457,0.00348322,14
23.3974,-0.0809216,0.193556,0.0376991,-0.0134277,0.744972,0.000118657,0.00348742,14
23.4009,-0.0802564,0.200279,0.0376991,-0,0.805426,0.000132282,0.00348429,14
23.4044,-0.0795174,0.201959,0.0376991,-0,0.811481,0.000123256,0.00348475,14
23.4079,-0.0788523,0.211483,0.0376991,-0,0.837958,0.000127173,0.00348425,14
23.4114,-0.0781133,0.206441,0.0376991,-0,0.826366,0.000123256,0.00348618,14
23.4149,-0.0773743,0.214844,0.0376991,-0,0.850067,0.000146289,0.00348273,14
23.4184,-0.0766353,0.216525,0.0345575,0.0134277,0.859274,0.000123316,0.00348484,14
23.4219,-0.0758224,0.221567,0.0345575,0.0179728,0.888305,0.000125189,0.00348535,14
23.4254,-0.0750834,0.226049,0.0345575,0.0155194,0.894161,0.000118127,0.00348699,14
23.4289,-0.0742705,0.234452,0.0345575,0.00779426,0.894248,0.000124318,0.00348525,14
23.4324,-0.0734576,0.236133,0.0345575,-0.00363263,0.865296,0.000123336,0.00348609,14
23.4359,-0.0726447,0.239494,0.0345575,-0.0173483,0.833711,0.000125029,0.00348539,14
23.4394,-0.0717578,0.242295,0.0345575,-0.032097,0.79764,0.000124028,0.00348552,14
23.4429,-0.0709449,0.245656,0.0345575,-0.0467796,0.763079,0.000123477,0.00348604,14
23.4464,-0.0700581,0.250698,0.0345575,-0.0604542,0.736196,0.000121653,0.00348619,14
23.4499,-0.0691713,0.252379,0.0314159,-0.0589081,0.709161,0.000120391,0.00348542,14
23.4534,-0.0682845,0.263583,0.0314159,-0.0638236,0.725413,0.000118236,0.00348755,14
23.4569,-0.0673238,0.258541,0.0314159,-0.0728458,0.686545,0.000122374,0.00348625,14
23.4604,-0.066437,0.265264,0.0282743,-0.0705061,0.675188,0.000119409,0.00348655,14
23.4639,-0.0654024,0.315684,0.0282743,-0.0773879,0.788654,0.000126452,0.00348436,14
23.4674,-0.0645894,0.261903,0.0282743,-0.0901942,0.609873,0.000118998,0.00348651,14
23.4709,-0.0636287,0.271987,0.0282743,-0.106099,0.589525,0.000121794,0.00348597,14
23.4744,-0.062668,0.268625,0.0251327,-0.10932,0.534747,0.000120381,0.00348648,14
23.4779,-0.0617073,0.271987,0.0251327,-0.120284,0.511961,0.000122655,0.00348587,14
23.4814,-0.0607466,0.271987,0.0251327,-0.135693,0.466669,0.000117606,0.00348759,14
23.4849,-0.0597859,0.274788,0.0251327,-0.152879,0.423261,0.000122375,0.00348554,14
23.4884,-0.0588991,0.271987,0.0251327,-0.1698,0.365796,0.000148362,0.00348594,13
23.4919,-0.0578645,0.273667,0.0251327,-0.185045,0.325587,0.000182324,0.00348508,13
23.4954,-0.0569037,0.274788,0.0251327,-0.197827,0.291321,0.000220704,0.00348487,13
23.4989,-0.055943,0.276468,0.0251327,-0.207991,0.266586,0.000249798,0.00348096,13
23.5024,-0.0549823,0.274788,0.0219912,-0.202578,0.242792,0.000304668,0.00348184,13
23.5059,-0.0540216,0.274788,0.0219912,-0.204999,0.237477,0.000329985,0.00348218,13
23.5094,-0.0530609,0.271987,0.0219912,-0.215096,0.201182,0.000388522,0.00348309,13
23.5129,-0.0521002,0.273667,0.0219912,-0.209147,0.22604,0.000406155,0.00348186,13
23.5164,-0.0511395,0.266945,0.0219912,-0.199793,0.239319,0.000471585,0.00348267,13
23.5199,-0.0502527,0.265264,0.0219912,-0.186879,0.276628,0.000475953,0.00348158,13
23.5234,-0.0492919,0.261903,0.0219912,-0.170874,0.3192,0.000502361,0.00348265,10
23.5269,-0.0484051,0.260222,0.0219912,-0.152879,0.372149,0.000546221,0.0034825,10
23.5304,-0.0474444,0.258541,0.0219912,-0.134619,0.426075,0.000580024,0.00348273,10
23.5339,-0.0465576,0.256861,0.0219912,-0.11845,0.473402,0.000614847,0.00348105,10
23.5374,-0.0456708,0.25574,0.0219912,-0.107354,0.506583,0.000657065,0.00348377,10
23.5409,-0.0447101,0.25406,0.0188496,-0.091515,0.514882,0.000706155,0.00348132,10
23.5444,-0.0438233,0.258541,0.0188496,-0.0731309,0.585202,0.000739857,0.00348237,10
23.5479,-0.0429365,0.256861,0.0188496,-0.0664137,0.603437,0.000744916,0.00348162,7
23.5514,-0.0420497,0.256861,0.0188496,-0.0727767,0.585823,0.000139976,0.00348284,7
23.5549,-0.0412367,0.258541,0.0188496,-0.0699097,0.600866,0.00102499,0.00343516,14
23.5584,-0.0400543,0.266945,0.0188496,-0.0717113,0.620007,0.000350413,0.0034482,7
23.5619,-0.0393892,0.258541,0.0188496,-0.0791234,0.576614,0.000369448,0.00345636,14
23.5654,-0.0384285,0.265264,0.0188496,-0.0935591,0.551964,0.00012014,0.00348712,14
23.5689,-0.0376156,0.263583,0.0188496,-0.092551,0.552463,0.000120661,0.00348598,14
23.5724,-0.0367288,0.260222,0.0188496,-0.0896841,0.554435,0.000125721,0.00348626,14
23.5759,-0.0357681,0.265264,0.0188496,-0.085429,0.582902,0.000123517,0.00348594,14
23.5794,-0.0348813,0.263583,0.015708,-0.0671432,0.598567,0.00013084,0.0034863,14
23.5829,-0.0339205,0.265264,0.015708,-0.0582358,0.632531,0.000145247,0.0034835,14
23.5864,-0.0330337,0.265264,0.015708,-0.0582358,0.634502,0.000123687,0.00348603,14
23.5899,-0.032073,0.266945,0.015708,-0.0671432,0.613633,0.000129338,0.0034862,14
23.5934,-0.0311123,0.265264,0.015708,-0.085429,0.555075,0.000528239,0.00345754,14
23.5969,-0.0300777,0.274788,0.015708,-0.0896841,0.569277,0.000123387,0.00348312,14
23.6004,-0.0291909,0.276468,0.015708,-0.0925511,0.566836,0.000143493,0.00348628,14
23.6039,-0.0282302,0.28151,0.015708,-0.0935591,0.579103,0.000123757,0.00348556,14
23.6074,-0.0272695,0.283191,0.015708,-0.0925512,0.588753,0.00011998,0.00348615,14
23.6109,-0.0263087,0.28151,0.015708,-0.0896842,0.595301,0.000121603,0.00348619,14
23.6144,-0.0252741,0.284872,0.015708,-0.0854291,0.619521,0.000143122,0.0034865,14
23.6179,-0.0243134,0.284872,0.015708,-0.080571,0.636609,0.000143533,0.00348166,14
23.6214,-0.0232788,0.289914,0.015708,-0.0762087,0.66557,0.00012012,0.00348666,14
23.6249,-0.0223181,0.288233,0.0125664,-0.0603276,0.673999,0.000133455,0.00348607,14
23.6284,-0.0212835,0.294396,0.0125664,-0.0569647,0.702825,0.000134056,0.00348591,14
23.6319,-0.0202489,0.292715,0.0125664,-0.0662771,0.672051,0.000119199,0.00348661,14
23.6354,-0.0192143,0.296076,0.0125664,-0.0645415,0.688516,0.000123376,0.00348527,14
23.6389,-0.0181796,0.299437,0.0125664,-0.0640868,0.701038,0.00012,0.00348658,14
23.6424,-0.017145,0.302799,0.0125664,-0.0641279,0.712035,0.00013633,0.0034859,14
23.6459,-0.0161104,0.302799,0.0125664,-0.064194,0.714131,0.0001257,0.0034865,14
23.6494,-0.0150019,0.310642,0.0125664,-0.0641279,0.737386,0.000124168,0.0034849,14
23.6529,-0.0139673,0.309521,0.0125664,-0.0640867,0.736872,0.000122434,0.00348615,14
23.6564,-0.0128588,0.312323,0.0125664,-0.0645415,0.745289,0.000120601,0.00348562,14
23.6599,-0.0117503,0.315684,0.0125664,-0.066277,0.751234,0.000144526,0.00348635,14
23.6634,-0.0106417,0.315684,0.0125664,-0.0703923,0.741032,0.000122344,0.00348613,14
23.6669,-0.00953322,0.319045,0.0125664,-0.0783003,0.727979,0.000121493,0.00348626,14
23.6704,-0.00842471,0.327448,0.00942478,-0.0783004,0.714325,0.000122304,0.00348627,14
23.6739,-0.0073162,0.322406,0.00942478,-0.0703923,0.727894,0.000121163,0.00348606,14
23.6774,-0.00613378,0.33025,0.00942478,-0.066277,0.763777,0.00011982,0.00348737,14
23.6809,-0.00495136,0.33193,0.00942478,-0.0645414,0.776159,0.000119009,0.00348642,14
23.6844,-0.00376895,0.338653,0.00942478,-0.0640867,0.797833,0.000122715,0.00348594,14
23.6879,-0.00258653,0.346496,0.00942478,-0.0641279,0.820922,0.000121794,0.00348642,14
23.6914,-0.00140412,0.346496,0.00942478,-0.0641939,0.823347,0.000128145,0.00348601,14
23.6949,-0.000147802,0.353219,0.00942478,-0.0641279,0.84399,0.000119609,0.00348623,13
23.6984,0.00110852,0.35658,0.00628319,-0.0506591,0.858885,0.000227176,0.00348478,13
23.7019,0.00236483,0.361622,0.00628319,-0.0465687,0.887502,0.000230353,0.00348172,13
23.7054,0.00362115,0.364423,0.00628319,-0.0507577,0.884754,0.000266819,0.00348359,13
23.7089,0.00495137,0.366104,0.00314159,-0.0491704,0.858832,0.000308736,0.00348264,13
23.7124,0.00628158,0.379549,0.00314159,-0.0639602,0.85156,0.000332039,0.00348227,13
23.7159,0.0076118,0.377868,0.00314159,-0.0935571,0.759009,0.000375549,0.00348272,13
23.7194,0.00894202,0.384031,0.00314159,-0.112668,0.719321,0.000461887,0.0034791,13
23.7229,0.0103461,0.387392,-0,-0.118781,0.674273,0.000314366,0.0034829,9
23.7264,0.0116025,0.387392,-0,-0.132165,0.63587,0.000183046,0.00346934,9
23.7299,0.0129327,0.394115,-0,-0.149367,0.603527,0.000120631,0.00348501,12
23.7334,0.0143368,0.348177,-0,-0.167561,0.430066,0.000119369,0.00348682,12
23.7369,0.015667,0.397476,-0.00314159,-0.171121,0.513296,0.000121543,0.00348614,12
23.7404,0.0170711,0.397476,-0.00314159,-0.180788,0.486665,0.000121432,0.00348598,12
23.7439,0.0184752,0.397476,-0.00314159,-0.193735,0.449937,0.000122284,0.00348548,12
23.7474,0.0198055,0.390753,-0.00314159,-0.207921,0.391582,0.000125851,0.00348452,12
23.7509,0.0212096,0.395795,-0.00314159,-0.222092,0.364323,0.000121142,0.00348619,12
23.7544,0.0225398,0.399157,-0.00628319,-0.222347,0.33714,0.000120691,0.0034863,12
23.7579,0.0239439,0.395795,-0.00628319,-0.231312,0.303846,0.000120141,0.00348604,12
23.7614,0.025348,0.394115,-0.00942478,-0.234774,0.253725,0.000117065,0.00348746,12
23.7649,0.0267521,0.394115,-0.00942478,-0.230848,0.268929,0.000129497,0.00348634,12
23.7684,0.0280824,0.395795,-0.00942478,-0.22998,0.27897,0.000122845,0.00348551,12
23.7719,0.0294865,0.392434,-0.00942478,-0.230128,0.272812,0.000152499,0.00348658,12
23.7754,0.0308167,0.389073,-0.0125664,-0.216766,0.269895,0.000123707,0.00348546,12
23.7789,0.0322208,0.384031,-0.0125664,-0.212048,0.274304,0.000117635,0.00348663,12
23.7824,0.033551,0.38235,-0.0125664,-0.214874,0.264152,0.000139206,0.00348596,12
23.7859,0.0348813,0.387392,-0.0125664,-0.225244,0.248426,0.000128646,0.00348657,12
23.7894,0.0362115,0.384031,-0.0125664,-0.244257,0.184038,0.000121954,0.00348576,12
23.7929,0.0375417,0.377868,-0.015708,-0.236333,0.157033,0.000133585,0.0034858,12
23.7964,0.0388719,0.377868,-0.015708,-0.238308,0.153912,0.000129237,0.00348368,12
23.7999,0.0402021,0.376188,-0.015708,-0.250339,0.115427,0.000124989,0.00348626,12
23.8034,0.0414584,0.366104,-0.015708,-0.249331,0.0948526,0.000120521,0.00348607,12
23.8069,0.0427887,0.366104,-0.015708,-0.248868,0.0992326,0.000125931,0.00348601,12
23.8104,0.044045,0.366104,-0.015708,-0.250051,0.0983863,0.000133044,0.00348606,12
23.8139,0.0453013,0.354899,-0.0188496,-0.241491,0.0599388,0.000119058,0.0034857,12
23.8174,0.0464837,0.353219,-0.0188496,-0.224131,0.111588,0.000118718,0.00348663,12
23.8209,0.04774,0.351538,-0.0188496,-0.211241,0.149642,0.000119469,0.00348649,12
23.8244,0.0489224,0.343695,-0.0188496,-0.203607,0.155181,0.000120912,0.00348587,12
23.8279,0.0501049,0.343695,-0.0188496,-0.202955,0.159816,0.000117656,0.00348574,12
23.8314,0.0512873,0.336972,-0.0219912,-0.174176,0.195201,0.000148913,0.00348552,12
23.8349,0.0524697,0.333611,-0.0219912,-0.15442,0.249814,0.000118347,0.00348577,12
23.8384,0.0536521,0.333611,-0.0219912,-0.144001,0.284511,0.000123997,0.00348546,12
23.8419,0.0548345,0.328569,-0.0219912,-0.144175,0.273368,0.00011942,0.0034858,12
23.8454,0.055943,0.325768,-0.0219912,-0.15714,0.228573,0.000117646,0.00348706,12
23.8489,0.0570515,0.320726,-0.0219912,-0.161686,0.203813,0.00012008,0.00348648,12
23.8524,0.058234,0.322406,-0.0219912,-0.173122,0.175652,0.00012519,0.00348421,12
23.8559,0.0593425,0.320726,-0.0219912,-0.169768,0.184029,0.000130911,0.00348294,12
23.8594,0.060451,0.314003,-0.0219912,-0.166306,0.1795,0.000128055,0.00348413,12
23.8629,0.0614856,0.310642,-0.0219912,-0.164622,0.178163,0.000117235,0.00348611,12
23.8664,0.0625941,0.309521,-0.0219912,-0.167226,0.169671,0.000121693,0.00348592,12
23.8699,0.0636287,0.301118,-0.0219912,-0.152907,0.193985,0.000121884,0.00348554,12
23.8734,0.0646634,0.297757,-0.0219912,-0.136663,0.237458,0.000119799,0.00348686,12
23.8769,0.065698,0.296076,-0.0219912,-0.120535,0.284987,0.000119088,0.00348628,12
23.8804,0.0667326,0.291594,-0.0219912,-0.107035,0.317076,0.000123627,0.00348531,9
23.8839,0.0677672,0.294396,-0.0219912,-0.0991448,0.351012,0.000155536,0.00348622,9
23.8874,0.0688018,0.289914,-0.0219912,-0.0759684,0.412882,0.000164421,0.00348491,9
23.8909,0.0697625,0.283191,-0.0219912,-0.0526599,0.469113,0.000156707,0.00348543,9
23.8944,0.0707232,0.28151,-0.0219912,-0.0312602,0.532703,0.000164913,0.00348471,9
23.8979,0.0717578,0.28151,-0.0219912,-0.0141241,0.587746,0.000198825,0.00348589,9
23.9014,0.0727186,0.283191,-0.0219912,-0.00392076,0.625698,0.00016351,0.00347203,9
23.9049,0.0737532,0.27983,-0.0219912,-0.00363263,0.620061,0.000198734,0.00348468,9
23.9084,0.0747139,0.283191,-0.0219912,0.00779418,0.666191,0.000176764,0.00348183,9
23.9119,0.0757485,0.284872,-0.0219912,0.0155193,0.696679,0.000183848,0.00348525,9
23.9154,0.0767092,0.288233,-0.0219912,0.0179727,0.715189,0.00020185,0.00348554,9
23.9189,0.0777438,0.288233,-0.0219912,0.0134277,0.7035,0.000206138,0.00348585,9
23.9224,0.0787784,0.292715,-0.0219912,-0,0.676235,0.000211167,0.00348549,9
23.9259,0.0797392,0.291594,-0.0219912,-0,0.67543,0.000231575,0.0034858,9
23.9294,0.0807738,0.291594,-0.0219912,-0,0.677729,0.000269414,0.00348484,9
23.9329,0.0818823,0.292715,-0.0219912,-0,0.683134,0.00027253,0.00348225,9
23.9364,0.0829169,0.296076,-0.0219912,-0,0.694257,0.000275755,0.00348256,9
23.9399,0.0839515,0.299437,-0.0219912,-0,0.70538,0.000278982,0.0034824,9
23.9434,0.0849861,0.304479,-0.0219912,-0,0.720915,0.000313715,0.00348242,9
23.9469,0.0860207,0.302799,-0.0219912,-0,0.718803,0.000285283,0.00348122,9
23.9504,0.0871292,0.309521,-0.0219912,-0,0.738914,0.000297445,0.00348175,9
23.9539,0.0881639,0.312323,-0.0219912,-0,0.748566,0.000304789,0.00348297,9
23.9574,0.0892724,0.320726,-0.0219912,-0,0.773088,0.000340815,0.00348261,9
23.9609,0.0903809,0.317364,-0.0251327,0.0134276,0.769882,0.000324875,0.00348303,9
23.9644,0.0915633,0.319045,-0.0251327,0.0179727,0.790911,0.00034339,0.00348285,9
23.9679,0.0926718,0.333611,-0.0251327,0.0155193,0.824058,0.000347748,0.00348214,9
23.9714,0.0939281,0.415403,-0.0251327,0.00779418,1.01777,0.000358307,0.00348257,9
23.9749,0.0949627,0.328569,-0.0251327,-0.00363272,0.756968,0.000362425,0.00348223,9
23.9784,0.0961452,0.340334,-0.0251327,-0.0173485,0.748262,0.000448362,0.00348256,9
23.9819,0.0974015,0.336972,-0.0251327,-0.0320971,0.696836,0.000380247,0.00348287,9
23.9854,0.0985839,0.343695,-0.0251327,-0.0467796,0.671919,0.000444805,0.00348405,9
23.9889,0.0997663,0.346496,-0.0251327,-0.0604542,0.639811,0.000405002,0.00348293,9
23.9924,0.100949,0.343695,-0.0251327,-0.0723358,0.598517,0.000440749,0.00348267,9
23.9959,0.102205,0.349857,-0.0251327,-0.0817965,0.588366,0.000411905,0.00347596,9
23.9994,0.103387,0.349857,-0.0251327,-0.0883653,0.570777,0.000465173,0.00348027,9
24.0029,0.104644,0.349857,-0.0282743,-0.0783005,0.566372,0.000454514,0.00348295,9
24.0064,0.1059,0.353219,-0.0282743,-0.0737554,0.591977,0.000449875,0.00348297,9
24.0099,0.107156,0.353219,-0.0282743,-0.0728459,0.597569,0.000456096,0.00348265,9
24.0134,0.108339,0.359941,-0.0282743,-0.0740023,0.614284,0.000460444,0.00348378,9
24.0169,0.109595,0.359941,-0.0282743,-0.0759685,0.611025,0.000489558,0.00348274,9
24.0204,0.110851,0.359941,-0.0314159,-0.0643749,0.611326,0.000497813,0.00348226,9
24.0239,0.112182,0.367784,-0.0314159,-0.0609038,0.645554,0.000509805,0.00347381,9
24.0274,0.113438,0.363303,-0.0345575,-0.0499295,0.632184,0.000540411,0.00348295,9
24.0309,0.114768,0.371146,-0.0345575,-0.0520354,0.649246,0.000544188,0.00348266,9
24.0344,0.116025,0.376188,-0.0345575,-0.0640816,0.628197,0.000538698,0.00348287,9
24.0379,0.117355,0.369465,-0.0345575,-0.0835561,0.553567,0.000545139,0.00348273,9
24.0414,0.118611,0.372826,-0.0345575,-0.108575,0.488176,0.000559406,0.00348428,9
24.0449,0.119941,0.374507,-0.0376991,-0.124455,0.408491,0.000566429,0.0034809,9
24.0484,0.121271,0.377868,-0.0376991,-0.152879,0.332787,0.000585524,0.00348272,9
24.0519,0.122602,0.379549,-0.0376991,-0.191961,0.219864,0.000611341,0.00348287,9
24.0554,0.123932,0.374507,-0.0376991,-0.216253,0.134819,0.00059933,0.00348321,9
24.0589,0.125188,0.367784,-0.0376991,-0.236669,0.0571248,0.000649331,0.00348231,9
24.0624,0.126518,0.364423,-0.0408407,-0.237899,0.00929636,0.000653128,0.00348291,9
24.0659,0.127775,0.361622,-0.0408407,-0.240997,-0.00479819,0.000675008,0.00348121,9
24.0694,0.129031,0.353219,-0.0408407,-0.24345,-0.0316146,0.000113579,0.00348394,6
24.0729,0.130066,0.351538,-0.0408407,-0.243533,-0.0339801,0.000123967,0.00348535,12
24.0764,0.131248,0.345376,-0.0439823,-0.226874,-0.0344305,0.000118668,0.00348588,12
24.0799,0.132504,0.343695,-0.0439823,-0.215628,-0.00143512,0.000122425,0.00347685,12
24.0834,0.133687,0.343695,-0.0471239,-0.195111,0.0261672,0.000128325,0.00348623,12
24.0869,0.134795,0.335292,-0.0471239,-0.187319,0.0305569,0.000128535,0.00348584,12
24.0904,0.135978,0.328569,-0.0471239,-0.190996,0.00422192,0.000126903,0.00348561,12
24.0939,0.13716,0.327448,-0.0471239,-0.205985,-0.042225,0.000121133,0.00348598,12
24.0974,0.138269,0.320726,-0.0471239,-0.208877,-0.0663087,0.000115822,0.00348685,12
24.1009,0.139377,0.319045,-0.0502655,-0.199515,-0.0776168,0.000130399,0.00348616,12
24.1044,0.140486,0.309521,-0.0502655,-0.200993,-0.104703,0.000119179,0.00348626,12
24.1079,0.141594,0.30616,-0.0502655,-0.213156,-0.148499,0.000125781,0.00348565,12
24.1114,0.142703,0.30616,-0.0502655,-0.236946,-0.219256,0.00011972,0.00348632,12
24.1149,0.143737,0.299437,-0.0502655,-0.250051,-0.274938,0.000164001,0.00348321,12
24.1184,0.144772,0.291594,-0.0502655,-0.266841,-0.344905,0.000144325,0.00348127,12
24.1219,0.145733,0.288233,-0.0502655,-0.26485,-0.345465,0.00012519,0.00348515,12
24.1254,0.146841,0.367784,-0.0502655,-0.258133,-0.113511,0.000119209,0.0034874,12
24.1289,0.147654,0.258541,-0.0502655,-0.248103,-0.367585,0.000126923,0.00348558,12
24.1324,0.148541,0.25406,-0.0502655,-0.236958,-0.343074,0.000120881,0.00348607,12
24.1359,0.149428,0.240614,-0.0502655,-0.22768,-0.347839,0.000124047,0.00348547,12
24.1394,0.150241,0.237813,-0.0502655,-0.199686,-0.267224,0.000117286,0.00348679,12
24.1429,0.151054,0.226049,-0.0502655,-0.16876,-0.201109,0.000131091,0.00348368,12
24.1464,0.151793,0.216525,-0.0502655,-0.137883,-0.12943,0.000120651,0.00348601,12
24.1499,0.152532,0.208122,-0.0502655,-0.110667,-0.0660765,0.000124709,0.00348612,12
24.1534,0.153271,0.200279,-0.0502655,-0.0913505,-0.0255671,0.000411014,0.00346183,12
24.1569,0.15401,0.193556,-0.0502655,-0.0604489,0.0535415,0.000119909,0.00348554,12
24.1604,0.154601,0.185713,-0.0502655,-0.034687,0.113561,0.000118918,0.00348657,12
24.1639,0.155266,0.180671,-0.0502655,-0.0178325,0.153681,0.000121052,0.00348583,12
24.1674,0.155857,0.182352,-0.0502655,-0.0141241,0.170821,0.000120831,0.00348605,12
24.1709,0.156522,0.17899,-0.0502655,-0.00392084,0.194881,0.0001584,0.00348562,12
24.1744,0.157113,0.173948,-0.0471239,-0.0170603,0.180695,0.000143504,0.00348422,12
24.1779,0.157779,0.17731,-0.0471239,-0.0101787,0.212177,0.000121753,0.00348556,12
24.1814,0.15837,0.168906,-0.0471239,-0,0.222762,0.000121663,0.00348756,12
24.1849,0.158961,0.172268,-0.0471239,0.0101787,0.264229,0.000127033,0.00348396,12
24.1884,0.159552,0.173948,-0.0439823,0.00363268,0.287983,0.000117375,0.00348666,12
24.1919,0.160143,0.173948,-0.0439823,-0.000624493,0.276194,0.000124859,0.00348519,12
24.1954,0.160735,0.167786,-0.0408407,0.0031499,0.311126,0.000117646,0.00348662,12
24.1989,0.161326,0.162744,-0.0408407,0.0210125,0.354184,0.00013101,0.00348561,12
24.2024,0.161843,0.157702,-0.0408407,0.0485673,0.426911,0.000122826,0.00348637,12
24.2059,0.162434,0.156021,-0.0408407,0.0818898,0.526376,0.000143494,0.00348317,12
24.2094,0.162952,0.15266,-0.0408407,0.117526,0.628388,0.000116393,0.00348738,12
24.2129,0.163469,0.154341,-0.0408407,0.152493,0.741575,0.00012017,0.00348535,12
24.2164,0.163986,0.154341,-0.0408407,0.184279,0.840559,0.000118327,0.00348633,12
24.2199,0.164577,0.166105,-0.0408407,0.210844,0.954517,0.000120851,0.00348552,12
24.2234,0.165169,0.170587,-0.0376991,0.217188,1.0253,0.000121152,0.00348651,12
24.2269,0.165686,0.164425,-0.0376991,0.224525,1.03285,0.000130079,0.00348631,12
24.2304,0.166351,0.167786,-0.0376991,0.230341,1.06106,0.000121583,0.00348618,12
24.2339,0.166942,0.184032,-0.0376991,0.232753,1.11244,0.000121252,0.00348628,12
24.2374,0.167607,0.186833,-0.0376991,0.230506,1.11436,0.000128466,0.00348769,12
24.2409,0.168273,0.196917,-0.0376991,0.22297,1.11911,0.000128265,0.0034845,12
24.2444,0.169012,0.20364,-0.0376991,0.210146,1.09893,0.000118136,0.00348645,12
24.2479,0.169751,0.213164,-0.0376991,0.192663,1.07176,0.000124278,0.00348555,12
24.2514,0.17049,0.209802,-0.0376991,0.171775,1.00029,0.00015307,0.0034725,12
24.2549,0.171229,0.227729,-0.0376991,0.149367,0.980018,0.000140698,0.00347203,12
24.2584,0.172041,0.224368,-0.0376991,0.127951,0.907086,0.000119579,0.00348626,12
24.2619,0.172854,0.22941,-0.0376991,0.110667,0.868928,0.000122384,0.00348498,12
24.2654,0.173667,0.0826324,-0.0376991,0.101282,0.45657,0.000117936,0.00348736,12
24.2689,0.17448,0.232771,-0.0376991,0.0798412,0.786487,0.000122415,0.00348547,12
24.2724,0.175293,0.237813,-0.0376991,0.0625979,0.748455,0.0001308,0.0034862,12
24.2759,0.176106,0.232771,-0.0376991,0.0528492,0.707022,0.000140337,0.00347724,12
24.2794,0.176919,0.237813,-0.0376991,0.0543628,0.726722,0.00012557,0.0034844,12
24.2829,0.177732,0.239494,-0.0376991,0.0470265,0.71036,0.000132894,0.00347977,12
24.2864,0.178619,0.245656,-0.0376991,0.0467796,0.727748,0.000160635,0.00348646,12
24.2899,0.179432,0.247337,-0.0376991,0.032097,0.688775,0.000123126,0.00348456,12
24.2934,0.180318,0.249018,-0.0376991,0.0173484,0.649763,0.000118667,0.00348733,12
24.2969,0.181205,0.249018,-0.0376991,0.00363266,0.609519,0.000125771,0.00348432,12
24.3004,0.182092,0.261903,-0.0408407,0.0056334,0.613294,0.000119319,0.00348614,12
24.3039,0.182979,0.263583,-0.0408407,0.00245343,0.609889,0.000134266,0.0034832,12
24.3074,0.183866,0.263583,-0.0408407,-0.00245346,0.596757,0.000121432,0.00348583,12
24.3109,0.184826,0.270306,-0.0408407,-0.00563337,0.606752,0.000123707,0.00348574,12
24.3144,0.185713,0.265264,-0.0408407,-0.00363262,0.601647,0.000128616,0.00348587,12
24.3179,0.186674,0.268625,-0.0408407,-0.0173483,0.57039,0.000126332,0.003486,12
24.3214,0.187635,0.271987,-0.0408407,-0.0320969,0.535954,0.000121163,0.00348742,12
24.3249,0.188595,0.271987,-0.0408407,-0.0467795,0.492898,0.000121834,0.00348525,12
24.3284,0.189482,0.268625,-0.0408407,-0.0604541,0.443957,0.000128135,0.00348656,12
24.3319,0.190443,0.266945,-0.0439823,-0.058908,0.408264,0.000119399,0.00348611,12
24.3354,0.191404,0.268625,-0.0439823,-0.0638235,0.399681,0.000120871,0.00348639,12
24.3389,0.192364,0.266945,-0.0439823,-0.0728457,0.369636,0.000117796,0.00348585,12
24.3424,0.193325,0.271987,-0.0471239,-0.0705061,0.354031,0.000177575,0.00348496,12
24.3459,0.194212,0.268625,-0.0471239,-0.0773879,0.325998,0.000124809,0.00348507,12
24.3494,0.195172,0.265264,-0.0471239,-0.0901942,0.279894,0.000123356,0.0034878,12
24.3529,0.196059,0.266945,-0.0502655,-0.0926715,0.240475,0.00012,0.00348636,12
24.3564,0.19702,0.260222,-0.0502655,-0.104775,0.187711,0.000143333,0.0034862,12
24.3599,0.197981,0.258541,-0.0502655,-0.122737,0.130149,0.000118969,0.00348645,12
24.3634,0.198867,0.268625,-0.0502655,-0.143418,0.0949364,0.000142301,0.00348511,12
24.3669,0.199828,0.304479,-0.0502655,-0.164306,0.126896,0.000122074,0.00348586,12
24.3704,0.200641,0.256861,-0.0502655,-0.183516,-0.0554204,0.000148182,0.00346639,12
24.3739,0.201528,0.256861,-0.0502655,-0.199794,-0.103549,0.000127163,0.00348273,12
24.3774,0.202415,0.247337,-0.0534071,-0.199082,-0.162564,0.000128005,0.00348753,12
24.3809,0.203228,0.242295,-0.0534071,-0.203692,-0.188181,0.00012007,0.00348524,12
24.3844,0.204114,0.232771,-0.0534071,-0.212368,-0.237912,0.000122275,0.00348539,12
24.3879,0.204853,0.224368,-0.0534071,-0.224638,-0.296093,0.0001197,0.00348637,12
24.3914,0.205666,0.214844,-0.0534071,-0.240817,-0.369082,0.000142562,0.00348551,12
24.3949,0.206405,0.211483,-0.0534071,-0.237653,-0.366522,0.000120862,0.00348597,12
24.3984,0.207144,0.200279,-0.0534071,-0.228258,-0.365374,0.000127414,0.0034861,12
24.4019,0.20781,0.191875,-0.0534071,-0.212947,-0.338829,0.000121894,0.00348613,12
24.4054,0.208475,0.186833,-0.0534071,-0.192663,-0.288151,0.000117455,0.00348769,12
24.4089,0.209066,0.172268,-0.0534071,-0.168974,-0.25216,0.000121733,0.003486,12
24.4124,0.209657,0.170587,-0.0534071,-0.144079,-0.178633,0.000123396,0.00346974,12
24.4159,0.210248,0.161063,-0.0534071,-0.120805,-0.130681,0.000124318,0.0034849,12
24.4194,0.210766,0.148178,-0.0534071,-0.102603,-0.10733,0.000137753,0.00348552,12
24.4229,0.211283,0.146497,-0.0534071,-0.0935568,-0.0827491,0.00011995,0.00348573,12
24.4264,0.2118,0.136414,-0.0534071,-0.0740249,-0.0479513,0.000120902,0.00348626,12
24.4299,0.212244,0.131932,-0.0534071,-0.0605744,-0.0173306,0.000121293,0.00347674,12
24.4334,0.212687,0.123528,-0.0534071,-0.0568162,-0.0268354,0.000117756,0.00348733,12
24.4369,0.21313,0.120167,-0.0534071,-0.0424811,0.00944884,0.000120802,0.00348576,12
24.4404,0.213574,0.116806,-0.0534071,-0.0333519,0.0297103,0.00012001,0.00348211,12
24.4439,0.213943,0.115125,-0.0534071,-0.0320969,0.0299826,0.000120451,0.00348598,12
24.4474,0.214313,0.105601,-0.0534071,-0.0173483,0.0511998,0.000123767,0.00348582,12
24.4509,0.214682,0.10224,-0.0534071,-0.00363256,0.0854137,0.0001199,0.00348648,12
24.4544,0.215052,0.0971981,-0.0534071,0.00779437,0.108171,0.000119589,0.00348624,12
24.4579,0.215421,0.0960777,-0.0502655,0.00209171,0.126676,0.000142151,0.00348614,12
24.4614,0.215717,0.0910357,-0.0502655,-0,0.10766,0.000125931,0.0034867,12
24.4649,0.216013,0.0876744,-0.0502655,-0.00209169,0.0930557,0.00012014,0.00348594,12
24.4684,0.216308,0.0859937,-0.0502655,-0.00779431,0.0717492,0.000121152,0.00348577,12
24.4719,0.216604,0.0781507,-0.0502655,0.00363259,0.0869897,0.000119429,0.00348647,12
24.4754,0.216825,0.0747893,-0.0502655,0.0173483,0.120875,0.000134536,0.00348285,12
24.4789,0.217121,0.0647054,-0.0502655,0.0320969,0.140457,0.000122535,0.00348579,12
24.4824,0.217343,0.071428,-0.0502655,0.0467795,0.203788,0.000129177,0.00348647,12
24.4859,0.217564,0.0647054,-0.0502655,0.060454,0.228723,0.00011987,0.00348537,12
24.4894,0.217786,0.0630247,-0.0471239,0.0589079,0.258222,0.000124859,0.00348731,12
24.4929,0.218008,0.0602236,-0.0471239,0.0638233,0.266491,0.00011997,0.00348609,12
24.4964,0.21823,0.0551816,-0.0471239,0.0728457,0.281519,0.000118317,0.00348639,12
24.4999,0.218377,0.0551816,-0.0471239,0.0839337,0.315976,0.000129508,0.00348366,12
24.5034,0.218599,0.0551816,-0.0439823,0.0819329,0.348486,0.000120992,0.00348606,12
24.5069,0.218821,0.0501397,-0.0439823,0.0877406,0.35362,0.000125801,0.00347277,12
24.5104,0.218969,0.053501,-0.0439823,0.0983738,0.395499,0.000121533,0.00348522,12
24.5139,0.21919,0.053501,-0.0408407,0.0978931,0.432689,0.000142462,0.00348579,12
24.5174,0.219338,0.0551816,-0.0408407,0.106568,0.464129,0.000125079,0.00348696,12
24.5209,0.219486,0.048459,-0.0408407,0.120944,0.49106,0.000118998,0.00348639,12
24.5244,0.219708,0.0501397,-0.0408407,0.138196,0.549064,0.000121312,0.00348583,12
24.5279,0.219855,0.0518203,-0.0408407,0.156126,0.608991,0.000118357,0.00348668,12
24.5314,0.220003,0.0518203,-0.0376991,0.159736,0.658606,0.000129557,0.00348388,12
24.5349,0.220225,0.048459,-0.0376991,0.170394,0.683081,0.000117876,0.00348636,12
24.5384,0.220373,0.048459,-0.0376991,0.185903,0.731143,0.000121483,0.00347221,12
24.5419,0.220594,0.0501397,-0.0376991,0.204849,0.794363,0.000118838,0.0034866,12
24.5454,0.220742,0.0602236,-0.0376991,0.226605,0.888123,0.000118006,0.00348685,12
24.5489,0.220964,0.0680667,-0.0376991,0.251327,0.985297,0.000119449,0.00348651,12
24.5524,0.221186,0.0647054,-0.0376991,0.255607,0.990139,0.000122775,0.00348569,12
24.5559,0.221407,0.0697474,-0.0376991,0.252401,0.993999,0.000120451,0.00348627,12
24.5594,0.221703,0.0781507,-0.0376991,0.241866,0.98429,0.000123496,0.00348606,12
24.5629,0.221998,0.0876744,-0.0376991,0.224788,0.957379,0.000119899,0.00348611,12
24.5664,0.222294,0.0893551,-0.0376991,0.202578,0.894089,0.000118999,0.00348626,12
24.5699,0.22259,0.0960777,-0.0345575,0.163851,0.831369,0.00012002,0.00348619,12
24.5734,0.222959,0.10224,-0.0345575,0.133585,0.755211,0.000170542,0.00348682,12
24.5769,0.223329,0.10224,-0.0345575,0.113193,0.693269,0.000140287,0.00346479,12
24.5804,0.223698,0.112324,-0.0345575,0.104873,0.694953,0.000124628,0.00348471,12
24.5839,0.224068,0.107282,-0.0345575,0.087258,0.628321,0.000118928,0.00348618,12
24.5874,0.224437,0.108963,-0.0345575,0.0753439,0.596883,0.000120681,0.00348587,12
24.5909,0.224807,0.112324,-0.0345575,0.0713292,0.594171,0.000120441,0.003486,12
24.5944,0.225176,0.110643,-0.0345575,0.0780396,0.611235,0.000140457,0.00348342,12
24.5979,0.22562,0.114005,-0.0345575,0.0745783,0.61039,0.000119689,0.00348605,12
24.6014,0.225989,0.114005,-0.0345575,0.0762565,0.616377,0.000123636,0.00348553,12
24.6049,0.226433,0.193556,-0.0345575,0.0854292,0.85441,0.000120441,0.00347792,12
24.6084,0.226802,0.0910357,-0.0345575,0.0805709,0.571171,0.000124108,0.00348472,12
24.6119,0.227172,0.110643,-0.0345575,0.0762087,0.610035,0.000118216,0.00348658,12
24.6154,0.227541,0.116806,-0.0345575,0.0737552,0.61948,0.000137702,0.00348594,12
24.6189,0.227984,0.123528,-0.0345575,0.0749376,0.641752,0.000150215,0.00348469,12
24.6224,0.228428,0.120167,-0.0345575,0.0817964,0.655025,0.000122404,0.00348504,12
24.6259,0.228871,0.116806,-0.0345575,0.0723357,0.618068,0.00011983,0.00348628,12
24.6294,0.229241,0.123528,-0.0345575,0.0604541,0.599966,0.000148592,0.003486,12
24.6329,0.229684,0.12689,-0.0345575,0.0467795,0.567685,0.000125981,0.00348613,9
24.6364,0.230128,0.130251,-0.0345575,0.0320968,0.532302,0.000121633,0.00348616,12
24.6399,0.230571,0.12857,-0.0345575,0.0173483,0.483482,0.000120141,0.00348625,9
24.6434,0.231088,0.131932,-0.0345575,0.00363252,0.451239,0.000120531,0.00348628,9
24.6469,0.231532,0.131932,-0.0345575,-0.00779441,0.417054,0.00012003,0.00348626,9
24.6504,0.231975,0.130251,-0.0376991,-0.00209175,0.393004,0.000154203,0.00348592,9
24.6539,0.232419,0.125209,-0.0376991,-0,0.387193,0.00016313,0.00348523,9
24.6574,0.232862,0.125209,-0.0376991,0.00209163,0.394617,0.000152149,0.00348515,9
24.6609,0.233305,0.125209,-0.0376991,0.00779413,0.413154,0.000207911,0.00348602,9
24.6644,0.233675,0.116806,-0.0376991,-0.00363277,0.356747,0.000214534,0.00348149,9
24.6679,0.234118,0.121848,-0.0376991,-0.0173485,0.328751,0.000225694,0.00348293,9
24.6714,0.234562,0.118486,-0.0376991,-0.0320971,0.275519,0.000204364,0.0034804,9
24.6749,0.234931,0.118486,-0.0376991,-0.0467797,0.231149,0.000216888,0.00348526,9
24.6784,0.235375,0.116806,-0.0376991,-0.0604543,0.185634,0.000238207,0.0034853,9
24.6819,0.235818,0.114005,-0.0376991,-0.0723359,0.142697,0.00025046,0.00348608,9
24.6854,0.236187,0.114005,-0.0376991,-0.0817966,0.114399,0.000305911,0.00348654,9
24.6889,0.236557,0.108963,-0.0376991,-0.0883653,0.0817675,0.000305039,0.003483,9
24.6924,0.237,0.110643,-0.0376991,-0.0917283,0.0768141,0.000331268,0.00348148,9
24.6959,0.23737,0.107282,-0.0376991,-0.0917283,0.0688123,0.000313365,0.00348132,9
24.6994,0.237666,0.100559,-0.0376991,-0.0883653,0.0621737,0.000395856,0.00348025,9
24.7029,0.238035,0.0960777,-0.0376991,-0.0817966,0.071449,0.000348038,0.00348303,9
24.7064,0.238405,0.0927164,-0.0376991,-0.0723359,0.0925662,0.000394794,0.00348261,9
24.7099,0.2387,0.0893551,-0.0376991,-0.0604542,0.120971,0.000362946,0.00348285,9
24.7134,0.238996,0.0826324,-0.0376991,-0.0467795,0.146071,0.00041452,0.00348369,9
24.7169,0.239291,0.0781507,-0.0376991,-0.032097,0.180155,0.000378224,0.00348257,9
24.7204,0.239587,0.0731087,-0.0376991,-0.0173483,0.212972,0.000390927,0.00348227,9
24.7239,0.239809,0.0731087,-0.0376991,-0.00363255,0.255681,0.00040869,0.00348287,9
24.7274,0.24003,0.071428,-0.0376991,0.00779426,0.286933,0.000427464,0.00348258,9
24.7309,0.240326,0.0697474,-0.0376991,0.0155194,0.306955,0.000429828,0.00348268,9
24.7344,0.240548,0.066386,-0.0376991,0.0179728,0.306176,0.000441469,0.00348285,9
24.7379,0.240769,0.058543,-0.0376991,0.0134277,0.272092,0.000445117,0.00348292,9
24.7414,0.240991,0.0602236,-0.0376991,-0,0.235668,0.000481824,0.00348181,9
24.7449,0.241213,0.0619043,-0.0376991,-0,0.240572,0.00050671,0.00348238,9
24.7484,0.241434,0.0602236,-0.0376991,-0,0.236653,0.000484278,0.00348259,9
24.7519,0.241656,0.0602236,-0.0376991,-0,0.237146,0.000502372,0.00348271,9
24.7554,0.241804,0.0551816,-0.0376991,-0,0.22424,0.000514684,0.00348259,9
24.7589,0.242026,0.0501397,-0.0376991,-0,0.211498,0.000525824,0.00348279,9
24.7624,0.242173,0.048459,-0.0376991,-0,0.207415,0.00053441,0.00348212,9
24.7659,0.242395,0.0518203,-0.0376991,-0,0.216731,0.000537526,0.0034827,9
24.7694,0.242543,0.0467784,-0.0376991,-0,0.203825,0.000554537,0.00348302,9
24.7729,0.242691,0.0389353,-0.0376991,-0,0.183566,0.000575145,0.00348276,9
24.7764,0.242839,0.0372546,-0.0376991,-0,0.179483,0.000582348,0.00348271,9
24.7799,0.242912,0.0372546,-0.0376991,-0,0.179647,0.000595261,0.00348273,9
24.7834,0.24306,0.0389353,-0.0376991,-0,0.184387,0.00059978,0.00347327,9
24.7869,0.243208,0.0288513,-0.0376991,-0,0.158246,0.000618995,0.00348251,9
24.7904,0.243282,0.0288513,-0.0376991,-0,0.158411,0.000607785,0.00346648,9
24.7939,0.243356,0.0243696,-0.0376991,-0,0.146811,0.000642669,0.0034827,9
24.7974,0.24343,0.0226889,-0.0376991,-0,0.142563,0.000651024,0.00348333,9
24.8009,0.243504,0.0159663,-0.0376991,-0,0.125081,0.000683203,0.00348261,9
24.8044,0.243578,0.0193276,-0.0376991,-0,0.134069,0.000672043,0.00348163,6
24.8079,0.243651,0.0159663,-0.0376991,-0,0.12541,0.000120511,0.0034827,6
24.8114,0.243651,0.0159663,-0.0376991,-0,0.12541,0.000126412,0.00348411,12
24.8149,0.243725,0.00812319,-0.0376991,-0,0.104987,0.000120812,0.00348596,12
24.8184,0.243725,0.00476187,-0.0376991,-0,0.0961635,0.000124088,0.00348558,12
24.8219,0.243725,0.00140055,-0.0345575,-0.0134277,0.0841876,0.000118337,0.0034862,12
24.8254,0.243725,-0.00196077,-0.0345575,-0.0179728,0.0613748,0.000117335,0.00348729,12
24.8289,0.243725,0.00140055,-0.0345575,-0.0155194,0.0777495,0.000123617,0.00348604,12
24.8324,0.243725,-0.00196077,-0.0345575,-0.00779426,0.0927034,0.000120852,0.00348557,12
24.8359,0.243725,-0.00028011,-0.0345575,0.00363263,0.132286,0.000122164,0.00348588,12
24.8394,0.243725,-0.00028011,-0.0345575,0.0173483,0.174501,0.00011946,0.00348636,12
24.8429,0.243725,-0.00028011,-0.0314159,0.0186693,0.216743,0.000120671,0.00348597,12
24.8464,0.243725,-0.00196077,-0.0314159,0.0288067,0.243534,0.000119319,0.00348619,12
24.8499,0.243725,0.00140055,-0.0314159,0.0449347,0.301997,0.000122104,0.00347203,12
24.8534,0.243725,0.00140055,-0.0314159,0.0645415,0.362345,0.000115993,0.0034876,12
24.8569,0.243725,0.00140055,-0.0314159,0.0854291,0.426635,0.000154924,0.00348612,12
24.8604,0.243725,-0.00196077,-0.0282743,0.0922859,0.477093,0.000122284,0.00348602,12
24.8639,0.243725,-0.00028011,-0.0282743,0.105852,0.52326,0.000129407,0.00348559,12
24.8674,0.243725,0.00308121,-0.0282743,0.122988,0.584826,0.00013075,0.00348599,12
24.8709,0.243725,0.00140055,-0.0282743,0.141025,0.63593,0.000156628,0.00347787,12
24.8744,0.243725,0.00476187,-0.0282743,0.157765,0.696276,0.000122634,0.00348566,12
24.8779,0.243725,0.00644253,-0.0282743,0.171481,0.742904,0.000128105,0.0034865,12
24.8814,0.243799,0.00644253,-0.0282743,0.180916,0.77211,0.00011987,0.00348585,12
24.8849,0.243799,0.0159663,-0.0282743,0.185287,0.810562,0.000121683,0.00348583,12
24.8884,0.243873,0.0210082,-0.0282743,0.184279,0.820859,0.000122084,0.00348562,12
24.8919,0.243947,0.0210082,-0.0282743,0.178049,0.801848,0.000120972,0.00348616,12
24.8954,0.244021,0.030532,-0.0282743,0.167225,0.793697,0.000118427,0.00348652,12
24.8989,0.244169,0.0372546,-0.0282743,0.152907,0.7676,0.000121323,0.00348549,12
24.9024,0.244317,0.0389353,-0.0282743,0.136663,0.722343,0.000119179,0.00348545,12
24.9059,0.24439,0.0372546,-0.0251327,0.107107,0.665303,0.000133014,0.00348612,12
24.9094,0.244538,0.0389353,-0.0251327,0.0890617,0.614501,0.000119119,0.00348697,12
24.9129,0.244686,0.0422966,-0.0251327,0.0836254,0.60692,0.000160494,0.00348634,12
24.9164,0.244834,0.048459,-0.0251327,0.0681741,0.575867,0.000129237,0.00348625,12
24.9199,0.244982,0.0450977,-0.0251327,0.0562924,0.530801,0.000119469,0.00348651,12
24.9234,0.245203,0.0406159,-0.0251327,0.0486085,0.49588,0.000127094,0.00348647,12
24.9269,0.245351,0.0501397,-0.0251327,0.0462211,0.513859,0.000121954,0.00348582,12
24.9304,0.245499,0.0501397,-0.0251327,0.0507002,0.527974,0.000128876,0.00348462,12
24.9339,0.245721,0.0467784,-0.0251327,0.0640867,0.560846,0.000137742,0.00348475,12
24.9374,0.245869,0.048459,-0.0282743,0.0779691,0.570139,0.000117776,0.00348742,12
24.9409,0.246016,0.053501,-0.0282743,0.0842498,0.603033,0.000128305,0.00348542,12
24.9444,0.246238,0.0518203,-0.0282743,0.0859117,0.60423,0.000127214,0.00348645,12
24.9479,0.246386,0.053501,-0.0282743,0.0860946,0.609533,0.000131361,0.00348589,12
24.9514,0.246608,0.0551816,-0.0282743,0.0880953,0.620595,0.000125821,0.00348565,12
24.9549,0.246755,0.0568623,-0.0282743,0.0710168,0.572769,0.000128335,0.00348583,12
24.9584,0.246977,0.0619043,-0.0282743,0.0496994,0.520884,0.000120271,0.00347868,12
24.9619,0.247199,0.0647054,-0.0282743,0.0255562,0.454419,0.000128025,0.00348611,12
24.9654,0.24742,0.058543,-0.0282743,-0,0.360077,0.000127554,0.00348777,12
24.9689,0.247642,0.0602236,-0.0282743,-0.0255562,0.286322,0.000122144,0.00348616,12
24.9724,0.247864,0.0619043,-0.0282743,-0.0496995,0.216916,0.000145237,0.00348663,12
24.9759,0.248086,0.0551816,-0.0282743,-0.0710168,0.134149,0.000128977,0.00348567,12
24.9794,0.248233,0.0568623,-0.0282743,-0.0880953,0.0863237,0.000118708,0.00348675,12
24.9829,0.248455,0.048459,-0.0282743,-0.0995222,0.0295877,0.000122174,0.0034861,12
24.9864,0.248603,0.048459,-0.0282743,-0.103885,0.0164895,0.000125621,0.00348646,12
24.9899,0.248751,0.0389353,-0.0282743,-0.0997692,0.0044857,0.000144685,0.0034822,12
24.9934,0.248898,0.0338933,-0.0314159,-0.0723357,0.0378409,0.000117345,0.00348721,12
24.9969,0.249046,0.0322126,-0.0314159,-0.0424813,0.125647,0.00013083,0.00348392,12
25.0004,0.249194,0.0338933,-0.0314159,-0.0312602,0.164924,0.00011996,0.00348622,12
25.0039,0.249268,0.0271707,-0.0314159,-0.0243028,0.168856,0.000121623,0.00348592,12
25.0074,0.249416,0.0260502,-0.0314159,-0.0209811,0.176468,0.000127194,0.00348646,12
25.0109,0.24949,0.0271707,-0.0314159,-0.020981,0.179573,0.000121904,0.00348557,12
25.0144,0.249564,0.0193276,-0.0314159,-0.0243027,0.148926,0.000132994,0.00348305,12
25.0179,0.249637,0.0176469,-0.0314159,-0.0312602,0.123265,0.000146268,0.00347264,12
25.0214,0.249711,0.0126049,-0.0314159,-0.0424813,0.0756565,0.000123727,0.00348688,12
25.0249,0.249711,0.0176469,-0.0314159,-0.0589081,0.0383312,0.000121423,0.00348565,12
25.0284,0.249785,0.0126049,-0.0314159,-0.0817964,-0.0451872,0.000146529,0.00348611,12
25.0319,0.249785,0.00812319,-0.0314159,-0.0883651,-0.0771693,0.000122154,0.00348581,12
25.0354,0.249859,0.00140055,-0.0314159,-0.091728,-0.105002,0.000119049,0.00348655,12
25.0389,0.249859,-0.00196077,-0.0314159,-0.091728,-0.113825,0.000129929,0.00348386,12
25.0424,0.249785,-0.00532209,-0.0314159,-0.0883651,-0.112462,0.000121272,0.0034855,12
25.0459,0.249785,-0.00196077,-0.0314159,-0.0817965,-0.0834211,0.000122264,0.00348533,12
25.0494,0.249785,0.00140055,-0.0314159,-0.0723358,-0.0454789,0.00012022,0.00348746,12
25.0529,0.249785,-0.00028011,-0.0314159,-0.0604541,-0.0133198,0.000126492,0.00348576,12
25.0564,0.249785,-0.00028011,-0.0314159,-0.0467796,0.0287689,0.000116925,0.00348682,12
25.0599,0.249785,0.00140055,-0.0314159,-0.032097,0.0783719,0.000120411,0.00348612,12
25.0634,0.249785,-0.00028011,-0.0314159,-0.0173483,0.119355,0.000127013,0.00348624,12
25.0669,0.249785,0.00140055,-0.0314159,-0.00363272,0.165982,0.000125099,0.00348453,12
25.0704,0.249785,-0.00028011,-0.0282743,-0.00563346,0.193589,0.000124698,0.00348621,12
25.0739,0.249785,0.00140055,-0.0282743,-0.00245349,0.207788,0.00012001,0.00348619,12
25.0774,0.249785,-0.00364143,-0.0282743,0.0024534,0.209656,0.000124208,0.00348759,12
25.0809,0.249785,0.00476187,-0.0282743,0.00563331,0.241501,0.000121182,0.00348601,12
25.0844,0.249785,0.00308121,-0.0282743,0.00363258,0.230932,0.000144184,0.00348654,12
25.0879,0.249785,0.00140055,-0.0282743,0.0173483,0.268736,0.000126202,0.00348436,12
25.0914,0.249785,0.00140055,-0.0282743,0.0320969,0.314131,0.000127784,0.00348649,12
25.0949,0.249785,-0.00028011,-0.0282743,0.0467795,0.35491,0.000123547,0.00348426,12
25.0984,0.249785,-0.00028011,-0.0282743,0.0604541,0.396999,0.000118036,0.00348667,12
25.1019,0.249785,-0.00028011,-0.0282743,0.0723357,0.43357,0.000130679,0.00348357,12
25.1054,0.249785,0.00308121,-0.0282743,0.0817964,0.471512,0.000129147,0.00348741,12
25.1089,0.249785,-0.00028011,-0.0282743,0.0883652,0.482907,0.000122245,0.00348575,12
25.1124,0.249785,0.00140055,-0.0282743,0.091728,0.497669,0.000118267,0.00348647,12
25.1159,0.249785,0.00140055,-0.0282743,0.091728,0.497669,0.000139656,0.00348446,12
25.1194,0.249859,-0.00196077,-0.0282743,0.0883652,0.47866,0.000120701,0.00348486,12
25.1229,0.249859,-0.00028011,-0.0282743,0.0817964,0.462853,0.000145687,0.00348337,12
25.1264,0.249859,0.00140055,-0.0282743,0.0723357,0.438146,0.000118988,0.00348624,12
25.1299,0.249859,0.00140055,-0.0282743,0.0604541,0.401576,0.000120971,0.00347772,12
25.1334,0.249859,-0.00028011,-0.0282743,0.0467795,0.355075,0.000116794,0.0034873,12
25.1369,0.249859,0.00140055,-0.0282743,0.032097,0.314295,0.000135239,0.00348416,12
25.1404,0.249859,0.00140055,-0.0282743,0.0173484,0.268901,0.000126272,0.00348646,12
25.1439,0.249785,-0.00196077,-0.0282743,0.00363265,0.217697,0.000123276,0.00348593,12
25.1474,0.249785,-0.00364143,-0.0282743,-0.00779428,0.178115,0.000119088,0.00348648,12
25.1509,0.249785,-0.00028011,-0.0282743,-0.0155194,0.163161,0.000121824,0.00348572,12
25.1544,0.249785,-0.00196077,-0.0282743,-0.0179728,0.151198,0.000122665,0.00348646,12
25.1579,0.249785,-0.00196077,-0.0282743,-0.0134276,0.165187,0.000124267,0.00348433,12
25.1614,0.249785,-0.00028011,-0.0282743,-0,0.210928,0.000133925,0.00348764,12
25.1649,0.249785,0.00140055,-0.0282743,-0,0.21534,0.000122585,0.00348601,12
25.1684,0.249785,-0.00364143,-0.0282743,-0,0.202105,0.000137021,0.00348592,12
25.1719,0.249785,-0.00028011,-0.0282743,-0,0.210928,0.000123617,0.00348568,12
25.1754,0.249785,0.00140055,-0.0282743,-0,0.21534,0.000121293,0.00348626,12
25.1789,0.249785,0.00308121,-0.0282743,-0,0.219751,0.000121944,0.00348578,12
25.1824,0.249785,-0.00028011,-0.0282743,-0,0.210928,0.000133725,0.00348654,12
25.1859,0.249785,0.00140055,-0.0282743,-0,0.21534,0.000124548,0.00348555,12
25.1894,0.249785,-0.00196077,-0.0282743,-0,0.206516,0.000124648,0.00348722,12
25.1929,0.249785,-0.00028011,-0.0282743,-0,0.210928,0.000123216,0.00348535,12
25.1964,0.249785,-0.00196077,-0.0282743,-0,0.206516,0.000122294,0.00348657,12
25.1999,0.249785,-0.00028011,-0.0282743,-0,0.210928,0.000164932,0.00348544,12
25.2034,0.249785,-0.00364143,-0.0282743,-0,0.202105,0.000139025,0.00348616,12
25.2069,0.249785,-0.00028011,-0.0282743,-0,0.210928,0.000135699,0.00348541,12
25.2104,0.249785,0.00140055,-0.0282743,-0,0.21534,0.000157859,0.00347378,12
25.2139,0.249785,-0.00196077,-0.0282743,-0,0.206516,0.000123757,0.00348608,12
25.2174,0.249785,-0.00532209,-0.0282743,-0,0.197693,0.000119329,0.00348726,12
25.2209,0.249785,0.00476187,-0.0282743,-0,0.224163,0.000129448,0.00348381,12
25.2244,0.249785,-0.00028011,-0.0282743,-0,0.210928,0.000122595,0.00348619,12
25.2279,0.249785,0.00140055,-0.0282743,-0,0.21534,0.000138414,0.00348264,12
25.2314,0.249785,0.00308121,-0.0282743,-0,0.219751,0.000125219,0.00348563,12
25.2349,0.249785,-0.00196077,-0.0282743,-0,0.206516,0.000123817,0.00348563,12
25.2384,0.249785,-0.00028011,-0.0314159,0.0134276,0.214081,0.000118317,0.00348659,12
25.2419,0.249785,-0.00028011,-0.0314159,0.0179728,0.22807,0.000129478,0.00348493,12
25.2454,0.249785,-0.00028011,-0.0314159,0.0155194,0.220519,0.000117375,0.00348727,12
25.2489,0.249785,-0.00196077,-0.0314159,0.00779423,0.19233,0.000131872,0.00348454,12
25.2524,0.249785,0.00140055,-0.0314159,-0.00363265,0.165982,0.000361543,0.00345773,12
25.2559,0.249785,0.00140055,-0.0314159,-0.0173484,0.123767,0.000417185,0.00345845,12
25.2594,0.249785,-0.00028011,-0.0314159,-0.032097,0.0739605,0.000121352,0.00348561,12
25.2629,0.249785,-0.00364143,-0.0314159,-0.0467795,0.0199458,0.000121734,0.00348533,12
25.2664,0.249785,-0.00196077,-0.0314159,-0.0604541,-0.0177316,0.000126663,0.00348606,12
25.2699,0.249785,0.00476187,-0.0314159,-0.0723357,-0.0366556,0.000123817,0.00348584,12
25.2734,0.249785,0.00140055,-0.0345575,-0.0683687,-0.071445,0.000128886,0.00348614,12
25.2769,0.249785,-0.00028011,-0.0345575,-0.0703923,-0.0820849,0.000128115,0.00348491,12
25.2804,0.249785,-0.00028011,-0.0345575,-0.0762086,-0.099987,0.000157008,0.00347815,12
25.2839,0.249785,-0.00028011,-0.0345575,-0.0839338,-0.123764,0.000128095,0.00348263,12
25.2874,0.249785,-0.00364143,-0.0345575,-0.0919978,-0.157408,0.000126782,0.00348401,12
25.2909,0.249785,0.00308121,-0.0345575,-0.0991448,-0.161759,0.000122024,0.00348547,12
25.2944,0.249785,0.00140055,-0.0345575,-0.104433,-0.182447,0.000135369,0.00348378,12
25.2979,0.249785,0.00140055,-0.0345575,-0.107234,-0.191067,0.000126221,0.00348412,12
25.3014,0.249785,0.00308121,-0.0345575,-0.107234,-0.186656,0.000118988,0.00348673,12
25.3049,0.249785,-0.00364143,-0.0345575,-0.104433,-0.195682,0.000120401,0.00347215,12
25.3084,0.249785,-0.00028011,-0.0345575,-0.0991448,-0.170582,0.000133224,0.00348621,12
25.3119,0.249785,-0.00196077,-0.0345575,-0.091998,-0.152997,0.000148843,0.00348602,12
25.3154,0.249785,0.00308121,-0.0345575,-0.083934,-0.114942,0.000120361,0.00348613,12
25.3189,0.249785,-0.00196077,-0.0376991,-0.0627812,-0.101247,0.000123176,0.00348591,12
25.3224,0.249785,-0.00028011,-0.0376991,-0.0524197,-0.0649433,0.00012564,0.0034849,9
25.3259,0.249785,0.00140055,-0.0376991,-0.0528496,-0.0618548,0.000159953,0.00348578,9
25.3294,0.249785,0.00308121,-0.0376991,-0.0645416,-0.0934302,0.000170212,0.00348614,9
25.3329,0.249785,-0.00028011,-0.0376991,-0.0640869,-0.100854,0.000206829,0.00348624,9
25.3364,0.249785,-0.00028011,-0.0376991,-0.064128,-0.10098,0.000215355,0.0034818,9
25.3399,0.249785,-0.00028011,-0.0376991,-0.0641941,-0.101184,0.000221657,0.00348291,9
25.3434,0.249785,0.00140055,-0.0376991,-0.064128,-0.0965687,0.000215616,0.00346795,9
25.3469,0.249785,-0.00196077,-0.0376991,-0.0640869,-0.105265,0.000220004,0.00348288,9
25.3504,0.249785,0.00140055,-0.0376991,-0.0645417,-0.0978419,0.000227527,0.00348536,9
25.3539,0.249785,-0.00196077,-0.0376991,-0.0662772,-0.112007,0.000236884,0.00348563,9
25.3574,0.249785,-0.00028011,-0.0376991,-0.0703925,-0.120262,0.000325818,0.00348687,9
25.3609,0.249785,-0.00196077,-0.0376991,-0.0783005,-0.149013,0.000285734,0.00348604,9
25.3644,0.249785,-0.00196077,-0.0376991,-0.0917283,-0.190343,0.00035449,0.00348236,9
25.3679,0.249785,-0.00196077,-0.0408407,-0.0749377,-0.176839,0.000350473,0.00348063,9
25.3714,0.249785,0.00308121,-0.0408407,-0.0638237,-0.129397,0.00034915,0.00347916,9
25.3749,0.249785,-0.00028011,-0.0408407,-0.0568165,-0.116652,0.000353458,0.00348287,9
25.3784,0.249785,-0.00700275,-0.0408407,-0.05266,-0.121506,0.000368246,0.00348269,9
25.3819,0.249785,0.00140055,-0.0408407,-0.0504121,-0.0925288,0.000377001,0.00348287,9
25.3854,0.249785,-0.00364143,-0.0408407,-0.0494453,-0.102788,0.000420241,0.00348341,9
25.3889,0.249785,-0.00196077,-0.0408407,-0.0494452,-0.098376,0.000402067,0.00348294,9
25.3924,0.249785,-0.00196077,-0.0408407,-0.0504121,-0.101352,0.000409621,0.00347953,9
25.3959,0.249785,-0.00196077,-0.0408407,-0.0526598,-0.10827,0.000417405,0.00348308,9
25.3994,0.249785,-0.00028011,-0.0408407,-0.0568163,-0.116652,0.000432182,0.00348303,9
25.4029,0.249785,-0.00028011,-0.0439823,-0.0503958,-0.135067,0.00045242,0.00348306,9
25.4064,0.249785,0.00140055,-0.0439823,-0.0569646,-0.150873,0.00046342,0.00348252,9
25.4099,0.249785,0.00140055,-0.0439823,-0.0762086,-0.210104,0.000477606,0.00348264,9
25.4134,0.249785,-0.00028011,-0.0439823,-0.0839338,-0.238293,0.000476404,0.00347054,9
25.4169,0.249785,0.00140055,-0.0471239,-0.0785701,-0.255549,0.000499597,0.0034827,9
25.4204,0.249785,-0.00532209,-0.0471239,-0.0811719,-0.281203,0.000483537,0.00346689,9
25.4239,0.249785,0.00308121,-0.0471239,-0.0889133,-0.282973,0.000507281,0.00348293,9
25.4274,0.249785,-0.00196077,-0.0471239,-0.0994395,-0.328606,0.000590683,0.00348032,9
25.4309,0.249785,-0.00028011,-0.0471239,-0.110866,-0.359365,0.000520555,0.00348284,9
25.4344,0.249785,0.00140055,-0.0471239,-0.121781,-0.388548,0.000526936,0.00348218,9
25.4379,0.249785,-0.00364143,-0.0502655,-0.117814,-0.427749,0.000546903,0.0034825,9
25.4414,0.249785,-0.00532209,-0.0502655,-0.120805,-0.441365,0.000547895,0.003483,9
25.4449,0.249785,-0.00868341,-0.0502655,-0.128869,-0.475009,0.000557562,0.00348284,9
25.4484,0.249711,-0.00700275,-0.0502655,-0.14075,-0.507332,0.00055611,0.00348219,9
25.4519,0.249711,-0.0114845,-0.0502655,-0.155822,-0.565484,0.000565697,0.00348285,9
25.4554,0.249637,-0.00980385,-0.0502655,-0.174083,-0.617442,0.00055065,0.00348129,9
25.4589,0.249637,-0.0131652,-0.0502655,-0.196161,-0.69422,0.000538468,0.00348508,9
25.4624,0.249564,-0.0182071,-0.0502655,-0.198962,-0.71624,0.000543036,0.00348247,9
25.4659,0.24949,-0.0249298,-0.0534071,-0.182171,-0.720547,0.000579543,0.00348546,9
25.4694,0.249416,-0.0266104,-0.0534071,-0.168256,-0.682294,0.000579042,0.00348489,9
25.4729,0.249268,-0.0327729,-0.0534071,-0.155961,-0.660955,0.000557393,0.0034767,9
25.4764,0.249194,-0.0361342,-0.0534071,-0.144658,-0.635152,0.000563594,0.00348414,9
25.4799,0.249046,-0.0445375,-0.0534071,-0.134346,-0.625799,0.00056176,0.00348573,9
25.4834,0.248825,-0.0445375,-0.0534071,-0.125654,-0.59954,0.000593889,0.00347982,9
25.4869,0.248677,-0.0523805,-0.0534071,-0.119838,-0.602553,0.000558494,0.00348554,9
25.4904,0.248529,-0.0557419,-0.0534071,-0.118781,-0.608453,0.00055596,0.00348146,9
25.4939,0.248307,-0.0607838,-0.0534071,-0.124996,-0.641308,0.000552673,0.00348528,9
25.4974,0.248159,-0.0523805,-0.0534071,-0.11727,-0.595802,0.000548577,0.00348266,9
25.5009,0.247938,-0.0624645,-0.0534071,-0.110603,-0.602242,0.000533408,0.00348525,9
25.5044,0.247716,-0.0624645,-0.0565487,-0.0936067,-0.588599,0.000553726,0.00348327,9
25.5079,0.247494,-0.0607838,-0.0565487,-0.0911034,-0.576975,0.000554537,0.00348559,9
25.5114,0.247273,-0.0652656,-0.0565487,-0.0798411,-0.554568,0.000581036,0.003484,9
25.5149,0.246977,-0.0686269,-0.0565487,-0.0727766,-0.542304,0.000581677,0.00348538,9
25.5184,0.246755,-0.0652656,-0.0565487,-0.0699095,-0.525149,0.00059946,0.0034837,9
25.5219,0.246534,-0.0736689,-0.0565487,-0.0717111,-0.553245,0.000594119,0.00348525,9
25.5254,0.246238,-0.0703076,-0.0565487,-0.0791233,-0.567893,0.00059972,0.00348518,9
25.5289,0.246016,-0.0719882,-0.0565487,-0.0935592,-0.61723,0.000617413,0.00348508,9
25.5324,0.245721,-0.0787109,-0.0565487,-0.0925511,-0.63243,0.000629524,0.00348117,9
25.5359,0.245425,-0.0831926,-0.0565487,-0.0896841,-0.636027,0.000628914,0.00348548,6
25.5394,0.24513,-0.0848733,-0.0565487,-0.085429,-0.627999,0.000662705,0.00348375,9
25.5429,0.244834,-0.0899153,-0.0565487,-0.080571,-0.626939,0.000114791,0.00348563,6
25.5464,0.244612,-0.0831926,-0.0596903,-0.0627809,-0.593205,0.000134396,0.00348298,12
25.5499,0.244243,-0.0949573,-0.0596903,-0.0557822,-0.603366,0.000126872,0.00348556,12
25.5534,0.243947,-0.099439,-0.0596903,-0.0594182,-0.626979,0.000143924,0.00348325,12
25.5569,0.243578,-0.0949573,-0.0596903,-0.0740022,-0.660924,0.000124288,0.00348594,12
25.5604,0.243282,-0.10112,-0.0596903,-0.0759684,-0.683809,0.000140288,0.00348362,12
25.5639,0.242912,-0.10112,-0.0596903,-0.0778025,-0.690275,0.000124068,0.00348555,12
25.5674,0.242543,-0.10112,-0.0596903,-0.0788766,-0.694403,0.000136961,0.00348387,12
25.5709,0.242247,-0.104481,-0.0596903,-0.0788765,-0.703883,0.000126241,0.00348568,12
25.5744,0.241878,-0.104481,-0.0596903,-0.0778024,-0.701398,0.000132753,0.00348333,12
25.5779,0.241508,-0.1028,-0.0596903,-0.0759682,-0.692163,0.000127133,0.00348559,12
25.5814,0.241065,-0.112884,-0.0596903,-0.074002,-0.713566,0.00013596,0.00348405,12
25.5849,0.240695,-0.114565,-0.0596903,-0.0728458,-0.71524,0.000129017,0.00348581,12
25.5884,0.240326,-0.115685,-0.0596903,-0.0737551,-0.721801,0.000135348,0.00348391,12
25.5919,0.239956,-0.117366,-0.0596903,-0.0783003,-0.741024,0.000127203,0.00348491,12
25.5954,0.239513,-0.120727,-0.0596903,-0.0883652,-0.781811,0.000166736,0.00348311,12
25.5989,0.23907,-0.119047,-0.0596903,-0.0817964,-0.758167,0.000128176,0.00348573,12
25.6024,0.2387,-0.122408,-0.0596903,-0.0723357,-0.738693,0.000142371,0.00348348,12
25.6059,0.238257,-0.124089,-0.0596903,-0.060454,-0.707519,0.000128616,0.00348531,12
25.6094,0.237813,-0.135293,-0.0596903,-0.0467795,-0.695827,0.000137432,0.00348416,12
25.6129,0.237296,-0.130811,-0.0596903,-0.032097,-0.640021,0.000125911,0.00348544,12
25.6164,0.236853,-0.138654,-0.0596903,-0.0173484,-0.6162,0.000136631,0.0034835,12
25.6199,0.236335,-0.133612,-0.0596903,-0.00363263,-0.561899,0.000145607,0.0034839,12
25.6234,0.235892,-0.140335,-0.0596903,0.00779429,-0.54536,0.000147691,0.00348036,12
25.6269,0.235375,-0.143696,-0.0596903,0.0155194,-0.531556,0.00012539,0.00347049,12
25.6304,0.234857,-0.140335,-0.0596903,0.0179729,-0.516331,0.000134156,0.00348357,12
25.6339,0.23434,-0.142016,-0.0596903,0.0134276,-0.535883,0.000150035,0.00348555,12
25.6374,0.233897,-0.142016,-0.0596903,-0,-0.578197,0.000144575,0.00348433,12
25.6409,0.233379,-0.143696,-0.0596903,-0,-0.583759,0.000133395,0.0034854,12
25.6444,0.232862,-0.142016,-0.0596903,-0,-0.580497,0.000136831,0.00347359,12
25.6479,0.232345,-0.140335,-0.0596903,-0,-0.577235,0.000164131,0.00348525,12
25.6514,0.231901,-0.143696,-0.0596903,-0,-0.587044,0.000144946,0.00348393,12
25.6549,0.231384,-0.148738,-0.0596903,-0,-0.601429,0.000156286,0.00348534,12
25.6584,0.230867,-0.148738,-0.0596903,-0,-0.602579,0.000140187,0.00348402,12
25.6619,0.230349,-0.150419,-0.0596903,-0,-0.60814,0.000129478,0.00348543,12
25.6654,0.229832,-0.151539,-0.0596903,-0,-0.612231,0.000143033,0.00348517,12
25.6689,0.229241,-0.151539,-0.0596903,-0,-0.613546,0.00013058,0.00348568,12
25.6724,0.228723,-0.154901,-0.0596903,-0,-0.623519,0.000143473,0.00348356,12
25.6759,0.228206,-0.15322,-0.0596903,-0,-0.620257,0.000137452,0.00348512,12
25.6794,0.227615,-0.156581,-0.0596903,-0,-0.630394,0.00014219,0.00348413,12
25.6829,0.227098,-0.158262,-0.0596903,-0,-0.635956,0.00013071,0.0034823,12
25.6864,0.226654,-0.0394955,-0.0596903,-0,-0.325189,0.000139837,0.0034842,12
25.6899,0.225989,-0.15322,-0.0628318,0.0134277,-0.622032,0.000150817,0.00348522,12
25.6934,0.225472,-0.159943,-0.0628318,0.0179728,-0.626839,0.000146559,0.00348129,12
25.6969,0.224881,-0.15322,-0.0628318,0.0155194,-0.618058,0.000128385,0.00348545,12
25.7004,0.224363,-0.15322,-0.0628318,0.00779426,-0.642986,0.00013655,0.00348295,12
25.7039,0.223846,-0.161623,-0.0628318,-0.00363261,-0.701364,0.000132433,0.00348463,12
25.7074,0.223255,-0.159943,-0.0628318,-0.0173483,-0.740482,0.000135659,0.00348399,12
25.7109,0.222738,-0.156581,-0.0628318,-0.0320969,-0.778204,0.000172577,0.00348558,12
25.7144,0.222146,-0.161623,-0.0628318,-0.0467795,-0.837944,0.000141089,0.00347104,12
25.7179,0.221629,-0.164985,-0.0628318,-0.0604541,-0.890007,0.000144164,0.0034855,12
25.7214,0.221038,-0.168346,-0.0628318,-0.0723357,-0.936714,0.000134376,0.00348402,12
25.7249,0.220373,-0.17787,-0.0628318,-0.0817964,-0.992311,0.000172717,0.00347874,12
25.7284,0.219781,-0.182912,-0.0628318,-0.0883652,-1.02708,0.000133044,0.00348447,12
25.7319,0.21919,-0.182912,-0.0628318,-0.0917281,-1.03874,0.000246873,0.00347879,12
25.7354,0.218525,-0.187394,-0.0628318,-0.0917281,-1.05199,0.000132032,0.00348431,12
25.7389,0.21786,-0.190755,-0.0628318,-0.0883652,-1.05194,0.000133114,0.00348491,12
25.7424,0.217121,-0.200839,-0.0628318,-0.0817965,-1.05983,0.000134877,0.00348335,12
25.7459,0.216456,-0.202519,-0.0628318,-0.0723358,-1.0366,0.000155205,0.00347832,12
25.7494,0.215717,-0.208682,-0.0628318,-0.0604542,-1.01785,0.000122745,0.00348606,12
25.7529,0.214978,-0.215404,-0.0628318,-0.0467795,-0.99505,0.000248386,0.00347823,12
25.7564,0.214165,-0.226609,-0.0628318,-0.032097,-0.981076,0.000131291,0.0034849,12
25.7599,0.213426,-0.223248,-0.0628318,-0.0173484,-0.928501,0.000240942,0.00347897,12
25.7634,0.212613,-0.233332,-0.0628318,-0.00363266,-0.914562,0.000131111,0.00348321,12
25.7669,0.2118,-0.233332,-0.0628318,0.00779402,-0.881199,0.00015845,0.00348218,12
25.7704,0.210987,-0.238374,-0.0628318,0.0155193,-0.872463,0.000138915,0.00348401,12
25.7739,0.210174,-0.242855,-0.0628318,0.0179726,-0.878483,0.000133235,0.00348376,12
25.7774,0.209288,-0.249578,-0.0628318,0.0134276,-0.91209,0.000117936,0.00348717,12
25.7809,0.208475,-0.247897,-0.0628318,-0,-0.950814,0.000171905,0.0034838,12
25.7844,0.207588,-0.256301,-0.0628318,-0,-0.974843,0.000132112,0.00348426,12
25.7879,0.206701,-0.259102,-0.0628318,-0,-0.984167,0.000136601,0.00348371,12
25.7914,0.20574,-0.267505,-0.0596903,-0.0134278,-1.01151,0.000128396,0.00348516,12
25.7949,0.20478,-0.274228,-0.0596903,-0.0179729,-1.04529,0.000125951,0.00348487,12
25.7984,0.203819,-0.274228,-0.0596903,-0.0155195,-1.03987,0.000131902,0.00348379,12
25.8019,0.202858,-0.285432,-0.0596903,-0.00779435,-1.04764,0.000131932,0.00348047,12
25.8054,0.201824,-0.292155,-0.0596903,0.00363252,-1.03241,0.000124969,0.00348669,12
25.8089,0.200789,-0.290474,-0.0596903,0.0173482,-0.988086,0.000153281,0.00348266,12
25.8124,0.199828,-0.30504,-0.0596903,0.0320968,-0.983061,0.000126502,0.00348539,12
25.8159,0.19872,-0.311202,-0.0565487,0.0333517,-0.959662,0.000131842,0.00348337,12
25.8194,0.197685,-0.303359,-0.0565487,0.0424812,-0.913275,0.000133615,0.00347722,12
25.8229,0.19665,-0.30672,-0.0565487,0.0568163,-0.880276,0.000214012,0.00347832,12
25.8264,0.195542,-0.310082,-0.0534071,0.0605744,-0.84182,0.000122976,0.00348488,12
25.8299,0.194433,-0.312883,-0.0534071,0.0740249,-0.810238,0.000139676,0.00348321,12
25.8334,0.193325,-0.319605,-0.0534071,0.093557,-0.770231,0.000122795,0.00348683,12
25.8369,0.192216,-0.324647,-0.0534071,0.116031,-0.716757,0.000137302,0.00348286,12
25.8404,0.191108,-0.319605,-0.0534071,0.138777,-0.635975,0.000120791,0.00348564,12
25.8439,0.189925,-0.329129,-0.0502655,0.146171,-0.602669,0.000136651,0.00348315,12
25.8474,0.188817,-0.33081,-0.0502655,0.158796,-0.570688,0.000124729,0.00348559,12
25.8509,0.187635,-0.337532,-0.0502655,0.173511,-0.545671,0.000133485,0.00348359,12
25.8544,0.186452,-0.33081,-0.0502655,0.187805,-0.486658,0.000127163,0.00348556,12
25.8579,0.185344,-0.335852,-0.0502655,0.199793,-0.465456,0.000142291,0.00348324,12
25.8614,0.184161,-0.33081,-0.0502655,0.208221,-0.42891,0.000121513,0.00348714,12
25.8649,0.182979,-0.337532,-0.0471239,0.199032,-0.439291,0.000136801,0.00348295,12
25.8684,0.18187,-0.335852,-0.0471239,0.194537,-0.45118,0.00012006,0.00348614,12
25.8719,0.180688,-0.33081,-0.0471239,0.193479,-0.44383,0.000165774,0.00347574,12
25.8754,0.179505,-0.33249,-0.0471239,0.195388,-0.444995,0.000123426,0.00348456,12
25.8789,0.178397,-0.33249,-0.0471239,0.200577,-0.431486,0.000140498,0.0034814,12
25.8824,0.177215,-0.329129,-0.0439823,0.196719,-0.398992,0.000150295,0.00348585,12
25.8859,0.176106,-0.328009,-0.0439823,0.183655,-0.438724,0.000133354,0.00348336,12
25.8894,0.174924,-0.334171,-0.0439823,0.1734,-0.48909,0.000119179,0.00348723,12
25.8929,0.173815,-0.324647,-0.0408407,0.1519,-0.494555,0.000146148,0.00348196,12
25.8964,0.172633,-0.314563,-0.0408407,0.141621,-0.502352,0.000121573,0.00348576,12
25.8999,0.171524,-0.326328,-0.0408407,0.141621,-0.535698,0.000182164,0.00348322,12
25.9034,0.170416,-0.321286,-0.0408407,0.1519,-0.493288,0.000130219,0.00348513,12
25.9069,0.169307,-0.317925,-0.0408407,0.1734,-0.420753,0.000138434,0.00348328,12
25.9104,0.168199,-0.316244,-0.0408407,0.183655,-0.387243,0.000130399,0.00348551,12
25.9139,0.167164,-0.316244,-0.0408407,0.196719,-0.349334,0.000138204,0.00348379,12
25.9174,0.166055,-0.312883,-0.0376991,0.200577,-0.292922,0.000116904,0.00348699,12
25.9209,0.164947,-0.317925,-0.0376991,0.195388,-0.324593,0.000140418,0.00348378,12
25.9244,0.163838,-0.314563,-0.0376991,0.193479,-0.324109,0.000130609,0.00348547,12
25.9279,0.16273,-0.312883,-0.0376991,0.194537,-0.318906,0.000132964,0.00348377,12
25.9314,0.161695,-0.311202,-0.0376991,0.199033,-0.302958,0.000128004,0.00348549,12
25.9349,0.160587,-0.311202,-0.0376991,0.208221,-0.27714,0.000140878,0.00348383,12
25.9384,0.159478,-0.310082,-0.0376991,0.199794,-0.302603,0.000148202,0.00348559,12
25.9419,0.158444,-0.303359,-0.0376991,0.187805,-0.324157,0.000134126,0.00348382,12
25.9454,0.157409,-0.298317,-0.0376991,0.173511,-0.357217,0.0001199,0.00348726,12
25.9489,0.156374,-0.299998,-0.0376991,0.158796,-0.40922,0.000150145,0.00347701,12
25.9524,0.155266,-0.301678,-0.0376991,0.146171,-0.454953,0.000131301,0.00348524,12
25.9559,0.154231,-0.296636,-0.0376991,0.138777,-0.466776,0.000132032,0.00348369,12
25.9594,0.153197,-0.294956,-0.0376991,0.116031,-0.534676,0.000127213,0.00348586,12
25.9629,0.152236,-0.294956,-0.0376991,0.093557,-0.605983,0.000140368,0.00348372,12
25.9664,0.151201,-0.298317,-0.0376991,0.0740249,-0.677224,0.000127074,0.00348589,12
25.9699,0.150167,-0.299998,-0.0376991,0.0605744,-0.725335,0.000141399,0.00348323,12
25.9734,0.149058,-0.298317,-0.0376991,0.0568163,-0.734954,0.000125621,0.0034868,12
25.9769,0.148024,-0.30672,-0.0376991,0.0424813,-0.803434,0.000137563,0.00348362,12
25.9804,0.146989,-0.251259,-0.0376991,0.0333518,-0.688251,0.000133374,0.00348539,12
25.9839,0.145954,-0.299998,-0.0376991,0.032097,-0.822349,0.000133695,0.00348389,12
25.9874,0.144846,-0.303359,-0.0345575,0.00392075,-0.882183,0.000130259,0.00348475,12
25.9909,0.143811,-0.299998,-0.0345575,-0.0143402,-0.931865,0.000137041,0.00347477,12
25.9944,0.142777,-0.308401,-0.0345575,-0.0233136,-0.983843,0.000153992,0.00348537,12
25.9979,0.141668,-0.314563,-0.0345575,-0.0233136,-1.00248,0.000141329,0.00348068,12
26.0014,0.14056,-0.312883,-0.0345575,-0.0143402,-0.972916,0.000120701,0.00348699,12
26.0049,0.139451,-0.319605,-0.0345575,0.00392073,-0.936821,0.000136821,0.00348329,12
26.0084,0.138343,-0.33249,-0.0345575,0.032097,-0.886384,0.000129207,0.0034859,12
26.0119,0.13716,-0.33249,-0.0345575,0.0467796,-0.843821,0.000133284,0.00348391,12
26.0154,0.135978,-0.342574,-0.0345575,0.0604542,-0.830829,0.000124649,0.00348577,12
26.0189,0.134795,-0.342574,-0.0314159,0.0589081,-0.80004,0.000141579,0.00348202,12
26.0224,0.133613,-0.342574,-0.0314159,0.0638236,-0.787539,0.000123817,0.0034849,12
26.0259,0.132431,-0.347056,-0.0314159,0.0728458,-0.774162,0.000134687,0.00348322,9
26.0294,0.131174,-0.350417,-0.0314159,0.0839338,-0.75165,0.000117996,0.00348706,12
26.0329,0.129918,-0.353779,-0.0282743,0.081933,-0.731248,0.000165083,0.00348392,9
26.0364,0.128662,-0.355459,-0.0282743,0.0877407,-0.720577,0.000170734,0.00348564,9
26.0399,0.127405,-0.355459,-0.0282743,0.098374,-0.690641,0.000200427,0.00348305,9
26.0434,0.126149,-0.35714,-0.0282743,0.111321,-0.657996,0.000206879,0.0034823,9
26.0469,0.124893,-0.366664,-0.0282743,0.124541,-0.645098,0.000219953,0.003482,9
26.0504,0.123636,-0.364983,-0.0251327,0.123036,-0.609935,0.000323874,0.0034825,9
26.0539,0.122306,-0.373386,-0.0251327,0.128017,-0.619618,0.000242575,0.00348139,9
26.0574,0.120976,-0.364983,-0.0251327,0.136974,-0.57295,0.000274534,0.00347246,9
26.0609,0.11972,-0.371706,-0.0251327,0.148021,-0.559388,0.000234771,0.00348328,9
26.0644,0.118389,-0.373386,-0.0251327,0.159902,-0.530186,0.00030528,0.00348497,9
26.0679,0.117133,-0.368344,-0.0251327,0.171991,-0.482537,0.000276577,0.00348209,9
26.0714,0.115803,-0.368344,-0.0251327,0.184286,-0.447651,0.000300311,0.00348288,9
26.0749,0.114547,-0.370025,-0.0219912,0.183988,-0.417595,0.000312774,0.00348243,9
26.0784,0.113216,-0.364983,-0.0219912,0.194663,-0.374459,0.000309037,0.00348228,9
26.0819,0.11196,-0.370025,-0.0219912,0.191961,-0.398804,0.000306953,0.00348273,9
26.0854,0.110704,-0.366664,-0.0219912,0.187896,-0.405287,0.000342969,0.00348627,9
26.0889,0.109373,-0.368344,-0.0219912,0.181682,-0.431781,0.000326088,0.00348006,9
26.0924,0.108117,-0.366664,-0.0188496,0.159735,-0.459535,0.000336718,0.00348026,9
26.0959,0.106787,-0.368344,-0.0188496,0.144837,-0.512758,0.000341016,0.00348348,9
26.0994,0.105531,-0.364983,-0.0188496,0.136203,-0.533303,0.000328984,0.00348525,9
26.1029,0.104274,-0.368344,-0.015708,0.120404,-0.55537,0.000334274,0.00348411,9
26.1064,0.103018,-0.370025,-0.015708,0.120536,-0.562168,0.000435047,0.00348004,9
26.1099,0.101614,-0.366664,-0.015708,0.136285,-0.507992,0.00032752,0.00348386,9
26.1134,0.100431,-0.371706,-0.015708,0.143928,-0.500331,0.000334423,0.00348206,9
26.1169,0.0991012,-0.370025,-0.015708,0.156264,-0.460906,0.000320488,0.00348341,9
26.1204,0.0978449,-0.373386,-0.015708,0.173451,-0.419623,0.000352757,0.00348449,9
26.1239,0.0965147,-0.375067,-0.0125664,0.183003,-0.359416,0.000339463,0.00348255,9
26.1274,0.0951844,-0.378428,-0.0125664,0.184605,-0.366264,0.000402718,0.00348059,9
26.1309,0.0939281,-0.322967,-0.0125664,0.190116,-0.206512,0.00033778,0.00348374,9
26.1344,0.0925979,-0.366664,-0.0125664,0.198751,-0.297594,0.000454764,0.00348454,9
26.1379,0.0912677,-0.366664,-0.0125664,0.210509,-0.264361,0.000340955,0.00348411,9
26.1414,0.0900853,-0.363863,-0.0125664,0.226176,-0.211416,0.000400845,0.00348671,9
26.1449,0.0887551,-0.363863,-0.0125664,0.22297,-0.22424,0.000455295,0.00346514,9
26.1484,0.0874987,-0.360501,-0.00942478,0.201048,-0.247506,0.000611622,0.00345026,9
26.1519,0.0861685,-0.355459,-0.00942478,0.183506,-0.29122,0.000350122,0.00348545,9
26.1554,0.08506,-0.352098,-0.00942478,0.169873,-0.326824,0.000350382,0.00348245,9
26.1589,0.0838037,-0.355459,-0.00942478,0.160462,-0.367406,0.00034908,0.00348495,9
26.1624,0.0826213,-0.352098,-0.00942478,0.156373,-0.373798,0.000347607,0.00348637,9
26.1659,0.081365,-0.352098,-0.00942478,0.159489,-0.367,0.000363246,0.00347777,9
26.1694,0.0801826,-0.355459,-0.00628319,0.1347,-0.416572,0.000355251,0.00348527,9
26.1729,0.0789262,-0.348737,-0.00628319,0.119001,-0.450038,0.000356955,0.00348578,9
26.1764,0.0777438,-0.347056,-0.00628319,0.112391,-0.4686,0.00037099,0.00348665,9
26.1799,0.0764875,-0.353779,-0.00628319,0.115655,-0.478992,0.000353529,0.00348502,9
26.1834,0.0752312,-0.352098,-0.00628319,0.130364,-0.432101,0.000396197,0.00348672,9
26.1869,0.0740488,-0.350417,-0.00314159,0.121093,-0.420678,0.000405323,0.00348597,9
26.1904,0.0727925,-0.350417,-0.00314159,0.124521,-0.412917,0.000410713,0.003483,9
26.1939,0.0715361,-0.352098,-0.00314159,0.140337,-0.371444,0.000394844,0.00348359,9
26.1974,0.0703537,-0.352098,-0.00314159,0.144658,-0.360772,0.000387059,0.00347184,9
26.2009,0.0690974,-0.353779,-0.00314159,0.149971,-0.351624,0.000390517,0.0034835,9
26.2044,0.0678411,-0.347056,-0.00314159,0.155961,-0.318332,0.000458611,0.0034835,9
26.2079,0.0666587,-0.347056,-0.00314159,0.162944,-0.299469,0.000380889,0.00348379,9
26.2114,0.0654763,-0.345936,-0,0.158432,-0.274867,0.000366382,0.00348374,9
26.2149,0.0642938,-0.340894,-0,0.166306,-0.240023,0.000273061,0.00348327,9
26.2184,0.0631114,-0.339213,-0,0.16253,-0.249864,0.000189066,0.00348325,9
26.2219,0.061929,-0.337532,-0,0.159431,-0.257618,0.000140939,0.00348375,12
26.2254,0.0608205,-0.335852,-0,0.156539,-0.264571,0.000168149,0.00348429,12
26.2289,0.0596381,-0.334171,-0,0.154011,-0.27057,0.000114771,0.00348584,12
26.2324,0.0584557,-0.33081,-0,0.152632,-0.26862,0.00011491,0.00348657,12
26.2359,0.0572733,-0.329129,-0,0.153814,-0.263198,0.000117786,0.00348606,12
26.2394,0.0561647,-0.337532,-0,0.159599,-0.269915,0.0001144,0.00348672,12
26.2429,0.0549823,-0.337532,-0,0.148304,-0.307308,0.000120511,0.00348536,12
26.2464,0.0537999,-0.334171,-0,0.134456,-0.343735,0.000115281,0.00348697,12
26.2499,0.0526914,-0.329129,-0,0.119625,-0.378613,0.000120912,0.00348494,12
26.2534,0.051509,-0.329129,-0,0.105852,-0.423634,0.000120831,0.00348651,12
26.2569,0.0503266,-0.328009,-0,0.0956488,-0.454726,0.000118167,0.00348543,12
26.2604,0.049218,-0.33249,0.00314159,0.0785702,-0.483345,0.000122695,0.00348488,13
26.2639,0.0480356,-0.321286,0.00314159,0.0560293,-0.525941,0.000122695,0.00348659,14
26.2674,0.0469271,-0.334171,0.00314159,0.041297,-0.607572,0.000157248,0.00348655,14
26.2709,0.0457447,-0.328009,0.00314159,0.034687,-0.614369,0.000126012,0.00348594,14
26.2744,0.0446362,-0.33249,0.00314159,0.0369845,-0.621526,0.00013625,0.00348108,14
26.2779,0.0434538,-0.334171,0.00314159,0.0494453,-0.590213,0.000123506,0.00348619,14
26.2814,0.0422714,-0.339213,0.00314159,0.0494453,-0.606076,0.000167127,0.00347542,14
26.2849,0.0410889,-0.334171,0.00628319,0.0369845,-0.595647,0.000120781,0.00348678,14
26.2884,0.0399804,-0.33081,0.00628319,0.034687,-0.596359,0.000131902,0.00348375,14
26.2919,0.038798,-0.335852,0.00628319,0.041297,-0.591877,0.000122926,0.00348682,14
26.2954,0.0376156,-0.334171,0.00628319,0.0560293,-0.544749,0.00014764,0.003484,14
26.2989,0.0364332,-0.335852,0.00942478,0.0651425,-0.485564,0.000126722,0.00348582,14
26.3024,0.0352508,-0.339213,0.00942478,0.0911036,-0.41711,0.000122615,0.00348548,14
26.3059,0.0340683,-0.337532,0.00942478,0.108306,-0.36238,0.000120851,0.00348712,14
26.3094,0.0328859,-0.342574,0.00942478,0.127351,-0.319625,0.000122455,0.00348184,14
26.3129,0.0317035,-0.340894,0.00942478,0.145883,-0.2608,0.000122064,0.00348691,14
26.3164,0.0305211,-0.340894,0.00942478,0.16202,-0.213762,0.000125931,0.00348597,14
26.3199,0.0293387,-0.334171,0.00942478,0.174348,-0.1608,0.000123126,0.00348627,14
26.3235,0.0281563,-0.335852,0.0125664,0.168497,-0.147673,0.000128535,0.00348568,14
26.327,0.0269739,-0.334171,0.0125664,0.166306,-0.152631,0.00011973,0.00348681,14
26.3305,0.0257914,-0.329129,0.0125664,0.165893,-0.143297,0.00012002,0.00348586,14
26.334,0.0246829,-0.321286,0.0125664,0.166,-0.124844,0.000121533,0.00348691,14
26.3375,0.0235744,-0.322967,0.0125664,0.166,-0.13172,0.000152139,0.00348686,14
26.341,0.0224659,-0.317925,0.0125664,0.165893,-0.121279,0.00011968,0.00348685,14
26.3444,0.0213574,-0.311202,0.0125664,0.166306,-0.104824,0.000132613,0.00347347,14
26.3479,0.0202489,-0.308401,0.0125664,0.168497,-0.0931941,0.000122274,0.00348666,14
26.3514,0.0192143,-0.301678,0.0125664,0.174348,-0.0598392,0.000121953,0.00348571,14
26.3549,0.0181057,-0.303359,0.0125664,0.16202,-0.104658,0.000121663,0.00348679,14
26.3584,0.0170711,-0.299998,0.0125664,0.145883,-0.147802,0.000121253,0.00348589,14
26.3619,0.0160365,-0.294956,0.0125664,0.127351,-0.193909,0.000118287,0.0034872,14
26.3654,0.0150758,-0.292155,0.015708,0.094878,-0.250463,0.000135419,0.00347823,14
26.3689,0.014189,-0.142016,0.015708,0.0731308,0.0747321,0.000127224,0.00348568,14
26.3724,0.0130805,-0.283751,0.015708,0.0630508,-0.330801,0.000124528,0.00348435,14
26.3759,0.0121198,-0.278709,0.015708,0.0662079,-0.309985,0.000120651,0.00348686,13
26.3794,0.011159,-0.270866,0.015708,0.060449,-0.309258,0.000161857,0.00348536,13
26.3829,0.0101983,-0.270866,0.015708,0.0598296,-0.3133,0.000181763,0.00347228,13
26.3864,0.00923762,-0.267505,0.015708,0.0654488,-0.289317,0.00028309,0.00348493,13
26.39,0.00835081,-0.264144,0.015708,0.0788765,-0.241136,0.000246872,0.00348279,13
26.3935,0.0073901,-0.256301,0.015708,0.0778024,-0.22599,0.000318945,0.00348358,13
26.397,0.00650329,-0.259102,0.015708,0.0759683,-0.240959,0.000301563,0.00348369,13
26.4005,0.00561647,-0.264144,0.015708,0.0740021,-0.262217,0.000323834,0.00348276,13
26.404,0.00465576,-0.256301,0.015708,0.0728458,-0.247325,0.000353318,0.00348354,13
26.4075,0.00376895,-0.257421,0.015708,0.0737552,-0.249438,0.000374247,0.00348243,13
26.411,0.00288214,-0.249578,0.015708,0.0783004,-0.216832,0.000388071,0.00348353,13
26.4145,0.00206923,-0.246217,0.015708,0.0883652,-0.178838,0.000420752,0.00348233,13
26.418,0.00118242,-0.247897,0.015708,0.0817964,-0.205439,0.000454704,0.00348349,13
26.4215,0.000295604,-0.240054,0.015708,0.0723357,-0.215941,0.000478227,0.00348434,13
26.425,-0.000517307,-0.242855,0.015708,0.0604542,-0.261671,0.000491331,0.0034836,10
26.4285,-0.00140412,-0.236693,0.015708,0.0467795,-0.289556,0.000525604,0.00348065,10
26.432,-0.00221703,-0.235012,0.015708,0.032097,-0.332143,0.00053933,0.00348363,10
26.4355,-0.00302994,-0.238374,0.015708,0.0173484,-0.388168,0.000573732,0.00348243,10
26.439,-0.00384285,-0.235012,0.015708,0.00363263,-0.423367,0.000592337,0.00348262,10
26.4425,-0.00465576,-0.22997,0.015708,-0.00779423,-0.44711,0.000625548,0.00348341,10
26.446,-0.00546867,-0.231651,0.015708,-0.0155194,-0.477106,0.000635565,0.00348372,10
26.4495,-0.00628158,-0.22997,0.015708,-0.0179728,-0.482053,0.000681941,0.00348467,10
26.453,-0.00709449,-0.231651,0.015708,-0.0134276,-0.474282,0.000773659,0.00348385,10
26.4565,-0.0079813,-0.231651,0.015708,-0,-0.434924,0.000715252,0.00348349,10
26.46,-0.00872031,-0.233332,0.015708,-0,-0.440979,0.000119819,0.00348302,7
26.4635,-0.00938542,-0.22829,0.015708,-0,-0.429222,0.000123978,0.00348576,14
26.467,-0.0101983,-0.22829,0.015708,-0,-0.431029,0.0011093,0.00345654,14
26.4705,-0.0112329,-0.226609,0.015708,-0,-0.428918,0.000411174,0.00344493,7
26.474,-0.0118242,-0.218766,0.015708,-0,-0.409644,0.000116544,0.0034862,14
26.4775,-0.0124154,-0.106162,0.015708,-0,-0.115382,0.000117095,0.00348735,14
26.481,-0.0133022,-0.208682,0.015708,-0,-0.38646,0.000133555,0.00348656,14
26.4845,-0.0140412,-0.210363,0.015708,-0,-0.392515,0.000118828,0.0034856,14
26.488,-0.0147063,-0.202519,0.015708,-0,-0.373406,0.000126552,0.00348463,14
26.4915,-0.0154453,-0.199158,0.015708,-0,-0.366225,0.000123296,0.00348506,14
26.495,-0.0161843,-0.200839,0.015708,-0,-0.37228,0.000377904,0.00345302,14
26.4985,-0.0169233,-0.199158,0.015708,-0,-0.369511,0.00040893,0.00345334,14
26.502,-0.0175884,-0.200839,0.015708,-0,-0.375401,0.000116704,0.003487,14
26.5055,-0.0182535,-0.199158,0.015708,-0,-0.372468,0.000116413,0.00348681,14
26.509,-0.0189186,-0.192435,0.015708,-0,-0.3563,0.000143593,0.00348648,14
26.5125,-0.0195838,-0.195797,0.015708,-0,-0.366602,0.000117125,0.00348641,14
26.516,-0.0203228,-0.197477,0.015708,-0,-0.372656,0.000118707,0.00348675,14
26.5195,-0.0209879,-0.194116,0.015708,-0,-0.365311,0.000119559,0.00348606,14
26.523,-0.021653,-0.190755,0.015708,-0,-0.357967,0.000141149,0.00347648,14
26.5265,-0.0223181,-0.192435,0.0125664,0.0134277,-0.360704,0.000121042,0.00348665,14
26.53,-0.0229832,-0.184592,0.0125664,0.0179728,-0.327605,0.000124128,0.00348632,14
26.5335,-0.0236483,-0.187394,0.0125664,0.0155194,-0.343988,0.000121382,0.00348738,14
26.537,-0.0243134,-0.186273,0.0125664,0.00779429,-0.366302,0.000120941,0.0034872,14
26.5405,-0.0249046,-0.181231,0.0125664,-0.0036326,-0.389553,0.000115131,0.0034867,14
26.544,-0.0255697,-0.182912,0.0125664,-0.0173483,-0.437658,0.000113729,0.00348704,14
26.5475,-0.0261609,-0.176189,0.0125664,-0.0320969,-0.466721,0.000117766,0.00348549,14
26.551,-0.0268261,-0.176189,0.0125664,-0.0467795,-0.513391,0.000120711,0.00348667,14
26.5545,-0.0274173,-0.172828,0.0125664,-0.0604541,-0.547971,0.000119128,0.00348663,14
26.558,-0.0280085,-0.176189,0.0125664,-0.0723357,-0.594679,0.000118588,0.00348737,14
26.5615,-0.0285997,-0.17955,0.0125664,-0.0817963,-0.633935,0.000112506,0.00348813,14
26.565,-0.0292648,-0.17787,0.0125664,-0.0883651,-0.65122,0.00015827,0.00348695,14
26.5685,-0.029856,-0.182912,0.0125664,-0.091728,-0.67612,0.000120331,0.00348674,14
26.572,-0.0305211,-0.184592,0.0125664,-0.091728,-0.68201,0.000122034,0.00348697,14
26.5755,-0.0311123,-0.181231,0.0125664,-0.0883651,-0.66415,0.000133465,0.00348222,14
26.579,-0.0317774,-0.187394,0.0125664,-0.0817964,-0.661586,0.00012517,0.00348646,14
26.5825,-0.0324425,-0.187394,0.0125664,-0.0723357,-0.633946,0.000127624,0.00348578,14
26.586,-0.0331076,-0.192435,0.0125664,-0.0604541,-0.612088,0.000121543,0.00348661,14
26.5895,-0.0337727,-0.192435,0.0125664,-0.0467795,-0.571478,0.000129207,0.00348672,14
26.593,-0.0344379,-0.187394,0.0125664,-0.0320969,-0.51453,0.00012576,0.003485,14
26.5965,-0.035103,-0.192435,0.0125664,-0.0173483,-0.483849,0.000129578,0.00348493,14
26.6,-0.0357681,-0.190755,0.0125664,-0.0036326,-0.4387,0.000115743,0.00348702,14
26.6035,-0.0364332,-0.190755,0.0125664,0.00779426,-0.405008,0.000130199,0.00348547,14
26.607,-0.0370983,-0.189074,0.0125664,0.0155194,-0.378298,0.000171775,0.00348656,13
26.6105,-0.0377634,-0.187394,0.0125664,0.0179728,-0.367813,0.000258554,0.00348497,13
26.614,-0.0384285,-0.181231,0.0125664,0.0134277,-0.367105,0.000228278,0.00348242,13
26.6175,-0.0388719,-0.0327729,0.0125664,-0,-0.0197297,0.000284212,0.00348456,13
26.621,-0.0396109,-0.169466,0.0125664,-0,-0.380181,0.000317492,0.00347826,13
26.6245,-0.0402021,-0.166665,0.0125664,-0,-0.374143,0.000307383,0.00348208,13
26.628,-0.0407933,-0.168346,0.0125664,-0,-0.379869,0.00034898,0.00348342,13
26.6315,-0.0413845,-0.163304,0.0125664,-0,-0.367948,0.000361654,0.00348347,13
26.635,-0.0419019,-0.166665,0.0125664,-0,-0.377921,0.000424699,0.00348336,13
26.6385,-0.0424931,-0.159943,0.0125664,-0,-0.361589,0.000432072,0.00348354,13
26.642,-0.0430843,-0.159943,0.0125664,-0,-0.362903,0.000470733,0.00348335,13
26.6455,-0.0436016,-0.161623,0.0125664,-0,-0.368465,0.000495519,0.00348433,10
26.649,-0.0441928,-0.158262,0.0125664,-0,-0.360956,0.000517158,0.00347998,10
26.6525,-0.0447101,-0.159943,0.0125664,-0,-0.366517,0.000532066,0.00348359,10
26.656,-0.0453013,-0.158262,0.0125664,-0,-0.36342,0.000564205,0.00347711,10
26.6595,-0.0458186,-0.150419,0.0125664,-0,-0.343983,0.000605,0.00348365,10
26.663,-0.0463359,-0.150419,0.00942478,0.0134277,-0.34198,0.000652306,0.00348345,10
26.6665,-0.0468532,-0.143696,0.00942478,0.0179728,-0.311494,0.000675369,0.00348376,10
26.67,-0.0473705,-0.148738,0.00942478,0.0155194,-0.33343,0.000749735,0.00348371,10
26.6735,-0.0478878,-0.142016,0.00942478,0.00779427,-0.340711,0.000733886,0.00348496,10
26.677,-0.0483312,-0.140335,0.00942478,-0.00363262,-0.372455,0.000134346,0.0034834,7
26.6805,-0.0487746,-0.135293,0.00942478,-0.0173484,-0.402422,0.000127043,0.00348549,14
26.684,-0.049218,-0.132492,0.00942478,-0.032097,-0.44145,0.0001255,0.00348528,14
26.6875,-0.0496615,-0.129131,0.00942478,-0.0467796,-0.478804,0.000120351,0.00348659,14
26.691,-0.0501049,-0.12745,0.00942478,-0.0604541,-0.517467,0.000136711,0.00348258,14
26.6945,-0.0505483,-0.125769,0.00942478,-0.0723358,-0.550611,0.000124027,0.00348644,14
26.698,-0.0509917,-0.129131,0.00942478,-0.0817965,-0.589539,0.00012547,0.00347811,14
26.7015,-0.0514351,-0.12745,0.00942478,-0.0883652,-0.606331,0.000116654,0.00348782,14
26.705,-0.0518785,-0.130811,0.00942478,-0.0917281,-0.626491,0.00017469,0.00347839,14
26.7085,-0.0523958,-0.135293,0.00942478,-0.0917281,-0.639405,0.000115813,0.00348631,14
26.712,-0.0528392,-0.135293,0.00942478,-0.0883652,-0.63004,0.000127374,0.00348607,14
26.7155,-0.0532826,-0.140335,0.00942478,-0.0817965,-0.624042,0.000124569,0.00348651,14
26.719,-0.0537999,-0.138654,0.00942478,-0.0723358,-0.591662,0.000120701,0.00348508,14
26.7225,-0.0543172,-0.145377,0.00942478,-0.0604541,-0.573887,0.000121253,0.00348669,14
26.726,-0.0547606,-0.138654,0.00942478,-0.0467795,-0.515138,0.000120842,0.00348571,14
26.7295,-0.0552779,-0.145377,0.00942478,-0.032097,-0.488743,0.000120221,0.00348823,14
26.733,-0.0557952,-0.148738,0.00942478,-0.0173484,-0.453321,0.00012549,0.00348595,14
26.7365,-0.0563125,-0.145377,0.00942478,-0.00363263,-0.403432,0.000127153,0.00348626,14
26.74,-0.0567559,-0.142016,0.00942478,0.00779426,-0.360424,0.000122865,0.00348579,14
26.7435,-0.0572732,-0.138654,0.00942478,0.0155194,-0.328973,0.000120792,0.0034871,14
26.747,-0.0577167,-0.138654,0.00942478,0.0179728,-0.322407,0.000119669,0.00348602,14
26.7505,-0.058234,-0.130811,0.00942478,0.0134276,-0.31696,0.000120311,0.00348717,14
26.754,-0.0586774,-0.133612,0.00942478,-0,-0.366627,0.000126882,0.00348564,14
26.7575,-0.0591208,-0.129131,0.00942478,-0,-0.355848,0.000113859,0.0034877,14
26.761,-0.0595642,-0.12745,0.00942478,-0,-0.352422,0.000141119,0.00348284,14
26.7645,-0.0600076,-0.129131,0.00942478,-0,-0.35782,0.000126673,0.00348642,14
26.768,-0.060451,-0.122408,0.00942478,-0,-0.341159,0.000124308,0.00348592,14
26.7715,-0.0608944,-0.120727,0.00942478,-0,-0.337733,0.000121452,0.0034871,14
26.775,-0.0613378,-0.122408,0.00942478,-0,-0.34313,0.000123066,0.00348552,14
26.7785,-0.0617812,-0.120727,0.00942478,-0,-0.339704,0.000122816,0.00348696,14
26.782,-0.0622246,-0.122408,0.00942478,-0,-0.345101,0.000133886,0.00348513,14
26.7855,-0.062668,-0.12745,0.00628319,0.0134277,-0.356169,0.000122835,0.00348742,14
26.789,-0.0630375,-0.120727,0.00628319,0.0179728,-0.325354,0.000121403,0.00348443,14
26.7925,-0.0634809,-0.122408,0.00628319,0.0155194,-0.338303,0.000156507,0.00348659,14
26.796,-0.0639243,-0.117366,0.00628319,0.00779426,-0.349831,0.000123567,0.00348518,14
26.7995,-0.0642938,-0.117366,0.00628319,-0.00363263,-0.385823,0.000122224,0.00348671,14
26.803,-0.0646633,-0.107842,0.00628319,-0.0173484,-0.403861,0.000132463,0.00348369,14
26.8065,-0.0650328,-0.104481,0.00314159,-0.0186693,-0.438102,0.000126703,0.00348564,14
26.81,-0.0654024,-0.0703076,0.00314159,-0.0288067,-0.380423,0.000135198,0.00348191,14
26.8135,-0.0657719,-0.17955,0.00314159,-0.0449347,-0.717638,0.000115232,0.00348762,14
26.817,-0.0661414,-0.104481,0.00314159,-0.0645415,-0.581756,0.000148312,0.00348448,13
26.8205,-0.0665109,-0.099439,0.00314159,-0.0854291,-0.633632,0.000259917,0.00348631,13
26.824,-0.0668804,-0.107842,0.00314159,-0.105714,-0.718945,0.000200167,0.0034831,13
26.8275,-0.0672499,-0.104481,0.00314159,-0.123825,-0.766689,0.000248897,0.00348362,13
26.831,-0.0676194,-0.106162,0.00314159,-0.138508,-0.817113,0.000274554,0.00348203,13
26.8345,-0.0679889,-0.107842,0.00314159,-0.148819,-0.854085,0.000279453,0.00348338,13
26.838,-0.0684323,-0.115685,0.00314159,-0.154132,-0.89201,0.000305971,0.0034832,13
26.8415,-0.0688018,-0.120727,0.00314159,-0.154132,-0.906066,0.000338581,0.00348491,13
26.845,-0.0692452,-0.117366,0.00314159,-0.148819,-0.881876,0.000356003,0.0034834,13
26.8485,-0.0696886,-0.133612,0.00314159,-0.138508,-0.893769,0.000403169,0.00348363,13
26.852,-0.070132,-0.129131,0.00314159,-0.123825,-0.837799,0.000402448,0.00347993,13
26.8555,-0.0705754,-0.142016,0.00314159,-0.105714,-0.816861,0.000427805,0.00348373,13
26.859,-0.0710927,-0.143696,0.00314159,-0.0854291,-0.759989,0.000463079,0.00348329,13
26.8625,-0.07161,-0.138654,0.00314159,-0.0645415,-0.683614,0.000482325,0.00348376,13
26.866,-0.0720534,-0.138654,0.00314159,-0.0449347,-0.624252,0.00049049,0.00347514,10
26.8695,-0.0725707,-0.142016,0.00314159,-0.0288067,-0.584585,0.000530403,0.00348491,10
26.873,-0.0730881,-0.143696,0.00314159,-0.0186693,-0.558945,0.000553235,0.00348045,10
26.8765,-0.0736054,-0.151539,0.00314159,-0.0173483,-0.576616,0.000585534,0.00348357,10
26.88,-0.0741227,-0.148738,0.00314159,-0.00363262,-0.528198,0.000611662,0.00348284,10
26.8835,-0.07464,-0.150419,0.00314159,0.00779426,-0.498589,0.000624495,0.0034837,10
26.887,-0.0751573,-0.150419,0.00628319,0.00209172,-0.479114,0.000740859,0.00348248,10
26.8905,-0.0756746,-0.145377,0.00628319,-0,-0.473467,0.000702578,0.00348366,10
26.894,-0.076118,-0.145377,0.00628319,-0.00209172,-0.480891,0.000722395,0.00348258,10
26.8975,-0.0766353,-0.148738,0.00628319,-0.00779426,-0.508416,0.000107818,0.00348674,7
26.901,-0.0770787,-0.147058,0.00628319,0.00363263,-0.469819,0.000137642,0.00348271,14
26.9045,-0.077596,-0.142016,0.00942478,0.00392069,-0.418672,0.000159222,0.00348581,14
26.908,-0.0781133,-0.150419,0.00942478,0.0141241,-0.410474,0.00013634,0.0034842,14
26.9115,-0.0786306,-0.150419,0.00942478,0.0312602,-0.358881,0.000119268,0.00348529,14
26.915,-0.0791479,-0.147058,0.00942478,0.0526599,-0.285342,0.000128756,0.00348446,14
26.9185,-0.0796652,-0.150419,0.00942478,0.0759684,-0.223574,0.000127023,0.0034864,14
26.922,-0.0801826,-0.148738,0.00942478,0.0991448,-0.148977,0.000144285,0.00347415,14
26.9255,-0.0806999,-0.145377,0.00942478,0.120462,-0.0756913,0.000117215,0.00348759,14
26.929,-0.0812172,-0.143696,0.00942478,0.138508,-0.0168875,0.000132794,0.00348429,14
26.9325,-0.0816606,-0.138654,0.00942478,0.152182,0.0374506,0.000116554,0.00348649,14
26.936,-0.082104,-0.130811,0.00942478,0.160701,0.0832721,0.000133295,0.00348468,14
26.9395,-0.0825474,-0.122408,0.00942478,0.163593,0.113245,0.000119399,0.00348615,14
26.943,-0.0829908,-0.119047,0.00942478,0.160701,0.112182,0.000126983,0.00348485,14
26.9465,-0.0834342,-0.109523,0.00942478,0.152182,0.109975,0.000126251,0.00348596,14
26.95,-0.0838037,-0.107842,0.00942478,0.138508,0.0714767,0.000136631,0.00348399,14
26.9535,-0.0841732,-0.099439,0.0125664,0.107035,0.0340184,0.000116364,0.0034877,14
26.957,-0.0844688,-0.0932766,0.0125664,0.0811719,-0.0300653,0.000127624,0.0034842,14
26.9605,-0.0847644,-0.0932766,0.0125664,0.060449,-0.0945056,0.000132152,0.0034855,14
26.964,-0.08506,-0.0848733,0.0125664,0.0448656,-0.121069,0.000149584,0.00348464,14
26.9675,-0.0853556,-0.081512,0.0125664,0.0348928,-0.143598,0.000144084,0.00347368,14
26.971,-0.0856512,-0.081512,0.0125664,0.0314725,-0.154783,0.000132923,0.00348452,14
26.9745,-0.0859468,-0.0803915,0.0125664,0.0360177,-0.138509,0.000151819,0.00348624,14
26.978,-0.0861685,-0.0719882,0.0125664,0.0504122,-0.0726389,0.000131471,0.00348448,14
26.9815,-0.0864641,-0.0719882,0.0125664,0.0526599,-0.0663779,0.000112486,0.00348787,14
26.985,-0.0866858,-0.0703076,0.0125664,0.0568164,-0.0496659,0.000132864,0.00348428,14
26.9885,-0.0869075,-0.0607838,0.00942478,0.0772513,-0.000439388,0.000120551,0.00348647,14
26.992,-0.0871292,-0.0557419,0.00942478,0.0929104,0.0604997,0.00014206,0.00348237,14
26.9955,-0.0873509,-0.0523805,0.00942478,0.107248,0.112958,0.000133344,0.00348606,14
26.999,-0.0874987,-0.0523805,0.00942478,0.0995224,0.0888526,0.000131,0.00348428,14
27.0025,-0.0876466,-0.0445375,0.00942478,0.0847326,0.06359,0.00011997,0.00348592,14
27.006,-0.0877943,-0.0411762,0.00942478,0.0644481,0.00965088,0.000135869,0.0034835,14
27.0095,-0.0878683,-0.0344535,0.00942478,0.0402388,-0.0473808,0.000151268,0.0034878,14
27.013,-0.0880161,-0.0266104,0.00942478,0.0136746,-0.108884,0.000130389,0.00348421,14
27.0165,-0.08809,-0.0198878,0.00942478,-0.0136746,-0.17558,0.000125029,0.00348631,14
27.02,-0.08809,-0.0148458,0.00942478,-0.0402388,-0.244107,0.000160325,0.00348407,14
27.0235,-0.0881639,-0.0165265,0.00942478,-0.0644481,-0.323197,0.000236834,0.00347956,14
27.027,-0.0881639,-0.0114845,0.00942478,-0.0847326,-0.372396,0.000125139,0.0034848,14
27.0305,-0.0882378,-0.00980385,0.00628319,-0.0860947,-0.410517,0.000334373,0.00348575,13
27.034,-0.0882378,-0.00700275,0.00628319,-0.0892747,-0.412952,0.000158852,0.00347528,13
27.0375,-0.0883116,-0.00980385,0.00628319,-0.0908187,-0.425221,0.000226746,0.00348654,13
27.041,-0.0883116,-0.0131652,0.00314159,-0.0740021,-0.420461,0.000235512,0.00348498,13
27.0445,-0.0883856,-0.0148458,0.00314159,-0.0579956,-0.37577,0.0002888,0.00348614,13
27.048,-0.0884595,-0.0148458,0.00314159,-0.0622831,-0.389131,0.00027827,0.00348557,13
27.0515,-0.0884595,-0.0148458,0.00314159,-0.0710823,-0.416214,0.000385818,0.00348632,13
27.055,-0.0885334,-0.0165265,-0,-0.0690815,-0.452808,0.000297796,0.00348299,10
27.0585,-0.0886073,-0.0148458,-0,-0.077178,-0.473481,0.000255699,0.00348555,9
27.062,-0.0886073,-0.0114845,-0,-0.092546,-0.511959,0.000122876,0.00348346,12
27.0655,-0.0886073,-0.00868341,-0,-0.112987,-0.567523,0.000186653,0.00348714,12
27.069,-0.0886812,-0.00700275,-0,-0.136933,-0.636976,0.000117886,0.00348558,12
27.0725,-0.0886812,-0.00700275,-0,-0.163439,-0.718562,0.000116323,0.00348689,12
27.076,-0.0887551,-0.00868341,-0,-0.192194,-0.811641,0.00014169,0.00348587,12
27.0795,-0.088829,-0.0131652,-0,-0.22351,-0.919957,0.000165013,0.00348648,12
27.083,-0.088829,-0.0165265,-0,-0.233979,-0.961002,0.000126522,0.00348407,12
27.0865,-0.0889029,-0.0182071,-0,-0.2364,-0.973029,0.000152269,0.00348123,12
27.09,-0.0890507,-0.0310922,-0,-0.230616,-0.989378,0.00012027,0.00348582,12
27.0935,-0.0891246,-0.0327729,-0,-0.216941,-0.951865,0.000241253,0.00348495,12
27.097,-0.0892724,-0.0445375,-0.00314159,-0.182733,-0.915962,0.00012521,0.00348361,12
27.1005,-0.0894202,-0.0490192,-0.00314159,-0.151558,-0.8321,0.000163059,0.00347937,12
27.104,-0.089568,-0.0490192,-0.00314159,-0.123258,-0.745324,0.000123547,0.00347847,12
27.1075,-0.0897158,-0.0523805,-0.00314159,-0.0983049,-0.677673,0.000151558,0.00346796,12
27.111,-0.0899375,-0.0523805,-0.00314159,-0.0777974,-0.615046,0.000119128,0.00348545,12
27.1145,-0.0901592,-0.0557419,-0.00314159,-0.0634623,-0.58024,0.000134026,0.00348584,12
27.118,-0.0903809,-0.0607838,-0.00314159,-0.0576546,-0.576092,0.000116323,0.00348699,12
27.1215,-0.0905287,-0.0591032,-0.00314159,-0.0633572,-0.589561,0.000149564,0.00346868,12
27.125,-0.0907504,-0.0574225,-0.00314159,-0.0598297,-0.574785,0.000117756,0.00348539,12
27.1285,-0.0909721,-0.0607838,-0.00314159,-0.0625407,-0.592445,0.00011975,0.00348586,12
27.132,-0.0911938,-0.0607838,-0.00314159,-0.0740022,-0.628215,0.000117515,0.0034864,12
27.1355,-0.0913416,-0.0607838,-0.00314159,-0.0728458,-0.624985,0.000122695,0.00348536,12
27.139,-0.0915633,-0.0607838,-0.00314159,-0.0737553,-0.628277,0.000119379,0.00348709,12
27.1425,-0.091785,-0.0624645,-0.00314159,-0.0783004,-0.647171,0.000123526,0.00348592,12
27.146,-0.0919328,-0.0232491,-0.00314159,-0.0883652,-0.57554,0.000118448,0.00348699,12
27.1495,-0.0921545,-0.129131,-0.00314159,-0.0817964,-0.833745,0.000181343,0.00348799,12
27.153,-0.0924501,-0.0719882,-0.00314159,-0.0723357,-0.655289,0.000113177,0.00348593,12
27.1565,-0.0927457,-0.0719882,-0.00314159,-0.0604541,-0.619376,0.000127093,0.00348338,12
27.16,-0.0929674,-0.0753496,-0.00314159,-0.0467796,-0.586603,0.000122354,0.00348675,12
27.1635,-0.093263,-0.081512,-0.00314159,-0.032097,-0.558244,0.000118307,0.00348571,12
27.167,-0.0935586,-0.0787109,-0,-0.030776,-0.509307,0.000119188,0.00348684,12
27.1705,-0.0937803,-0.0798313,-0,-0.0216055,-0.484515,0.00012002,0.00348503,12
27.174,-0.0940759,-0.0803915,-0,-0.00772513,-0.44392,0.000116443,0.00348663,12
27.1775,-0.0943715,-0.0798313,-0,0.00772512,-0.395552,0.000633582,0.0034862,15
27.181,-0.0946671,-0.0753496,-0,0.0216055,-0.341723,0.000529291,0.00348271,9
27.1845,-0.0948888,-0.0736689,-0,0.030776,-0.309578,0.000435448,0.00348292,9
27.188,-0.0951844,-0.0703076,-0,0.032097,-0.297346,0.000356263,0.00348377,9
27.1915,-0.0954061,-0.0736689,-0,0.0467796,-0.261471,0.000285003,0.00348242,9
27.195,-0.0956278,-0.0703076,-0,0.0604541,-0.211051,0.000143143,0.00348321,9
27.1985,-0.0958496,-0.0686269,-0,0.0723357,-0.170562,0.000131251,0.00348195,12
27.202,-0.0961452,-0.0669463,-0,0.0817964,-0.137689,0.000128135,0.00348574,12
27.2055,-0.0963669,-0.0635849,-0,0.0883652,-0.10914,0.000127914,0.00348473,12
27.209,-0.0965886,-0.0652656,-0,0.0917281,-0.103694,0.000118557,0.00347861,12
27.2125,-0.0967364,-0.0591032,-0,0.0917281,-0.0878468,0.000137682,0.0034822,12
27.216,-0.0969581,-0.0591032,-0,0.0883652,-0.0986902,0.000117645,0.00348602,12
27.2195,-0.0971059,-0.0557419,-0,0.0817964,-0.110414,0.000125651,0.00348432,12
27.223,-0.0973276,-0.0523805,-0,0.0723357,-0.131202,0.000120992,0.003486,12
27.2265,-0.0974754,-0.0490192,-0,0.0604541,-0.159278,0.000132964,0.00348211,12
27.23,-0.0976232,-0.0445375,-0,0.0467796,-0.189931,0.000117626,0.00348663,12
27.2335,-0.097771,-0.0394955,-0,0.032097,-0.222217,0.000128827,0.00348533,12
27.237,-0.0979188,-0.0394955,-0,0.0173484,-0.26794,0.000118457,0.00348639,12
27.2405,-0.0980666,-0.0361342,-0,0.00363263,-0.301661,0.000126552,0.00348399,12
27.244,-0.0982144,-0.0310922,-0,-0.00779426,-0.323926,0.00058338,0.00348614,15
27.2475,-0.0982883,-0.0266104,-0,-0.0155194,-0.336103,0.000518982,0.00347313,9
27.251,-0.0984361,-0.0310922,-0,-0.0179728,-0.355747,0.000384124,0.00348498,9
27.2545,-0.09851,-0.0277309,-0,-0.0134277,-0.333099,0.000293017,0.00348371,9
27.258,-0.0985839,-0.0232491,-0,-0,-0.28017,0.000218732,0.00348586,9
27.2615,-0.0986578,-0.0249298,-0,-0,-0.284746,0.000136701,0.00348483,12
27.265,-0.0988056,-0.0266104,-0,-0,-0.289486,0.000120932,0.00348623,12
27.2685,-0.0988795,-0.0266104,-0,-0,-0.28965,0.000141379,0.00348314,12
27.272,-0.0989534,-0.0182071,-0,-0,-0.267756,0.000123997,0.00348613,12
27.2755,-0.0989534,-0.0198878,-0,-0,-0.272168,0.000138013,0.00348253,12
27.279,-0.0990273,-0.0182071,-0,-0,-0.267921,0.000129347,0.00348493,12
27.2825,-0.0991012,-0.0182071,-0,-0,-0.268085,0.00016366,0.00347643,12
27.286,-0.0991751,-0.0131652,-0,-0,-0.255014,0.000123346,0.00348594,12
27.2895,-0.099249,-0.0131652,-0,-0,-0.255179,0.000140177,0.00348449,12
27.293,-0.099249,-0.0131652,-0,-0,-0.255179,0.000118387,0.0034865,12
27.2965,-0.0993229,-0.0114845,-0,-0,-0.250931,0.000137302,0.0034806,12
27.3,-0.0993229,-0.00868341,-0,-0,-0.243579,0.000124378,0.00348629,12
27.3035,-0.0993968,-0.00980385,-0,-0,-0.246684,0.000162368,0.00348446,12
27.307,-0.0993968,-0.00980385,-0,-0,-0.246684,0.00069761,0.00348603,12
27.3105,-0.0994707,-0.00532209,-0,-0,-0.235084,0.000544889,0.00348412,9
27.314,-0.0994707,-0.00028011,-0,-0,-0.221849,0.000465844,0.0034861,9
27.3175,-0.0994707,0.00308121,-0,-0,-0.213026,0.000388312,0.00348092,9
27.321,-0.0994707,0.00140055,-0,-0,-0.217438,0.000257652,0.00348616,9
27.3245,-0.0994707,0.00308121,-0,-0,-0.213026,0.000207301,0.00348463,9
27.328,-0.0993968,-0.00028011,-0,-0,-0.221685,0.000124579,0.00348626,12
27.3315,-0.0994707,-0.00028011,-0,-0,-0.221849,0.000129548,0.00348455,12
27.335,-0.0994707,-0.00028011,-0,-0,-0.221849,0.000128776,0.00348613,12
27.3385,-0.0993968,0.00476187,-0,-0,-0.20845,0.000129677,0.00348453,12
27.342,-0.0994707,-0.00196077,-0,-0,-0.226261,0.000125049,0.00348587,12
27.3455,-0.0994707,-0.00364143,-0,-0,-0.230673,0.000130249,0.00348486,12
27.349,-0.0994707,-0.00028011,-0,-0,-0.221849,0.000140397,0.00348611,12
27.3525,-0.0993968,0.00140055,-0,-0,-0.217273,0.000138644,0.00348391,12
27.356,-0.0994707,-0.00028011,-0,-0,-0.221849,0.000120771,0.00347717,12
27.3595,-0.0994707,-0.00028011,-0,-0,-0.221849,0.000160554,0.00348451,12
27.363,-0.0994707,0.00140055,-0,-0,-0.217438,0.000145988,0.00347738,12
27.3665,-0.0994707,-0.00028011,-0,-0,-0.221849,0.000131511,0.00348377,12
27.37,-0.0994707,-0.00196077,-0,-0,-0.226261,0.000129207,0.00348621,12
27.3735,-0.0994707,-0.00196077,-0,-0,-0.226261,0.000614026,0.00348287,15
27.377,-0.0994707,-0.00196077,-0,-0,-0.226261,0.000527948,0.00348599,9
27.3805,-0.0994707,-0.00532209,-0,-0,-0.235084,0.000414029,0.00348392,9
27.384,-0.0994707,0.00308121,-0,-0,-0.213026,0.000333121,0.00348555,9
27.3875,-0.0994707,-0.00028011,-0,-0,-0.221849,0.000244218,0.00348319,9
27.391,-0.0994707,-0.00196077,-0,-0,-0.226261,0.000138524,0.00348589,9
27.3945,-0.0993968,0.00476187,-0,-0,-0.20845,0.000129037,0.00348423,12
27.398,-0.0994707,-0.00532209,-0,-0,-0.235084,0.000129417,0.00348567,12
27.4015,-0.0994707,0.00476187,-0,-0,-0.208615,0.000135739,0.00347559,12
27.405,-0.0994707,0.00476187,-0,-0,-0.208615,0.000123998,0.00348551,12
27.4085,-0.0994707,0.00140055,-0,-0,-0.217438,0.000128576,0.00348427,12
27.412,-0.0994707,-0.00028011,-0,-0,-0.221849,0.000157689,0.00348608,12
27.4155,-0.0994707,-0.00532209,-0,-0,-0.235084,0.000158561,0.00348399,12
27.419,-0.0994707,-0.00196077,-0,-0,-0.226261,0.00011979,0.0034862,12
27.4225,-0.0994707,-0.00196077,-0,-0,-0.226261,0.000144144,0.00348139,12
27.426,-0.0994707,0.00140055,-0,-0,-0.217438,0.000132313,0.00347451,12
27.4295,-0.0994707,-0.00196077,-0,-0,-0.226261,0.000131381,0.00348433,12
27.433,-0.0994707,-0.00028011,-0,-0,-0.221849,0.000126823,0.00348613,12
27.4365,-0.0994707,-0.00028011,-0.00314159,0.0134277,-0.218697,0.000133996,0.00348366,12
27.44,-0.0994707,-0.00028011,-0.00314159,0.0179728,-0.204707,0.000222077,0.00348127,12
27.4435,-0.0994707,-0.00028011,-0.00314159,0.0155194,-0.212258,0.00012491,0.00348445,12
27.447,-0.0994707,0.00308121,-0.00314159,0.00779426,-0.227212,0.000119379,0.00348559,12
27.4505,-0.0993968,0.00308121,-0.00314159,-0.00363263,-0.262219,0.000128205,0.00348447,12
27.454,-0.0994707,-0.00196077,-0.00314159,-0.0173484,-0.317834,0.000124258,0.00347403,12
27.4575,-0.0994707,-0.00196077,-0.00314159,-0.032097,-0.363228,0.000128305,0.00348495,12
27.461,-0.0994707,-0.00028011,-0.00314159,-0.0467796,-0.404008,0.000155845,0.00348585,12
27.4645,-0.0994707,-0.00364143,-0.00314159,-0.0604541,-0.454921,0.000127314,0.00348423,12
27.468,-0.0994707,-0.00028011,-0.00314159,-0.0723357,-0.482668,0.000146949,0.00347945,12
27.4715,-0.0994707,0.00140055,-0.00314159,-0.0817964,-0.507375,0.000144255,0.00348518,12
27.475,-0.0994707,-0.00700275,-0.00314159,-0.0883652,-0.549651,0.000237405,0.00348046,12
27.4785,-0.0994707,0.00140055,-0.00314159,-0.0917281,-0.537944,0.000129708,0.0034846,12
27.482,-0.0994707,-0.00196077,-0.00314159,-0.0917281,-0.546767,0.000122715,0.00348525,12
27.4855,-0.0994707,-0.00364143,-0.00314159,-0.0883652,-0.540828,0.000130459,0.00348514,12
27.489,-0.0994707,-0.00364143,-0.00314159,-0.0817964,-0.52061,0.00014138,0.00348574,12
27.4925,-0.0994707,-0.00700275,-0.00314159,-0.0723357,-0.500314,0.000133725,0.00348373,12
27.496,-0.0994707,-0.00868341,-0.00314159,-0.0604541,-0.468155,0.000232045,0.00348046,12
27.4995,-0.0995446,-0.00532209,-0.00314159,-0.0467796,-0.417407,0.000129677,0.00348426,12
27.503,-0.0995446,-0.00532209,-0,-0.0455246,-0.375369,0.000126782,0.00346927,12
27.5065,-0.0995446,-0.00700275,-0,-0.0353212,-0.348375,0.000585894,0.00348397,15
27.51,-0.0996185,-0.0114845,-0,-0.019152,-0.310536,0.000500388,0.00348369,9
27.5135,-0.0996185,-0.00700275,-0,-0,-0.239824,0.000411956,0.00348671,9
27.517,-0.0996185,-0.00980385,-0,0.019152,-0.188229,0.000309718,0.00348234,9
27.5205,-0.0996924,-0.00868341,-0,0.0353212,-0.135685,0.000227367,0.00348512,9
27.524,-0.0996924,-0.00196077,-0,0.0455246,-0.0866335,0.000245931,0.00348528,9
27.5275,-0.0996924,-0.00700275,-0,0.0467796,-0.0960057,0.000130981,0.0034837,12
27.531,-0.0996924,-0.00364143,-0,0.0604541,-0.0450936,0.000138413,0.00348346,12
27.5345,-0.0996924,-0.00196077,-0,0.0723357,-0.00411155,0.000119018,0.00348636,12
27.538,-0.0996924,0.00140055,-0,0.0817964,0.0338307,0.000135218,0.00348425,12
27.5415,-0.0996924,0.00140055,-0,0.0883652,0.0540487,0.000122895,0.00348679,12
27.545,-0.0996924,-0.00532209,-0,0.0917281,0.046753,0.000144244,0.00347957,12
27.5485,-0.0996924,-0.00196077,-0,0.0917281,0.0555761,0.000168319,0.00348578,12
27.552,-0.0996924,-0.00196077,-0,0.0883652,0.0452255,0.000168449,0.00347851,12
27.5555,-0.0996924,-0.00028011,-0,0.0817964,0.0294191,0.000125009,0.00348489,12
27.559,-0.0996924,0.00308121,-0,0.0723357,0.0091232,0.000129307,0.00348381,12
27.5625,-0.0996924,-0.00196077,-0,0.0604541,-0.040682,0.000120241,0.00348604,12
27.566,-0.0996924,-0.00196077,-0,0.0467796,-0.082771,0.000127904,0.0034842,12
27.5695,-0.0996924,0.00476187,-0,0.032097,-0.110316,0.000111414,0.0034875,12
27.573,-0.0996924,-0.00364143,-0,0.0173484,-0.177769,0.000570296,0.00348284,15
27.5765,-0.0996924,-0.00532209,-0,0.00363263,-0.224396,0.000466906,0.00348584,9
27.58,-0.0996924,-0.00028011,-0,-0.00779426,-0.246332,0.00038155,0.00346626,9
27.5835,-0.0996924,-0.00028011,-0,-0.0155194,-0.270109,0.000270757,0.0034853,9
27.587,-0.0996924,0.00140055,-0,-0.0179728,-0.273249,0.000224521,0.00348427,9
27.5905,-0.0996924,-0.00532209,-0,-0.0134277,-0.276906,0.000180111,0.00348591,9
27.594,-0.0996924,-0.00196077,-0,-0,-0.226754,0.000145817,0.00348183,12
27.5975,-0.0996924,-0.00028011,0.00314159,-0.0134277,-0.225495,0.000124328,0.00348659,13
27.601,-0.0996924,0.00476187,0.00314159,-0.0179728,-0.22625,0.000150086,0.00348377,14
27.6045,-0.0996924,-0.00196077,0.00314159,-0.0155194,-0.236345,0.000123366,0.00348579,14
27.608,-0.0996924,0.00308121,0.00314159,-0.00779426,-0.199333,0.000128255,0.0034844,14
27.6115,-0.0996924,-0.00364143,0.00314159,0.00363263,-0.181808,0.000121673,0.00348625,14
27.615,-0.0996924,0.00140055,0.00314159,0.0173484,-0.126358,0.000129458,0.00348366,14
27.6185,-0.0996924,-0.00028011,0.00314159,0.032097,-0.0853746,0.000171875,0.00348531,13
27.622,-0.0996924,-0.00364143,0.00314159,0.0467796,-0.0490063,0.000187253,0.00347459,13
27.6255,-0.0996924,0.00644253,0.00314159,0.0604541,0.0195522,0.000210537,0.00348673,13
27.629,-0.0996924,-0.00028011,0.00314159,0.0723357,0.0384763,0.000292767,0.00347918,13
27.6325,-0.0996924,-0.00364143,0.00628319,0.0683688,0.0556193,0.000249137,0.00348466,13
27.636,-0.0996924,-0.00196077,0.00628319,0.0703924,0.0662594,0.000280224,0.00348235,13
27.6395,-0.0996924,-0.00028011,0.00628319,0.0762087,0.0885731,0.000292236,0.00348604,13
27.643,-0.0996924,0.00140055,0.00628319,0.0839338,0.116762,0.000369378,0.00348137,13
27.6465,-0.0996924,0.00308121,0.00628319,0.0919978,0.145994,0.000368676,0.00348549,13
27.65,-0.0996924,-0.00028011,0.00628319,0.0991448,0.159168,0.00038695,0.00348395,13
27.6535,-0.0996924,-0.00028011,0.00628319,0.104433,0.175444,0.000424839,0.00348716,13
27.657,-0.0996924,-0.00196077,0.00942478,0.093806,0.1765,0.000468149,0.00348349,10
27.6605,-0.0996924,-0.00364143,0.00942478,0.0892609,0.158099,0.000492073,0.00348587,10
27.664,-0.0996924,0.00140055,0.00942478,0.0889134,0.170265,0.000526706,0.00348401,10
27.6675,-0.0996924,-0.00028011,0.00942478,0.0913505,0.173354,0.000542635,0.00348593,10
27.671,-0.0996924,0.00140055,0.00942478,0.0956305,0.190939,0.000573252,0.00348371,10
27.6745,-0.0996924,0.00308121,0.00942478,0.101282,0.212746,0.00059959,0.00348598,10
27.678,-0.0996924,0.00140055,0.00942478,0.108306,0.229952,0.000671742,0.00348442,10
27.6815,-0.0996924,-0.00028011,0.00942478,0.117172,0.25283,0.000656354,0.00348722,10
27.685,-0.0996924,0.00140055,0.00942478,0.128823,0.293102,0.000695115,0.00348389,10
27.6885,-0.0996924,-0.00028011,0.00942478,0.144671,0.337471,0.000121122,0.00348587,7
27.692,-0.0996924,-0.00028011,0.0125664,0.128823,0.326867,0.000132002,0.00348333,14
27.6955,-0.0996924,-0.00028011,0.0125664,0.117172,0.291006,0.000124959,0.00348596,14
27.699,-0.0996924,0.00140055,0.0125664,0.108306,0.268128,0.000132714,0.0034836,14
27.7025,-0.0996924,0.00140055,0.0125664,0.101282,0.246511,0.000120682,0.00348625,14
27.706,-0.0996924,0.00476187,0.0125664,0.0956305,0.237938,0.000128746,0.00348454,14
27.7095,-0.0996924,-0.00532209,0.0125664,0.0913505,0.198296,0.000115642,0.00348761,14
27.713,-0.0996924,-0.00364143,0.0125664,0.0889133,0.195206,0.000132844,0.00348239,14
27.7165,-0.0996924,0.00140055,0.0125664,0.0892609,0.20951,0.000119499,0.00348595,14
27.72,-0.0996924,-0.00364143,0.0125664,0.093806,0.210265,0.000129137,0.0034837,14
27.7235,-0.0996924,-0.00196077,0.0125664,0.104433,0.247385,0.000125951,0.00348648,14
27.727,-0.0996924,-0.00028011,0.0125664,0.0991448,0.235521,0.000135569,0.00348448,14
27.7305,-0.0996924,-0.00028011,0.015708,0.0785702,0.21037,0.000118377,0.00348636,14
27.734,-0.0996924,-0.00028011,0.015708,0.065961,0.17156,0.000131231,0.00348334,14
27.7375,-0.0996924,-0.00196077,0.015708,0.0606893,0.150923,0.000119018,0.00348707,14
27.741,-0.0996924,0.00140055,0.015708,0.0625981,0.165621,0.00013082,0.00348308,14
27.7445,-0.0996924,0.00140055,0.015708,0.0720014,0.194564,0.000121402,0.00348628,14
27.748,-0.0996924,0.00308121,0.0188496,0.0762564,0.250248,0.000129408,0.00347547,14
27.7515,-0.0996924,-0.00364143,0.0188496,0.0745782,0.227436,0.000124909,0.00348641,14
27.755,-0.0996924,0.00140055,0.0188496,0.0780397,0.251325,0.000128235,0.00348444,14
27.7585,-0.0996924,-0.00196077,0.0219912,0.0713292,0.260024,0.000146118,0.00348562,14
27.762,-0.0996924,0.00140055,0.0219912,0.0753439,0.281204,0.0001307,0.00348406,14
27.7655,-0.0996924,0.00308121,0.0219912,0.087258,0.322286,0.00011425,0.00348761,14
27.769,-0.0996924,-0.00028011,0.0219912,0.104874,0.367682,0.000129789,0.00348326,14
27.7725,-0.0996924,-0.00028011,0.0219912,0.126621,0.434618,0.00013092,0.003486,14
27.776,-0.0996924,-0.00196077,0.0219912,0.151558,0.506959,0.000129268,0.00348435,14
27.7795,-0.0996924,-0.00028011,0.0251327,0.165943,0.593823,0.000137603,0.00348611,14
27.783,-0.0996924,-0.00196077,0.0251327,0.1924,0.670843,0.000145346,0.00348136,14
27.7865,-0.0996924,-0.00028011,0.0251327,0.205636,0.715994,0.00014168,0.00347326,14
27.79,-0.0996185,0.00812319,0.0251327,0.216724,0.772344,0.00013631,0.00348413,14
27.7935,-0.0996185,0.0142856,0.0251327,0.223937,0.81072,0.000121673,0.00346994,14
27.797,-0.0995446,0.00924363,0.0251327,0.226176,0.804542,0.000132844,0.00348362,14
27.8005,-0.0994707,0.0210082,0.0251327,0.22297,0.82572,0.000123166,0.00348631,14
27.804,-0.0993968,0.0226889,0.0282743,0.201048,0.801,0.000140448,0.00348404,14
27.8075,-0.0993229,0.0271707,0.0282743,0.183506,0.758936,0.000161276,0.00348614,13
27.811,-0.099249,0.0322126,0.0282743,0.169873,0.730372,0.000148572,0.00348407,13
27.8145,-0.0991012,0.0338933,0.0282743,0.160462,0.706147,0.000191812,0.00348606,13
27.818,-0.0989534,0.0406159,0.0314159,0.142945,0.708382,0.000237575,0.00348441,13
27.8215,-0.0988056,0.0422966,0.0314159,0.141516,0.708723,0.000266569,0.00348686,13
27.825,-0.0986578,0.0422966,0.0314159,0.132608,0.681636,0.000298117,0.00348379,13
27.8285,-0.0984361,0.0518203,0.0314159,0.129179,0.696573,0.000335095,0.00348552,13
27.832,-0.0982883,0.0568623,0.0314159,0.131543,0.717411,0.000355091,0.00348379,13
27.8355,-0.0980666,0.058543,0.0345575,0.12737,0.747649,0.000395025,0.00348575,13
27.839,-0.0978449,0.058543,0.0345575,0.140855,0.789647,0.000432724,0.00348312,13
27.8425,-0.0976971,0.0647054,0.0345575,0.148432,0.829472,0.000579443,0.00348556,10
27.846,-0.0974015,0.0647054,0.0345575,0.163057,0.875144,0.000502451,0.00347886,10
27.8495,-0.0971798,0.066386,0.0345575,0.185045,0.947724,0.000528279,0.00348608,10
27.853,-0.0969581,0.07647,0.0345575,0.191143,0.993455,0.000550841,0.00348192,10
27.8565,-0.0966625,0.0809518,0.0345575,0.194464,1.0161,0.000642198,0.00348481,10
27.86,-0.0963669,0.0809518,0.0345575,0.195324,1.0194,0.000653408,0.00348435,10
27.8635,-0.0960713,0.0960777,0.0345575,0.194663,1.05773,0.000670781,0.00348518,10
27.867,-0.0957017,0.0988788,0.0345575,0.194053,1.06403,0.000685768,0.00348431,10
27.8705,-0.0953322,0.105601,0.0345575,0.19569,1.08753,0.000117004,0.00348237,7
27.874,-0.0950366,0.110643,0.0345575,0.178049,1.04713,0.000153842,0.0034811,14
27.8775,-0.0945932,0.114005,0.0376991,0.142387,0.985349,0.000124338,0.00348643,14
27.881,-0.0942237,0.120167,0.0376991,0.112741,0.911097,0.0001308,0.00348306,14
27.8845,-0.0937803,0.121848,0.0376991,0.0894236,0.844727,0.000222889,0.00347957,14
27.888,-0.0933369,0.12689,0.0376991,0.0733779,0.80956,0.000126261,0.00348447,14
27.8915,-0.0928196,0.136414,0.0376991,0.0661734,0.813534,0.000157419,0.00348579,14
27.895,-0.0923762,0.134733,0.0376991,0.0700084,0.821912,0.000128606,0.00348419,14
27.8985,-0.0918589,0.0747893,0.0376991,0.0633573,0.645244,0.000145156,0.00348413,14
27.902,-0.0914155,0.139775,0.0376991,0.0609038,0.80926,0.00013081,0.00348338,14
27.9055,-0.0908982,0.139775,0.0376991,0.064375,0.821093,0.000238738,0.00348618,14
27.909,-0.0903809,0.143136,0.0376991,0.0759685,0.86675,0.00012528,0.00348438,14
27.9125,-0.0898636,0.146497,0.0376991,0.0740024,0.870672,0.000121122,0.00348189,14
27.916,-0.0893463,0.149859,0.0376991,0.072846,0.877085,0.000127123,0.00348451,14
27.9195,-0.088829,0.166105,0.0376991,0.0737554,0.92368,0.000150957,0.00347963,14
27.923,-0.0882378,0.162744,0.0376991,0.0783005,0.93016,0.000120611,0.00347715,14
27.9265,-0.0876466,0.166105,0.0376991,0.0883653,0.971276,0.000153361,0.00347902,14
27.93,-0.0870553,0.173948,0.0345575,0.0952242,0.976112,0.000145337,0.00348512,14
27.9335,-0.0863902,0.17899,0.0345575,0.0903087,0.975696,0.000264395,0.00348075,14
27.937,-0.0857251,0.186833,0.0345575,0.0759736,0.95364,0.000121893,0.00348492,14
27.9405,-0.0851339,0.193556,0.0345575,0.0545738,0.906734,0.000121613,0.003486,14
27.944,-0.0844688,0.193556,0.0345575,0.0284643,0.82785,0.00013062,0.00348409,14
27.9475,-0.0837298,0.20364,0.0345575,-0,0.768352,0.000149324,0.0034793,14
27.951,-0.0829908,0.20476,0.0345575,-0.0284644,0.685325,0.000118267,0.00348534,14
27.9545,-0.0823257,0.211483,0.0345575,-0.0545738,0.624088,0.000186642,0.00348436,14
27.958,-0.0815867,0.211483,0.0345575,-0.0759735,0.559865,0.000120591,0.00348575,14
27.9615,-0.0808477,0.208122,0.0345575,-0.0903086,0.508562,0.000153571,0.00348095,14
27.965,-0.0801087,0.211483,0.0345575,-0.0952242,0.503899,0.000121583,0.00348471,14
27.9685,-0.0793696,0.211483,0.0345575,-0.0883652,0.526653,0.000231965,0.0034795,14
27.972,-0.0785567,0.211483,0.0345575,-0.0917281,0.518109,0.000123967,0.00348502,14
27.9755,-0.0778916,0.213164,0.0314159,-0.0783004,0.527152,0.000128335,0.00348372,14
27.979,-0.0771526,0.219886,0.0314159,-0.0703923,0.570781,0.000115812,0.00348659,14
27.9825,-0.0763397,0.214844,0.0314159,-0.066277,0.57202,0.000153031,0.00348445,13
27.986,-0.0756007,0.221567,0.0314159,-0.0645414,0.596651,0.000168108,0.00348605,13
27.9895,-0.0748617,0.221567,0.0282743,-0.0506591,0.602846,0.000214864,0.00348505,13
27.993,-0.0740488,0.22941,0.0282743,-0.0461551,0.639104,0.000247033,0.00348567,13
27.9965,-0.0732359,0.224368,0.0282743,-0.0486745,0.619921,0.000347338,0.00347935,13
28,-0.0724229,0.227729,0.0282743,-0.0563336,0.606977,0.000323703,0.00348475,13
28.0035,-0.07161,0.234452,0.0282743,-0.0677193,0.591387,0.000351434,0.00348341,13
28.007,-0.0707971,0.227729,0.0282743,-0.0818897,0.531932,0.000393833,0.00348569,13
28.0105,-0.0699842,0.236133,0.0282743,-0.0983741,0.50506,0.00043591,0.0034843,10
28.014,-0.0691713,0.236133,0.0282743,-0.117172,0.449009,0.000458762,0.00348538,10
28.0175,-0.0683584,0.232771,0.0282743,-0.138755,0.375564,0.000512389,0.00348426,10
28.021,-0.0674716,0.22941,0.0282743,-0.164064,0.290813,0.00052878,0.00348604,10
28.0245,-0.0666587,0.232771,0.0282743,-0.170162,0.282675,0.000624766,0.0034778,10
28.028,-0.0658458,0.231091,0.0282743,-0.170162,0.28007,0.000648169,0.00348469,10
28.0315,-0.0650328,0.224368,0.0282743,-0.164064,0.282999,0.000124479,0.00348262,7
28.035,-0.0643677,0.221567,0.0251327,-0.138755,0.316848,0.000705334,0.0034864,17
28.0385,-0.0634809,0.218206,0.0251327,-0.117172,0.376425,0.000127774,0.00348139,7
28.042,-0.0628897,0.216525,0.0251327,-0.098374,0.431186,0.000117055,0.00348617,14
28.0455,-0.0620768,0.214844,0.0251327,-0.0818898,0.479318,0.000257062,0.00348085,14
28.049,-0.0613378,0.214844,0.0251327,-0.0677193,0.524576,0.000122655,0.00348484,14
28.0525,-0.0605988,0.213164,0.0251327,-0.0563336,0.556852,0.00013059,0.00348401,14
28.056,-0.0598598,0.221567,0.0251327,-0.0486745,0.604126,0.000118528,0.00348622,14
28.0595,-0.0590469,0.222687,0.0251327,-0.046155,0.616629,0.000146378,0.00348275,14
28.063,-0.058234,0.222687,0.0251327,-0.050659,0.604573,0.000117756,0.00348634,14
28.0665,-0.057495,0.222687,0.0251327,-0.0645415,0.563487,0.00013097,0.00348429,14
28.07,-0.056682,0.232771,0.0251327,-0.066277,0.586422,0.000117305,0.00348645,14
28.0735,-0.0558691,0.232771,0.0251327,-0.0703924,0.575562,0.000129638,0.00348511,14
28.077,-0.0550562,0.232771,0.0251327,-0.0783003,0.553029,0.000116022,0.00348653,14
28.0805,-0.0542433,0.234452,0.0251327,-0.091728,0.517919,0.000128956,0.00348449,14
28.084,-0.0534304,0.232771,0.0251327,-0.0883652,0.525665,0.000117205,0.00348576,14
28.0875,-0.0526175,0.236133,0.0251327,-0.0817964,0.556513,0.000130029,0.00348398,14
28.091,-0.0517307,0.239494,0.0251327,-0.0723357,0.596426,0.000116945,0.00348647,14
28.0945,-0.0509178,0.236133,0.0251327,-0.0604541,0.625981,0.000134487,0.00348254,14
28.098,-0.0501049,0.236133,0.0251327,-0.0467795,0.669877,0.000118177,0.00347743,14
28.1015,-0.0492919,0.236133,0.0251327,-0.0320969,0.716876,0.000153772,0.00348531,14
28.105,-0.048479,0.236133,0.0251327,-0.0173483,0.764077,0.000115732,0.00348639,14
28.1085,-0.0476661,0.236133,0.0251327,-0.00363266,0.8081,0.000135048,0.00348214,14
28.112,-0.0467793,0.245656,0.0251327,0.00779425,0.870241,0.000118727,0.00348561,14
28.1155,-0.0458925,0.247337,0.0251327,0.0155194,0.900401,0.000129397,0.00348398,14
28.119,-0.0450796,0.252379,0.0251327,0.0179728,0.922994,0.000116885,0.00348649,14
28.1225,-0.0441189,0.258541,0.0251327,0.0134276,0.927316,0.000151268,0.00347914,14
28.126,-0.0432321,0.265264,0.0251327,-0,0.905604,0.000124238,0.00348509,14
28.1295,-0.0422714,0.265264,0.0251327,-0,0.90774,0.000138284,0.00347383,14
28.133,-0.0413106,0.273667,0.0251327,-0,0.931934,0.000119589,0.00348535,14
28.1365,-0.0403499,0.28151,0.0251327,-0,0.954657,0.000132853,0.00348394,14
28.14,-0.0393892,0.284872,0.0251327,-0,0.965615,0.000118287,0.00348639,14
28.1435,-0.0383546,0.289914,0.0251327,-0,0.98115,0.00013132,0.00348409,14
28.147,-0.03732,0.291594,0.0251327,-0,0.987861,0.000118057,0.0034864,14
28.1505,-0.0363593,0.288233,0.0251327,-0,0.981174,0.000133585,0.00348288,14
28.154,-0.0352508,0.299437,0.0251327,-0,1.01305,0.000121834,0.00348592,14
28.1575,-0.0342162,0.30616,0.0251327,-0,1.03299,0.000183927,0.0034838,13
28.161,-0.0331076,0.310642,0.0251327,-0,1.04722,0.000156377,0.00348604,13
28.1645,-0.032073,0.315684,0.0219912,0.0134277,1.06591,0.000216467,0.00348386,13
28.168,-0.0309645,0.317364,0.0219912,0.0179728,1.08678,0.000258023,0.00348607,13
28.1715,-0.0297821,0.335292,0.0219912,0.0155194,1.12891,0.000275545,0.00348285,13
28.175,-0.0285997,0.335292,0.0219912,0.00779427,1.10776,0.000292938,0.00348545,13
28.1785,-0.0274173,0.348177,0.0219912,-0.00363263,1.10904,0.000337278,0.00348192,13
28.182,-0.0261609,0.348177,0.0188496,-0.00392068,1.07277,0.00038692,0.00348609,13
28.1855,-0.0249046,0.358261,0.015708,-0.00069648,1.07378,0.000426973,0.00348485,10
28.189,-0.0236483,0.367784,0.015708,-0.0132873,1.06282,0.000464221,0.00348597,13
28.1925,-0.0223181,0.379549,0.015708,-0.0371405,1.02324,0.000465624,0.00348338,10
28.196,-0.0209879,0.387392,0.0125664,-0.0547464,0.954417,0.000512801,0.00348589,10
28.1995,-0.0195838,0.392434,0.0125664,-0.0848046,0.878258,0.00055645,0.00348146,10
28.203,-0.0181796,0.400277,0.0125664,-0.122291,0.786586,0.000631408,0.00348598,10
28.2065,-0.0167755,0.405319,0.0125664,-0.16281,0.678228,0.000595092,0.00348387,10
28.21,-0.0152975,0.40868,0.0125664,-0.202594,0.567885,0.000657887,0.00348577,10
28.2135,-0.0138934,0.415403,0.00942478,-0.225076,0.481281,0.000144334,0.00348525,7
28.217,-0.0125632,0.475346,0.00942478,-0.250053,0.564708,0.000717706,0.00347835,14
28.2205,-0.0109373,0.421565,0.00942478,-0.273758,0.354191,0.000122334,0.0034843,7
28.224,-0.00975493,0.412042,0.00942478,-0.293207,0.271956,0.000118277,0.00348632,14
28.2275,-0.00827691,0.416523,0.00628319,-0.292776,0.250155,0.000131181,0.00348384,14
28.231,-0.00687279,0.413722,0.00314159,-0.279934,0.247274,0.000122705,0.00348629,14
28.2345,-0.00539477,0.412042,0.00314159,-0.27448,0.262937,0.000134748,0.00348436,14
28.238,-0.00399065,0.410361,-0,-0.259531,0.269481,0.000121853,0.00348653,13
28.2415,-0.00258653,0.407,-0,-0.255043,0.277592,0.000127544,0.0034851,12
28.245,-0.00110851,0.40868,-0,-0.257877,0.276568,0.000655343,0.00348623,15
28.2485,0.000517307,0.40868,-0,-0.266148,0.254725,0.000530343,0.00348056,9
28.252,0.00184752,0.405319,-0.00314159,-0.2658,0.211752,0.00053959,0.00348561,9
28.2555,0.00332554,0.40868,-0.00314159,-0.279772,0.180856,0.000536915,0.00348361,9
28.259,0.00472966,0.405319,-0.00314159,-0.283713,0.163024,0.00051831,0.00348351,9
28.2625,0.00613378,0.40868,-0.00314159,-0.290266,0.1548,0.000529672,0.00348367,9
28.266,0.0075379,0.407,-0.00314159,-0.299901,0.123854,0.000538147,0.00348611,9
28.2695,0.00894202,0.407,-0.00628319,-0.300918,0.0856699,0.000563644,0.0034823,9
28.273,0.0103461,0.392434,-0.00628319,-0.318609,-0.00389481,0.000540111,0.00348428,9
28.2765,0.0117503,0.392434,-0.00942478,-0.317551,-0.0356942,0.000543216,0.00347652,9
28.28,0.0130805,0.389073,-0.00942478,-0.310701,-0.0204762,0.000753893,0.00347819,9
28.2835,0.0145585,0.27983,-0.00942478,-0.31023,-0.302494,0.000557203,0.00348029,9
28.287,0.0157409,0.38123,-0.00942478,-0.316138,-0.0518851,0.000691558,0.00348562,9
28.2905,0.0170711,0.367784,-0.00942478,-0.305331,-0.0509563,0.000559647,0.00348461,9
28.294,0.0183274,0.361622,-0.0125664,-0.278121,-0.0187674,0.000675098,0.00348508,9
28.2975,0.0195838,0.353219,-0.0125664,-0.258233,0.0231811,0.000113238,0.0034858,6
28.301,0.0206184,0.345376,-0.0125664,-0.246294,0.0416407,0.000757008,0.00348639,15
28.3045,0.0220225,0.33193,-0.0125664,-0.244188,0.0159509,0.000123656,0.00348413,6
28.308,0.0229832,0.33193,-0.0125664,-0.230704,0.059589,0.000677833,0.0034864,15
28.3115,0.0243134,0.328569,-0.0125664,-0.221467,0.0821522,0.000123065,0.0034842,6
28.315,0.0252741,0.325768,-0.0125664,-0.219775,0.0821441,0.000637179,0.0034794,15
28.3185,0.0265304,0.324087,-0.0125664,-0.230023,0.0489838,0.000116924,0.00348493,6
28.322,0.0274912,0.319045,-0.0125664,-0.233354,0.0276308,0.00063774,0.00348116,15
28.3255,0.0287475,0.315684,-0.0125664,-0.223242,0.0527256,0.000106415,0.0034857,6
28.329,0.0297082,0.314003,-0.0125664,-0.216253,0.0719609,0.000679997,0.00348082,15
28.3325,0.0309645,0.302799,-0.0125664,-0.191961,0.12011,0.000111024,0.00348494,6
28.336,0.0318513,0.310642,-0.0125664,-0.166306,0.221632,0.000662555,0.00348577,15
28.3395,0.0331076,0.302799,-0.0125664,-0.142428,0.277331,0.000111465,0.00348451,6
28.343,0.0339205,0.292715,-0.0125664,-0.124095,0.309097,0.000652457,0.00348599,15
28.3465,0.035103,0.296076,-0.0125664,-0.0913505,0.421333,0.00011965,0.00348434,6
28.35,0.0359898,0.294396,-0.0125664,-0.060449,0.514004,0.000652377,0.00348564,15
28.3535,0.0371722,0.289914,-0.0125664,-0.034687,0.584161,0.000107827,0.00348569,6
28.357,0.0379851,0.289914,-0.0125664,-0.0178325,0.637845,0.000710804,0.00348602,15
28.3605,0.0391675,0.292715,-0.0125664,-0.0141241,0.65924,0.000118046,0.00348419,6
28.364,0.0399804,0.289914,-0.0125664,-0.00392067,0.685099,0.000640726,0.0034785,15
28.3675,0.0411628,0.291594,-0.0125664,-0.0036326,0.693026,0.000110372,0.00348477,6
28.371,0.0420497,0.289914,-0.0125664,0.00779426,0.725756,0.00063251,0.00348048,15
28.3745,0.0431582,0.291594,-0.0125664,0.0155194,0.756409,0.000110713,0.00348399,6
28.378,0.044045,0.294396,-0.0125664,0.0179728,0.773284,0.000662004,0.00348588,15
28.3815,0.0452274,0.297757,-0.0125664,0.0134276,0.770746,0.000111054,0.0034854,6
28.385,0.0461142,0.302799,-0.0125664,-0,0.744624,0.000692079,0.00347904,15
28.3885,0.0473705,0.301118,-0.0125664,-0,0.743005,0.000110753,0.00348478,6
28.392,0.0482573,0.30616,-0.0125664,-0,0.758211,0.000639803,0.00348391,15
28.3955,0.0494397,0.309521,-0.0125664,-0,0.769662,0.000114079,0.00348524,6
28.399,0.0504005,0.312323,-0.0125664,-0,0.77915,0.000668226,0.00348597,15
28.4025,0.0516568,0.315684,-0.0125664,-0,0.790766,0.000603497,0.00348406,6
28.406,0.0527653,0.319045,-0.0125664,-0,0.802054,0.000628523,0.00348187,9
28.4132,0.0538738,0.322406,-0.0125664,-0,0.813341,0.000262502,0.000335585,30
28.4167,0.0571255,0.327448,-0.0125664,-0,0.833804,0.000498444,0.00347446,3
28.4202,0.0573472,0.33193,-0.015708,0.0134277,0.849214,0.000993642,0.00344277,9
28.4237,0.0586774,0.33193,-0.015708,0.0179728,0.86616,0.000690326,0.00345112,9
28.4272,0.0597859,0.342014,-0.015708,0.0155194,0.887542,0.00104496,0.00341356,9
28.4307,0.0611161,0.348177,-0.015708,0.00779425,0.882898,0.000444044,0.00348481,9
28.4342,0.0620768,0.349857,-0.015708,-0.00363263,0.854274,0.000447641,0.00348043,9
28.4377,0.0633331,0.351538,-0.015708,-0.0173484,0.819263,0.000420792,0.00347032,9
28.4412,0.0645155,0.35658,-0.015708,-0.032097,0.789731,0.000446379,0.00348448,9
28.4447,0.0657719,0.364423,-0.015708,-0.0467795,0.76792,0.000438825,0.00348599,9
28.4482,0.0671021,0.441173,-0.015708,-0.0604541,0.93025,0.000448984,0.00348416,9
28.4517,0.0683584,0.366104,-0.0188496,-0.058908,0.702575,0.000430129,0.00348639,9
28.4552,0.0696147,0.366104,-0.0188496,-0.0638235,0.690238,0.000451268,0.0034826,9
28.4587,0.070871,0.372826,-0.0219912,-0.0594181,0.68606,0.000433115,0.00347911,9
28.4622,0.0722013,0.372826,-0.0219912,-0.0659609,0.668879,0.000448923,0.00347885,9
28.4657,0.0735315,0.372826,-0.0219912,-0.0798412,0.629114,0.000428746,0.00346645,9
28.4692,0.0747878,0.376188,-0.0219912,-0.0979193,0.585087,0.000465905,0.00348521,9
28.4727,0.076118,0.379549,-0.0219912,-0.117526,0.53652,0.000468519,0.00348621,9
28.4762,0.0774482,0.38123,-0.0251327,-0.123036,0.488753,0.000503654,0.00348374,9
28.4797,0.0788523,0.38123,-0.0251327,-0.135032,0.45495,0.00050678,0.00348618,9
28.4832,0.0801826,0.384031,-0.0251327,-0.150376,0.418035,0.000514103,0.00348348,9
28.4867,0.0815128,0.38123,-0.0251327,-0.166553,0.363846,0.000500929,0.00348586,9
28.4902,0.082843,0.384031,-0.0251327,-0.181682,0.327591,0.000525654,0.00350675,9
28.4937,0.0841732,0.38235,-0.0282743,-0.181078,0.28982,0.000524963,0.00348101,9
28.4972,0.0855773,0.387392,-0.0282743,-0.186423,0.289723,0.000557963,0.0034831,9
28.5007,0.0869075,0.38123,-0.0282743,-0.195834,0.247538,0.000537546,0.00348629,9
28.5042,0.0882378,0.38235,-0.0282743,-0.208212,0.21534,0.000559606,0.00348275,9
28.5077,0.089568,0.38235,-0.0282743,-0.223242,0.172036,0.00056747,0.00348611,9
28.5112,0.0908982,0.376188,-0.0314159,-0.227968,0.106094,0.00059995,0.00348433,9
28.5147,0.0922284,0.372826,-0.0314159,-0.221605,0.119813,0.000594881,0.00348611,9
28.5182,0.0934847,0.367784,-0.0345575,-0.202112,0.131192,0.00063224,0.00348427,9
28.5217,0.0948149,0.364423,-0.0345575,-0.190543,0.160933,0.000617362,0.00347837,9
28.5252,0.0961452,0.366104,-0.0345575,-0.184544,0.186767,0.000643591,0.00348463,9
28.5287,0.0974015,0.361622,-0.0345575,-0.182701,0.183467,0.000642077,0.00348629,6
28.5322,0.0985839,0.354899,-0.0345575,-0.184544,0.162777,0.00011438,0.00348536,6
28.5357,0.0996924,0.349857,-0.0376991,-0.177115,0.136695,0.00011441,0.00348681,12
28.5392,0.100875,0.351538,-0.0376991,-0.184139,0.122117,0.00011999,0.00348528,12
28.5427,0.102057,0.349857,-0.0376991,-0.206085,0.0527846,0.000130489,0.00348662,12
28.5462,0.103314,0.348177,-0.0376991,-0.220173,0.00780392,0.00012009,0.00348597,12
28.5497,0.104496,0.338653,-0.0376991,-0.240302,-0.0765207,0.000118707,0.00347972,12
28.5532,0.105678,0.336972,-0.0376991,-0.243533,-0.0882479,0.000122064,0.00348611,12
28.5567,0.106861,0.324087,-0.0376991,-0.24345,-0.119188,0.00011429,0.00348657,12
28.5602,0.107969,0.324087,-0.0376991,-0.240997,-0.109173,0.000143744,0.00348604,12
28.5637,0.109152,0.319045,-0.0376991,-0.237899,-0.110245,0.000114751,0.00348675,12
28.5672,0.110186,0.312323,-0.0376991,-0.23667,-0.121806,0.000133856,0.00348293,12
28.5707,0.111295,0.309521,-0.0376991,-0.216253,-0.0638542,0.000119349,0.00348583,12
28.5742,0.112403,0.30616,-0.0376991,-0.191961,0.00455413,0.000137743,0.00347559,12
28.5777,0.113364,0.288233,-0.0376991,-0.166307,0.0385954,0.000122354,0.00348585,12
28.5812,0.114399,0.289914,-0.0408407,-0.129001,0.121954,0.000129227,0.00348348,12
28.5847,0.115433,0.284872,-0.0408407,-0.106122,0.181438,0.00011472,0.0034863,12
28.5882,0.116394,0.276468,-0.0408407,-0.0758313,0.254747,0.000128326,0.00348331,12
28.5917,0.117355,0.273667,-0.0408407,-0.0526549,0.320865,0.000116103,0.00348637,12
28.5952,0.118315,0.271987,-0.0408407,-0.0383197,0.362711,0.000154093,0.0034817,12
28.5987,0.119202,0.270306,-0.0408407,-0.0351807,0.369932,0.000117686,0.00348547,12
28.6022,0.120237,0.338653,-0.0408407,-0.0462211,0.517655,0.000128145,0.00348428,12
28.6057,0.121124,0.260222,-0.0408407,-0.0507002,0.299966,0.000115933,0.00347445,12
28.6092,0.12201,0.268625,-0.0408407,-0.0640866,0.282793,0.000127003,0.0034853,12
28.6127,0.122897,0.260222,-0.0408407,-0.0645414,0.261307,0.000120581,0.00348626,12
28.6162,0.123858,0.258541,-0.0408407,-0.066277,0.253689,0.000157008,0.00348392,12
28.6197,0.124745,0.25406,-0.0408407,-0.0703923,0.231229,0.000136831,0.0034861,12
28.6232,0.125632,0.252379,-0.0408407,-0.0783003,0.204449,0.000143644,0.00347961,12
28.6267,0.126518,0.250698,-0.0408407,-0.0917281,0.16068,0.000140849,0.00348412,12
28.6302,0.127331,0.243976,-0.0408407,-0.0883652,0.155191,0.000130028,0.00348332,12
28.6337,0.128218,0.240614,-0.0408407,-0.0817964,0.168557,0.000117655,0.00347575,12
28.6372,0.129031,0.242295,-0.0408407,-0.0723357,0.203895,0.000127424,0.003485,12
28.6407,0.129918,0.237813,-0.0408407,-0.0604541,0.230672,0.000116033,0.00348627,12
28.6442,0.130731,0.236133,-0.0408407,-0.0467795,0.270157,0.000134236,0.0034821,12
28.6477,0.131544,0.22941,-0.0376991,-0.0455247,0.296356,0.00015251,0.00348616,12
28.6512,0.132357,0.22941,-0.0376991,-0.0353212,0.329568,0.000128074,0.00348425,12
28.6547,0.13317,0.224368,-0.0376991,-0.0191521,0.367907,0.000116534,0.00348628,12
28.6582,0.133909,0.227729,-0.0376991,-0,0.437321,0.000131652,0.00348415,12
28.6617,0.134721,0.226049,-0.0376991,0.019152,0.493665,0.000116032,0.00348632,12
28.6652,0.135534,0.226049,-0.0376991,0.0353211,0.545239,0.000132593,0.00348315,12
28.6687,0.136347,0.22941,-0.0376991,0.0455246,0.587274,0.000117656,0.00348569,12
28.6722,0.137086,0.22941,-0.0376991,0.0467795,0.59278,0.000156928,0.00348228,12
28.6757,0.137899,0.234452,-0.0376991,0.0604541,0.64991,0.000119539,0.00348524,12
28.6792,0.138712,0.237813,-0.0376991,0.0723357,0.697111,0.000114861,0.00348642,12
28.6827,0.139525,0.231091,-0.0376991,0.0817964,0.710391,0.000115873,0.0034867,12
28.6862,0.140338,0.232771,-0.0376991,0.088365,0.736827,0.000116093,0.00348687,12
28.6897,0.141225,0.239494,-0.0376991,0.0917279,0.766795,0.000116013,0.00348577,12
28.6932,0.142038,0.236133,-0.0376991,0.0917279,0.759779,0.000114209,0.00348716,12
28.6967,0.142851,0.237813,-0.0376991,0.088365,0.755647,0.00011413,0.00348715,12
28.7002,0.143663,0.243976,-0.0376991,0.0817964,0.753412,0.000117295,0.00348658,12
28.7037,0.14455,0.240614,-0.0376991,0.0723357,0.717441,0.000113889,0.00348674,12
28.7072,0.145437,0.250698,-0.0376991,0.0604541,0.709312,0.000165914,0.0034779,12
28.7107,0.146324,0.249018,-0.0376991,0.0467796,0.664783,0.000121543,0.0034847,12
28.7142,0.147137,0.143136,-0.0376991,0.032097,0.343468,0.000121063,0.00348601,12
28.7177,0.148024,0.250698,-0.0376991,0.0173484,0.582386,0.000117686,0.00348633,12
28.7212,0.14891,0.250698,-0.0376991,0.00363266,0.542142,0.000116253,0.00348743,12
28.7247,0.149797,0.249018,-0.0376991,-0.00779426,0.504531,0.000120421,0.00348602,12
28.7282,0.150684,0.252379,-0.0376991,-0.0155194,0.491548,0.000117175,0.00348657,12
28.7317,0.151571,0.256861,-0.0376991,-0.0179728,0.497732,0.000158441,0.00348642,12
28.7352,0.152458,0.258541,-0.0376991,-0.0134276,0.518105,0.000117706,0.00348645,12
28.7387,0.153344,0.25574,-0.0376991,-0,0.554052,0.000138243,0.00348647,12
28.7422,0.154231,0.256861,-0.0376991,-0,0.558964,0.000120732,0.00348627,12
28.7457,0.155118,0.258541,-0.0376991,-0,0.565347,0.000129106,0.00348385,12
28.7492,0.156079,0.268625,-0.0376991,-0,0.593953,0.000122014,0.00348706,12
28.7527,0.156966,0.265264,-0.0376991,-0,0.587101,0.000122314,0.00348636,12
28.7562,0.157926,0.268625,-0.0376991,-0,0.598059,0.000123126,0.00348563,12
28.7597,0.158813,0.266945,-0.0376991,-0,0.595619,0.00012526,0.00348545,12
28.7632,0.159774,0.268625,-0.0376991,-0,0.602166,0.000121443,0.00348632,12
28.7667,0.160735,0.274788,-0.0376991,-0,0.620478,0.000123887,0.00348588,12
28.7702,0.161695,0.273667,-0.0376991,-0,0.619672,0.000120461,0.00348659,12
28.7737,0.162656,0.270306,-0.0376991,-0,0.612985,0.000122926,0.0034859,12
28.7772,0.163617,0.278149,-0.0376991,-0,0.635708,0.000120872,0.00348731,12
28.7807,0.164577,0.286552,-0.0376991,-0,0.659901,0.000123947,0.00348607,12
28.7842,0.165538,0.286552,-0.0408407,0.0134277,0.665189,0.00012017,0.00348614,12
28.7877,0.166499,0.27983,-0.0408407,0.0179728,0.663668,0.000146709,0.00348641,12
28.7912,0.167533,0.27983,-0.0408407,0.0155194,0.658417,0.0001363,0.00348236,12
28.7947,0.168494,0.284872,-0.0408407,0.00779425,0.65001,0.000122945,0.00348538,12
28.7982,0.169529,0.284872,-0.0408407,-0.00363262,0.617139,0.000119319,0.00348632,12
28.8017,0.17049,0.289914,-0.0408407,-0.0173483,0.590294,0.000119168,0.00348629,12
28.8052,0.171524,0.294396,-0.0439823,-0.0186692,0.562116,0.000118157,0.00348741,12
28.8087,0.172559,0.297757,-0.0439823,-0.0288067,0.542037,0.00011992,0.00348605,12
28.8122,0.173593,0.209802,-0.0439823,-0.0449347,0.263823,0.00012034,0.00347269,12
28.8157,0.174628,0.289914,-0.0471239,-0.0511137,0.419214,0.000121162,0.00348562,12
28.8192,0.175663,0.299437,-0.0471239,-0.0674562,0.396212,0.000118808,0.00348631,12
28.8227,0.176623,0.288233,-0.0471239,-0.0901942,0.298952,0.000121843,0.00348601,12
28.8262,0.177658,0.291594,-0.0471239,-0.116031,0.230553,0.000118057,0.00348605,12
28.8297,0.178693,0.288233,-0.0471239,-0.14214,0.143667,0.00013116,0.0034789,12
28.8332,0.179727,0.28151,-0.0502655,-0.15274,0.0575193,0.000116674,0.00348725,12
28.8367,0.180688,0.276468,-0.0502655,-0.168256,-0.0013373,0.000122424,0.0034861,12
28.8402,0.181649,0.278149,-0.0502655,-0.185392,-0.0475334,0.000117716,0.0034866,12
28.8437,0.182609,0.276468,-0.0502655,-0.201479,-0.0993236,0.000150606,0.00348524,12
28.8472,0.18357,0.266945,-0.0502655,-0.214476,-0.16219,0.000118468,0.00348648,12
28.8507,0.184531,0.261903,-0.0502655,-0.22297,-0.199432,0.000126362,0.00348477,12
28.8542,0.185418,0.258541,-0.0502655,-0.226176,-0.216152,0.000118147,0.00348639,12
28.8577,0.186304,0.250698,-0.0502655,-0.223937,-0.227876,0.000123346,0.00347714,12
28.8612,0.187117,0.240614,-0.0502655,-0.216724,-0.230338,0.000116053,0.00348751,12
28.8647,0.188004,0.247337,-0.0534071,-0.192208,-0.17344,0.000124088,0.00348591,12
28.8682,0.188817,0.236133,-0.0534071,-0.174427,-0.146314,0.000121753,0.00348575,12
28.8717,0.18963,0.22941,-0.0534071,-0.163851,-0.129602,0.000124408,0.00348512,12
28.8752,0.190369,0.219886,-0.0534071,-0.161736,-0.14645,0.000135949,0.00348201,12
28.8787,0.191182,0.213164,-0.0534071,-0.145773,-0.113154,0.00014728,0.00348529,12
28.8822,0.191921,0.211483,-0.0534071,-0.130016,-0.0674257,0.000249498,0.0034854,12
28.8857,0.19266,0.20364,-0.0534071,-0.115722,-0.0423754,0.000273381,0.00346328,12
28.8892,0.193325,0.198598,-0.0534071,-0.104775,-0.0204372,0.000129347,0.00348652,12
28.8927,0.19399,0.191875,-0.0534071,-0.0996863,-0.0209423,0.000137382,0.0034845,12
28.8962,0.194655,0.182352,-0.0534071,-0.103596,-0.0564964,0.000132733,0.00348592,12
28.8997,0.19532,0.185713,-0.0534071,-0.0959204,-0.0225703,0.000343751,0.00346127,12
28.9032,0.195985,0.170587,-0.0534071,-0.0922858,-0.0496093,0.000252834,0.00347076,12
28.9067,0.196577,0.175629,-0.0534071,-0.0953605,-0.0445237,0.000121343,0.00348599,12
28.9102,0.197094,0.164425,-0.0534071,-0.0839338,-0.0376142,0.000115673,0.00348653,12
28.9137,0.197611,0.156021,-0.0534071,-0.0728457,-0.024394,0.000117215,0.0034821,12
28.9172,0.198202,0.148178,-0.0534071,-0.0638233,-0.0158973,0.000121232,0.00348796,12
28.9207,0.19872,0.146497,-0.0534071,-0.0589079,-0.00403002,0.000129708,0.00348454,12
28.9242,0.199237,0.139775,-0.0534071,-0.0604541,-0.0252853,0.000121733,0.00348619,12
28.9277,0.19968,0.136414,-0.0502655,-0.0602072,0.00581311,0.000116504,0.00348664,12
28.9312,0.200124,0.0193276,-0.0502655,-0.0500698,-0.26934,0.000121293,0.00348683,12
28.9347,0.200567,0.116806,-0.0502655,-0.0328677,0.0404643,0.000116373,0.00348646,12
28.9382,0.200937,0.107282,-0.0502655,-0.0114269,0.0822795,0.000114861,0.00348693,12
28.9417,0.201306,0.105601,-0.0502655,0.011427,0.149031,0.000155094,0.00344149,12
28.9452,0.201676,0.103921,-0.0502655,0.0328677,0.211433,0.000114129,0.00348683,12
28.9487,0.202045,0.0988788,-0.0502655,0.0500699,0.251966,0.000116734,0.00348633,12
28.9522,0.202341,0.0971981,-0.0502655,0.0602072,0.279414,0.00011436,0.00348696,12
28.9557,0.20271,0.0910357,-0.0502655,0.060454,0.264819,0.00011455,0.003487,12
28.9592,0.203006,0.0893551,-0.0502655,0.0723356,0.297635,0.000137072,0.00348661,12
28.9627,0.203302,0.0927164,-0.0471239,0.0683685,0.333081,0.000114711,0.00348635,12
28.9662,0.203671,0.0893551,-0.0471239,0.0703922,0.331308,0.000124859,0.00348573,12
28.9697,0.203967,0.0910357,-0.0471239,0.0762086,0.354279,0.000117105,0.00348666,12
28.9732,0.204262,0.0826324,-0.0439823,0.070506,0.353502,0.000112727,0.00348825,12
28.9767,0.204558,0.0859937,-0.0439823,0.0740249,0.373813,0.000114349,0.00348707,12
28.9802,0.204853,0.0809518,-0.0408407,0.0701974,0.387631,0.000128145,0.00348297,12
28.9837,0.205149,0.0826324,-0.0408407,0.0786653,0.418763,0.000117876,0.00348628,12
28.9872,0.205445,0.0798313,-0.0408407,0.0953467,0.463411,0.000266449,0.00345691,12
28.9907,0.20574,0.0843131,-0.0408407,0.116788,0.541826,0.000131451,0.0034804,12
28.9942,0.205962,0.07647,-0.0408407,0.140162,0.593676,0.000119429,0.00348434,9
28.9977,0.206258,0.0781507,-0.0408407,0.163273,0.669876,0.000133024,0.00348595,9
29.0012,0.206553,0.0826324,-0.0376991,0.171121,0.744631,0.000176914,0.00348715,9
29.0047,0.206849,0.0798313,-0.0376991,0.185077,0.780888,0.000173017,0.00348553,9
29.0082,0.207144,0.0876744,-0.0376991,0.20294,0.857115,0.000177766,0.00348622,9
29.0117,0.20744,0.0843131,-0.0376991,0.223299,0.911613,0.0001908,0.00348403,9
29.0152,0.20781,0.094397,-0.0376991,0.245526,1.00732,0.000222688,0.0034861,9
29.0187,0.208105,0.100559,-0.0376991,0.269778,1.09879,0.000222999,0.00348549,9
29.0222,0.208475,0.105601,-0.0376991,0.272645,1.12167,0.000210175,0.00348576,9
29.0257,0.208918,0.114005,-0.0376991,0.267084,1.1276,0.000236033,0.00347838,9
29.0292,0.209288,0.12689,-0.0376991,0.253252,1.11967,0.000248365,0.00348732,9
29.0327,0.209731,0.12857,-0.0376991,0.231935,1.05946,0.000266088,0.00348611,9
29.0362,0.210248,0.131932,-0.0345575,0.191117,0.981971,0.000296584,0.003486,9
29.0397,0.210692,0.143136,-0.0345575,0.155149,0.901663,0.000297355,0.00348603,9
29.0432,0.211209,0.146497,-0.0345575,0.124817,0.818277,0.000299279,0.00348633,9
29.0467,0.211726,0.146497,-0.0345575,0.10169,0.748246,0.000314517,0.00348616,9
29.0502,0.212317,0.150979,-0.0345575,0.0881241,0.719568,0.000374798,0.00348607,9
29.0537,0.212835,0.150979,-0.0345575,0.087258,0.718052,0.000303146,0.00347586,9
29.0572,0.213426,0.159383,-0.0345575,0.0786656,0.714978,0.000370951,0.00347578,9
29.0607,0.213943,0.159383,-0.0345575,0.0782866,0.714961,0.000309437,0.00348449,9
29.0642,0.214535,0.166105,-0.0376991,0.102688,0.770852,0.000378845,0.00348626,9
29.0677,0.215126,0.162744,-0.0376991,0.108978,0.782701,0.000346636,0.00348591,9
29.0712,0.215717,0.167786,-0.0376991,0.114664,0.814752,0.000373535,0.00348622,9
29.0747,0.216308,0.173948,-0.0376991,0.0997921,0.786467,0.000369227,0.00348577,9
29.0782,0.216899,0.180671,-0.0376991,0.0803012,0.745437,0.000373956,0.00348631,9
29.0817,0.217564,0.185713,-0.0376991,0.0588603,0.694157,0.000389695,0.00347591,9
29.0852,0.21823,0.195237,-0.0376991,0.0382954,0.657338,0.000413308,0.00348753,9
29.0887,0.218895,0.188514,-0.0376991,0.0215892,0.58975,0.000423667,0.00348569,9
29.0922,0.21956,0.193556,-0.0376991,0.0118815,0.574584,0.000429768,0.003486,9
29.0957,0.220225,0.190195,-0.0376991,-0.0118816,0.494099,0.000443374,0.00348539,9
29.0992,0.220964,0.196917,-0.0376991,-0.035017,0.44218,0.000438123,0.00348641,9
29.1027,0.221629,0.200279,-0.0376991,-0.0562683,0.387072,0.000454143,0.00348552,9
29.1062,0.222368,0.200279,-0.0408407,-0.0609522,0.336122,0.000494036,0.00348573,9
29.1097,0.223033,0.196917,-0.0408407,-0.0701228,0.300551,0.000494156,0.00347081,9
29.1132,0.223698,0.190195,-0.0408407,-0.0806402,0.252011,0.000526135,0.00348711,9
29.1167,0.224363,0.190195,-0.0408407,-0.0895216,0.226154,0.000524843,0.00348636,9
29.1202,0.225028,0.184032,-0.0408407,-0.0939412,0.197854,0.000546362,0.00348591,9
29.1237,0.225694,0.182352,-0.0408407,-0.0912302,0.203265,0.00056159,0.00348203,9
29.1272,0.226359,0.219886,-0.0439823,-0.0654488,0.344445,0.000617442,0.00348487,9
29.1307,0.22695,0.170587,-0.0439823,-0.0609037,0.230342,0.000627932,0.00348472,9
29.1342,0.227541,0.166105,-0.0439823,-0.062283,0.215646,0.000599539,0.00348565,9
29.1377,0.228132,0.168906,-0.0471239,-0.0547463,0.209334,0.000617963,0.0034756,9
29.1412,0.228723,0.166105,-0.0471239,-0.0596619,0.188166,0.000635787,0.00348463,9
29.1447,0.229315,0.166105,-0.0471239,-0.0746748,0.143272,0.000633693,0.00348271,9
29.1482,0.229832,0.161063,-0.0471239,-0.098058,0.059216,0.000645313,0.00348491,6
29.1517,0.230423,0.156021,-0.0471239,-0.128713,-0.0470563,0.000127123,0.00348436,6
29.1552,0.230867,0.150979,-0.0471239,-0.166168,-0.174589,0.000131121,0.00348629,12
29.1587,0.231458,0.150979,-0.0471239,-0.186229,-0.235021,0.000131291,0.00348613,12
29.1622,0.231975,0.150979,-0.0471239,-0.200912,-0.279063,0.000123697,0.00348638,12
29.1657,0.232419,0.139775,-0.0471239,-0.209274,-0.333225,0.000131822,0.00347005,12
29.1692,0.232936,0.133052,-0.0471239,-0.210844,-0.354553,0.00014156,0.00348727,12
29.1727,0.233379,0.123528,-0.0471239,-0.205622,-0.362494,0.000134637,0.00348594,12
29.1762,0.233749,0.108963,-0.0471239,-0.194079,-0.36438,0.000148944,0.00348558,12
29.1797,0.234118,0.100559,-0.0471239,-0.177157,-0.333533,0.000137332,0.00348597,12
29.1832,0.234488,0.094397,-0.0471239,-0.15627,-0.284598,0.000141078,0.00348631,12
29.1867,0.234783,0.0843131,-0.0471239,-0.1333,-0.239712,0.000158681,0.0034865,12
29.1902,0.235005,0.0747893,-0.0471239,-0.110603,-0.194359,0.000154534,0.00348625,12
29.1937,0.235301,0.0647054,-0.0471239,-0.0910051,-0.159851,0.000136491,0.00347446,12
29.1972,0.235522,0.0602236,-0.0471239,-0.0778027,-0.130486,0.000161376,0.00348704,12
29.2007,0.23567,0.053501,-0.0471239,-0.0504122,-0.0634987,0.000138434,0.0034844,12
29.2042,0.235892,0.0467784,-0.0471239,-0.0243027,-0.00029002,0.000128285,0.00348578,12
29.2077,0.23604,0.0406159,-0.0471239,-0.00182894,0.0530348,0.000128396,0.00348375,12
29.2112,0.236187,0.0389353,-0.0471239,0.0143401,0.0987185,0.000128105,0.00347195,12
29.2147,0.236261,0.0271707,-0.0471239,0.0212218,0.0891829,0.000127955,0.00348645,12
29.2182,0.236409,0.0271707,-0.0471239,0.0155194,0.0719597,0.000131331,0.0034866,12
29.2217,0.236483,0.0260502,-0.0439823,0.00454502,0.0735813,0.000126092,0.00348412,12
29.2252,0.236631,0.0271707,-0.0439823,-0.00454511,0.0488723,0.000121783,0.00348625,12
29.2287,0.236705,0.0243696,-0.0439823,-0.0155194,0.00790623,0.000119159,0.00348619,12
29.2322,0.236705,0.0142856,-0.0408407,-0.021222,0.00206105,0.000126743,0.00348465,12
29.2357,0.236779,0.0126049,-0.0408407,-0.0143402,0.0189951,0.000117756,0.00348602,12
29.2392,0.236779,0.00644253,-0.0408407,0.00182895,0.0525864,0.000118458,0.00348619,12
29.2427,0.236779,0.00140055,-0.0408407,0.0243027,0.108524,0.000144375,0.00348639,12
29.2462,0.236779,-0.00196077,-0.0408407,0.0504122,0.180063,0.000132824,0.00348374,12
29.2497,0.236779,-0.00364143,-0.0376991,0.0643749,0.256803,0.000118237,0.00348463,12
29.2532,0.236779,-0.00196077,-0.0376991,0.08646,0.32919,0.000118908,0.00348724,12
29.2567,0.236779,-0.00532209,-0.0376991,0.113057,0.402229,0.000118908,0.00348589,12
29.2602,0.236779,-0.00196077,-0.0376991,0.141025,0.497137,0.000120081,0.00348602,12
29.2637,0.236779,0.00140055,-0.0376991,0.167697,0.588052,0.000116894,0.00348643,12
29.2672,0.236779,0.00644253,-0.0376991,0.190873,0.672621,0.000138153,0.00347819,12
29.2707,0.236779,-0.00196077,-0.0376991,0.208828,0.705826,0.000118116,0.00348651,12
29.2742,0.236779,0.00140055,-0.0345575,0.206877,0.74682,0.000124208,0.00348433,12
29.2777,0.236853,0.00308121,-0.0345575,0.206545,0.750376,0.000118247,0.00348532,12
29.2812,0.236853,0.0159663,-0.0345575,0.205636,0.781399,0.000172867,0.00347623,12
29.2847,0.236927,0.0126049,-0.0345575,0.202578,0.763329,0.000122555,0.0034848,12
29.2882,0.237,0.0243696,-0.0314159,0.183003,0.772299,0.00012587,0.00348577,12
29.2917,0.237074,0.0226889,-0.0314159,0.168906,0.724664,0.000124288,0.00348433,12
29.2952,0.237148,0.0243696,-0.0314159,0.158718,0.697881,0.000121813,0.00348488,12
29.2987,0.237222,0.030532,-0.0314159,0.151653,0.692477,0.000117466,0.00348654,12
29.3022,0.23737,0.030532,-0.0314159,0.147712,0.680676,0.000146589,0.00348636,12
29.3057,0.237518,0.0389353,-0.0282743,0.134252,0.699809,0.000117015,0.00347364,12
29.3092,0.237666,0.0389353,-0.0282743,0.135153,0.702911,0.000153672,0.00348547,12
29.3127,0.237739,0.0406159,-0.0282743,0.150886,0.75591,0.000128306,0.00348633,12
29.3162,0.237887,0.0467784,-0.0282743,0.158512,0.795888,0.0001364,0.00348412,12
29.3197,0.238109,0.0467784,-0.0282743,0.171617,0.836717,0.000127494,0.00348561,12
29.3232,0.238257,0.0467784,-0.0282743,0.191143,0.897143,0.000132202,0.00348625,12
29.3267,0.238405,0.0467784,-0.0282743,0.194464,0.907696,0.000131602,0.00348551,12
29.3302,0.238626,0.058543,-0.0282743,0.195324,0.941716,0.000130779,0.00348499,12
29.3337,0.238848,0.0647054,-0.0282743,0.194664,0.956352,0.000126252,0.00348627,12
29.3372,0.23907,0.0747893,-0.0282743,0.194053,0.981434,0.000133806,0.00347661,12
29.3407,0.239365,0.07647,-0.0282743,0.19569,0.991541,0.000130419,0.00348609,12
29.3442,0.239661,0.0781507,-0.0282743,0.178049,0.942314,0.000126623,0.00348564,12
29.3477,0.239956,0.0927164,-0.0282743,0.155815,0.91277,0.00012508,0.00348651,12
29.3512,0.240252,0.0971981,-0.0282743,0.130713,0.847931,0.000127905,0.00348607,12
29.3547,0.240622,0.103921,-0.0282743,0.104943,0.78708,0.000127143,0.00348619,12
29.3582,0.240991,0.105601,-0.0282743,0.0811719,0.719148,0.000152269,0.00348616,12
29.3617,0.241361,0.105601,-0.0282743,0.0625406,0.662624,0.000131821,0.00348556,12
29.3652,0.24173,0.108963,-0.0282743,0.0526597,0.641857,0.000127023,0.00348692,12
29.3687,0.2421,0.116806,-0.0282743,0.0312601,0.597399,0.000127955,0.00348607,12
29.3722,0.242469,0.100559,-0.0282743,0.0141241,0.502833,0.000128536,0.00348609,12
29.3757,0.242839,0.110643,-0.0314159,0.0173483,0.501871,0.000144696,0.00348388,12
29.3792,0.243282,0.108963,-0.0314159,0.0216055,0.511548,0.000128876,0.00348581,12
29.3827,0.243651,0.112324,-0.0314159,0.00772509,0.47847,0.000161215,0.00348264,12
29.3862,0.244021,0.116806,-0.0345575,0.00570254,0.446654,0.000137602,0.00348388,12
29.3897,0.244464,0.112324,-0.0345575,-0.00363262,0.407143,0.000128175,0.00347395,12
29.3932,0.244834,0.116806,-0.0345575,-0.0152566,0.383952,0.000133495,0.00348639,12
29.3967,0.245203,0.116806,-0.0345575,-0.0243027,0.35693,0.000129337,0.00348624,12
29.4002,0.245647,0.112324,-0.0376991,-0.0369845,0.268942,0.000129738,0.00348546,12
29.4037,0.246016,0.112324,-0.0376991,-0.0598297,0.199448,0.000126141,0.00348601,12
29.4072,0.246386,0.114005,-0.0376991,-0.0889134,0.115164,0.000133956,0.00348486,12
29.4107,0.246829,0.112324,-0.0376991,-0.120782,0.0136505,0.00013062,0.00348638,12
29.4142,0.247199,0.107282,-0.0376991,-0.152452,-0.0962405,0.000154053,0.00348491,12
29.4177,0.247568,0.105601,-0.0376991,-0.181412,-0.188968,0.000126692,0.00348329,12
29.4212,0.247864,0.0971981,-0.0376991,-0.205622,-0.284882,0.000125941,0.00348727,12
29.4247,0.248233,0.0927164,-0.0376991,-0.22351,-0.350884,0.000129307,0.00348622,12
29.4282,0.248529,0.0859937,-0.0376991,-0.233979,-0.400095,0.000138975,0.00348451,12
29.4317,0.248825,0.0747893,-0.0376991,-0.2364,-0.4363,0.000134526,0.0034842,12
29.4352,0.249046,0.066386,-0.0376991,-0.230616,-0.440063,0.000130118,0.00348549,12
29.4387,0.249268,0.058543,-0.0376991,-0.216941,-0.418069,0.000126311,0.00348622,12
29.4422,0.249416,0.0501397,-0.0376991,-0.196161,-0.375838,0.000126563,0.00348602,12
29.4457,0.249564,0.035574,-0.0376991,-0.169531,-0.331778,0.000126792,0.00348666,12
29.4492,0.249637,0.0260502,-0.0376991,-0.138778,-0.261958,0.000124529,0.00348732,12
29.4527,0.249785,0.0193276,-0.0376991,-0.106099,-0.178695,0.000155235,0.00347163,12
29.4562,0.249785,0.0159663,-0.0376991,-0.0741649,-0.0892275,0.00013057,0.003485,12
29.4597,0.249859,0.00644253,-0.0376991,-0.046114,-0.0277242,0.000124699,0.00348647,12
29.4632,0.249859,-0.00196077,-0.0376991,-0.0255575,0.0134886,0.000126251,0.00348615,12
29.4667,0.249859,-0.00700275,-0.0376991,-0.0165776,0.0278931,0.000124929,0.00348652,12
29.4702,0.249859,-0.00868341,-0.0376991,0.000624537,0.0764279,0.000128666,0.003486,12
29.4737,0.249785,-0.00196077,-0.0376991,0.00979507,0.122136,0.000126712,0.00348629,12
29.4772,0.249785,0.00140055,-0.0376991,0.00779426,0.124801,0.000135118,0.00348558,12
29.4807,0.249785,0.00140055,-0.0376991,0.0155194,0.148578,0.000126792,0.00348621,12
29.4842,0.249785,0.00308121,-0.0376991,0.0179728,0.160541,0.000128546,0.00348575,12
29.4877,0.249785,-0.00364143,-0.0376991,0.0134277,0.128905,0.000126642,0.00348655,12
29.4912,0.249785,-0.00028011,-0.0376991,-0,0.0963993,0.000134607,0.003486,12
29.4947,0.249785,0.00140055,-0.0376991,-0,0.100811,0.000129898,0.00348604,12
29.4982,0.249785,-0.00364143,-0.0376991,-0,0.0875761,0.000131411,0.00348543,12
29.5017,0.249785,-0.00196077,-0.0376991,-0,0.0919877,0.000135438,0.00348489,12
29.5052,0.249785,0.00140055,-0.0376991,-0,0.100811,0.000128105,0.00348664,12
29.5087,0.249785,0.00140055,-0.0376991,-0,0.100811,0.000129187,0.00348568,12
29.5122,0.249785,0.00140055,-0.0376991,-0,0.100811,0.000131481,0.00347395,12
29.5157,0.249785,-0.00196077,-0.0345575,-0.0134277,0.0888349,0.000128747,0.00348571,12
29.5192,0.249785,0.00140055,-0.0345575,-0.0179728,0.0836685,0.000127655,0.00348575,12
29.5227,0.249785,0.00140055,-0.0345575,-0.0155194,0.09122,0.000132463,0.00348511,12
29.5262,0.249785,-0.00364143,-0.0345575,-0.00779426,0.101762,0.000127524,0.00348587,12
29.5297,0.249785,0.00308121,-0.0345575,0.00363263,0.15458,0.000152149,0.00348653,12
29.5332,0.249785,-0.00196077,-0.0345575,0.0173483,0.18356,0.00012531,0.00348729,12
29.5367,0.249785,-0.00028011,-0.0345575,0.032097,0.233367,0.000126001,0.00348671,12
29.5402,0.249785,-0.00532209,-0.0345575,0.0467796,0.265324,0.000127835,0.0034862,12
29.5437,0.249785,-0.00028011,-0.0345575,0.0604542,0.320647,0.00012498,0.00348627,12
29.5472,0.249785,0.00140055,-0.0345575,0.0723358,0.361629,0.000140748,0.00348388,12
29.5507,0.249859,-0.00028011,-0.0345575,0.0817965,0.386501,0.000126973,0.00348587,12
29.5542,0.249859,0.00140055,-0.0345575,0.0883652,0.41113,0.000128115,0.00348573,12
29.5577,0.249859,-0.00196077,-0.0314159,0.0783004,0.409505,0.000139626,0.00348611,12
29.5612,0.249859,0.00308121,-0.0314159,0.0737552,0.40875,0.000125079,0.00348732,12
29.5647,0.249859,0.00140055,-0.0314159,0.0728458,0.40154,0.000126342,0.00348634,12
29.5682,0.249859,0.00140055,-0.0314159,0.0740021,0.405099,0.000124969,0.00348642,12
29.5717,0.249859,0.00308121,-0.0314159,0.0759683,0.415562,0.000132563,0.00348557,12
29.5752,0.249859,0.00140055,-0.0314159,0.0778025,0.416796,0.000127504,0.00348617,12
29.5787,0.249859,-0.00196077,-0.0314159,0.0788765,0.411278,0.000126562,0.00348649,12
29.5822,0.249859,0.00308121,-0.0314159,0.0788764,0.424513,0.000126863,0.00348627,12
29.5857,0.249859,-0.00364143,-0.0314159,0.0778024,0.403561,0.000147691,0.00348648,12
29.5892,0.249859,-0.00028011,-0.0314159,0.0759683,0.406739,0.000124929,0.00348695,12
29.5927,0.249859,-0.00196077,-0.0314159,0.0740021,0.396276,0.000135148,0.00348524,12
29.5962,0.249859,-0.00028011,-0.0314159,0.0728459,0.397128,0.00013078,0.00348495,12
29.5997,0.249859,0.00476187,-0.0314159,0.0737553,0.413162,0.000135107,0.00348643,12
29.6032,0.249859,-0.00196077,-0.0314159,0.0783004,0.409505,0.000127534,0.00348641,12
29.6067,0.249859,-0.00028011,-0.0314159,0.0883651,0.444895,0.000129187,0.00348629,12
29.6102,0.249859,-0.00028011,-0.0314159,0.0817963,0.424677,0.000126583,0.00348614,12
29.6137,0.249859,0.00140055,-0.0314159,0.0723357,0.39997,0.000125159,0.00348607,12
29.6172,0.249859,-0.00028011,-0.0314159,0.0604541,0.358988,0.000127364,0.00348668,12
29.6207,0.249859,0.00644253,-0.0314159,0.0467796,0.334545,0.000127114,0.00348608,12
29.6242,0.249859,-0.00532209,-0.0314159,0.0320969,0.258472,0.000151017,0.00347715,12
29.6277,0.249859,-0.00028011,-0.0314159,0.0173483,0.226313,0.000130549,0.00348529,12
29.6312,0.249859,-0.00196077,-0.0314159,0.00363261,0.179685,0.000126302,0.00348537,12
29.6347,0.249859,0.00140055,-0.0314159,-0.00779432,0.153338,0.000137723,0.00348624,12
29.6382,0.249859,-0.00364143,-0.0314159,-0.0155194,0.116326,0.000155064,0.00348647,12
29.6417,0.249859,-0.00028011,-0.0314159,-0.0179729,0.117597,0.000162919,0.00348481,12
29.6452,0.249859,-0.00028011,-0.0314159,-0.0134278,0.131587,0.000123276,0.00348739,12
29.6487,0.249859,-0.00028011,-0.0314159,-0,0.172916,0.000131932,0.00348635,12
29.6522,0.249859,0.00308121,-0.0282743,-0.0134277,0.178586,0.000132593,0.00348422,12
29.6557,0.249859,0.00140055,-0.0282743,-0.0179729,0.160185,0.000128105,0.00348601,9
29.6592,0.249859,-0.00028011,-0.0282743,-0.0155194,0.163325,0.000157389,0.00348665,9
29.6627,0.249859,-0.00364143,-0.0282743,-0.00779431,0.178279,0.000169791,0.00348448,9
29.6662,0.249859,-0.00028011,-0.0282743,0.00363258,0.222273,0.000175973,0.00348555,9
29.6697,0.249859,0.00308121,-0.0282743,0.0173483,0.273312,0.00017457,0.00348588,9
29.6732,0.249859,-0.00196077,-0.0282743,0.0320969,0.305472,0.000175612,0.00348713,9
29.6767,0.249859,-0.00196077,-0.0282743,0.0467795,0.350663,0.000190299,0.0034862,9
29.6802,0.249859,-0.00028011,-0.0282743,0.0604541,0.397164,0.00018556,0.00347759,9
29.6837,0.249859,0.00308121,-0.0282743,0.0723357,0.442557,0.000212249,0.00348611,9
29.6872,0.249859,0.00308121,-0.0282743,0.0817964,0.471676,0.000218702,0.00348612,9
29.6907,0.249859,-0.00196077,-0.0282743,0.0883652,0.47866,0.000220514,0.00348583,9
29.6942,0.249859,-0.00028011,-0.0282743,0.091728,0.493422,0.000239199,0.00348584,9
29.6977,0.249859,-0.00196077,-0.0282743,0.091728,0.48901,0.000246131,0.00348562,9
29.7012,0.249859,-0.00196077,-0.0282743,0.0883652,0.47866,0.000258764,0.00348702,9
29.7047,0.249859,-0.00028011,-0.0282743,0.0817964,0.462853,0.000275706,0.00348586,9
29.7082,0.249859,0.00140055,-0.0282743,0.0723357,0.438146,0.000336136,0.00348565,9
29.7117,0.249859,-0.00028011,-0.0282743,0.0604541,0.397164,0.000291104,0.00348614,9
29.7152,0.249859,0.00644253,-0.0282743,0.0467795,0.372721,0.000342368,0.00348622,9
29.7187,0.249859,-0.00028011,-0.0282743,0.032097,0.309884,0.000301633,0.00348604,9
29.7222,0.249859,-0.00196077,-0.0282743,0.0173484,0.260077,0.000336978,0.0034865,9
29.7257,0.249859,-0.00532209,-0.0282743,0.00363265,0.209038,0.000331318,0.00348512,9
29.7292,0.249859,-0.00196077,-0.0314159,0.00563338,0.185844,0.000352036,0.00348714,9
29.7327,0.249859,0.00308121,-0.0314159,0.00245342,0.189291,0.000352056,0.00348416,9
29.7362,0.249859,-0.00532209,-0.0314159,-0.00245348,0.15213,0.000351976,0.0034864,9
29.7397,0.249859,-0.00028011,-0.0314159,-0.00563338,0.155577,0.000350883,0.00348587,9
29.7432,0.249859,0.00140055,-0.0314159,-0.00363265,0.166147,0.000360201,0.00348664,9
29.7467,0.249859,-0.00028011,-0.0314159,-0.0173484,0.11952,0.000371352,0.00348576,9
29.7502,0.249859,0.00140055,-0.0314159,-0.032097,0.0785364,0.000368085,0.00348642,9
29.7537,0.249859,-0.00028011,-0.0314159,-0.0467795,0.0289334,0.000369157,0.00348585,9
29.7572,0.249859,0.00140055,-0.0314159,-0.0604541,-0.00874407,0.000396878,0.00348683,9
29.7607,0.249859,-0.00364143,-0.0314159,-0.0723357,-0.0585492,0.000387872,0.00348512,9
29.7642,0.249859,-0.00364143,-0.0314159,-0.0817964,-0.0876682,0.000383824,0.00348624,9
29.7677,0.249785,-0.00028011,-0.0314159,-0.0883651,-0.0992273,0.000387802,0.00348643,9
29.7712,0.249785,-0.00196077,-0.0314159,-0.091728,-0.113989,0.000382562,0.00348624,9
29.7747,0.249785,-0.00196077,-0.0345575,-0.0783003,-0.110837,0.00041982,0.00348649,9
29.7782,0.249785,0.00140055,-0.0345575,-0.0703923,-0.0776733,0.000420782,0.00348599,9
29.7817,0.249785,0.00308121,-0.0345575,-0.0662771,-0.0605955,0.000422846,0.00348614,9
29.7852,0.249785,-0.00532209,-0.0345575,-0.0645415,-0.0773116,0.000413849,0.00348761,9
29.7887,0.249785,-0.00700275,-0.0345575,-0.0640867,-0.0803233,0.000426782,0.00348628,9
29.7922,0.249785,-0.00364143,-0.0345575,-0.064128,-0.0716271,0.00042519,0.00348647,9
29.7957,0.249785,0.00308121,-0.0345575,-0.0641941,-0.0541842,0.000434878,0.00348416,9
29.7992,0.249785,0.00308121,-0.0345575,-0.064128,-0.0539807,0.000432934,0.00348651,9
29.8027,0.249785,0.00308121,-0.0345575,-0.0640869,-0.0538543,0.000432894,0.00348491,9
29.8062,0.249785,-0.00364143,-0.0345575,-0.0645416,-0.0729003,0.000438574,0.00348435,9
29.8097,0.249785,-0.00196077,-0.0345575,-0.0662772,-0.0738306,0.000448833,0.00348603,9
29.8132,0.249785,-0.00028011,-0.0345575,-0.0703925,-0.0820856,0.000488976,0.00348765,9
29.8167,0.249785,-0.00028011,-0.0345575,-0.0783006,-0.106426,0.000454634,0.00348604,9
29.8202,0.249785,-0.00364143,-0.0345575,-0.0917282,-0.156578,0.000453923,0.00348632,9
29.8237,0.249785,-0.00028011,-0.0376991,-0.0749377,-0.134251,0.000530343,0.00348617,9
29.8272,0.249785,0.00308121,-0.0376991,-0.0638237,-0.0912206,0.000651015,0.00346421,9
29.8307,0.249785,-0.00196077,-0.0376991,-0.0568165,-0.0828877,0.000571839,0.00346492,9
29.8342,0.249785,-0.00028011,-0.0376991,-0.05266,-0.065683,0.000539751,0.00348305,9
29.8377,0.249785,-0.00028011,-0.0376991,-0.0504123,-0.0587647,0.000559787,0.00348277,9
29.8412,0.249785,-0.00196077,-0.0376991,-0.0494455,-0.0602005,0.000568072,0.00348431,9
29.8447,0.249785,-0.00364143,-0.0376991,-0.0494454,-0.064612,0.000575996,0.00348287,9
29.8482,0.249785,-0.00196077,-0.0376991,-0.0504122,-0.0631761,0.000566279,0.00347367,9
29.8517,0.249785,0.00140055,-0.0376991,-0.05266,-0.0612715,0.000599109,0.00348256,9
29.8552,0.249785,0.00140055,-0.0376991,-0.0568165,-0.0740647,0.00061064,0.00348311,9
29.8587,0.249785,0.00140055,-0.0376991,-0.0638238,-0.0956324,0.000622132,0.00348296,9
29.8622,0.249785,-0.00028011,-0.0376991,-0.0749376,-0.134251,0.00062149,0.0034831,9
29.8657,0.249785,0.00140055,-0.0376991,-0.0917283,-0.18152,0.000645694,0.00348294,9
29.8692,0.249785,0.00140055,-0.0376991,-0.0917283,-0.18152,0.000683774,0.00348407,9
29.8727,0.249785,-0.00028011,-0.0376991,-0.0883653,-0.17558,0.000675409,0.0034806,9
29.8762,0.249785,0.00140055,-0.0376991,-0.0817966,-0.150951,0.000117155,0.00348208,6
29.8797,0.249785,-0.00196077,-0.0408407,-0.0589082,-0.127502,0.000121112,0.00348562,12
29.8832,0.249785,0.00140055,-0.0408407,-0.0424814,-0.068119,0.000119439,0.00348602,12
29.8867,0.249785,-0.00196077,-0.0408407,-0.0312601,-0.0424041,0.000120431,0.00348575,12
29.8902,0.249785,0.00476187,-0.0408407,-0.0243027,-0.00334359,0.000117105,0.00348636,12
29.8937,0.249785,-0.00364143,-0.0408407,-0.0209809,-0.0151773,0.000121553,0.00348317,12
29.8972,0.249785,0.00140055,-0.0408407,-0.0209809,-0.00194241,0.000116583,0.00348749,12
29.9007,0.249785,-0.00028011,-0.0408407,-0.0243027,-0.0165781,0.000122755,0.00348494,12
29.9042,0.249785,0.00140055,-0.0408407,-0.0312601,-0.033581,0.00011998,0.00348617,12
29.9077,0.249785,0.00140055,-0.0408407,-0.0424813,-0.0681184,0.000119038,0.00348592,12
29.9112,0.249785,-0.00028011,-0.0439823,-0.0454803,-0.119937,0.000119599,0.00348622,12
29.9147,0.249785,0.00308121,-0.0439823,-0.0638235,-0.167572,0.000119008,0.00348621,12
29.9182,0.249785,-0.00364143,-0.0439823,-0.0728457,-0.212988,0.00012005,0.00348595,12
29.9217,0.249785,0.00140055,-0.0439823,-0.0839338,-0.233881,0.000120641,0.00348609,12
29.9252,0.249785,-0.00028011,-0.0471239,-0.081933,-0.270311,0.000116303,0.00348748,12
29.9287,0.249785,-0.00028011,-0.0471239,-0.0877407,-0.288187,0.000146389,0.0034858,12
29.9322,0.249785,-0.00196077,-0.0471239,-0.098374,-0.325326,0.000118387,0.00348646,12
29.9357,0.249785,-0.00028011,-0.0471239,-0.111321,-0.360764,0.000135679,0.00348207,12
29.9392,0.249785,-0.00364143,-0.0471239,-0.124541,-0.410277,0.000120952,0.00348595,12
29.9427,0.249785,0.00308121,-0.0471239,-0.136464,-0.429328,0.000121402,0.0034845,12
29.9462,0.249785,-0.00196077,-0.0502655,-0.132563,-0.468732,0.000118147,0.00348657,12
29.9497,0.249785,-0.00364143,-0.0502655,-0.13452,-0.479169,0.000123186,0.00348449,12
29.9532,0.249785,-0.00700275,-0.0502655,-0.140296,-0.505768,0.000116353,0.00348738,12
29.9567,0.249711,-0.0114845,-0.0502655,-0.148475,-0.542873,0.000127744,0.00348419,12
29.9602,0.249711,-0.0131652,-0.0502655,-0.158275,-0.577447,0.000124869,0.00348529,12
29.9637,0.249637,-0.00868341,-0.0502655,-0.169537,-0.600511,0.000123407,0.00348549,12
29.9672,0.249564,-0.0165265,-0.0502655,-0.182733,-0.661879,0.0001204,0.00348604,12
29.9707,0.24949,-0.0215685,-0.0502655,-0.198962,-0.725228,0.000121944,0.0034856,12
29.9742,0.249416,-0.0266104,-0.0502655,-0.195599,-0.728276,0.000122705,0.00348573,12
29.9777,0.249342,-0.0310922,-0.0534071,-0.172802,-0.708212,0.000143864,0.00348462,12
29.9812,0.249268,-0.0361342,-0.0534071,-0.153508,-0.662227,0.000115823,0.00348756,12
29.9847,0.24912,-0.0411762,-0.0534071,-0.136933,-0.624774,0.000147,0.00348598,12
29.9882,0.248972,-0.0428568,-0.0534071,-0.122919,-0.586381,0.00014145,0.00348468,12
29.9917,0.248825,-0.0456579,-0.0534071,-0.111938,-0.560265,0.000134276,0.00348495,12
29.9952,0.248603,-0.0523805,-0.0534071,-0.105089,-0.557323,0.00013616,0.00348545,12
29.9987,0.248455,-0.0540612,-0.0534071,-0.104098,-0.559014,0.000135508,0.00348554,12
30.0022,0.248233,-0.0574225,-0.0534071,-0.111321,-0.590561,0.000135729,0.00348602,12
30.0057,0.248086,-0.0607838,-0.0534071,-0.105389,-0.581453,0.000130549,0.003486,12
30.0092,0.247864,-0.0607838,-0.0534071,-0.101142,-0.568876,0.000133325,0.00348694,12
30.0127,0.247642,-0.0624645,-0.0534071,-0.100466,-0.571698,0.000140919,0.00348372,12
30.0162,0.24742,-0.0635849,-0.0534071,-0.105713,-0.591283,0.000132473,0.00346559,12
30.0197,0.247199,-0.0652656,-0.0534071,-0.0953605,-0.564323,0.000128255,0.00348388,12
30.0232,0.246977,-0.0652656,-0.0534071,-0.0839338,-0.529645,0.000121814,0.00348592,12
30.0267,0.246755,-0.0635849,-0.0565487,-0.059418,-0.488446,0.000117366,0.00348618,12
30.0302,0.246534,-0.0669463,-0.0565487,-0.0458505,-0.456002,0.000128165,0.00348652,12
30.0337,0.246238,-0.0703076,-0.0565487,-0.0433886,-0.457905,0.000128005,0.00348485,12
30.0372,0.246016,-0.0703076,-0.0565487,-0.0526598,-0.486934,0.000117054,0.00348714,12
30.0407,0.245795,-0.0736689,-0.0565487,-0.0504123,-0.489332,0.000146549,0.00348493,12
30.0442,0.245499,-0.0753496,-0.0565487,-0.0494453,-0.491425,0.000120631,0.00348638,12
30.0477,0.245277,-0.0770302,-0.0565487,-0.0494453,-0.496329,0.000366923,0.00345732,12
30.0512,0.244982,-0.0798313,-0.0565487,-0.0504121,-0.507315,0.000123346,0.00348429,12
30.0547,0.244686,-0.0787109,-0.0596903,-0.0392321,-0.508796,0.000118337,0.00348606,12
30.0582,0.24439,-0.0770302,-0.0596903,-0.0388435,-0.503845,0.000119539,0.00348603,12
30.0617,0.244169,-0.081512,-0.0596903,-0.0483041,-0.545221,0.00011983,0.003486,12
30.0652,0.243873,-0.0831926,-0.0596903,-0.0671434,-0.608275,0.000118096,0.00348713,12
30.0687,0.243578,-0.0831926,-0.0596903,-0.0953607,-0.695782,0.000118197,0.00348636,12
30.0722,0.243282,-0.0848733,-0.0596903,-0.109076,-0.743067,0.000121222,0.00348592,12
30.0757,0.242986,-0.0831926,-0.0596903,-0.120462,-0.774357,0.000117425,0.00348655,12
30.0792,0.242691,-0.0899153,-0.0596903,-0.128576,-0.817633,0.00011978,0.00348597,12
30.0827,0.242321,-0.0915959,-0.0596903,-0.13279,-0.835836,0.000132994,0.00348579,12
30.0862,0.242026,-0.0977584,-0.0596903,-0.13279,-0.852669,0.000130319,0.00348365,12
30.0897,0.241656,-0.099439,-0.0596903,-0.128576,-0.844932,0.000120181,0.00348599,12
30.0932,0.241287,-0.104481,-0.0596903,-0.120462,-0.834014,0.000118648,0.00348668,12
30.0967,0.240917,-0.107842,-0.0628318,-0.0956487,-0.805462,0.000119449,0.0034863,12
30.1002,0.240548,-0.107842,-0.0628318,-0.0773878,-0.750078,0.000147411,0.00348605,12
30.1037,0.240178,-0.115685,-0.0628318,-0.0650514,-0.733517,0.000117836,0.00348638,12
30.1072,0.239735,-0.120727,-0.0628318,-0.0584828,-0.72752,0.000121753,0.00348581,12
30.1107,0.239365,-0.125769,-0.0628318,-0.0579954,-0.740076,0.000117436,0.00348651,12
30.1142,0.238922,-0.125769,-0.0628318,-0.0643747,-0.760696,0.000121352,0.00348549,12
30.1177,0.238478,-0.125769,-0.0628318,-0.0788764,-0.806317,0.000118788,0.00348629,12
30.1212,0.238035,-0.129131,-0.0628318,-0.0788765,-0.816126,0.000117255,0.00348761,12
30.1247,0.237592,-0.136974,-0.0628318,-0.0778025,-0.834393,0.000123667,0.00348455,12
30.1282,0.237074,-0.135293,-0.0628318,-0.0759684,-0.825486,0.000127133,0.00348506,12
30.1317,0.236631,-0.142016,-0.0628318,-0.0740021,-0.838067,0.00011954,0.00348625,12
30.1352,0.236114,-0.143696,-0.0628318,-0.0728458,-0.840069,0.000119059,0.00348635,12
30.1387,0.235596,-0.151539,-0.0628318,-0.0737551,-0.864605,0.000118928,0.00348635,12
30.1422,0.235079,-0.150419,-0.0628318,-0.0783004,-0.876804,0.000119048,0.00348615,12
30.1457,0.234562,-0.154901,-0.0628318,-0.0883652,-0.920696,0.000120261,0.00348595,12
30.1492,0.23397,-0.156581,-0.0628318,-0.0817965,-0.906204,0.00011994,0.00348727,12
30.1527,0.233453,-0.163304,-0.0628318,-0.0723358,-0.895882,0.000118958,0.00348609,12
30.1562,0.232862,-0.164985,-0.0628318,-0.0604542,-0.865037,0.000147771,0.00348563,12
30.1597,0.232271,-0.171147,-0.0628318,-0.0467795,-0.840438,0.000117756,0.00348645,12
30.1632,0.23168,-0.174508,-0.0628318,-0.032097,-0.805384,0.000122655,0.00348575,12
30.1667,0.231088,-0.176189,-0.0628318,-0.0173484,-0.765715,0.000118037,0.00348651,12
30.1702,0.230423,-0.184592,-0.0628318,-0.00363266,-0.747036,0.000121753,0.00348584,12
30.1737,0.229758,-0.189074,-0.0628318,0.00779402,-0.725108,0.000119509,0.00348625,12
30.1772,0.229093,-0.189074,-0.0628318,0.0155193,-0.702809,0.000118618,0.00348722,12
30.1807,0.228428,-0.192435,-0.0596903,0.00454494,-0.708712,0.000131091,0.0034836,12
30.1842,0.227763,-0.199158,-0.0596903,-0.00454518,-0.755816,0.000121333,0.00348578,12
30.1877,0.227098,-0.189074,-0.0596903,-0.0155195,-0.764602,0.000122825,0.00347719,12
30.1912,0.22658,-0.130811,-0.0596903,-0.00779435,-0.58904,0.000120681,0.00348494,12
30.1947,0.225767,-0.195797,-0.0596903,0.00363252,-0.726258,0.000120611,0.00348611,12
30.1982,0.225028,-0.197477,-0.0596903,0.0173482,-0.690096,0.000124739,0.00348413,12
30.2017,0.224363,-0.200839,-0.0596903,0.0320968,-0.655003,0.00011994,0.00348598,12
30.2052,0.223698,-0.200839,-0.0596903,0.0467794,-0.61129,0.000117806,0.00348751,12
30.2087,0.222959,-0.2042,-0.0596903,0.060454,-0.579667,0.000118478,0.00348631,12
30.2122,0.222294,-0.202519,-0.0596903,0.0723356,-0.540164,0.000142331,0.00348564,12
30.2157,0.221555,-0.207001,-0.0596903,0.0817963,-0.524452,0.000118588,0.00348633,12
30.2192,0.220816,-0.207001,-0.0596903,0.0883651,-0.505876,0.000133805,0.00348524,12
30.2227,0.220077,-0.208682,-0.0565487,0.0783003,-0.504733,0.000118458,0.00348647,12
30.2262,0.219412,-0.207001,-0.0565487,0.0737552,-0.515789,0.000120741,0.00348588,12
30.2297,0.218673,-0.2042,-0.0565487,0.0728457,-0.512879,0.000118758,0.00348659,12
30.2332,0.218008,-0.2042,-0.0565487,0.0740022,-0.510798,0.000117846,0.00348722,12
30.2367,0.217269,-0.210363,-0.0565487,0.0759684,-0.522564,0.000120872,0.00348583,12
30.2402,0.21653,-0.207001,-0.0565487,0.0778025,-0.509739,0.000124639,0.0034842,12
30.2437,0.215791,-0.208682,-0.0565487,0.0788765,-0.512487,0.000121212,0.00348581,12
30.2472,0.215126,-0.207001,-0.0565487,0.0788765,-0.509554,0.000122896,0.0034857,12
30.2507,0.214387,-0.207001,-0.0565487,0.0778024,-0.514503,0.000119349,0.00348634,12
30.2542,0.213648,-0.210363,-0.0565487,0.0759685,-0.530614,0.00011963,0.00348633,12
30.2577,0.212909,-0.202519,-0.0565487,0.0740022,-0.517721,0.000120752,0.00348596,12
30.2612,0.21217,-0.205321,-0.0565487,0.0728459,-0.530275,0.000117616,0.00348688,12
30.2647,0.211505,-0.210363,-0.0565487,0.0737552,-0.54219,0.000117455,0.00348649,12
30.2682,0.210766,-0.208682,-0.0565487,0.0783004,-0.525431,0.000137823,0.00348167,12
30.2717,0.210027,-0.205321,-0.0534071,0.0749376,-0.490425,0.000121934,0.00348606,12
30.2752,0.209288,-0.212043,-0.0534071,0.0638236,-0.543922,0.000119699,0.003486,12
30.2787,0.208549,-0.210363,-0.0534071,0.0568163,-0.562721,0.000129016,0.00348257,12
30.2822,0.20781,-0.205321,-0.0534071,0.0526599,-0.563922,0.000122023,0.00348527,12
30.2857,0.207071,-0.208682,-0.0534071,0.0504123,-0.581306,0.000121743,0.0034858,12
30.2892,0.206332,-0.213724,-0.0534071,0.0494454,-0.599159,0.000143543,0.00348224,12
30.2927,0.205592,-0.207001,-0.0534071,0.0494453,-0.583156,0.000123617,0.00348436,12
30.2962,0.204853,-0.212043,-0.0534071,0.0504121,-0.595058,0.000125771,0.00348407,12
30.2997,0.204114,-0.210363,-0.0534071,0.05266,-0.58537,0.00011962,0.00348669,12
30.3032,0.203375,-0.213724,-0.0534071,0.0568164,-0.583043,0.000121032,0.00348573,12
30.3067,0.202636,-0.213724,-0.0534071,0.0638238,-0.563118,0.000118056,0.00348657,12
30.3102,0.201897,-0.218766,-0.0534071,0.0749375,-0.543788,0.000119469,0.00348628,12
30.3137,0.201158,-0.218766,-0.0534071,0.091728,-0.493751,0.000118157,0.00348645,12
30.3172,0.200419,-0.210363,-0.0534071,0.091728,-0.473336,0.000117716,0.00348674,12
30.3207,0.19968,-0.328009,-0.0534071,0.0883653,-0.79414,0.000118757,0.00348634,12
30.3242,0.198941,-0.212043,-0.0534071,0.0817965,-0.511602,0.000119188,0.00348597,12
30.3277,0.198202,-0.213724,-0.0534071,0.0723358,-0.546775,0.000156257,0.00348328,12
30.3312,0.197463,-0.212043,-0.0534071,0.0604542,-0.580577,0.000121403,0.00348568,12
30.3347,0.196724,-0.213724,-0.0534071,0.0467796,-0.62872,0.000118908,0.00348622,12
30.3382,0.195985,-0.215404,-0.0534071,0.0320971,-0.679966,0.000122505,0.00348448,12
30.3417,0.195172,-0.220446,-0.0534071,0.0173484,-0.740402,0.000118628,0.00348661,12
30.3452,0.194433,-0.217085,-0.0565487,0.0170604,-0.772285,0.000117336,0.0034874,12
30.3487,0.193694,-0.222127,-0.0565487,0.0101787,-0.808343,0.000119719,0.00348624,12
30.3522,0.192882,-0.224928,-0.0565487,-0,-0.848832,0.000126292,0.00348473,12
30.3557,0.192143,-0.223248,-0.0565487,-0.0101785,-0.877391,0.000120511,0.00348571,12
30.3592,0.19133,-0.22997,-0.0565487,-0.0170603,-0.918026,0.000121804,0.00347622,12
30.3627,0.190517,-0.236693,-0.0565487,-0.0173484,-0.938367,0.00012006,0.00348534,12
30.3662,0.189704,-0.236693,-0.0565487,-0.032097,-0.985568,0.000118567,0.00348618,12
30.3697,0.188817,-0.244536,-0.0565487,-0.0467796,-1.05332,0.000119259,0.003486,12
30.3732,0.188004,-0.246217,-0.0565487,-0.0604542,-1.10163,0.000117896,0.00348746,12
30.3767,0.187117,-0.257421,-0.0565487,-0.0723357,-1.16958,0.000130049,0.00348576,12
30.3802,0.18623,-0.256301,-0.0565487,-0.0817964,-1.19773,0.000131872,0.00348332,12
30.3837,0.18527,-0.262463,-0.0565487,-0.0883653,-1.23626,0.000156567,0.00348555,12
30.3872,0.184309,-0.272547,-0.0565487,-0.0917281,-1.27521,0.000121393,0.00348537,12
30.3907,0.183422,-0.278709,-0.0565487,-0.0917281,-1.29336,0.000124438,0.00348583,12
30.3942,0.182388,-0.290474,-0.0565487,-0.0883653,-1.31619,0.00011981,0.00348617,12
30.3977,0.181353,-0.292155,-0.0565487,-0.0817964,-1.30268,0.00011995,0.00348605,12
30.4012,0.180318,-0.294956,-0.0565487,-0.0723357,-1.28322,0.000118126,0.00348689,12
30.4047,0.179284,-0.308401,-0.0565487,-0.0604542,-1.28424,0.000126492,0.00348133,12
30.4082,0.178175,-0.317925,-0.0565487,-0.0467797,-1.26961,0.000122275,0.00348585,12
30.4117,0.176993,-0.335852,-0.0534071,-0.0455246,-1.27726,0.000118828,0.00348649,12
30.4152,0.175884,-0.337532,-0.0534071,-0.0353211,-1.25273,0.000119139,0.00348634,12
30.4187,0.174628,-0.350417,-0.0534071,-0.0191519,-1.23958,0.000121202,0.00348625,12
30.4222,0.173593,-0.218766,-0.0534071,-0,-0.837356,0.000122354,0.00348659,12
30.4257,0.172189,-0.358821,-0.0534071,0.019152,-1.14916,0.000124158,0.00348604,12
30.4292,0.170933,-0.362182,-0.0534071,0.0353213,-1.11101,0.000125801,0.00348442,12
30.4327,0.169677,-0.360501,-0.0502655,0.032097,-1.08114,0.00011978,0.00348616,12
30.4362,0.16842,-0.368344,-0.0502655,0.0288067,-1.11465,0.000122625,0.00348536,12
30.4397,0.16709,-0.371706,-0.0502655,0.0449347,-1.07679,0.000119649,0.00348646,12
30.4432,0.16576,-0.378428,-0.0502655,0.0645415,-1.03704,0.000123637,0.00348622,12
30.4467,0.16443,-0.391314,-0.0502655,0.0854291,-1.00953,0.000127404,0.00348611,12
30.4502,0.163099,-0.392994,-0.0471239,0.0922859,-0.957618,0.000122014,0.00348574,12
30.4537,0.161695,-0.404199,-0.0471239,0.105852,-0.948394,0.000137552,0.00348556,12
30.4572,0.160291,-0.410921,-0.0439823,0.109561,-0.919572,0.000118848,0.00348711,12
30.4607,0.158813,-0.409241,-0.0439823,0.123052,-0.876919,0.000121302,0.00348581,12
30.4642,0.157409,-0.410921,-0.0408407,0.128818,-0.82853,0.000119319,0.00348618,12
30.4677,0.155931,-0.425487,-0.0408407,0.145713,-0.818047,0.00013632,0.00348606,12
30.4712,0.154453,-0.427168,-0.0408407,0.169029,-0.753979,0.00012015,0.00348639,12
30.4747,0.152975,-0.430529,-0.0376991,0.181414,-0.689794,0.000125731,0.00348594,12
30.4782,0.151423,-0.436691,-0.0376991,0.202036,-0.645946,0.000119489,0.00348634,12
30.4817,0.149945,-0.436691,-0.0376991,0.226658,-0.573449,0.000132142,0.00346954,12
30.4852,0.148393,-0.446775,-0.0376991,0.251982,-0.525421,0.000116905,0.00348707,12
30.4887,0.146989,-0.274228,-0.0345575,0.262227,-0.00591121,0.000129468,0.00348592,9
30.4922,0.145289,-0.43389,-0.0345575,0.278289,-0.379354,0.000123917,0.00348581,9
30.4957,0.143811,-0.436691,-0.0314159,0.284386,-0.33305,0.000181764,0.00348592,9
30.4992,0.142333,-0.423806,-0.0282743,0.288144,-0.252769,0.000204916,0.00348472,9
30.5027,0.140781,-0.428848,-0.0282743,0.309833,-0.202698,0.000214503,0.00348507,9
30.5062,0.139303,-0.415963,-0.0282743,0.322432,-0.133381,0.000223951,0.00348199,9
30.5097,0.137899,-0.417084,-0.0251327,0.322489,-0.101093,0.000241072,0.00348198,9
30.5132,0.136421,-0.422126,-0.0251327,0.330114,-0.0941435,0.000320538,0.00348388,9
30.5167,0.134943,-0.414283,-0.0251327,0.342483,-0.0387718,0.000269144,0.00348265,9
30.5202,0.133539,-0.410921,-0.0251327,0.358182,0.0152501,0.00028897,0.00348289,9
30.5237,0.132061,-0.404199,-0.0219912,0.363784,0.085029,0.00028357,0.00348477,9
30.5272,0.130657,-0.402518,-0.0219912,0.358661,0.0705507,0.000319416,0.0034855,9
30.5307,0.129253,-0.404199,-0.0219912,0.354984,0.0517012,0.000293128,0.00347335,9
30.5342,0.127849,-0.391314,-0.0188496,0.339483,0.0728679,0.000331308,0.00348273,9
30.5377,0.126518,-0.387952,-0.0188496,0.336038,0.0681304,0.000316911,0.00347073,9
30.5412,0.125188,-0.387952,-0.0188496,0.345747,0.0950585,0.000323854,0.00348417,9
30.5447,0.123858,-0.380109,-0.0188496,0.346929,0.116328,0.000299951,0.00348213,9
30.5482,0.122528,-0.38179,-0.015708,0.341625,0.130809,0.000314387,0.00348268,9
30.5517,0.121198,-0.368344,-0.015708,0.331247,0.131204,0.000296173,0.0034816,9
30.5552,0.120015,-0.474226,-0.015708,0.330009,-0.153168,0.000335996,0.00348286,9
30.5587,0.118759,-0.347056,-0.015708,0.315756,0.133982,0.000298968,0.00348211,9
30.5622,0.117576,-0.344255,-0.015708,0.30333,0.100459,0.000304669,0.00346964,9
30.5657,0.116394,-0.334171,-0.015708,0.295399,0.0998903,0.000291765,0.00348256,9
30.5692,0.115286,-0.326328,-0.015708,0.271537,0.0445692,0.000314137,0.00348397,9
30.5727,0.114103,-0.324647,-0.015708,0.248155,-0.025616,0.000280114,0.00348208,9
30.5762,0.112995,-0.314563,-0.0125664,0.215907,-0.0626915,0.000313295,0.00348276,9
30.5797,0.111886,-0.317925,-0.0125664,0.202283,-0.115912,0.00029978,0.00348218,9
30.5832,0.110778,-0.310082,-0.0125664,0.187329,-0.143816,0.000311311,0.00348282,9
30.5867,0.109743,-0.30504,-0.0125664,0.187925,-0.131045,0.000291575,0.00348251,9
30.5902,0.108708,-0.296636,-0.0125664,0.184274,-0.122524,0.000308225,0.00348287,9
30.5937,0.1076,-0.301678,-0.0125664,0.168906,-0.185524,0.000295361,0.00348033,9
30.5972,0.106565,-0.294956,-0.0125664,0.157447,-0.205448,0.000312063,0.00348393,9
30.6007,0.105531,-0.294956,-0.0125664,0.152879,-0.221808,0.000298878,0.00348256,9
30.6042,0.10457,-0.290474,-0.0125664,0.134619,-0.268382,0.000309377,0.0034825,9
30.6077,0.103535,-0.292155,-0.0125664,0.11845,-0.32486,0.00030506,0.00348252,9
30.6112,0.102501,-0.290474,-0.0125664,0.107354,-0.3569,0.000332641,0.00348251,9
30.6147,0.10154,-0.285432,-0.0125664,0.104943,-0.353223,0.000304319,0.00348138,9
30.6182,0.100505,-0.287113,-0.0125664,0.0911035,-0.40253,0.00031075,0.00348242,9
30.6217,0.0995446,-0.282071,-0.0125664,0.081933,-0.419657,0.0003215,0.00348234,9
30.6252,0.0985839,-0.28039,-0.0125664,0.0805709,-0.421573,0.000314306,0.00348118,9
30.6287,0.0975493,-0.282071,-0.0125664,0.066277,-0.47228,0.000319937,0.00348198,9
30.6322,0.0965886,-0.288793,-0.0125664,0.0543628,-0.528732,0.00031075,0.00348283,9
30.6357,0.095554,-0.285432,-0.0125664,0.0470264,-0.544789,0.000315769,0.00348261,9
30.6392,0.0945932,-0.277029,-0.0125664,0.0467795,-0.525627,0.000321459,0.00348307,9
30.6427,0.0937064,-0.212043,-0.0125664,0.0320969,-0.402208,0.000320959,0.00348243,9
30.6462,0.0926718,-0.28039,-0.0125664,0.0173483,-0.629308,0.000320257,0.00348273,9
30.6497,0.0917111,-0.274228,-0.0125664,0.0036326,-0.657483,0.000325337,0.00348267,9
30.6532,0.0906765,-0.275348,-0.0125664,-0.00779426,-0.697894,0.000326258,0.00348398,9
30.6567,0.0897158,-0.283751,-0.0125664,-0.0155194,-0.745865,0.000326369,0.00348285,9
30.6602,0.0887551,-0.28039,-0.0125664,-0.0179728,-0.746729,0.000327661,0.0034824,9
30.6637,0.0877205,-0.288793,-0.0125664,-0.0134277,-0.757097,0.000328512,0.00347964,9
30.6672,0.0867597,-0.288793,-0.0125664,-0,-0.717904,0.000335134,0.00348273,9
30.6707,0.0857251,-0.296636,-0.0125664,-0,-0.740791,0.000341486,0.00348262,9
30.6742,0.0846905,-0.301678,-0.0125664,-0,-0.756326,0.000352837,0.00348243,9
30.6777,0.0836559,-0.294956,-0.015708,0.0134277,-0.737826,0.000353568,0.00348239,9
30.6812,0.0826213,-0.299998,-0.015708,0.0179728,-0.739372,0.00034354,0.00348405,9
30.6847,0.0815128,-0.303359,-0.015708,0.0155194,-0.75821,0.000344782,0.00348202,9
30.6882,0.0804782,-0.30672,-0.015708,0.00779425,-0.79311,0.000336237,0.00348299,9
30.6917,0.0793696,-0.311202,-0.015708,-0.00363263,-0.84251,0.000339844,0.00348174,9
30.6952,0.078335,-0.316244,-0.015708,-0.0173484,-0.90026,0.000328833,0.00348296,9
30.6987,0.0772265,-0.314563,-0.015708,-0.032097,-0.943707,0.000329956,0.0034814,9
30.7022,0.076118,-0.329129,-0.015708,-0.0467795,-1.0296,0.000322952,0.0034827,9
30.7057,0.0750095,-0.326328,-0.0125664,-0.0738818,-1.06995,0.000337119,0.00348262,9
30.7092,0.0738271,-0.329129,-0.0125664,-0.0903085,-1.13049,0.000326098,0.00347493,9
30.7128,0.0726447,-0.342574,-0.0125664,-0.0973158,-1.18998,0.000328733,0.00348283,9
30.7163,0.0714622,-0.350417,-0.0125664,-0.0961594,-1.20964,0.000340685,0.0034828,9
30.7198,0.0702059,-0.364983,-0.0125664,-0.0880954,-1.22584,0.000333061,0.00348279,9
30.7233,0.0689496,-0.368344,-0.0125664,-0.0743796,-1.19524,0.000345794,0.00348291,9
30.7268,0.0676194,-0.376748,-0.0125664,-0.0562682,-1.16451,0.00036491,0.00348257,9
30.7303,0.0662892,-0.38179,-0.0125664,-0.0350168,-1.11529,0.000330697,0.00348272,9
30.7338,0.064959,-0.392994,-0.0125664,-0.0118816,-1.07645,0.000346476,0.00348233,9
30.7373,0.0635548,-0.394675,-0.00942478,-0.00154611,-1.014,0.000358779,0.00348388,9
30.7408,0.0621507,-0.404199,-0.00942478,0.017044,-0.9849,0.000369958,0.00348261,9
30.7443,0.0607466,-0.405879,-0.00942478,0.0407488,-0.919472,0.000367595,0.00348267,9
30.7478,0.0593425,-0.410921,-0.00628319,0.0531577,-0.859459,0.000393381,0.00348223,9
30.7513,0.0578645,-0.418764,-0.00628319,0.0737552,-0.819935,0.000378805,0.00348273,9
30.7548,0.0563864,-0.427168,-0.00314159,0.0845607,-0.773844,0.000405374,0.00348026,9
30.7583,0.0548345,-0.43221,-0.00314159,0.103646,-0.731786,0.000397699,0.00348263,9
30.7618,0.0533565,-0.43389,-0,0.111774,-0.67629,0.000372263,0.00348222,9
30.7653,0.0518785,-0.440053,-0,0.125917,-0.652219,0.000300731,0.0034839,9
30.7688,0.0503266,-0.440053,-0,0.139325,-0.614399,0.000203122,0.00347962,9
30.7723,0.0488485,-0.443414,-0,0.170227,-0.531396,0.000120782,0.00348278,12
30.7758,0.0473705,-0.445095,0.00314159,0.18847,-0.444768,0.000127794,0.003484,13
30.7793,0.0457447,-0.450137,0.00314159,0.213852,-0.383494,0.00013081,0.00348335,14
30.7828,0.0441928,-0.450137,0.00628319,0.229334,-0.301113,0.000161787,0.00348531,13
30.7863,0.0426409,-0.456299,0.00628319,0.254559,-0.243099,0.000200548,0.00348543,13
30.7898,0.041015,-0.448456,0.00942478,0.272488,-0.132767,0.000230944,0.00348193,13
30.7933,0.0394631,-0.446775,0.00942478,0.302918,-0.0381429,0.000294289,0.00348357,13
30.7968,0.0378373,-0.440053,0.00942478,0.342554,0.097884,0.000285473,0.00348202,13
30.8003,0.0363593,-0.436691,0.0125664,0.351575,0.169364,0.000341757,0.0034825,13
30.8038,0.0348074,-0.43389,0.0125664,0.362737,0.207622,0.000375158,0.00348218,13
30.8073,0.0333293,-0.422126,0.0125664,0.372271,0.264563,0.000399412,0.00348272,13
30.8108,0.0318513,-0.414283,0.015708,0.364239,0.295318,0.000443343,0.0034824,13
30.8143,0.0303733,-0.414283,0.015708,0.359694,0.278043,0.000459042,0.00348264,13
30.8178,0.0288953,-0.40756,0.015708,0.356752,0.28335,0.00049067,0.00348235,10
30.8213,0.0274912,-0.394675,0.0188496,0.341515,0.305329,0.000538518,0.00348382,10
30.8248,0.0261609,-0.389633,0.0219912,0.323807,0.299281,0.000585664,0.00348205,10
30.8283,0.0247568,-0.38179,0.0219912,0.32641,0.324758,0.000602054,0.00348275,10
30.8318,0.0234266,-0.380109,0.0219912,0.325129,0.322271,0.00063255,0.00348189,10
30.8353,0.0220964,-0.366664,0.0219912,0.333079,0.379073,0.000671872,0.00348286,10
30.8388,0.0208401,-0.358821,0.0219912,0.351514,0.453609,0.000815486,0.00348235,10
30.8423,0.0195838,-0.350417,0.0219912,0.35891,0.495638,0.000117415,0.00348298,7
30.8458,0.018623,-0.342574,0.0251327,0.357464,0.547818,0.00012541,0.00348507,14
30.8493,0.0174406,-0.334171,0.0251327,0.348747,0.540418,0.000120211,0.00348607,14
30.8528,0.0162582,-0.322967,0.0251327,0.347129,0.562217,0.000130099,0.00348415,14
30.8563,0.0151497,-0.314563,0.0251327,0.330612,0.530975,0.000122014,0.0034836,14
30.8598,0.0142629,-0.140335,0.0251327,0.314195,0.935808,0.000125631,0.00348551,14
30.8633,0.0130805,-0.285432,0.0251327,0.300703,0.510787,0.000123066,0.00348572,14
30.8668,0.0121198,-0.267505,0.0251327,0.294219,0.53575,0.000120211,0.00348664,14
30.8703,0.011159,-0.262463,0.0251327,0.275728,0.489937,0.000124528,0.00348561,14
30.8738,0.0103461,-0.249578,0.0251327,0.263055,0.482945,0.000123005,0.00348494,14
30.8773,0.00945932,-0.236693,0.0251327,0.237343,0.435656,0.000135909,0.00348701,14
30.8808,0.00864641,-0.22997,0.0251327,0.216415,0.387083,0.000122896,0.00348606,14
30.8843,0.0079074,-0.220446,0.0251327,0.181259,0.30223,0.000130349,0.00346635,14
30.8878,0.00716839,-0.212043,0.0251327,0.149383,0.224535,0.000133184,0.00348386,14
30.8913,0.00642938,-0.199158,0.0251327,0.125654,0.183679,0.000126743,0.00348522,14
30.8948,0.00576428,-0.200839,0.0251327,0.0913734,0.0722769,0.000150686,0.00347825,14
30.8983,0.00502527,-0.192435,0.0251327,0.0642072,0.00907713,0.00012572,0.00348586,14
30.9018,0.00443406,-0.184592,0.0251327,0.0490221,-0.018388,0.000138404,0.00348186,14
30.9053,0.00376895,-0.17955,0.0251327,0.0269619,-0.0745307,0.000121983,0.00348683,14
30.9088,0.00317774,-0.176189,0.0219912,0.0288067,-0.0995197,0.00012534,0.00348565,14
30.9123,0.00251263,-0.176189,0.0219912,0.0366422,-0.0768814,0.000123186,0.00348606,14
30.9158,0.00192143,-0.169466,0.0219912,0.0328678,-0.0721665,0.000122885,0.00348596,14
30.9193,0.00140412,-0.168346,0.0219912,0.0114269,-0.136368,0.000132423,0.00348446,14
30.9228,0.000812911,-0.159943,0.0219912,-0.0114269,-0.185966,0.00012554,0.00348526,14
30.9263,0.000221703,-0.158262,0.0188496,-0.0194401,-0.245709,0.00039784,0.00345487,14
30.9298,-0.000295603,-0.150419,0.0188496,-0.0320969,-0.265228,0.00041389,0.0034383,14
30.9333,-0.000886811,-0.148738,0.0188496,-0.0446878,-0.300884,0.000119689,0.00348676,14
30.9368,-0.00133022,-0.150419,0.015708,-0.0392322,-0.327666,0.000119439,0.0034865,14
30.9403,-0.00184752,-0.150419,0.015708,-0.0579955,-0.386567,0.000126502,0.00348517,14
30.9438,-0.00236483,-0.147058,0.015708,-0.0836254,-0.45778,0.000119369,0.00348602,14
30.9473,-0.00280824,-0.142016,0.0125664,-0.0992403,-0.531768,0.000122695,0.00348619,14
30.9508,-0.00332554,-0.138654,0.0125664,-0.124168,-0.600819,0.000118778,0.00348653,14
30.9543,-0.00384285,-0.142016,0.0125664,-0.154011,-0.702648,0.000142672,0.00348574,14
30.9578,-0.00428626,-0.142016,0.0125664,-0.185004,-0.799025,0.000120491,0.00348619,14
30.9613,-0.00480356,-0.148738,0.0125664,-0.214005,-0.907085,0.000135529,0.00346978,14
30.9648,-0.00532087,-0.148738,0.0125664,-0.238503,-0.983638,0.000177556,0.003486,13
30.9683,-0.00583818,-0.151539,0.0125664,-0.256615,-1.04789,0.000291184,0.00348521,13
30.9718,-0.00642938,-0.156581,0.00942478,-0.253656,-1.0915,0.000268803,0.0034824,13
30.9753,-0.00694669,-0.164985,0.00942478,-0.251309,-1.10749,0.000294821,0.00348205,13
30.9788,-0.0075379,-0.169466,0.00942478,-0.247689,-1.10942,0.000319145,0.00348264,13
30.9823,-0.00812911,-0.176189,0.00942478,-0.241699,-1.10995,0.000350683,0.00348236,13
30.9858,-0.00879422,-0.182912,0.00942478,-0.233023,-1.10237,0.000374607,0.00348282,13
30.9893,-0.00945932,-0.187394,0.00942478,-0.222133,-1.08209,0.000396919,0.00348362,13
30.9928,-0.0101244,-0.195797,0.00942478,-0.210285,-1.06916,0.000432082,0.00348271,13
30.9963,-0.0107895,-0.197477,0.00942478,-0.19952,-1.04192,0.000461817,0.00348194,13
30.9998,-0.0115286,-0.200839,0.00942478,-0.192663,-1.03128,0.000480862,0.00348269,13
31.0033,-0.0121937,-0.200839,0.00628319,-0.155547,-0.956694,0.000539459,0.00348234,10
31.0068,-0.0129327,-0.205321,0.00628319,-0.126107,-0.879488,0.000563634,0.00348261,10
31.0103,-0.0136717,-0.208682,0.00628319,-0.105285,-0.825868,0.000617613,0.00347888,10
31.0138,-0.0144107,-0.205321,0.00628319,-0.0948088,-0.786442,0.000623264,0.00348272,10
31.0173,-0.0151497,-0.213724,0.00628319,-0.0971897,-0.817471,0.000653689,0.00348334,10
31.0208,-0.0158887,-0.212043,0.00628319,-0.0913734,-0.7968,0.000670149,0.0034827,10
31.0243,-0.0166277,-0.212043,0.00942478,-0.106099,-0.805591,0.0007307,0.00348233,10
31.0278,-0.0174406,-0.222127,0.00942478,-0.121569,-0.881481,0.000781444,0.00348275,7
31.0313,-0.0182535,-0.224928,0.00942478,-0.118455,-0.881057,0.00011967,0.00348218,7
31.0348,-0.0188447,-0.22997,0.00942478,-0.113482,-0.8803,0.000122384,0.00348516,14
31.0383,-0.0196577,-0.233332,0.00942478,-0.110261,-0.881015,0.000126311,0.00348468,14
31.0418,-0.0204706,-0.238374,0.00942478,-0.0883652,-0.828665,0.000119119,0.0034863,14
31.0453,-0.0212835,-0.238374,0.00942478,-0.0632637,-0.753212,0.00011972,0.00347747,14
31.0488,-0.0221703,-0.244536,0.00942478,-0.0371543,-0.690997,0.000121042,0.00348609,14
31.0523,-0.0229832,-0.247897,0.00942478,-0.0123917,-0.62541,0.000124248,0.00347293,14
31.0558,-0.02387,-0.249578,0.00942478,0.00851214,-0.567453,0.000129979,0.0034832,14
31.0593,-0.0247568,-0.252939,0.00942478,0.0228884,-0.533999,0.000128004,0.00348457,14
31.0628,-0.0256436,-0.244536,0.00942478,0.0279111,-0.498453,0.000120381,0.00348577,14
31.0663,-0.0265304,-0.242855,0.00942478,0.0449485,-0.443573,0.000121413,0.00348614,14
31.0698,-0.0273434,-0.241175,0.00942478,0.0596311,-0.395777,0.000124067,0.00348609,14
31.0733,-0.0282302,-0.240054,0.00942478,0.0710169,-0.359763,0.0001198,0.00348722,14
31.0768,-0.0290431,-0.244536,0.0125664,0.0647361,-0.35449,0.000120992,0.00348612,14
31.0803,-0.0299299,-0.244536,0.0125664,0.0621572,-0.364399,0.000127784,0.00348467,14
31.0838,-0.0307428,-0.235012,0.0125664,0.0604541,-0.346449,0.000121723,0.0034862,14
31.0873,-0.0315557,-0.236693,0.0125664,0.0569581,-0.363428,0.000123236,0.00348552,14
31.0908,-0.0323686,-0.238374,0.0125664,0.0491573,-0.393656,0.000120531,0.00348598,14
31.0943,-0.0331815,-0.233332,0.0125664,0.0346967,-0.426737,0.000139576,0.00348157,14
31.0978,-0.0339944,-0.233332,0.0125664,0.0357296,-0.425365,0.000121052,0.00348597,14
31.1013,-0.0348074,-0.231651,0.0125664,0.0389853,-0.41274,0.000139656,0.00348717,14
31.1048,-0.0356942,-0.235012,0.015708,0.0315071,-0.408375,0.000120872,0.00348611,14
31.1083,-0.0364332,-0.236693,0.015708,0.0363901,-0.3994,0.000122003,0.0034856,14
31.1118,-0.03732,-0.236693,0.015708,0.0528494,-0.350711,0.000122584,0.00348604,14
31.1153,-0.0381329,-0.22829,0.015708,0.080571,-0.245136,0.000120421,0.00348598,14
31.1188,-0.0388719,-0.171147,0.015708,0.0953607,-0.0512633,0.000122124,0.00348598,14
31.1223,-0.0396848,-0.223248,0.015708,0.109076,-0.147614,0.000119399,0.00348602,14
31.1258,-0.0404238,-0.223248,0.015708,0.120462,-0.114212,0.000156367,0.00348348,14
31.1293,-0.0412367,-0.210363,0.015708,0.128576,-0.0572241,0.000123326,0.00348631,14
31.1328,-0.0419019,-0.205321,0.015708,0.13279,-0.0324978,0.000120972,0.00348639,14
31.1363,-0.0426409,-0.195797,0.015708,0.13279,-0.00914175,0.000123015,0.00348594,14
31.1398,-0.043306,-0.194116,0.015708,0.128576,-0.0191784,0.000122314,0.00348621,14
31.1433,-0.0439711,-0.189074,0.015708,0.120462,-0.0323956,0.000123316,0.00348318,14
31.1468,-0.0445623,-0.17955,0.015708,0.109076,-0.0437552,0.000121382,0.00348619,14
31.1503,-0.0452274,-0.172828,0.0188496,0.0819329,-0.0729557,0.000137031,0.00348311,14
31.1538,-0.0458186,-0.168346,0.0188496,0.0625981,-0.122016,0.000123998,0.00348561,14
31.1573,-0.0464098,-0.166665,0.0188496,0.0507576,-0.155363,0.00011989,0.00348682,14
31.1608,-0.047001,-0.163304,0.0188496,0.0465686,-0.160747,0.000122574,0.00348619,14
31.1643,-0.0475183,-0.164985,0.0188496,0.0506591,-0.153719,0.000122635,0.00348566,14
31.1678,-0.0481095,-0.163304,0.0188496,0.0641279,-0.109166,0.000127294,0.00348504,14
31.1713,-0.0486268,-0.151539,0.0188496,0.064194,-0.0792309,0.000130339,0.00346741,14
31.1748,-0.0491441,-0.150419,0.0188496,0.064128,-0.077643,0.000368496,0.00345777,14
31.1783,-0.0497353,-0.148738,0.0188496,0.0640868,-0.0746723,0.00035976,0.00345892,13
31.1818,-0.0502527,-0.142016,0.015708,0.0779692,-0.0536235,0.000417606,0.00344231,13
31.1853,-0.0506961,-0.136974,0.015708,0.08425,-0.0220429,0.000273922,0.00348693,13
31.1888,-0.0511395,-0.130811,0.015708,0.0859118,-0.00173767,0.000266549,0.00348221,13
31.1923,-0.0515829,-0.124089,0.015708,0.0860947,0.015486,0.000296474,0.00348123,13
31.1958,-0.0520263,-0.115685,0.015708,0.0880955,0.0427165,0.000314337,0.00348254,13
31.1993,-0.0524697,-0.119047,0.015708,0.0710169,-0.0196586,0.000341256,0.0034809,13
31.2028,-0.0528392,-0.107842,0.015708,0.0496995,-0.0566823,0.000361292,0.00348265,13
31.2063,-0.0532087,-0.104481,0.015708,0.0255562,-0.122991,0.000396327,0.00348224,13
31.2098,-0.0535782,-0.099439,0.015708,-0,-0.189237,0.000412988,0.00348257,13
31.2133,-0.0538738,-0.0949573,0.015708,-0.0255562,-0.256789,0.000454964,0.0034834,13
31.2168,-0.0542433,-0.0966379,0.015708,-0.0496995,-0.336333,0.000460214,0.00348293,13
31.2203,-0.0545389,-0.0882346,0.015708,-0.0710169,-0.380545,0.000481894,0.00347143,13
31.2238,-0.0549084,-0.0915959,0.0125664,-0.0746679,-0.439603,0.000533558,0.00348259,10
31.2273,-0.055204,-0.0932766,0.0125664,-0.0815496,-0.465853,0.000564235,0.00348227,10
31.2308,-0.0554996,-0.0949573,0.0125664,-0.0883653,-0.4919,0.000595453,0.00348292,10
31.2343,-0.0558691,-0.0966379,0.0125664,-0.0919751,-0.508243,0.000615529,0.00348224,10
31.2378,-0.0561647,-0.0932766,0.0125664,-0.0893961,-0.492139,0.000671271,0.00348276,10
31.2413,-0.0564603,-0.0915959,0.0125664,-0.0778025,-0.452701,0.000695786,0.00348334,10
31.2448,-0.0568298,-0.0932766,0.0125664,-0.0788765,-0.46124,0.000769662,0.00348271,10
31.2483,-0.0571254,-0.0949573,0.00942478,-0.0654489,-0.463156,0.000117886,0.00348219,7
31.2518,-0.0574211,-0.0915959,0.00942478,-0.0598296,-0.437694,0.000120301,0.00348576,14
31.2553,-0.0577167,-0.086554,0.00942478,-0.0604489,-0.427022,0.000125701,0.00348441,14
31.2588,-0.0580123,-0.086554,0.00942478,-0.0662078,-0.445405,0.000121142,0.00348613,14
31.2623,-0.0583079,-0.0848733,0.00942478,-0.0764784,-0.473262,0.00012532,0.00347384,14
31.2658,-0.0586035,-0.0831926,0.00942478,-0.0911036,-0.514522,0.000120592,0.00348631,14
31.2693,-0.0588991,-0.0798313,0.00942478,-0.110397,-0.565741,0.000119359,0.00348614,14
31.2728,-0.0591947,-0.0803915,0.00942478,-0.135145,-0.644038,0.000138484,0.00348221,14
31.2763,-0.0594903,-0.081512,0.00942478,-0.142251,-0.669508,0.000132413,0.00348219,14
31.2798,-0.0597859,-0.0831926,0.00942478,-0.144671,-0.682028,0.00012002,0.00348635,14
31.2833,-0.0600815,-0.0848733,0.00942478,-0.142251,-0.679645,0.000123566,0.00348491,14
31.2868,-0.0603771,-0.0899153,0.00942478,-0.135145,-0.671666,0.000133855,0.00348207,14
31.2903,-0.0607466,-0.0977584,0.00942478,-0.123825,-0.658234,0.000132163,0.00348203,14
31.2938,-0.0610422,-0.0915959,0.00942478,-0.109076,-0.59732,0.000124428,0.00348494,14
31.2973,-0.0614117,-0.10112,0.00628319,-0.0785702,-0.567422,0.000151117,0.00348703,14
31.3008,-0.0617812,-0.1028,0.00628319,-0.0560294,-0.503276,0.000121513,0.00348556,14
31.3043,-0.0620768,-0.111204,0.00628319,-0.041297,-0.480646,0.00012542,0.00348437,14
31.3078,-0.0624463,-0.1028,0.00628319,-0.0346871,-0.439065,0.000121082,0.00348612,14
31.3113,-0.0628158,-0.099439,0.00314159,-0.0235569,-0.434982,0.00013612,0.00348337,14
31.3148,-0.0631853,-0.10112,0.00314159,-0.0314725,-0.464579,0.000127274,0.00348584,14
31.3183,-0.0635548,-0.106162,0.00314159,-0.033926,-0.486186,0.000120802,0.00348627,14
31.3218,-0.0638504,-0.0966379,0.00314159,-0.0426179,-0.488597,0.000121192,0.00348594,14
31.3253,-0.0642199,-0.0966379,0.00314159,-0.0562925,-0.531508,0.0001196,0.00348718,14
31.3288,-0.0645155,-0.0949573,0.00314159,-0.0741647,-0.582762,0.000119589,0.00348624,14
31.3323,-0.064885,-0.0915959,0.00314159,-0.0959206,-0.641723,0.000121463,0.00348614,14
31.3358,-0.0651807,-0.0949573,0.00314159,-0.121717,-0.730602,0.0001203,0.00348594,14
31.3393,-0.0654024,-0.0165265,0.00314159,-0.152182,-0.618989,0.000121403,0.00348601,14
31.3428,-0.0658458,-0.140335,0.00314159,-0.164064,-0.981532,0.000120571,0.00348621,14
31.3463,-0.0662153,-0.0977584,0.00314159,-0.170162,-0.889362,0.000130229,0.00348441,14
31.3498,-0.0665848,-0.109523,0.00314159,-0.170162,-0.921064,0.000129467,0.00348501,14
31.3533,-0.0669543,-0.111204,0.00314159,-0.164064,-0.907529,0.000138294,0.00348741,14
31.3568,-0.0673238,-0.112884,0.00314159,-0.152182,-0.876192,0.000123366,0.00347093,14
31.3603,-0.0677672,-0.119047,0.00314159,-0.135145,-0.840913,0.000120881,0.00348578,14
31.3638,-0.0681367,-0.122408,0.00314159,-0.113893,-0.785148,0.000124939,0.00348601,14
31.3673,-0.0685801,-0.12745,0.00314159,-0.0896841,-0.724855,0.000122295,0.00348612,14
31.3708,-0.0690235,-0.125769,0.00314159,-0.0640868,-0.642643,0.00013053,0.00348621,14
31.3743,-0.0694669,-0.130811,0.00314159,-0.0389853,-0.579604,0.000122795,0.00348587,14
31.3778,-0.0699103,-0.12745,0.00314159,-0.0165776,-0.502797,0.000127013,0.00348451,14
31.3813,-0.0703537,-0.12745,0.00314159,0.000624481,-0.450837,0.000118948,0.00348739,14
31.3848,-0.070871,-0.129131,0.00314159,0.00979504,-0.428172,0.000142752,0.0034807,14
31.3883,-0.0713144,-0.125769,0.00314159,0.00779426,-0.426493,0.000123136,0.00347654,14
31.3918,-0.0717578,-0.125769,0.00314159,0.0155194,-0.403701,0.000125209,0.00348491,14
31.3953,-0.0722012,-0.120727,0.00314159,0.0179728,-0.383901,0.000127073,0.00348606,14
31.3988,-0.0725707,-0.120727,0.00314159,0.0134277,-0.398712,0.000148903,0.00348388,13
31.4023,-0.0730142,-0.125769,0.00314159,-0,-0.454261,0.000269344,0.0034855,13
31.4058,-0.0734576,-0.132492,0.00314159,-0,-0.472893,0.000235722,0.0034799,13
31.4093,-0.073901,-0.12745,0.00628319,-0.0134277,-0.463797,0.000269354,0.00348359,13
31.4128,-0.0743444,-0.122408,0.00628319,-0.0179728,-0.465537,0.000292747,0.0034826,13
31.4163,-0.0747878,-0.133612,0.00628319,-0.0155194,-0.488382,0.000314216,0.00348237,13
31.4198,-0.0752312,-0.129131,0.00628319,-0.00779426,-0.453826,0.000340525,0.00348224,13
31.4233,-0.0756746,-0.132492,0.00628319,0.00363263,-0.428464,0.000370239,0.00348276,13
31.4268,-0.076118,-0.12745,0.00628319,0.0173484,-0.374,0.000398481,0.00348138,13
31.4303,-0.0766353,-0.130811,0.00628319,0.032097,-0.338578,0.000425611,0.0034819,13
31.4338,-0.0770048,-0.130811,0.00628319,0.0467796,-0.294208,0.000455475,0.00348195,13
31.4373,-0.0774482,-0.122408,0.00628319,0.0604541,-0.231047,0.000493796,0.00348385,13
31.4408,-0.0778916,-0.120727,0.00628319,0.0723357,-0.19105,0.000501209,0.00348261,10
31.4443,-0.078335,-0.120727,0.00628319,0.0817964,-0.162917,0.000542475,0.00348279,10
31.4478,-0.0787045,-0.114565,0.00628319,0.0883652,-0.127344,0.000549759,0.00348159,10
31.4513,-0.0791479,-0.109523,0.00628319,0.0917281,-0.104745,0.000592587,0.00348255,10
31.4548,-0.0795174,-0.106162,0.00942478,0.0783004,-0.0998956,0.000629284,0.0034823,10
31.4583,-0.0798869,-0.10112,0.00942478,0.0703924,-0.111822,0.000661804,0.00348278,10
31.4618,-0.0801826,-0.0949573,0.00942478,0.0662771,-0.10897,0.000749575,0.00348266,10
31.4653,-0.0805521,-0.0915959,0.00942478,0.0645415,-0.10631,0.000729829,0.00348395,10
31.4688,-0.0808477,-0.0899153,0.00942478,0.0640868,-0.103955,0.000146899,0.00348232,7
31.4723,-0.0811433,-0.0899153,0.00942478,0.0641279,-0.104486,0.000127523,0.00348524,14
31.4758,-0.0814389,-0.0882346,0.00942478,0.064194,-0.100528,0.000124548,0.00348478,14
31.4793,-0.0817345,-0.0831926,0.00942478,0.0641279,-0.0881537,0.000122655,0.00348623,14
31.4828,-0.0819562,-0.0770302,0.00942478,0.0640868,-0.0725973,0.000123417,0.00348548,14
31.4863,-0.0822518,-0.0803915,0.00942478,0.0645415,-0.0806779,0.000120391,0.00348633,14
31.4898,-0.0825474,-0.0736689,0.00942478,0.0662771,-0.0583468,0.000123747,0.00348563,14
31.4933,-0.0827691,-0.0686269,0.00942478,0.0703924,-0.0329383,0.000117215,0.00348718,14
31.4968,-0.0829908,-0.0635849,0.00942478,0.0783004,0.00414376,0.000127654,0.00348438,14
31.5003,-0.0832125,-0.0624645,0.00942478,0.0917281,0.0479209,0.000121914,0.00348599,14
31.5038,-0.0834342,-0.0607838,0.00942478,0.0883652,0.0414891,0.000122926,0.00348581,14
31.5073,-0.0836559,-0.0557419,0.00942478,0.0817964,0.034013,0.000122134,0.00348607,14
31.5108,-0.0838037,-0.0490192,0.00942478,0.0723358,0.0222119,0.000125029,0.00348528,14
31.5143,-0.0839515,-0.0428568,0.00942478,0.0604542,0.00148872,0.000121663,0.00348589,14
31.5178,-0.0840993,-0.0361342,0.00942478,0.0467796,-0.0232825,0.000120631,0.00348608,14
31.5213,-0.0842471,-0.0327729,0.00628319,0.0455247,-0.0568266,0.000118428,0.00348745,14
31.5248,-0.084321,-0.0249298,0.00628319,0.0353212,-0.0678086,0.00014707,0.00348523,14
31.5283,-0.0843949,-0.0198878,0.00628319,0.019152,-0.104505,0.000120992,0.00348613,14
31.5318,-0.0844688,-0.0198878,0.00628319,-0,-0.163618,0.000126873,0.00348593,14
31.5353,-0.0845427,-0.0182071,0.00628319,-0.019152,-0.218318,0.000121363,0.0034858,14
31.5388,-0.0845427,-0.0114845,0.00628319,-0.0353212,-0.250439,0.000122374,0.00348562,14
31.5423,-0.0846166,-0.00028011,0.00314159,-0.032097,-0.249445,0.00011979,0.00348653,14
31.5458,-0.0846166,-0.00532209,0.00314159,-0.0288067,-0.252553,0.000124509,0.00348495,14
31.5493,-0.0846166,-0.0114845,0.00314159,-0.0449347,-0.318369,0.000118247,0.00348716,14
31.5528,-0.0846905,-0.00532209,0.00314159,-0.0645415,-0.362705,0.000123697,0.00347687,14
31.5563,-0.0846905,-0.00364143,0.00314159,-0.0854291,-0.422583,0.000121293,0.00348582,14
31.5598,-0.0846905,-0.00700275,-0,-0.0922859,-0.490687,0.000117716,0.0034862,12
31.5633,-0.0847644,-0.00868341,-0,-0.105852,-0.537019,0.000120601,0.00348579,12
31.5668,-0.0847644,-0.0131652,-0,-0.122988,-0.601526,0.000120481,0.00348452,12
31.5703,-0.0847644,-0.00980385,-0,-0.141025,-0.648219,0.00011998,0.00348598,12
31.5738,-0.0847644,-0.00700275,-0,-0.157765,-0.692389,0.000118417,0.00348632,12
31.5773,-0.0848383,-0.00700275,-0,-0.171481,-0.734769,0.000115632,0.0034874,12
31.5808,-0.0848383,-0.00980385,-0,-0.180916,-0.771164,0.000142431,0.00348604,12
31.5843,-0.0849122,-0.0148458,-0,-0.185287,-0.798016,0.000124148,0.00348558,12
31.5878,-0.0849122,-0.0131652,-0,-0.184279,-0.790502,0.000628303,0.00348593,15
31.5913,-0.0849861,-0.0249298,-0.00314159,-0.164622,-0.79922,0.000577609,0.00348056,9
31.5948,-0.08506,-0.0215685,-0.00314159,-0.149253,-0.743257,0.000582418,0.00348097,9
31.5983,-0.0851339,-0.0277309,-0.00314159,-0.137387,-0.723076,0.000573141,0.00348277,9
31.6018,-0.0852817,-0.0266104,-0.00314159,-0.128869,-0.694244,0.000568984,0.00348283,9
31.6053,-0.0853556,-0.0294115,-0.00314159,-0.124167,-0.687292,0.000585694,0.00348431,9
31.6088,-0.0855034,-0.0294115,-0.00314159,-0.124383,-0.688283,0.00056123,0.00348244,9
31.6123,-0.0855773,-0.0361342,-0.00314159,-0.131242,-0.727205,0.000561239,0.00348277,9
31.6158,-0.0857251,-0.0378148,-0.00314159,-0.122748,-0.705802,0.000554217,0.00348044,9
31.6193,-0.0858729,-0.0456579,-0.00314159,-0.113114,-0.697065,0.000557943,0.00348285,9
31.6228,-0.0860207,-0.0428568,-0.00314159,-0.103596,-0.660746,0.000548937,0.00348293,9
31.6263,-0.0861685,-0.0456579,-0.00314159,-0.0959206,-0.644803,0.000546973,0.00348078,9
31.6298,-0.0863163,-0.0473386,-0.00314159,-0.0922859,-0.638356,0.000545992,0.0034823,9
31.6333,-0.086538,-0.0540612,-0.00314159,-0.0953607,-0.665959,0.000540431,0.00348415,9
31.6368,-0.0866858,-0.0506999,-0.00314159,-0.0839338,-0.622294,0.000534881,0.0034818,9
31.6403,-0.0869075,-0.0523805,-0.00314159,-0.0728458,-0.59307,0.000567551,0.00348262,9
31.6438,-0.0870553,-0.0574225,-0.00314159,-0.0638236,-0.578864,0.000529301,0.00348205,9
31.6473,-0.087277,-0.0607838,-0.00314159,-0.0589081,-0.57305,0.000517339,0.00348255,9
31.6508,-0.0874987,-0.0607838,-0.00314159,-0.0604541,-0.578302,0.000520946,0.0034829,9
31.6543,-0.0876466,-0.0591032,-0.00314159,-0.0467796,-0.53213,0.000510828,0.00348173,9
31.6578,-0.0878683,-0.0557419,-0.00314159,-0.032097,-0.478608,0.000502993,0.00348233,9
31.6613,-0.08809,-0.0635849,-0.00314159,-0.0173484,-0.454293,0.000518801,0.00348392,9
31.6648,-0.0883116,-0.0686269,-0.00314159,-0.00363263,-0.425806,0.000503013,0.0034827,9
31.6683,-0.0885334,-0.0635849,-0.00314159,0.00779426,-0.377893,0.00050685,0.003483,9
31.6718,-0.0887551,-0.0607838,-0.00314159,0.0155194,-0.347256,0.000499386,0.00348291,9
31.6753,-0.0889768,-0.0624645,-0.00314159,0.0179728,-0.344609,0.000493956,0.00348292,9
31.6788,-0.0891985,-0.0574225,-0.00314159,0.0134277,-0.345856,0.000495228,0.00348231,9
31.6823,-0.0894202,-0.0652656,-0.00314159,-0,-0.408266,0.000492463,0.00348236,9
31.6858,-0.089568,-0.0591032,-0.00314159,-0,-0.392418,0.00049079,0.00348205,9
31.6893,-0.0897897,-0.0607838,-0.00314159,-0,-0.397323,0.000499937,0.00348405,9
31.6928,-0.0900114,-0.0607838,-0.00314159,-0,-0.397815,0.000474541,0.0034819,9
31.6963,-0.0901592,-0.0591032,-0.00314159,-0,-0.393732,0.00050116,0.00348283,9
31.6998,-0.0903809,-0.0540612,-0.00314159,-0,-0.380991,0.000470032,0.0034816,9
31.7033,-0.0905287,-0.0456579,-0.00314159,-0,-0.359261,0.000464833,0.00348272,9
31.7068,-0.0907504,-0.0506999,-0.00314159,-0,-0.372989,0.000461387,0.00348239,9
31.7103,-0.0908982,-0.0523805,-0.00314159,-0,-0.377729,0.000451659,0.00348259,9
31.7138,-0.0911199,-0.0490192,-0.00314159,-0,-0.369399,0.000457549,0.00348229,9
31.7173,-0.0912677,-0.0506999,-0.00314159,-0,-0.374139,0.000454744,0.00348358,9
31.7208,-0.0914155,-0.0490192,-0.00314159,-0,-0.370056,0.000446389,0.00348231,9
31.7243,-0.0915633,-0.0445375,-0.00314159,-0,-0.35862,0.000430891,0.0034712,9
31.7278,-0.0917111,-0.0456579,-0.00314159,-0,-0.36189,0.000440298,0.00348239,9
31.7313,-0.0918589,-0.0378148,-0.00314159,-0,-0.341631,0.00043639,0.00348266,9
31.7348,-0.0919328,-0.00700275,-0.00314159,-0,-0.260916,0.000432454,0.00348223,9
31.7383,-0.0920067,-0.0344535,-0.00314159,-0,-0.333136,0.000428426,0.00348276,9
31.7418,-0.0923023,-0.086554,-0.00314159,-0,-0.470552,0.000427825,0.00348277,9
31.7453,-0.0924501,-0.0394955,-0.00314159,-0,-0.347356,0.00042487,0.003484,9
31.7488,-0.0925979,-0.0344535,-0.00314159,-0,-0.33445,0.000415302,0.00348291,9
31.7523,-0.0927457,-0.0361342,-0.00314159,-0,-0.33919,0.000441149,0.00348198,9
31.7558,-0.0928196,-0.0378148,-0.00314159,-0,-0.343766,0.000420531,0.00348282,9
31.7593,-0.0929674,-0.0378148,-0.00314159,-0,-0.344095,0.00040903,0.00348283,9
31.7628,-0.0931152,-0.0378148,-0.00314159,-0,-0.344423,0.00041443,0.00348278,9
31.7663,-0.0931891,-0.0344535,-0.00314159,-0,-0.335764,0.000402789,0.00348259,9
31.7698,-0.0933369,-0.0361342,-0.00314159,-0,-0.340505,0.000395486,0.00348279,9
31.7733,-0.0934108,-0.0277309,-0.00314159,-0,-0.318611,0.000416975,0.00348392,9
31.7768,-0.0935586,-0.0294115,-0.00314159,-0,-0.323351,0.000389624,0.00348263,9
31.7803,-0.0936325,-0.0310922,-0.00314159,-0,-0.327927,0.000391147,0.00348265,9
31.7838,-0.0937803,-0.0294115,-0.00314159,-0,-0.323844,0.000381299,0.00348263,9
31.7873,-0.0938542,-0.0266104,-0.00314159,-0,-0.316656,0.000382221,0.00348272,9
31.7908,-0.0939281,-0.0266104,-0.00314159,-0,-0.31682,0.000376401,0.0034823,9
31.7943,-0.094002,-0.0232491,-0.00314159,-0,-0.308161,0.000367885,0.0034821,9
31.7978,-0.0940759,-0.0266104,-0.00314159,-0,-0.317148,0.000367915,0.00348248,9
31.8013,-0.0941498,-0.0198878,-0.00314159,-0,-0.299666,0.000373104,0.00348387,9
31.8048,-0.0942237,-0.0165265,-0.00314159,-0,-0.291007,0.000368676,0.00348211,9
31.8083,-0.0942976,-0.0148458,-0.00314159,-0,-0.28676,0.000393572,0.00348235,9
31.8118,-0.0943715,-0.0148458,-0.00314159,-0,-0.286924,0.000350583,0.00348227,9
31.8153,-0.0943715,-0.0148458,-0.00314159,-0,-0.286924,0.000358086,0.0034825,9
31.8188,-0.0944454,-0.0114845,-0.00314159,-0,-0.278265,0.000345955,0.0034826,9
31.8223,-0.0944454,-0.0131652,-0.00314159,-0,-0.282677,0.000361504,0.00347714,9
31.8258,-0.0945193,-0.00980385,-0.00314159,-0,-0.274018,0.000345033,0.0034824,9
31.8293,-0.0945193,-0.00364143,-0.00314159,-0,-0.257842,0.00033803,0.00348288,9
31.8328,-0.0945932,-0.00700275,-0.00314159,-0,-0.26683,0.00033774,0.00348292,9
31.8363,-0.0945932,-0.00868341,-0.00314159,-0,-0.271241,0.000322251,0.00348255,9
31.8398,-0.0945932,-0.00532209,-0.00314159,-0,-0.262418,0.000329995,0.00348269,9
31.8433,-0.0945932,-0.00196077,-0.00314159,-0,-0.253595,0.000326299,0.00348255,9
31.8468,-0.0946671,-0.00700275,-0.00314159,-0,-0.266994,0.000312444,0.00348232,9
31.8503,-0.0946671,-0.00364143,-0.00314159,-0,-0.258171,0.00032692,0.00348196,9
31.8538,-0.0946671,0.00140055,-0.00314159,-0,-0.244936,0.000303236,0.00348261,9
31.8573,-0.0946671,-0.00532209,-0.00314159,-0,-0.262582,0.000312804,0.00348358,9
31.8608,-0.0946671,0.00140055,-0.00314159,-0,-0.244936,0.000325868,0.00348111,9
31.8643,-0.0946671,0.00476187,-0.00314159,-0,-0.236113,0.000342508,0.00348108,9
31.8678,-0.0946671,-0.00364143,-0.00314159,-0,-0.258171,0.000290523,0.00348219,9
31.8713,-0.0946671,-0.00196077,-0.00314159,-0,-0.253759,0.000292076,0.00348094,9
31.8748,-0.0946671,0.00308121,-0.00314159,-0,-0.240525,0.000297776,0.00348252,9
31.8783,-0.0946671,-0.00364143,-0.00314159,-0,-0.258171,0.000292767,0.00347937,9
31.8818,-0.0946671,-0.00028011,-0.00314159,-0,-0.249348,0.000292767,0.00348247,9
31.8853,-0.0946671,-0.00196077,-0.00314159,-0,-0.253759,0.000291465,0.00348352,9
31.8888,-0.0946671,0.00140055,-0.00314159,-0,-0.244936,0.000281276,0.00348281,9
31.8923,-0.0946671,0.00140055,-0.00314159,-0,-0.244936,0.000298228,0.00348001,9
31.8958,-0.0946671,-0.00028011,-0.00314159,-0,-0.249348,0.000267921,0.00348234,9
31.8993,-0.0946671,0.00140055,-0.00314159,-0,-0.244936,0.000264385,0.00348196,9
31.9028,-0.0946671,0.00476187,-0.00314159,-0,-0.236113,0.00025589,0.00348253,9
31.9063,-0.0946671,-0.00196077,-0.00314159,-0,-0.253759,0.000252062,0.00347313,9
31.9098,-0.0946671,-0.00028011,-0.00314159,-0,-0.249348,0.000255048,0.00348281,9
31.9133,-0.0946671,-0.00196077,-0.00314159,-0,-0.253759,0.000248896,0.00348348,9
31.9168,-0.0946671,0.00140055,-0.00314159,-0,-0.244936,0.000252583,0.00348279,9
31.9203,-0.0946671,-0.00028011,-0.00314159,-0,-0.249348,0.000277359,0.00348209,9
31.9238,-0.0946671,-0.00196077,-0.00314159,-0,-0.253759,0.000246272,0.00348276,9
31.9273,-0.0946671,0.00644253,-0.00314159,-0,-0.231701,0.000251882,0.00348166,9
31.9308,-0.0946671,-0.00028011,-0.00314159,-0,-0.249348,0.000240061,0.00348288,9
31.9343,-0.0946671,-0.00364143,-0.00314159,-0,-0.258171,0.000235933,0.00348248,9
31.9378,-0.0946671,0.00140055,-0.00314159,-0,-0.244936,0.000231525,0.00348277,9
31.9413,-0.0946671,-0.00028011,-0.00314159,-0,-0.249348,0.000229922,0.00348301,9
31.9448,-0.0946671,-0.00028011,-0.00314159,-0,-0.249348,0.000214824,0.00348263,9
31.9483,-0.0946671,0.00140055,-0.00314159,-0,-0.244936,0.00022891,0.00348216,9
31.9518,-0.0946671,-0.00196077,-0.00314159,-0,-0.253759,0.000220775,0.00348263,9
31.9553,-0.0946671,0.00140055,-0.00314159,-0,-0.244936,0.000230012,0.00348199,9
31.9588,-0.0946671,0.00476187,-0.00314159,-0,-0.236113,0.000213922,0.00348264,9
31.9623,-0.0946671,0.00140055,-0.00314159,-0,-0.244936,0.000229451,0.00348167,9
31.9658,-0.0946671,-0.00028011,-0.00314159,-0,-0.249348,0.000197012,0.0034827,9
31.9693,-0.0946671,-0.00028011,-0.00314159,-0,-0.249348,0.000227808,0.00348374,9
31.9728,-0.0946671,-0.00364143,-0.00314159,-0,-0.258171,0.000196571,0.00348264,9
31.9763,-0.0946671,-0.00868341,-0.00314159,-0,-0.271406,0.000249137,0.00348254,9
31.9798,-0.0946671,-0.00364143,-0.00314159,-0,-0.258171,0.000165735,0.00348267,9
31.9833,-0.0946671,-0.00028011,-0.00314159,-0,-0.249348,0.000199155,0.00348514,9
31.9868,-0.0946671,-0.00196077,-0.00314159,-0,-0.253759,0.000156748,0.0034856,9
31.9903,-0.0946671,-0.00028011,-0.00314159,-0,-0.249348,0.000200989,0.00348461,9
31.9938,-0.0946671,-0.00364143,-0.00314159,-0,-0.258171,0.000148232,0.00348567,9
31.9973,-0.0946671,0.00476187,-0.00314159,-0,-0.236113,0.000197993,0.00348545,9
32.0008,-0.0946671,-0.00028011,-0.00314159,-0,-0.249348,0.000135448,0.00348601,9
32.0043,-0.0946671,0.00476187,-0.00314159,-0,-0.236113,0.000198104,0.00348561,9
32.0078,-0.0946671,0.00476187,-0.00314159,-0,-0.236113,0.0001363,0.0034855,9
32.0113,-0.0946671,-0.00028011,-0.00314159,-0,-0.249348,0.000233689,0.00348548,9
32.0148,-0.0946671,0.00644253,-0.00314159,-0,-0.231701,0.000124558,0.00348185,9
32.0183,-0.0946671,-0.00028011,-0.00314159,-0,-0.249348,0.000239409,0.00347331,9
32.0218,-0.0946671,-0.00364143,-0.00314159,-0,-0.258171,0.000127244,0.00348251,9
32.0253,-0.0946671,0.00140055,-0.00314159,-0,-0.244936,0.000120842,0.0034864,12
32.0288,-0.0946671,0.00308121,-0.00314159,-0,-0.240525,0.000121783,0.00348586,12
32.0323,-0.0946671,-0.00196077,-0.00314159,-0,-0.253759,0.000162889,0.00348329,12
32.0358,-0.0946671,-0.00364143,-0.00314159,-0,-0.258171,0.000122855,0.00348589,12
32.0393,-0.0946671,0.00140055,-0.00314159,-0,-0.244936,0.000124368,0.00348571,12
32.0428,-0.0946671,-0.00196077,-0.00314159,-0,-0.253759,0.000123526,0.00348589,12
32.0463,-0.0946671,-0.00028011,-0.00314159,-0,-0.249348,0.000123026,0.00348614,12
32.0498,-0.0946671,0.00140055,-0.00314159,-0,-0.244936,0.000123566,0.00348604,12
32.0533,-0.0946671,-0.00532209,-0.00314159,-0,-0.262582,0.000122956,0.0034709,12
32.0568,-0.0946671,-0.00028011,-0.00314159,-0,-0.249348,0.000121122,0.00348597,12
32.0603,-0.0946671,-0.00364143,-0.00314159,-0,-0.258171,0.000124268,0.00348518,12
32.0638,-0.0946671,0.00476187,-0.00314159,-0,-0.236113,0.000127093,0.00348619,12
32.0673,-0.0946671,-0.00364143,-0.00314159,-0,-0.258171,0.000122495,0.00348551,12
32.0708,-0.0946671,-0.00028011,-0.00314159,-0,-0.249348,0.000132644,0.00348647,12
32.0743,-0.0946671,-0.00196077,-0.00314159,-0,-0.253759,0.000123958,0.00348531,12
32.0778,-0.0946671,0.00140055,-0.00314159,-0,-0.244936,0.000120632,0.00348595,12
32.0813,-0.0946671,-0.00196077,-0.00314159,-0,-0.253759,0.000120451,0.00347758,12
32.0848,-0.0946671,-0.00364143,-0.00314159,-0,-0.258171,0.000134486,0.00347326,12
32.0883,-0.0946671,0.00140055,-0.00314159,-0,-0.244936,0.000152911,0.00348616,12
32.0918,-0.0946671,-0.00028011,-0.00314159,-0,-0.249348,0.000138064,0.00348606,12
32.0953,-0.0946671,-0.00364143,-0.00314159,-0,-0.258171,0.000128686,0.00348407,12
32.0988,-0.0946671,-0.00028011,-0.00314159,-0,-0.249348,0.000123496,0.00348598,12
32.1023,-0.0946671,0.00140055,-0.00314159,-0,-0.244936,0.000123476,0.00348394,12
32.1058,-0.0946671,-0.00028011,-0.00314159,-0,-0.249348,0.000130389,0.00348593,12
32.1093,-0.0946671,-0.00028011,-0.00314159,-0,-0.249348,0.000120862,0.00348631,12
32.1128,-0.0946671,0.00140055,-0.00314159,-0,-0.244936,0.000127003,0.00348639,12
32.1163,-0.0946671,0.00140055,-0.00314159,-0,-0.244936,0.000123476,0.00348578,12
32.1198,-0.0946671,0.00308121,-0.00314159,-0,-0.240525,0.000135819,0.00348609,12
32.1233,-0.0946671,-0.00700275,-0.00314159,-0,-0.266994,0.000126002,0.00348435,12
32.1268,-0.0946671,0.00308121,-0.00314159,-0,-0.240525,0.000136871,0.00348555,12
32.1303,-0.0946671,-0.00364143,-0.00314159,-0,-0.258171,0.000140628,0.00348139,12
32.1338,-0.0946671,-0.00028011,-0.00314159,-0,-0.249348,0.000124237,0.00348546,12
32.1373,-0.0946671,-0.00028011,-0.00314159,-0,-0.249348,0.000121784,0.00348669,12
32.1408,-0.0946671,-0.00196077,-0.00314159,-0,-0.253759,0.000124859,0.00348581,12
32.1443,-0.0946671,-0.00700275,-0.00314159,-0,-0.266994,0.0001635,0.0034841,12
32.1478,-0.0946671,-0.00364143,-0.00314159,-0,-0.258171,0.000135338,0.0034856,12
32.1513,-0.0946671,-0.00028011,-0,-0.0134277,-0.2525,0.000129568,0.00348473,12
32.1548,-0.0946671,0.00140055,-0,-0.0179728,-0.262078,0.000122585,0.00348554,12
32.1583,-0.0946671,0.00140055,-0,-0.0155194,-0.254527,0.000209644,0.00348585,12
32.1618,-0.0946671,0.00140055,-0,-0.00779426,-0.23075,0.000388193,0.00345496,12
32.1653,-0.0946671,-0.00196077,-0,0.00363263,-0.204402,0.000117706,0.00348704,12
32.1688,-0.0946671,0.00308121,-0,0.0173484,-0.148952,0.000119539,0.00348638,12
32.1723,-0.0946671,-0.00196077,-0,0.032097,-0.116792,0.000121503,0.00348531,12
32.1758,-0.0946671,0.00140055,-0,0.0467796,-0.0627771,0.000127474,0.00348624,12
32.1793,-0.0946671,0.00140055,-0,0.0604541,-0.0206881,0.000132272,0.00348491,12
32.1828,-0.0946671,0.00308121,-0,0.0723357,0.0202939,0.000127504,0.00348617,12
32.1863,-0.0946671,0.00140055,-0,0.0817964,0.0450014,0.000122935,0.00348574,12
32.1898,-0.0946671,-0.00196077,-0,0.0883652,0.0563962,0.00095425,0.00345695,15
32.1933,-0.0946671,-0.00364143,-0,0.0917281,0.0623352,0.000556722,0.00348111,9
32.1968,-0.0946671,0.00140055,-0,0.0917281,0.07557,0.000453983,0.003482,9
32.2003,-0.0946671,-0.00364143,-0,0.0883652,0.0519846,0.000383604,0.00348227,9
32.2038,-0.0946671,-0.00364143,-0,0.0817964,0.0317666,0.000328142,0.00347694,9
32.2073,-0.0946671,0.00140055,-0,0.0723357,0.0158823,0.000190489,0.00348377,9
32.2108,-0.0946671,-0.00364143,-0,0.0604541,-0.0339229,0.000264605,0.00347934,12
32.2143,-0.0946671,0.00140055,-0,0.0467796,-0.0627771,0.000144114,0.00348373,12
32.2178,-0.0946671,0.00140055,-0,0.032097,-0.107969,0.000146038,0.00348455,12
32.2213,-0.0946671,-0.00028011,0.00314159,0.00392069,-0.160928,0.000143423,0.00348387,13
32.2248,-0.0946671,-0.00196077,0.00314159,-0.0143402,-0.221545,0.000157248,0.00347887,14
32.2283,-0.0946671,-0.00532209,0.00314159,-0.0233137,-0.257987,0.000153201,0.00348259,14
32.2318,-0.0946671,-0.00028011,0.00314159,-0.0233137,-0.244752,0.000239569,0.00347797,14
32.2353,-0.0946671,-0.00028011,0.00314159,-0.0143402,-0.217133,0.000134336,0.00348415,14
32.2388,-0.0946671,0.00140055,0.00314159,0.00392069,-0.156516,0.000130309,0.00348504,14
32.2423,-0.0946671,-0.00028011,0.00314159,0.032097,-0.0742039,0.000156487,0.00348137,14
32.2458,-0.0946671,-0.00532209,0.00314159,0.0467796,-0.0422472,0.000131641,0.0034851,14
32.2493,-0.0946671,0.00140055,0.00314159,0.0604541,0.0174881,0.000155144,0.00348425,14
32.2528,-0.0946671,0.00140055,0.00628319,0.0589081,0.0509057,0.000209615,0.0034813,13
32.2563,-0.0946671,-0.00028011,0.00628319,0.0638236,0.0616237,0.000199386,0.00347479,13
32.2598,-0.0946671,0.00644253,0.00628319,0.0728458,0.107039,0.000323584,0.00347811,13
32.2633,-0.0946671,0.00140055,0.00628319,0.0839338,0.127933,0.000235101,0.00348362,13
32.2668,-0.0946671,-0.00028011,0.00628319,0.0953607,0.158692,0.000264435,0.00347772,13
32.2703,-0.0946671,0.00140055,0.00942478,0.0922859,0.191816,0.00028371,0.0034845,13
32.2738,-0.0946671,0.00140055,0.00942478,0.0959206,0.203003,0.000315138,0.00348214,13
32.2773,-0.0946671,-0.00364143,0.00942478,0.103596,0.213392,0.000336508,0.00348587,13
32.2808,-0.0946671,-0.00196077,0.00942478,0.113114,0.247099,0.000436441,0.00346788,13
32.2843,-0.0946671,0.00140055,0.00942478,0.122748,0.285575,0.000499727,0.0034689,13
32.2878,-0.0946671,-0.00196077,0.00942478,0.131242,0.302895,0.000529321,0.0034732,13
32.2913,-0.0946671,-0.00028011,0.00942478,0.137811,0.327524,0.000454173,0.00348355,10
32.2948,-0.0946671,0.00140055,0.00942478,0.14214,0.345262,0.00049581,0.00348275,10
32.2983,-0.0946671,0.00308121,0.00942478,0.144388,0.356592,0.000520344,0.00348504,10
32.3018,-0.0946671,0.00308121,0.0125664,0.131754,0.355882,0.000561991,0.00348329,10
32.3053,-0.0946671,-0.00028011,0.0125664,0.127647,0.334419,0.000599009,0.00348659,10
32.3088,-0.0946671,-0.00028011,0.0125664,0.131754,0.347059,0.000674508,0.00347721,10
32.3123,-0.0946671,-0.00364143,0.0125664,0.144388,0.377122,0.00064313,0.00348513,10
32.3158,-0.0946671,0.00140055,0.0125664,0.14214,0.383439,0.000683324,0.00347887,10
32.3193,-0.0945932,0.00644253,0.0125664,0.137811,0.383511,0.000118677,0.00348421,7
32.3228,-0.0946671,0.00308121,0.0125664,0.131242,0.354306,0.000743974,0.00347823,14
32.3263,-0.0946671,-0.00028011,0.0125664,0.122748,0.319339,0.000118557,0.00348301,7
32.3298,-0.0945932,-0.00196077,0.0125664,0.113114,0.28544,0.000156718,0.00348284,14
32.3333,-0.0945932,-0.00196077,0.0125664,0.103596,0.256144,0.000138675,0.00348558,14
32.3368,-0.0945932,-0.00532209,0.015708,0.0824929,0.220544,0.000157429,0.00348243,14
32.3403,-0.0945932,-0.00364143,0.015708,0.0743131,0.199779,0.000122354,0.00348479,14
32.3438,-0.0945932,-0.00196077,0.015708,0.0798414,0.221206,0.0002071,0.00348253,14
32.3473,-0.0945932,-0.00028011,0.015708,0.0761396,0.214224,0.000143463,0.00348375,14
32.3508,-0.0945932,0.00308121,0.015708,0.0764784,0.22409,0.000142842,0.0034825,14
32.3543,-0.0945932,-0.00028011,0.0188496,0.0677443,0.22656,0.000139316,0.00348519,14
32.3578,-0.0945932,-0.00028011,0.0188496,0.0730322,0.242836,0.000156337,0.0034823,14
32.3613,-0.0945932,-0.00196077,0.0188496,0.0917143,0.295926,0.0001255,0.0034866,14
32.3648,-0.0945932,-0.00700275,0.0219912,0.0860117,0.303316,0.000157179,0.00348271,14
32.3683,-0.0945932,-0.00028011,0.0219912,0.0900925,0.333522,0.000122445,0.00348497,14
32.3718,-0.0945932,-0.00196077,0.0219912,0.100974,0.362602,0.000177786,0.00348222,14
32.3753,-0.0945932,-0.00364143,0.0219912,0.116301,0.405365,0.000122705,0.00348385,14
32.3788,-0.0945932,0.00308121,0.0219912,0.134346,0.478553,0.000191091,0.00346258,14
32.3823,-0.0945932,-0.00196077,0.0219912,0.154011,0.525846,0.000122575,0.00348485,14
32.3858,-0.0945932,-0.00028011,0.0251327,0.161397,0.591168,0.000157348,0.00348162,14
32.3893,-0.0945932,0.00644253,0.0251327,0.178972,0.662907,0.000135379,0.00348682,14
32.3928,-0.0945932,0.00644253,0.0251327,0.205636,0.744975,0.000149615,0.00348249,14
32.3963,-0.0945932,0.00924363,0.0251327,0.216724,0.786456,0.000137403,0.00348455,14
32.3998,-0.0945193,0.00644253,0.0251327,0.223937,0.801468,0.000155345,0.00348094,14
32.4033,-0.0945193,0.00812319,0.0251327,0.226176,0.812771,0.000138153,0.00348454,14
32.4068,-0.0944454,0.0176469,0.0251327,0.22297,0.828067,0.000156607,0.00348236,14
32.4103,-0.0943715,0.0176469,0.0282743,0.201048,0.798936,0.000126542,0.00348449,14
32.4138,-0.0942976,0.0260502,0.0282743,0.183506,0.767165,0.000155315,0.00348292,14
32.4173,-0.0942237,0.030532,0.0282743,0.169873,0.737132,0.000128145,0.00348693,14
32.4208,-0.0940759,0.030532,0.0282743,0.160462,0.708494,0.00014159,0.00348313,14
32.4243,-0.094002,0.0389353,0.0314159,0.142945,0.714977,0.000131822,0.00348426,14
32.4278,-0.0938542,0.0406159,0.0314159,0.141516,0.715318,0.000194116,0.00346975,14
32.4313,-0.0937064,0.0422966,0.0314159,0.132608,0.692642,0.000123216,0.00348449,14
32.4348,-0.0935586,0.048459,0.0345575,0.115752,0.69544,0.000153922,0.00348209,14
32.4383,-0.0933369,0.0467784,0.0345575,0.11357,0.684806,0.000168309,0.00348506,13
32.4418,-0.0931891,0.0501397,0.0345575,0.125278,0.729995,0.000189948,0.00348268,13
32.4453,-0.0930413,0.053501,0.0345575,0.151034,0.818419,0.000215435,0.00348579,13
32.4488,-0.0928196,0.058543,0.0345575,0.167584,0.883087,0.00026168,0.00347859,13
32.4523,-0.0925979,0.0568623,0.0345575,0.1882,0.942621,0.000269935,0.00348285,13
32.4558,-0.0923762,0.058543,0.0345575,0.213509,1.02542,0.000312003,0.00348257,13
32.4593,-0.0920067,0.131932,0.0345575,0.220574,1.24063,0.00032661,0.00348463,13
32.4628,-0.0919328,0.0406159,0.0345575,0.222821,1.00802,0.000353799,0.003483,13
32.4663,-0.0916372,0.0843131,0.0376991,0.207453,1.11425,0.000415983,0.00348534,13
32.4698,-0.0913416,0.0859937,0.0376991,0.198033,1.09032,0.00045765,0.00348328,13
32.4733,-0.0909721,0.094397,0.0376991,0.194563,1.10252,0.000548897,0.00348648,10
32.4768,-0.0906765,0.105601,0.0376991,0.197827,1.14264,0.000550009,0.00347832,10
32.4803,-0.0902331,0.108963,0.0376991,0.185045,1.1131,0.000687111,0.00347045,10
32.4838,-0.0898636,0.114005,0.0376991,0.1698,1.08024,0.000680539,0.00348509,10
32.4873,-0.0894202,0.118486,0.0376991,0.152879,1.0409,0.000631588,0.00348643,10
32.4908,-0.0890507,0.12689,0.0376991,0.135693,1.01089,0.000668927,0.00348516,10
32.4943,-0.0885334,0.131932,0.0376991,0.120284,0.977845,0.000196791,0.00348633,7
32.4978,-0.0881639,0.134733,0.0376991,0.10932,0.952274,0.000134917,0.00348401,14
32.5013,-0.0876466,0.149859,0.0376991,0.106099,0.983214,0.000132753,0.00348777,14
32.5048,-0.0871292,0.149859,0.0376991,0.0901944,0.93541,0.000133836,0.00348163,14
32.5083,-0.0866119,0.15266,0.0376991,0.0773881,0.904496,0.000118838,0.00348631,14
32.5118,-0.0860207,0.156021,0.0376991,0.0705062,0.893452,0.000464361,0.00345167,14
32.5153,-0.0854295,0.164425,0.0376991,0.072846,0.924026,0.000130199,0.00348641,14
32.5188,-0.0849122,0.168906,0.0376991,0.0638237,0.90917,0.000123607,0.00348512,14
32.5223,-0.084321,0.172268,0.0376991,0.0589081,0.904178,0.000130709,0.00348645,14
32.5258,-0.0836559,0.17731,0.0376991,0.0604542,0.92365,0.00011942,0.00348607,14
32.5293,-0.0829908,0.186833,0.0376991,0.0467795,0.908038,0.000126652,0.00348752,14
32.5328,-0.0823996,0.190195,0.0376991,0.032097,0.872984,0.000118517,0.0034864,14
32.5363,-0.0816606,0.191875,0.0376991,0.0173483,0.833643,0.000129498,0.00348645,14
32.5398,-0.0809955,0.200279,0.0376991,0.00363255,0.814964,0.000118908,0.00348657,14
32.5433,-0.0802564,0.20476,0.0345575,0.0056334,0.796353,0.000154533,0.00348608,14
32.5468,-0.0795913,0.211483,0.0345575,0.00245345,0.805691,0.0001198,0.00348631,14
32.5503,-0.0788523,0.211483,0.0345575,-0.00245345,0.79223,0.000118277,0.00348663,14
32.5538,-0.0781133,0.209802,0.0345575,-0.00563347,0.779674,0.000124278,0.00348401,14
32.5573,-0.0773004,0.218206,0.0345575,-0.00363263,0.809697,0.000116223,0.00348779,14
32.5608,-0.0765614,0.224368,0.0345575,-0.0173483,0.7853,0.000120801,0.00348637,14
32.5643,-0.0757485,0.22941,0.0345575,-0.032097,0.754947,0.000121643,0.00348571,14
32.5678,-0.0749356,0.226049,0.0345575,-0.0467796,0.702739,0.00013093,0.00348573,14
32.5713,-0.0741227,0.231091,0.0345575,-0.0604542,0.675692,0.000118738,0.00348669,14
32.5748,-0.0733098,0.237813,0.0314159,-0.0589081,0.661728,0.0001196,0.00348656,14
32.5783,-0.0724969,0.239494,0.0314159,-0.0638236,0.652817,0.000135498,0.00348479,14
32.5818,-0.0716839,0.239494,0.0314159,-0.0728458,0.626855,0.000115802,0.00348646,14
32.5853,-0.0707971,0.240614,0.0282743,-0.0705061,0.600792,0.00012022,0.00348815,14
32.5888,-0.0699842,0.243976,0.0282743,-0.0773879,0.590241,0.000139826,0.00348437,14
32.5923,-0.0690974,0.243976,0.0282743,-0.0901942,0.552796,0.000119299,0.00348625,14
32.5958,-0.0682106,0.250698,0.0282743,-0.106099,0.52346,0.000391578,0.00345697,14
32.5993,-0.0672499,0.252379,0.0282743,-0.122748,0.478763,0.000210275,0.00348567,13
32.6028,-0.066437,0.25574,0.0251327,-0.124829,0.444812,0.000124738,0.00347658,13
32.6063,-0.0654024,0.421565,0.0251327,-0.133239,0.856502,0.000168018,0.00348644,13
32.6098,-0.0647372,0.247337,0.0251327,-0.145153,0.363976,0.00022311,0.00348625,13
32.6133,-0.0638504,0.252379,0.0251327,-0.158373,0.338492,0.000264415,0.00348654,13
32.6168,-0.0629636,0.25406,0.0251327,-0.171329,0.304999,0.000261109,0.00348539,13
32.6203,-0.0620768,0.250698,0.0251327,-0.183079,0.261983,0.000323864,0.00348592,13
32.6238,-0.06119,0.249018,0.0251327,-0.193308,0.228058,0.00033233,0.00348617,13
32.6273,-0.0603032,0.249018,0.0251327,-0.202331,0.202256,0.000385808,0.00347586,13
32.6308,-0.0594164,0.240614,0.0251327,-0.21109,0.15521,0.000408981,0.00348406,13
32.6343,-0.0586035,0.243976,0.0251327,-0.221155,0.134862,0.000439817,0.00348351,10
32.6378,-0.0577167,0.237813,0.0251327,-0.210372,0.153846,0.000475042,0.00348501,10
32.6413,-0.0569037,0.237813,0.0219912,-0.17937,0.212898,0.000515646,0.00348683,10
32.6448,-0.0560908,0.238934,0.0219912,-0.151558,0.303251,0.000542004,0.00348577,10
32.6483,-0.0552779,0.22941,0.0219912,-0.126621,0.356812,0.000582689,0.0034861,10
32.6518,-0.054465,0.227729,0.0219912,-0.104874,0.421142,0.00064892,0.00348594,10
32.6553,-0.0536521,0.222687,0.0219912,-0.0872579,0.463934,0.00067039,0.00348474,10
32.6588,-0.0528392,0.226049,0.0219912,-0.0753439,0.511234,0.000680248,0.00348395,10
32.6623,-0.0521002,0.226049,0.0219912,-0.0713291,0.525234,0.000123286,0.00348536,7
32.6658,-0.0514351,0.224368,0.0219912,-0.0780397,0.501647,0.000127564,0.00348651,14
32.6693,-0.0506222,0.234452,0.0219912,-0.0745783,0.540577,0.000125821,0.00348733,14
32.6728,-0.0498093,0.232771,0.0219912,-0.0762564,0.532808,0.000127283,0.00348631,14
32.6763,-0.0489963,0.234452,0.0219912,-0.0854291,0.510794,0.000117145,0.00348658,14
32.6798,-0.0481834,0.227729,0.0219912,-0.080571,0.509907,0.000118037,0.00348655,14
32.6833,-0.0473705,0.232771,0.0219912,-0.0762087,0.538375,0.000128666,0.00348481,14
32.6868,-0.0465576,0.236133,0.0219912,-0.0737553,0.556557,0.000119409,0.00348616,14
32.6903,-0.0457447,0.236133,0.0219912,-0.0749376,0.554725,0.000121594,0.00348551,14
32.6938,-0.0449318,0.232771,0.0219912,-0.0817964,0.526598,0.000117996,0.00348635,14
32.6973,-0.0441189,0.234452,0.0219912,-0.0723358,0.561936,0.00011942,0.00348705,14
32.7008,-0.043306,0.231091,0.0219912,-0.060454,0.59149,0.000118457,0.00348622,14
32.7043,-0.0424931,0.236133,0.0219912,-0.0467796,0.648621,0.000128986,0.00348333,14
32.7078,-0.0416801,0.236133,0.0219912,-0.0320969,0.69562,0.000118216,0.00348641,14
32.7113,-0.0408672,0.226049,0.0219912,-0.0173483,0.716352,0.000120801,0.003486,14
32.7148,-0.0388719,-0.875904,0.0219912,-0.00363258,-2.12953,0.000119279,0.00348637,14
32.7183,-0.0388719,-0.875904,0.0219912,0.00779425,-2.09436,0.000120551,0.00348563,14
32.7218,-0.0388719,-0.875904,0.0219912,0.0155194,-2.07058,0.000117857,0.00348645,14
32.7253,-0.0388719,-0.875904,0.0219912,0.0179729,-2.06303,0.000117466,0.00348696,14
32.7288,-0.0388719,-0.875904,0.0219912,0.0134277,-2.07702,0.000125611,0.00348484,14
32.7323,-0.0388719,-0.875904,0.0219912,-0,-2.11835,0.000126923,0.00348601,14
32.7358,-0.0388719,-0.875904,0.0219912,-0,-2.11835,0.000120832,0.00348633,14
32.7393,-0.0388719,-0.875904,0.0219912,-0,-2.11835,0.000121673,0.0034862,14
32.7428,-0.0388719,-0.875904,0.0219912,-0,-2.11835,0.00012001,0.00348659,14
32.7463,-0.0388719,-0.875904,0.0251327,-0.0134276,-2.1215,0.000119218,0.00348639,14
32.7498,-0.0388719,-0.875904,0.0251327,-0.0179727,-2.13549,0.00016901,0.00348236,14
32.7533,-0.0388719,-0.875904,0.0251327,-0.0155193,-2.12794,0.000129047,0.00348535,14
32.7568,-0.0388719,-0.875904,0.0251327,-0.00779418,-2.10416,0.000116654,0.00348646,14
32.7603,-0.0388719,-0.875904,0.0251327,0.00363272,-2.06899,0.00011966,0.00348625,14
32.7638,-0.0388719,-0.875904,0.0282743,0.0039208,-2.02993,0.000117645,0.00348622,14
32.7673,-0.0388719,-0.875904,0.0282743,0.0141243,-1.99852,0.00011956,0.00348598,14
32.7708,-0.0388719,-0.875904,0.0314159,0.0178326,-1.94893,0.000146178,0.00348642,14
32.7743,-0.0388719,-0.875904,0.0345575,0.0212595,-1.90021,0.000134346,0.00347353,13
32.7778,-0.0388719,-0.875904,0.0345575,0.0424762,-1.8349,0.000169932,0.00348623,13
32.7813,-0.0388719,-0.875904,0.0345575,0.0758312,-1.73224,0.000238357,0.00348705,13
32.7848,-0.0388719,-0.875904,0.0376991,0.102873,-1.61083,0.000265928,0.0034858,13
32.7883,-0.0388719,-0.875904,0.0376991,0.141516,-1.49189,0.000302626,0.00348563,13
32.7918,-0.0388719,-0.875904,0.0376991,0.186108,-1.35464,0.000338742,0.00348637,13
32.7953,-0.0388719,-0.875904,0.0376991,0.231783,-1.21406,0.000390867,0.00348507,13
32.7988,-0.0388719,-0.875904,0.0408407,0.261032,-1.08586,0.000442211,0.00348376,13
32.8023,-0.0388719,-0.875904,0.0439823,0.279439,-0.991029,0.000502633,0.00348545,10
32.8058,-0.0388719,-0.875904,0.0471239,0.291491,-0.915756,0.000553024,0.00348592,10
32.8093,-0.0388719,-0.875904,0.0471239,0.314162,-0.845977,0.000587588,0.00348683,10
32.8128,-0.0388719,-0.875904,0.0502655,0.327901,-0.765515,0.000644292,0.00348602,10
32.8163,-0.0388719,-0.875904,0.0502655,0.350151,-0.697032,0.000118698,0.00348614,7
32.8198,-0.0388719,-0.875904,0.0502655,0.375417,-0.619266,0.000704532,0.00348164,17
32.8233,-0.0388719,-0.875904,0.0534071,0.38619,-0.547932,0.000119198,0.00348522,7
32.8268,-0.0388719,-0.875904,0.0565487,0.388683,-0.50208,0.000160524,0.0034864,14
32.8303,-0.0388719,-0.875904,0.0596903,0.38864,-0.464037,0.000121132,0.0034858,14
32.8338,-0.0388719,-0.875904,0.0596903,0.404916,-0.41394,0.000130659,0.00348661,14
32.8373,-0.0388719,-0.875904,0.0628318,0.420474,-0.32788,0.000118267,0.00348767,14
32.8408,-0.0388719,-0.875904,0.0659734,0.418117,-0.296958,0.000127114,0.00348669,14
32.8443,-0.0388719,-0.875904,0.069115,0.416231,-0.264586,0.000137031,0.00348357,14
32.8478,-0.0388719,-0.875904,0.0722566,0.419774,-0.215506,0.000126882,0.00348649,14
32.8513,-0.0388719,-0.875904,0.0722566,0.447288,-0.130821,0.000117256,0.00348603,14
32.8548,-0.0388719,-0.875904,0.0753982,0.481891,0.0138601,0.000126001,0.00348667,14
32.8583,-0.0388719,-0.875904,0.0785398,0.507016,0.12937,0.000119409,0.0034856,14
32.8618,-0.0388719,-0.875904,0.0816814,0.542148,0.275677,0.000117356,0.00348665,14
32.8653,-0.0388719,-0.875904,0.084823,0.569462,0.397925,0.000121122,0.00348612,14
32.8688,-0.0388719,-0.875904,0.0879646,0.582994,0.477751,0.000125551,0.0034842,14
32.8723,-0.0388719,-0.875904,0.0879646,0.612986,0.570063,0.000118778,0.00348613,14
32.8758,-0.0388719,-0.875904,0.0911062,0.641144,0.694907,0.000117305,0.00348622,14
32.8793,-0.0388719,-0.875904,0.0942478,0.649802,0.75973,0.000140598,0.0034818,14
32.8828,-0.0388719,-0.875904,0.0973894,0.657658,0.822087,0.000117545,0.00348626,14
32.8863,-0.0388719,-0.875904,0.100531,0.670769,0.900619,0.000132904,0.00348361,14
32.8898,-0.0388719,-0.875904,0.100531,0.709563,1.02002,0.000127123,0.0034842,14
32.8933,-0.0388719,-0.875904,0.103673,0.735474,1.13795,0.000124519,0.00348533,14
32.8968,-0.0388719,-0.875904,0.109956,0.733192,1.20728,0.000119229,0.00348607,14
32.9003,-0.0388719,-0.875904,0.109956,0.735471,1.21429,0.00013652,0.00348603,13
32.9038,-0.0388719,-0.875904,0.113097,0.738387,1.26144,0.000118418,0.00348323,14
32.9073,-0.0388719,-0.875904,0.116239,0.725686,1.26053,0.000168288,0.0034863,13
32.9108,-0.0388719,-0.875904,0.119381,0.717951,1.2749,0.000213061,0.00348614,13
32.9143,-0.0388719,-0.875904,0.122522,0.723594,1.33044,0.000278,0.00348302,13
32.9178,-0.0388719,-0.875904,0.125664,0.728088,1.38245,0.000315459,0.00348606,13
32.9213,-0.0388719,-0.875904,0.128805,0.729707,1.42561,0.000373075,0.00348663,13
32.9248,-0.0388719,-0.875904,0.131947,0.726095,1.45267,0.000410012,0.00348642,13
32.9283,-0.0388719,-0.875904,0.135088,0.738621,1.5294,0.000471576,0.00348636,10
32.9318,-0.0388719,-0.875904,0.13823,0.752444,1.61012,0.000518772,0.0034858,10
32.9353,-0.0388719,-0.875904,0.141372,0.76568,1.68903,0.000636277,0.0034854,10
32.9388,-0.0388719,-0.875904,0.144513,0.775974,1.7589,0.000655102,0.0034839,10
32.9423,-0.0388719,-0.875904,0.147655,0.780501,1.81101,0.000150015,0.00348584,7
32.9458,-0.0388719,-0.875904,0.150796,0.800314,1.91017,0.0001362,0.00348451,14
32.9493,-0.0388719,-0.875904,0.153938,0.820418,2.01022,0.000143393,0.00347752,14
32.9528,-0.0388719,-0.875904,0.15708,0.838925,2.10536,0.000117986,0.00348621,14
32.9563,-0.0388719,-0.875904,0.160221,0.85364,2.18883,0.000118067,0.00348618,14
32.9598,-0.0388719,-0.875904,0.163363,0.862051,2.25289,0.000135178,0.00348427,14
32.9633,-0.0388719,-0.875904,0.166504,0.861331,2.28885,0.000118527,0.00348615,14
32.9668,-0.0388719,-0.875904,0.172788,0.859264,2.35884,0.00013079,0.00348672,14
32.9703,-0.0388719,-0.875904,0.175929,0.863477,2.40998,0.00012002,0.00348607,15
32.9738,-0.0388719,-0.875904,0.179071,0.870673,2.47031,0.00013078,0.00348613,16
32.9773,-0.0388719,-0.875904,0.185354,0.864127,2.52651,0.000117776,0.0034875,16
32.9808,-0.0388719,-0.875904,0.188496,0.862852,2.56077,0.000131631,0.00348656,16
32.9843,-0.0388719,-0.875904,0.188496,0.899448,2.6734,0.000129668,0.00348389,16
32.9878,-0.0388719,-0.875904,0.191637,0.93535,2.82208,0.000131431,0.00348612,14
32.9913,-0.0388719,-0.875904,0.19792,0.93215,2.88859,0.000295652,0.00348257,14
32.9948,-0.0388719,-0.875904,0.201062,0.94727,2.9733,0.00044167,0.00348617,14
32.9983,-0.0388719,-0.875904,0.201062,0.978355,3.06898,0.000580646,0.00348533,11
33.0018,-0.0388719,-0.875904,0.204204,1.00105,3.17701,0.000692781,0.00348592,11
33.0053,-0.0388719,-0.875904,0.207345,1.01552,3.25972,0.000815897,0.00347173,8
33.0088,-0.0388719,-0.875904,0.207345,1.0355,3.32122,0.000400605,0.00345351,8
33.0123,-0.0388719,-0.875904,0.210487,1.03915,3.37064,0.000137533,0.00348462,16
33.0158,-0.0388719,-0.875904,0.210487,1.04242,3.38069,0.000118988,0.00348655,16
33.0193,-0.0388719,-0.875904,0.213628,1.0255,3.36678,0.00013626,0.00348567,16
33.0228,-0.0388719,-0.875904,0.213628,1.00622,3.30743,0.000128786,0.00348643,16
33.0263,-0.0388719,-0.875904,0.213628,0.979926,3.22652,0.000119129,0.00348669,16
33.0298,-0.0388719,-0.875904,0.213628,0.943713,3.11506,0.000409051,0.00344124,16
33.0333,-0.0388719,-0.875904,0.213628,0.896231,2.96891,0.000123316,0.00348725,16
33.0368,-0.0388719,-0.875904,0.213628,0.837545,2.78828,0.000119159,0.00348319,16
33.0403,-0.0388719,-0.875904,0.213628,0.768978,2.57724,0.00025098,0.00348608,14
33.0438,-0.0388719,-0.875904,0.213628,0.692948,2.34323,0.00034877,0.00348599,14
33.0473,-0.0388719,-0.875904,0.213628,0.612822,2.09661,0.000464332,0.00348618,14
33.0508,-0.0388719,-0.875904,0.213628,0.532745,1.85014,0.000630356,0.00348623,11
33.0543,-0.0388719,-0.875904,0.210487,0.470919,1.62167,0.000754234,0.00348336,8
33.0578,-0.0388719,-0.875904,0.210487,0.410286,1.43505,0.000132243,0.00348542,8
33.0613,-0.0388719,-0.875904,0.210487,0.333936,1.20005,0.000126392,0.0034872,16
33.0648,-0.0388719,-0.875904,0.210487,0.260544,0.974156,0.000132272,0.00348648,16
33.0683,-0.0388719,-0.875904,0.207345,0.20847,0.7757,0.000119219,0.00348572,16
33.0718,-0.0388719,-0.875904,0.204204,0.148942,0.554304,0.000133695,0.00348618,16
33.0753,-0.0388719,-0.875904,0.201062,0.0900265,0.334791,0.000133765,0.00348403,16
33.0788,-0.0388719,-0.875904,0.201062,0.0380681,0.174868,0.000132724,0.00348619,16
33.0823,-0.0388719,-0.875904,0.201062,-0.0133863,0.0164964,0.000123426,0.00348651,16
33.0858,-0.0388719,-0.875904,0.19792,-0.0698571,-0.195491,0.000132663,0.00348652,16
33.0893,-0.0388719,-0.875904,0.19792,-0.138748,-0.40753,0.000144114,0.00348747,14
33.0928,-0.0388719,-0.875904,0.194779,-0.180957,-0.575621,0.000322602,0.00348467,14
33.0963,-0.0388719,-0.875904,0.191637,-0.217631,-0.726677,0.000440498,0.00348562,14
33.0998,-0.0388719,-0.875904,0.188496,-0.256957,-0.885896,0.000631068,0.0034709,11
33.1033,-0.0388719,-0.875904,0.188496,-0.296986,-1.0091,0.000673966,0.0034864,11
33.1068,-0.0388719,-0.875904,0.188496,-0.350136,-1.17269,0.000123085,0.00348619,8
33.1103,-0.0388719,-0.875904,0.188496,-0.394191,-1.30829,0.000118929,0.00348663,16
33.1138,-0.0388719,-0.875904,0.185354,-0.43238,-1.46401,0.00015288,0.00348607,16
33.1173,-0.0388719,-0.875904,0.185354,-0.469188,-1.5773,0.000121844,0.00348781,16
33.1208,-0.0388719,-0.875904,0.182212,-0.486167,-1.66773,0.000127524,0.00348636,16
33.1243,-0.0388719,-0.875904,0.182212,-0.502014,-1.71651,0.000132864,0.0034853,16
33.1278,-0.0388719,-0.875904,0.179071,-0.49922,-1.74608,0.000147992,0.00347107,16
33.1313,-0.0388719,-0.875904,0.179071,-0.497582,-1.74104,0.000124548,0.00348455,16
33.1348,-0.0388719,-0.875904,0.179071,-0.494276,-1.73087,0.000128005,0.00347662,16
33.1383,-0.0388719,-0.875904,0.179071,-0.488204,-1.71218,0.000130529,0.00348646,14
33.1418,-0.0388719,-0.875904,0.179071,-0.479991,-1.6869,0.000253845,0.00348484,14
33.1453,-0.0388719,-0.875904,0.179071,-0.471994,-1.66229,0.000380999,0.00348591,14
33.1488,-0.0388719,-0.875904,0.179071,-0.443944,-1.57595,0.000489598,0.00348563,14
33.1523,-0.0388719,-0.875904,0.179071,-0.412877,-1.48033,0.000597616,0.00348625,11
33.1558,-0.0388719,-0.875904,0.179071,-0.383977,-1.39138,0.00070874,0.00348403,11
33.1593,-0.0388719,-0.875904,0.179071,-0.363993,-1.32987,0.00013069,0.0034863,8
33.1628,-0.0388719,-0.875904,0.179071,-0.336893,-1.24646,0.000121923,0.00348598,16
33.1663,-0.0388719,-0.875904,0.179071,-0.299449,-1.13121,0.000122835,0.00348642,16
33.1698,-0.0388719,-0.875904,0.179071,-0.247643,-0.971757,0.000179089,0.00348184,16
33.1733,-0.0388719,-0.875904,0.179071,-0.200871,-0.827795,0.000122915,0.00348742,16
33.1768,-0.0388719,-0.875904,0.182212,-0.179622,-0.724217,0.000129267,0.00348598,16
33.1803,-0.0388719,-0.875904,0.182212,-0.1454,-0.618887,0.00012531,0.00348656,16
33.1838,-0.0388719,-0.875904,0.182212,-0.120583,-0.542501,0.000133535,0.00348274,16
33.1873,-0.0388719,-0.875904,0.182212,-0.0905502,-0.450064,0.000124048,0.00348612,16
33.1908,-0.0388719,-0.875904,0.182212,-0.0527009,-0.333568,0.000136902,0.00348259,14
33.1943,-0.0388719,-0.875904,0.185354,-0.0162897,-0.183321,0.000258023,0.00348516,14
33.1978,-0.0388719,-0.875904,0.185354,0.022543,-0.0637979,0.000387942,0.00347779,14
33.2013,-0.0388719,-0.875904,0.185354,0.0565748,0.0409484,0.000516027,0.00348631,11
33.2048,-0.0388719,-0.875904,0.185354,0.0784267,0.108206,0.000631228,0.00348391,11
33.2083,-0.0388719,-0.875904,0.185354,0.104915,0.189735,0.000748393,0.00348419,8
33.2118,-0.0388719,-0.875904,0.185354,0.117117,0.227292,0.000130118,0.00348393,8
33.2153,-0.0388719,-0.875904,0.185354,0.13389,0.278916,0.000126061,0.00348615,16
33.2188,-0.0388719,-0.875904,0.185354,0.138508,0.29313,0.00013039,0.00348376,16
33.2223,-0.0388719,-0.875904,0.185354,0.152183,0.335219,0.000123256,0.00348638,16
33.2258,-0.0388719,-0.875904,0.185354,0.160701,0.361438,0.000154864,0.00348471,16
33.2293,-0.0388719,-0.875904,0.185354,0.163593,0.37034,0.000120651,0.0034877,16
33.2328,-0.0388719,-0.875904,0.185354,0.160701,0.36144,0.000129898,0.00348476,16
33.2363,-0.0388719,-0.875904,0.185354,0.152182,0.335219,0.000124177,0.00348609,16
33.2398,-0.0388719,-0.875904,0.182212,0.151936,0.296283,0.000177125,0.00347578,16
33.2433,-0.0388719,-0.875904,0.182212,0.138436,0.254731,0.00016854,0.00348401,14
33.2468,-0.0388719,-0.875904,0.182212,0.114665,0.181567,0.000297205,0.00348365,14
33.2503,-0.0388719,-0.875904,0.179071,0.0971904,0.0896068,0.000413298,0.00348599,14
33.2538,-0.0388719,-0.875904,0.179071,0.0670003,-0.0033155,0.000618194,0.00348147,14
33.2573,-0.0388719,-0.875904,0.179071,0.0294316,-0.118948,0.000659119,0.00348738,11
33.2608,-0.0388719,-0.875904,0.175929,0.00324881,-0.237712,0.000802382,0.00347884,11
33.2643,-0.0388719,-0.875904,0.175929,-0.0285189,-0.33549,0.000122194,0.00348575,8
33.2678,-0.0388719,-0.875904,0.175929,-0.0586506,-0.428232,0.000140878,0.00348253,16
33.2713,-0.0388719,-0.875904,0.175929,-0.104433,-0.569146,0.000122695,0.00348623,16
33.2748,-0.0388719,-0.875904,0.175929,-0.147729,-0.702407,0.000167127,0.00347733,16
33.2783,-0.0388719,-0.875904,0.172788,-0.170713,-0.811325,0.000124338,0.00348544,14
33.2818,-0.0388719,-0.875904,0.172788,-0.191616,-0.875662,0.000131802,0.00348304,14
33.2853,-0.0388719,-0.875904,0.172788,-0.204784,-0.916194,0.000263594,0.00347837,14
33.2888,-0.0388719,-0.875904,0.169646,-0.215963,-0.988776,0.00014707,0.00347934,14
33.2923,-0.0388719,-0.875904,0.166504,-0.218093,-1.03351,0.000129167,0.00348495,14
33.2958,-0.0388719,-0.875904,0.163363,-0.216289,-1.06613,0.000155576,0.00348162,14
33.2993,-0.0388719,-0.875904,0.163363,-0.227995,-1.10216,0.000126201,0.00347701,14
33.3028,-0.0388719,-0.875904,0.163363,-0.247403,-1.1619,0.000141069,0.00348381,14
33.3063,-0.0388719,-0.875904,0.160221,-0.256374,-1.22769,0.000118607,0.00348651,14
33.3098,-0.0388719,-0.875904,0.160221,-0.273609,-1.28073,0.000138935,0.00348325,14
33.3133,-0.0388719,-0.875904,0.15708,-0.281283,-1.34253,0.000118006,0.00348755,14
33.3168,-0.0388719,-0.875904,0.153938,-0.285139,-1.39258,0.000132123,0.00348431,14
33.3203,-0.0388719,-0.875904,0.150796,-0.290294,-1.44662,0.000121343,0.00348643,14
33.3238,-0.0388719,-0.875904,0.150796,-0.314815,-1.52209,0.000135528,0.0034846,14
33.3273,-0.0388719,-0.875904,0.147655,-0.340726,-1.64002,0.000123297,0.00348665,14
33.3308,-0.0388719,-0.875904,0.147655,-0.387509,-1.78401,0.000137612,0.00348359,14
33.3343,-0.0388719,-0.875904,0.141372,-0.400975,-1.90181,0.000121343,0.00348398,14
33.3378,-0.0388719,-0.875904,0.13823,-0.422447,-2.00608,0.000164452,0.0034845,13
33.3413,-0.0388719,-0.875904,0.13823,-0.468899,-2.14905,0.0002292,0.00348629,13
33.3448,-0.0388719,-0.875904,0.135088,-0.497369,-2.27485,0.000254186,0.00348409,13
33.3483,-0.0388719,-0.875904,0.135088,-0.538416,-2.40119,0.00032179,0.00348612,13
33.3518,-0.0388719,-0.875904,0.128805,-0.560161,-2.54447,0.000372002,0.00348489,13
33.3553,-0.0388719,-0.875904,0.125664,-0.566619,-2.60253,0.0004146,0.00348305,13
33.3588,-0.0388719,-0.875904,0.125664,-0.586936,-2.66506,0.000446189,0.00348434,13
33.3623,-0.0388719,-0.875904,0.122522,-0.601559,-2.74825,0.000501921,0.00348623,10
33.3658,-0.0388719,-0.875904,0.119381,-0.615761,-2.83013,0.000607975,0.00348388,10
33.3693,-0.0388719,-0.875904,0.116239,-0.635441,-2.92889,0.000587719,0.00348692,10
33.3728,-0.0388719,-0.875904,0.113097,-0.642934,-2.99012,0.000638361,0.00348392,10
33.3763,-0.0388719,-0.875904,0.109956,-0.657095,-3.07188,0.000777326,0.0034826,10
33.3798,-0.0388719,-0.875904,0.106814,-0.684295,-3.19378,0.000731782,0.00347806,7
33.3833,-0.0388719,-0.875904,0.103673,-0.707652,-3.30385,0.000157589,0.00348284,7
33.3868,-0.0388719,-0.875904,0.100531,-0.722771,-3.38856,0.000146038,0.00348291,14
33.3903,-0.0388719,-0.875904,0.100531,-0.737741,-3.43463,0.000122344,0.00348494,14
33.3938,-0.0388719,-0.875904,0.0973894,-0.748325,-3.50539,0.000122956,0.0034843,14
33.3973,-0.0388719,-0.875904,0.0942478,-0.762305,-3.58659,0.000154643,0.00348724,14
33.4008,-0.0388719,-0.875904,0.0879646,-0.750942,-3.62797,0.000123035,0.00348563,14
33.4043,-0.0388719,-0.875904,0.0879646,-0.771656,-3.69173,0.000121152,0.00348617,14
33.4078,-0.0388719,-0.875904,0.084823,-0.78557,-3.77273,0.000131662,0.00348178,14
33.415,-0.0388719,-0.875904,0.0753982,-0.764102,-3.82118,0.000295172,0.000362525,42
33.4185,-0.0388719,-0.875904,0.0753982,-0.762943,-3.81761,0.00023983,0.00347338,0
33.422,-0.0388719,-0.875904,0.0722566,-0.777385,-3.90024,0.000131712,0.00348344,14
33.4255,-0.0388719,-0.875904,0.0659734,-0.77759,-3.97722,0.000482926,0.00345726,14
33.429,-0.0388719,-0.875904,0.0628318,-0.806921,-4.10568,0.000426313,0.00345607,14
33.4325,-0.0388719,-0.875904,0.0628318,-0.837732,-4.20051,0.000139967,0.00347894,14
33.436,-0.0388719,-0.875904,0.0596903,-0.855644,-4.29382,0.000125771,0.00348451,14
33.4395,-0.0388719,-0.875904,0.0534071,-0.867814,-4.40763,0.000126292,0.00348544,14
33.443,-0.0388719,-0.875904,0.0502655,-0.88124,-4.48713,0.000166836,0.00345473,14
33.4465,-0.0388719,-0.875904,0.0471239,-0.916348,-4.63336,0.000172085,0.00348234,14
33.45,-0.0388719,-0.875904,0.0471239,-0.94706,-4.72789,0.000127263,0.00348389,14
33.4535,-0.0388719,-0.875904,0.0408407,-0.947298,-4.80498,0.0002291,0.00348276,14
33.457,-0.0388719,-0.875904,0.0376991,-0.96184,-4.88791,0.000125471,0.00348408,14
33.4605,-0.0388719,-0.875904,0.0345575,-0.97553,-4.96823,0.000132232,0.00348631,14
33.464,-0.0388719,-0.875904,0.0314159,-0.986801,-5.04109,0.000142031,0.00348402,14
33.4675,-0.0388719,-0.875904,0.0251327,-0.980809,-5.099,0.000140358,0.00348415,13
33.471,-0.0388719,-0.875904,0.0251327,-0.992038,-5.13356,0.000191862,0.00348525,13
33.4745,-0.0388719,-0.875904,0.0188496,-0.981766,-5.1783,0.000251451,0.00347996,13
33.478,-0.0388719,-0.875904,0.015708,-0.971519,-5.18494,0.000280084,0.00347552,13
33.4815,-0.0388719,-0.875904,0.0125664,-0.958786,-5.18392,0.000384555,0.00348279,13
33.485,-0.0388719,-0.875904,0.00942478,-0.941367,-5.16849,0.000416715,0.00348453,13
33.4885,-0.0388719,-0.875904,0.00314159,-0.928303,-5.20463,0.000480071,0.00348038,13
33.492,-0.0388719,-0.875904,-0,-0.929105,-5.24527,0.000423227,0.00348435,9
33.4955,-0.0388719,-0.875904,-0.00314159,-0.942986,-5.32617,0.000379987,0.00347966,9
33.499,-0.0388719,-0.875904,-0.00942478,-0.932011,-5.36875,0.000421283,0.00348469,9
33.5025,-0.0388719,-0.875904,-0.0125664,-0.954543,-5.47627,0.000433224,0.00348143,9
33.506,-0.0388719,-0.875904,-0.015708,-0.996213,-5.6427,0.000459703,0.00348499,9
33.5095,-0.0388719,-0.875904,-0.0219912,-0.994732,-5.7145,0.00049577,0.00348577,9
33.513,-0.0388719,-0.875904,-0.0251327,-1.01985,-5.82999,0.000512571,0.00348575,9
33.5165,-0.0388719,-0.875904,-0.0282743,-1.05516,-5.97683,0.000570126,0.00348361,9
33.52,-0.0388719,-0.875904,-0.0345575,-1.06067,-6.07016,0.000584152,0.00348591,9
33.5235,-0.0388719,-0.875904,-0.0376991,-1.06853,-6.13252,0.000623144,0.0034846,9
33.527,-0.0388719,-0.875904,-0.0408407,-1.09821,-6.26205,0.000113809,0.0034861,6
33.5305,-0.0388719,-0.875904,-0.0439823,-1.1344,-6.41161,0.000204185,0.00348071,12
33.534,-0.0388719,-0.875904,-0.0502655,-1.13838,-6.50022,0.000132774,0.0034854,12
33.5375,-0.0388719,-0.875904,-0.0534071,-1.14369,-6.55475,0.000144175,0.00348556,12
33.541,-0.0388719,-0.875904,-0.0565487,-1.14704,-6.60322,0.000132613,0.00348528,12
33.5445,-0.0388719,-0.875904,-0.0628318,-1.15699,-6.71019,0.000126121,0.00348425,12
33.548,-0.0388719,-0.875904,-0.0659734,-1.15885,-6.75411,0.000117696,0.00348611,12
33.5515,-0.0388719,-0.875904,-0.0722566,-1.15044,-6.80457,0.000126532,0.0034847,12
33.555,-0.0388719,-0.875904,-0.0753982,-1.15296,-6.8505,0.000119089,0.0034862,12
33.5585,-0.0388719,-0.875904,-0.0785398,-1.16453,-6.92428,0.00012527,0.00348409,12
33.562,-0.0388719,-0.875904,-0.0879646,-1.13331,-6.94272,0.000119279,0.00348614,12
33.5655,-0.0388719,-0.875904,-0.0911062,-1.14013,-7.0019,0.000149534,0.00348324,12
33.569,-0.0388719,-0.875904,-0.0973894,-1.13175,-7.05246,0.000115893,0.0034862,12
33.5725,-0.0388719,-0.875904,-0.100531,-1.14124,-7.11983,0.000166966,0.00348407,12
33.576,-0.0388719,-0.875904,-0.103673,-1.16545,-7.23252,0.000116995,0.00348622,12
33.5795,-0.0388719,-0.875904,-0.109956,-1.18938,-7.38255,0.000127203,0.00348444,12
33.583,-0.0388719,-0.875904,-0.116239,-1.19758,-7.48413,0.00012532,0.00348661,12
33.5865,-0.0388719,-0.875904,-0.122522,-1.20983,-7.59819,0.000132132,0.00348359,12
33.59,-0.0388719,-0.875904,-0.125664,-1.24562,-7.74653,0.000116694,0.00348625,12
33.5935,-0.0388719,-0.875904,-0.131947,-1.2642,-7.88005,0.000136981,0.00348395,12
33.597,-0.0388719,-0.875904,-0.13823,-1.28456,-8.01909,0.000129156,0.00348488,12
33.6005,-0.0388719,-0.875904,-0.141372,-1.32558,-8.1835,0.00011977,0.00348636,12
33.604,-0.0388719,-0.875904,-0.147655,-1.34601,-8.32274,0.000116884,0.00348631,12
33.6075,-0.0388719,-0.875904,-0.153938,-1.36456,-8.45618,0.000118297,0.00348539,12
33.611,-0.0388719,-0.875904,-0.160221,-1.38649,-8.60005,0.000135298,0.00348564,12
33.6145,-0.0388719,-0.875904,-0.163363,-1.40632,-8.69926,0.000130208,0.00348579,12
33.618,-0.0388719,-0.875904,-0.169646,-1.4187,-8.81373,0.000113228,0.00348702,12
33.6215,-0.0388719,-0.875904,-0.175929,-1.42939,-8.92296,0.000116243,0.00348816,13
33.625,-0.0388719,-0.875904,-0.182212,-1.44442,-9.04559,0.000129408,0.0034823,14
33.6285,-0.0388719,-0.875904,-0.188496,-1.44599,-9.12677,0.000313475,0.00348228,13
33.632,-0.0388719,-0.875904,-0.191637,-1.4659,-9.22623,0.000460645,0.003486,13
33.6355,-0.0388719,-0.875904,-0.201062,-1.47401,-9.36571,0.000553125,0.0034816,10
33.639,-0.0388719,-0.875904,-0.204204,-1.48995,-9.45294,0.000674638,0.00348612,10
33.6425,-0.0388719,-0.875904,-0.210487,-1.50979,-9.59037,0.000137472,0.00348615,7
33.646,-0.0388719,-0.875904,-0.213628,-1.53041,-9.692,0.000127163,0.00348665,14
33.6495,-0.0388719,-0.875904,-0.223053,-1.53601,-9.82377,0.000115031,0.00348801,14
33.653,-0.0388719,-0.875904,-0.226195,-1.57169,-9.97176,0.000127323,0.0034784,14
33.6565,-0.0388719,-0.875904,-0.235619,-1.56141,-10,0.000131972,0.00348401,14
33.66,-0.0388719,-0.875904,-0.241903,-1.56151,-10,0.000115332,0.00348661,14
33.6635,-0.0388719,-0.875904,-0.248186,-1.55384,-10,0.00012522,0.00348416,14
33.667,-0.0388719,-0.875904,-0.254469,-1.5571,-10,0.000117806,0.00348639,14
33.6705,-0.0388719,-0.875904,-0.260752,-1.57782,-10,0.00023418,0.00348624,13
33.674,-0.0388719,-0.875904,-0.267035,-1.5996,-10,0.000408019,0.00348596,13
33.6775,-0.0388719,-0.875904,-0.27646,-1.60538,-10,0.000552695,0.0034874,10
33.681,-0.0388719,-0.875904,-0.279602,-1.62667,-10,0.000681791,0.00348564,10
33.6845,-0.0388719,-0.875904,-0.285885,-1.65876,-10,0.000110924,0.00348598,7
33.688,-0.0388719,-0.875904,-0.292168,-1.68508,-10,0.000151849,0.00348632,14
33.6915,-0.0388719,-0.875904,-0.298451,-1.70203,-10,0.000119659,0.00348561,14
33.695,-0.0388719,-0.875904,-0.304734,-1.72987,-10,0.000119199,0.00348635,14
33.6985,-0.0388719,-0.875904,-0.314159,-1.73938,-10,0.000120461,0.00348522,14
33.702,-0.0388719,-0.875904,-0.317301,-1.76365,-10,0.0001308,0.00347291,14
33.7055,-0.0388719,-0.875904,-0.326726,-1.76206,-10,0.000118758,0.00348515,14
33.709,-0.0388719,-0.875904,-0.33615,-1.76471,-10,0.000116474,0.00348657,14
33.7125,-0.0388719,-0.875904,-0.342434,-1.77734,-10,0.000211107,0.00348654,13
33.716,-0.0388719,-0.875904,-0.348717,-1.79493,-10,0.000399783,0.00348615,13
33.7195,-0.0388719,-0.875904,-0.355,-1.81261,-10,0.000498184,0.00348612,10
33.723,-0.0388719,-0.875904,-0.364425,-1.81225,-10,0.000662837,0.00348636,10
33.7265,-0.0388719,-0.875904,-0.367566,-1.84937,-10,0.000126542,0.00348493,7
33.73,-0.0388719,-0.875904,-0.376991,-1.84639,-10,0.000123246,0.00348467,14
33.7335,-0.0388719,-0.875904,-0.386416,-1.84603,-10,0.000114911,0.00348712,14
33.737,-0.0388719,-0.875904,-0.392699,-1.85373,-10,0.000116694,0.00348665,14
33.7405,-0.0388719,-0.875904,-0.402124,-1.87554,-10,0.000371501,0.00345703,14
33.744,-0.0388719,-0.875904,-0.408407,-1.89396,-10,0.000140668,0.00348656,14
33.7475,-0.0388719,-0.875904,-0.417832,-1.92799,-10,0.000118928,0.00348607,14
33.751,-0.0388719,-0.875904,-0.427257,-1.94639,-10,0.000125801,0.00348593,14
33.7545,-0.0388719,-0.875904,-0.43354,-1.9794,-10,0.000265217,0.00348662,13
33.758,-0.0388719,-0.875904,-0.442965,-2.00715,-10,0.000410143,0.00348639,13
33.7615,-0.0388719,-0.875904,-0.452389,-2.03319,-10,0.00057773,0.00348746,10
33.765,-0.0388719,-0.875904,-0.455531,-2.08714,-10,0.000116573,0.00348678,7
33.7685,-0.0388719,-0.875904,-0.464956,-2.1265,-10,0.000117115,0.00348664,14
33.772,-0.0388719,-0.875904,-0.47438,-2.13235,-10,0.000125059,0.00348562,14
33.7755,-0.0388719,-0.875904,-0.483805,-2.14508,-10,0.000115893,0.00348643,14
33.779,-0.0388719,-0.875904,-0.49323,-2.15543,-10,0.000121573,0.00348707,14
33.7825,-0.0388719,-0.875904,-0.502655,-2.16726,-10,0.000124508,0.00348493,14
33.786,-0.0388719,-0.875904,-0.51208,-2.18427,-10,0.000132413,0.00348656,14
33.7895,-0.0388719,-0.875904,-0.521504,-2.21017,-10,0.000115332,0.00348777,14
33.793,-0.0388719,-0.875904,-0.530929,-2.22445,-10,0.000491972,0.00345771,13
33.7965,-0.0388719,-0.875904,-0.540354,-2.26688,-10,0.000641687,0.00345233,13
33.8,-0.0388719,-0.875904,-0.55292,-2.29073,-10,0.000609027,0.00348591,10
33.8035,-0.0388719,-0.875904,-0.556062,-2.33716,-10,0.000124549,0.00348594,7
33.807,-0.0388719,-0.875904,-0.565487,-2.37445,-10,0.000118879,0.0034862,14
33.8105,-0.0388719,-0.875904,-0.578053,-2.39318,-10,0.000121823,0.00348526,14
33.814,-0.0388719,-0.875904,-0.587478,-2.4203,-10,0.000119158,0.00348648,14
33.8175,-0.0388719,-0.875904,-0.600044,-2.42159,-10,0.000119329,0.00348694,14
33.821,-0.0388719,-0.875904,-0.606327,-2.473,-10,0.000121773,0.00348595,14
33.8245,-0.0388719,-0.875904,-0.618894,-2.50487,-10,0.000119309,0.00348567,14
33.828,-0.0388719,-0.875904,-0.628319,-2.53371,-10,0.000146349,0.00348646,13
33.8315,-0.0388719,-0.875904,-0.640885,-2.56197,-10,0.000289892,0.0034856,13
33.835,-0.0388719,-0.875904,-0.653451,-2.57819,-10,0.000476354,0.00348601,10
33.8385,-0.0388719,-0.875904,-0.662876,-2.61976,-10,0.000625197,0.00347634,10
33.842,-0.0388719,-0.875904,-0.666018,-2.69086,-10,0.000139977,0.00348548,7
33.8455,-0.0388719,-0.875904,-0.678584,-2.72417,-10,0.000118657,0.00348693,14
33.849,-0.0388719,-0.875904,-0.69115,-2.74744,-10,0.000120912,0.00348593,14
33.8525,-0.0388719,-0.875904,-0.700575,-2.76404,-10,0.000118608,0.00348641,14
33.856,-0.0388719,-0.875904,-0.713142,-2.75318,-10,0.000122515,0.0034868,14
33.8595,-0.0388719,-0.875904,-0.722566,-2.77865,-10,0.000151248,0.00348468,14
33.863,-0.0388719,-0.875904,-0.735133,-2.7956,-10,0.00012508,0.00348647,14
33.8665,-0.0388719,-0.875904,-0.744557,-2.82243,-10,0.000199917,0.00348487,13
33.87,-0.0388719,-0.875904,-0.757124,-2.84052,-10,0.000462799,0.0034861,13
33.8735,-0.0388719,-0.875904,-0.76969,-2.85436,-10,0.000721794,0.0034664,10
33.877,-0.0388719,-0.875904,-0.779115,-2.88078,-10,0.000945625,0.00346531,10
33.8805,-0.0388719,-0.875904,-0.785398,-2.92675,-10,0.000261901,0.00346374,7
33.884,-0.0388719,-0.875904,-0.794823,-2.96464,-10,0.00012544,0.00348487,14
33.8875,-0.0388719,-0.875904,-0.807389,-2.97865,-10,0.000154533,0.00348559,14
33.891,-0.0388719,-0.875904,-0.819956,-2.97626,-10,0.000134347,0.00348504,14
33.8945,-0.0388719,-0.875904,-0.832522,-2.93965,-10,0.000123026,0.00348575,14
33.898,-0.0388719,-0.875904,-0.841947,-2.94791,-10,0.000123637,0.00348575,14
33.9015,-0.0388719,-0.875904,-0.854513,-2.95904,-10,0.000186091,0.00348735,13
33.905,-0.0388719,-0.875904,-0.86708,-2.95741,-10,0.000405033,0.00347561,13
33.9085,-0.0388719,-0.875904,-0.879646,-2.96266,-10,0.00057191,0.00348177,10
33.912,-0.0388719,-0.875904,-0.882788,-2.99663,-10,0.000138614,0.00348207,7
33.9155,-0.0388719,-0.875904,-0.895354,-3.0337,-10,0.000150456,0.00348473,14
33.919,-0.0388719,-0.875904,-0.90792,-3.04735,-10,0.000127384,0.00348524,14
33.9225,-0.0388719,-0.875904,-0.920487,-3.0597,-10,0.000123727,0.00348567,14
33.926,-0.0388719,-0.875904,-0.933053,-3.05484,-10,0.00012519,0.00348522,14
33.9295,-0.0388719,-0.875904,-0.942478,-3.04133,-10,0.000117325,0.0034873,14
33.933,-0.0388719,-0.875904,-0.955044,-3.01396,-10,0.000125811,0.00348555,14
33.9365,-0.0388719,-0.875904,-0.96761,-3.02689,-10,0.000211017,0.00348557,13
33.94,-0.0388719,-0.875904,-0.980177,-3.03858,-10,0.000420531,0.00348221,13
33.9435,-0.0388719,-0.875904,-0.992743,-3.04587,-10,0.000607675,0.00348219,10
33.947,-0.0388719,-0.875904,-0.999026,-3.09496,-10,0.000122605,0.00348125,7
33.9505,-0.0388719,-0.875904,-1.01159,-3.12309,-10,0.000121252,0.00348529,14
33.954,-0.0388719,-0.875904,-1.02102,-3.16536,-10,0.00012517,0.00348539,14
33.9575,-0.0388719,-0.875904,-1.03358,-3.18353,-10,0.000349882,0.00346211,14
33.961,-0.0388719,-0.875904,-1.04615,-3.19943,-10,0.000133114,0.003483,14
33.9645,-0.0388719,-0.875904,-1.05872,-3.1973,-10,0.000119249,0.00348624,14
33.968,-0.0388719,-0.875904,-1.07128,-3.17286,-10,0.000123497,0.00348566,14
33.9715,-0.0388719,-0.875904,-1.08385,-3.14438,-10,0.000310991,0.00348627,13
33.975,-0.0388719,-0.875904,-1.09642,-3.1413,-10,0.000478408,0.00348229,13
33.9785,-0.0388719,-0.875904,-1.11212,-3.14457,-10,0.000689535,0.0034825,10
33.982,-0.0388719,-0.875904,-1.11841,-3.18755,-10,0.000123707,0.0034811,7
33.9855,-0.0388719,-0.875904,-1.13097,-3.22014,-10,0.000117726,0.00348655,14
33.989,-0.0388719,-0.875904,-1.14354,-3.2395,-10,0.000127364,0.00348536,14
33.9925,-0.0388719,-0.875904,-1.15611,-3.26576,-10,0.000121483,0.00348581,14
33.996,-0.0388719,-0.875904,-1.16867,-3.28203,-10,0.000125761,0.00348567,14
33.9995,-0.0388719,-0.875904,-1.18438,-3.27017,-10,0.000121393,0.00348622,14
34.003,-0.0388719,-0.875904,-1.19695,-3.24653,-10,0.00019047,0.0034864,13
34.0065,-0.0388719,-0.875904,-1.20951,-3.27505,-10,0.000386339,0.00348488,13
34.01,-0.0388719,-0.875904,-1.22208,-3.31184,-10,0.000577851,0.00348114,10
34.0135,-0.0388719,-0.875904,-1.2315,-3.36609,-10,0.000112747,0.00348386,7
34.017,-0.0388719,-0.875904,-1.24407,-3.41063,-10,0.000264545,0.00348097,14
34.0205,-0.0388719,-0.875904,-1.25664,-3.44183,-10,0.000139566,0.00348251,14
34.024,-0.0388719,-0.875904,-1.2692,-3.47967,-10,0.000140117,0.00347296,14
34.0275,-0.0388719,-0.875904,-1.28177,-3.50772,-10,0.000124969,0.00348518,14
34.031,-0.0388719,-0.875904,-1.29748,-3.50895,-10,0.000237656,0.00348221,14
34.0345,-0.0388719,-0.875904,-1.31004,-3.50143,-10,0.000128977,0.00348384,14
34.038,-0.0388719,-0.875904,-1.32261,-3.47841,-10,0.000262682,0.00348271,13
34.0415,-0.0388719,-0.875904,-1.33518,-3.48136,-10,0.00044722,0.00348633,13
34.045,-0.0388719,-0.875904,-1.35088,-3.46672,-10,0.000693272,0.00348291,10
34.0485,-0.0388719,-0.875904,-1.35717,-3.50454,-10,0.000118247,0.00348441,7
34.052,-0.0388719,-0.875904,-1.36973,-3.53347,-10,0.000194046,0.00347639,14
34.0555,-0.0388719,-0.875904,-1.3823,-3.55415,-10,0.000130169,0.00348353,14
34.059,-0.0388719,-0.875904,-1.39801,-3.55363,-10,0.000140047,0.00348301,14
34.0625,-0.0388719,-0.875904,-1.41058,-3.55451,-10,0.00012559,0.00348517,14
34.066,-0.0388719,-0.875904,-1.42314,-3.55508,-10,0.000151267,0.00348341,14
34.0695,-0.0388719,-0.875904,-1.43885,-3.54018,-10,0.000224822,0.00348615,13
34.073,-0.0388719,-0.875904,-1.45142,-3.50605,-10,0.000417335,0.0034833,13
34.0765,-0.0388719,-0.875904,-1.46712,-3.49557,-10,0.000594591,0.00348498,10
34.08,-0.0388719,-0.875904,-1.47027,-3.54307,-10,0.000129468,0.00348252,7
34.0835,-0.0388719,-0.875904,-1.48597,-3.56522,-10,0.000129077,0.00348481,14
34.087,-0.0388719,-0.875904,-1.49854,-3.58746,-10,0.000165404,0.00348294,14
34.0905,-0.0388719,-0.875904,-1.51111,-3.61103,-10,0.00012521,0.00348462,14
34.094,-0.0388719,-0.875904,-1.52367,-3.61302,-10,0.000164211,0.00347766,14
34.0975,-0.0388719,-0.875904,-1.53938,-3.59279,-10,0.000134707,0.0034864,14
34.101,-0.0388719,-0.875904,-1.55509,-3.5586,-10,0.000142231,0.00348276,13
34.1045,-0.0388719,-0.875904,-1.56765,-3.53024,-10,0.000317142,0.00348567,13
34.108,-0.0388719,-0.875904,-1.58022,-3.52783,-10,0.000527598,0.00348278,10
34.1115,-0.0388719,-0.875904,-1.59593,-3.52278,-10,0.000716865,0.00348551,7
34.115,-0.0388719,-0.875904,-1.59907,-3.57643,-10,0.000131772,0.00348288,7
34.1185,-0.0388719,-0.875904,-1.61478,-3.60576,-10,0.000127063,0.00348559,14
34.122,-0.0388719,-0.875904,-1.62734,-3.63667,-10,0.000178658,0.00347802,14
34.1255,-0.0388719,-0.875904,-1.64305,-3.6333,-10,0.000119239,0.00348648,14
34.129,-0.0388719,-0.875904,-1.65562,-3.63135,-10,0.00016898,0.00347303,14
34.1325,-0.0388719,-0.875904,-1.66819,-3.62911,-10,0.000123847,0.00348538,14
34.136,-0.0388719,-0.875904,-1.68389,-3.61176,-10,0.000262492,0.00348296,13
34.1395,-0.0388719,-0.875904,-1.69646,-3.57614,-10,0.000448212,0.00348538,13
34.143,-0.0388719,-0.875904,-1.70903,-3.5795,-10,0.000650364,0.00348301,10
34.1465,-0.0388719,-0.875904,-1.71845,-3.60826,-10,0.000117515,0.00348405,7
34.15,-0.0388719,-0.875904,-1.73102,-3.6406,-10,0.000150256,0.00348257,14
34.1535,-0.0388719,-0.875904,-1.74673,-3.64172,-10,0.000128306,0.00348674,15
34.157,-0.0388719,-0.875904,-1.75929,-3.6486,-10,0.000145597,0.00348299,16
34.1605,-0.0388719,-0.875904,-1.77186,-3.66094,-10,0.000130138,0.00348483,16
34.164,-0.0388719,-0.875904,-1.78757,-3.64111,-10,0.000417597,0.00348303,14
34.1675,-0.0388719,-0.875904,-1.80013,-3.62329,-10,0.000710614,0.00348425,11
34.171,-0.0388719,-0.875904,-1.80956,-3.59338,-10,0.000133245,0.00348283,8
34.1745,-0.0388719,-0.875904,-1.82212,-3.61072,-10,0.000124909,0.00348489,16
34.178,-0.0388719,-0.875904,-1.83783,-3.60117,-10,0.000142101,0.00348332,16
34.1815,-0.0388719,-0.875904,-1.8504,-3.60282,-10,0.000123927,0.00348647,16
34.185,-0.0388719,-0.875904,-1.86611,-3.60318,-10,0.000390757,0.00348295,14
34.1885,-0.0388719,-0.875904,-1.88181,-3.61269,-10,0.000700826,0.00348492,11
34.192,-0.0388719,-0.875904,-1.8881,-3.6565,-10,0.000143834,0.00347967,8
34.1955,-0.0388719,-0.875904,-1.90066,-3.67607,-10,0.00013592,0.00348573,16
34.199,-0.0388719,-0.875904,-1.91637,-3.67079,-10,0.000153972,0.00348226,16
34.2025,-0.0388719,-0.875904,-1.93208,-3.64921,-10,0.000155475,0.00348484,16
34.206,-0.0388719,-0.875904,-1.94779,-3.59397,-10,0.000301714,0.00348311,14
34.2095,-0.0388719,-0.875904,-1.96035,-3.6084,-10,0.000575345,0.00348631,11
34.213,-0.0388719,-0.875904,-1.96664,-3.65436,-10,0.000151058,0.00346895,8
34.2165,-0.0388719,-0.875904,-1.98235,-3.68587,-10,0.000142311,0.00348047,16
34.22,-0.0388719,-0.875904,-1.99805,-3.69071,-10,0.000158181,0.00348234,16
34.2235,-0.0388719,-0.875904,-2.01062,-3.70449,-10,0.000137973,0.00348536,16
34.227,-0.0388719,-0.875904,-2.02319,-3.72581,-10,0.000247574,0.00348261,14
34.2305,-0.0388719,-0.875904,-2.03889,-3.71621,-10,0.000500308,0.00348497,14
34.234,-0.0388719,-0.875904,-2.05146,-3.70943,-10,0.000804536,0.00348327,11
34.2375,-0.0388719,-0.875904,-2.06088,-3.7156,-10,0.000176303,0.0034853,8
34.241,-0.0388719,-0.875904,-2.07345,-3.73423,-10,0.000155626,0.00348295,16
34.2445,-0.0388719,-0.875904,-2.08916,-3.74083,-10,0.000137342,0.00348521,16
34.248,-0.0388719,-0.875904,-2.10173,-3.7365,-10,0.000156648,0.00348317,16
34.2515,-0.0388719,-0.875904,-2.11429,-3.73451,-10,0.000421132,0.00348539,14
34.255,-0.0388719,-0.875904,-2.13,-3.72206,-10,0.000751098,0.00348239,11
34.2585,-0.0388719,-0.875904,-2.13628,-3.72538,-10,0.0001638,0.00348468,8
34.262,-0.0388719,-0.875904,-2.15199,-3.69796,-10,0.000148933,0.00347959,16
34.2655,-0.0388719,-0.875904,-2.16456,-3.68912,-10,0.000135398,0.00348593,16
34.269,-0.0388719,-0.875904,-2.17712,-3.6889,-10,0.000126172,0.00348356,16
34.2725,-0.0388719,-0.875904,-2.18969,-3.67719,-10,0.000358338,0.00348545,14
34.276,-0.0388719,-0.875904,-2.2054,-3.65682,-10,0.000622802,0.00347813,11
34.2795,-0.0388719,-0.875904,-2.21168,-3.65605,-10,0.000122094,0.00348436,8
34.283,-0.0388719,-0.875904,-2.22425,-3.61933,-10,0.000150707,0.00348059,16
34.2865,-0.0388719,-0.875904,-2.23681,-3.61099,-10,0.000282037,0.00347278,16
34.29,-0.0388719,-0.875904,-2.24938,-3.61094,-10,0.000151769,0.00348102,16
34.2935,-0.0388719,-0.875904,-2.26509,-3.58861,-10,0.000241643,0.00348658,14
34.297,-0.0388719,-0.875904,-2.27765,-3.56088,-10,0.000517069,0.00348208,14
34.3005,-0.0388719,-0.875904,-2.29022,-3.51855,-10,0.000918134,0.00348286,11
34.304,-0.0388719,-0.875904,-2.2965,-3.50176,-10,0.000134947,0.00348314,8
34.3075,-0.0388719,-0.875904,-2.30907,-3.51459,-10,0.000144996,0.00348429,16
34.311,-0.0388719,-0.875904,-2.32164,-3.51415,-10,0.000150246,0.00348371,16
34.3145,-0.0388719,-0.875904,-2.3342,-3.49579,-10,0.000306662,0.00347832,16
34.318,-0.0388719,-0.875904,-2.34677,-3.47703,-10,0.000385327,0.00348364,14
34.3215,-0.0388719,-0.875904,-2.35934,-3.46179,-10,0.000796671,0.00348594,11
34.325,-0.0388719,-0.875904,-2.36248,-3.46976,-10,0.000135839,0.00348323,8
34.3285,-0.0388719,-0.875904,-2.37504,-3.44886,-10,0.000147831,0.00348524,16
34.332,-0.0388719,-0.875904,-2.38761,-3.4302,-10,0.000155144,0.00347964,16
34.3355,-0.0388719,-0.875904,-2.40018,-3.40851,-10,0.000140498,0.00348534,16
34.339,-0.0388719,-0.875904,-2.41274,-3.36697,-10,0.000262241,0.00348583,14
34.3425,-0.0388719,-0.875904,-2.42531,-3.32371,-10,0.000552924,0.00348341,14
34.346,-0.0388719,-0.875904,-2.42845,-3.32295,-10,0.000114109,0.00348555,8
34.3495,-0.0388719,-0.875904,-2.44102,-3.27655,-10,0.000122585,0.00348744,16
34.353,-0.0388719,-0.875904,-2.45358,-3.25245,-10,0.000121043,0.00348603,16
34.3565,-0.0388719,-0.875904,-2.46301,-3.22164,-10,0.000140207,0.0034862,16
34.36,-0.0388719,-0.875904,-2.47557,-3.18076,-10,0.000122695,0.00348606,16
34.3635,-0.0388719,-0.875904,-2.48814,-3.13593,-10,0.000407888,0.00347684,14
34.367,-0.0388719,-0.875904,-2.50071,-3.09183,-10,0.000697981,0.0034824,11
34.3705,-0.0388719,-0.875904,-2.50385,-3.06772,-10,0.000131151,0.00348276,8
34.374,-0.0388719,-0.875904,-2.51327,-3.07191,-10,0.000139035,0.00348528,16
34.3775,-0.0388719,-0.875904,-2.52584,-3.06338,-10,0.000123506,0.00348654,16
34.381,-0.0388719,-0.875904,-2.53841,-3.05046,-10,0.000122905,0.00348596,16
34.3845,-0.0388719,-0.875904,-2.54783,-3.05303,-10,0.000246523,0.00348599,14
34.388,-0.0388719,-0.875904,-2.5604,-3.02896,-10,0.000493586,0.00348127,14
34.3915,-0.0388719,-0.875904,-2.56982,-3.00747,-10,0.000778869,0.00348149,11
34.395,-0.0388719,-0.875904,-2.57611,-2.99327,-10,0.000123316,0.00348237,8
34.3985,-0.0388719,-0.875904,-2.58867,-2.99025,-10,0.000123486,0.00348013,16
34.402,-0.0388719,-0.875904,-2.5981,-2.99069,-10,0.000131601,0.0034712,16
34.4055,-0.0388719,-0.875904,-2.60752,-2.98896,-10,0.000121714,0.00348649,16
34.409,-0.0388719,-0.875904,-2.61695,-2.979,-10,0.000292276,0.0034851,14
34.4125,-0.0388719,-0.875904,-2.62951,-2.94073,-10,0.000585635,0.00348218,11
34.416,-0.0388719,-0.875904,-2.6358,-2.9024,-10,0.000116293,0.00348262,8
34.4195,-0.0388719,-0.875904,-2.64522,-2.90446,-10,0.000123958,0.00348548,16
34.423,-0.0388719,-0.875904,-2.65465,-2.90387,-10,0.000134376,0.00348462,16
34.4265,-0.0388719,-0.875904,-2.66407,-2.89709,-10,0.000132994,0.00348501,16
34.43,-0.0388719,-0.875904,-2.67664,-2.86619,-10,0.000155976,0.00348563,16
34.4335,-0.0388719,-0.875904,-2.68606,-2.8279,-10,0.000510817,0.00347475,14
34.437,-0.0388719,-0.875904,-2.69549,-2.77349,-10,0.000680008,0.003482,11
34.4405,-0.0388719,-0.875904,-2.70177,-2.77948,-10,0.000120481,0.00348233,8
34.444,-0.0388719,-0.875904,-2.71119,-2.77845,-10,0.000128947,0.00348577,16
34.4475,-0.0388719,-0.875904,-2.72062,-2.76639,-10,0.000130599,0.00348405,16
34.451,-0.0388719,-0.875904,-2.73004,-2.76225,-10,0.000128366,0.00348622,16
34.4545,-0.0388719,-0.875904,-2.73947,-2.74778,-10,0.000232516,0.00348329,14
34.458,-0.0388719,-0.875904,-2.75204,-2.70317,-10,0.000419309,0.0034829,14
34.4615,-0.0388719,-0.875904,-2.76146,-2.64267,-10,0.000700786,0.00348647,11
34.465,-0.0388719,-0.875904,-2.7646,-2.65427,-10,0.000110362,0.00347635,8
34.4685,-0.0388719,-0.875904,-2.77717,-2.65687,-10,0.00013102,0.00348472,16
34.472,-0.0388719,-0.875904,-2.78659,-2.6566,-10,0.000126973,0.00348674,16
34.4755,-0.0388719,-0.875904,-2.79288,-2.66034,-10,0.000121513,0.00348647,16
34.479,-0.0388719,-0.875904,-2.8023,-2.66172,-10,0.000202532,0.00348706,14
34.4825,-0.0388719,-0.875904,-2.81487,-2.62752,-10,0.000485541,0.00348381,14
34.486,-0.0388719,-0.875904,-2.82429,-2.59583,-10,0.00077952,0.00348513,11
34.4895,-0.0388719,-0.875904,-2.82743,-2.61817,-10,0.000121002,0.00348603,8
34.493,-0.0388719,-0.875904,-2.83686,-2.61467,-10,0.000430179,0.00345099,16
34.4965,-0.0388719,-0.875904,-2.84314,-2.6164,-10,0.000133464,0.00348525,16
34.5,-0.0388719,-0.875904,-2.85571,-2.59155,-10,0.000120601,0.00348673,16
34.5035,-0.0388719,-0.875904,-2.86513,-2.56793,-10,0.000235342,0.00348585,14
34.507,-0.0388719,-0.875904,-2.87456,-2.52434,-10,0.000505477,0.00348624,14
34.5105,-0.0388719,-0.875904,-2.88084,-2.51259,-10,0.000770493,0.00348591,11
34.514,-0.0388719,-0.875904,-2.88712,-2.51277,-10,0.000119059,0.00348603,8
34.5175,-0.0388719,-0.875904,-2.89341,-2.51986,-10,0.000135578,0.00348513,16
34.521,-0.0388719,-0.875904,-2.90283,-2.51693,-10,0.000117846,0.00348649,16
34.5245,-0.0388719,-0.875904,-2.91226,-2.48621,-10,0.000125671,0.00348578,16
34.528,-0.0388719,-0.875904,-2.91854,-2.45816,-10,0.000229421,0.0034869,14
34.5315,-0.0388719,-0.875904,-2.92796,-2.41317,-10,0.000481233,0.00348527,14
34.535,-0.0388719,-0.875904,-2.93739,-2.37916,-10,0.00076862,0.00348642,11
34.5385,-0.0388719,-0.875904,-2.94053,-2.37429,-10,0.000140147,0.00347781,8
34.542,-0.0388719,-0.875904,-2.94996,-2.35769,-10,0.000118707,0.00348648,16
34.5455,-0.0388719,-0.875904,-2.95624,-2.34942,-10,0.000130299,0.00348653,16
34.549,-0.0388719,-0.875904,-2.96566,-2.33245,-10,0.000119198,0.00348675,16
34.5525,-0.0388719,-0.875904,-2.97509,-2.28844,-10,0.000228739,0.00348599,14
34.556,-0.0388719,-0.875904,-2.98137,-2.24659,-10,0.000476234,0.00348638,14
34.5595,-0.0388719,-0.875904,-2.9908,-2.23408,-10,0.000750607,0.00348607,11
34.563,-0.0388719,-0.875904,-2.99394,-2.23206,-10,0.000116925,0.00348475,8
34.5665,-0.0388719,-0.875904,-3.00336,-2.21118,-10,0.000128095,0.00348616,16
34.57,-0.0388719,-0.875904,-3.01279,-2.19992,-10,0.000119329,0.0034868,16
34.5735,-0.0388719,-0.875904,-3.01907,-2.20265,-10,0.000119379,0.00348741,16
34.577,-0.0388719,-0.875904,-3.0285,-2.17537,-10,0.000229371,0.00348646,14
34.5805,-0.0388719,-0.875904,-3.03164,-2.15903,-10,0.00047394,0.00348624,14
34.584,-0.0388719,-0.875904,-3.04106,-2.15626,-10,0.000726723,0.00348641,11
34.5875,-0.0388719,-0.875904,-3.0442,-2.17178,-10,0.000113388,0.00348376,8
34.591,-0.0388719,-0.875904,-3.05363,-2.188,-10,0.000122074,0.00347626,16
34.5945,-0.0388719,-0.875904,-3.05991,-2.18716,-10,0.000123336,0.00348464,16
34.598,-0.0388719,-0.875904,-3.06619,-2.17598,-10,0.00011992,0.00348607,16
34.6015,-0.0388719,-0.875904,-3.07562,-2.13391,-10,0.000234991,0.0034872,14
34.605,-0.0388719,-0.875904,-3.0819,-2.09983,-10,0.000439075,0.00348612,14
34.6085,-0.0388719,-0.875904,-3.09133,-2.06297,-10,0.000707488,0.00348445,11
34.612,-0.0388719,-0.875904,-3.09447,-2.06328,-10,0.000111905,0.00348615,8
34.6155,-0.0388719,-0.875904,-3.10075,-2.05804,-10,0.000120822,0.00348642,16
34.619,-0.0388719,-0.875904,-3.10704,-2.04169,-10,0.000119058,0.00348669,16
34.6225,-0.0388719,-0.875904,-3.11646,-2.01877,-10,0.000121232,0.00348632,16
34.626,-0.0388719,-0.875904,-3.1196,-2.00644,-10,0.000130499,0.0034867,14
34.6295,-0.0388719,-0.875904,-3.12903,-1.96107,-10,0.00040339,0.00348111,14
34.633,-0.0388719,-0.875904,-3.13531,-1.94663,-10,0.000664779,0.00348274,11
34.6365,-0.0388719,-0.875904,-3.14159,-1.93057,-10,0.000121913,0.00348468,8
34.64,-0.0388719,-0.875904,-3.14473,-1.94394,-10,0.000122955,0.00348514,16
34.6435,-0.0388719,-0.875904,-3.15416,-1.93202,-10,0.0001307,0.00348191,16
34.647,-0.0388719,-0.875904,-3.1573,-1.92575,-10,0.000121844,0.00348611,16
34.6505,-0.0388719,-0.875904,-3.16673,-1.9056,-10,0.000118528,0.00348661,16
34.654,-0.0388719,-0.875904,-3.17301,-1.87507,-10,0.000342819,0.00348573,14
34.6575,-0.0388719,-0.875904,-3.17929,-1.87398,-10,0.000641407,0.00348668,11
34.661,-0.0388719,-0.875904,-3.18243,-1.8828,-10,0.000116053,0.00348019,8
34.6645,-0.0388719,-0.875904,-3.18872,-1.87179,-10,0.000124478,0.00348501,16
34.668,-0.0388719,-0.875904,-3.195,-1.85815,-10,0.000130489,0.0034837,16
34.6715,-0.0388719,-0.875904,-3.20128,-1.82159,-10,0.000128726,0.0034849,16
34.675,-0.0388719,-0.875904,-3.20757,-1.80209,-10,0.000251362,0.00347185,16
34.6785,-0.0388719,-0.875904,-3.21385,-1.76644,-10,0.000258594,0.00348346,14
34.682,-0.0388719,-0.875904,-3.22013,-1.75506,-10,0.000539991,0.00348284,14
34.6855,-0.0388719,-0.875904,-3.22642,-1.7352,-10,0.00077392,0.00348352,11
34.689,-0.0388719,-0.875904,-3.22956,-1.73688,-10,0.000114981,0.00348276,8
