time_sec,x_cart,vel_cart,ang_pole,vel_pole,torque_input,encoder_duration_s,iteration_duration_s,bytesWaiting
0.0164776,0,-0.00028011,0.00314159,-0.011989,0.000525047,0.0162196,0.0164773,4009
0.0204776,0,-0.00028011,0.00314159,-0.0160472,-0.0117386,0.000189273,0.00392866,0
0.0244777,0,0.00140055,0.00628319,-0.0258456,0.00045514,0.000483082,0.00398183,17
0.0284778,0,0.00140055,0.00628319,-0.0230063,0.00903527,0.000142776,0.00397557,14
0.0324779,0,-0.00196077,0.00628319,-0.0106132,0.0378317,0.000148417,0.00398221,14
0.0364779,0,-0.00196077,0.00628319,0.00853045,0.0956831,0.00013411,0.00398384,14
0.040478,0,-0.00028011,0.00628319,0.0319014,0.170637,0.000361485,0.00398551,20
0.0444781,0,0.00140055,0.00628319,0.0572571,0.251588,0.000133379,0.00398302,14
0.0484782,0,0.00476187,0.00628319,0.0826349,0.336935,0.000127779,0.00398469,14
0.0524783,0,-0.00196077,0.00628319,0.106353,0.391299,0.000704124,0.00398189,17
0.0564783,0,-0.00028011,0.00628319,0.127009,0.45805,0.000284221,0.0039846,13
0.0604784,0,0.00308121,0.00628319,0.143483,0.516488,0.000119242,0.00398582,14
0.0644785,0,0.00476187,0.00628319,0.154933,0.555416,0.000116207,0.00398678,14
0.0684786,0,0.00924363,0.00628319,0.160798,0.58468,0.000599579,0.00398684,17
0.0724786,0,0.00644253,0.00628319,0.160798,0.577467,0.000200003,0.00397973,14
0.0764787,7.39014e-05,0.00644253,0.00628319,0.154933,0.559904,0.000120044,0.00398507,14
0.0804788,0.000147803,0.0159663,0.00628319,0.143483,0.549988,0.000118101,0.00398623,14
0.0844789,0.000221703,0.0176469,0.00628319,0.127009,0.504695,0.000482149,0.0039869,20
0.088479,0.000295604,0.0210082,0.00628319,0.106353,0.451088,0.000116607,0.00398404,14
0.092479,0.000369505,0.0193276,0.00628319,0.0826349,0.375246,0.000114453,0.00398594,14
0.0964791,0.000443407,0.0243696,0.00628319,0.0572571,0.311699,0.000134361,0.00398422,14
0.100479,0.000591208,0.0243696,0.00628319,0.0319014,0.235398,0.000338341,0.00398418,20
0.104479,0.000665109,0.0243696,0.00628319,0.00853045,0.164932,0.000115626,0.00398374,14
0.108479,0.000739011,0.0210082,0.00628319,-0.0106132,0.0985869,0.000117269,0.00398668,14
0.112479,0.00081291,0.0142856,0.00314159,-0.0110173,0.0427396,0.000707661,0.00398657,17
0.11648,0.000960713,0.0226889,0.00314159,-0.00979841,0.0683834,0.000288669,0.00398422,13
0.12048,0.000960713,0.0142856,0.00314159,-0.00219057,0.069736,0.000129401,0.00398256,14
0.12448,0.00103461,0.0159663,0.00314159,-0.00502982,0.0656446,0.000119513,0.00398633,14
0.12848,0.00110851,0.00924363,0.00314159,-0.00324341,0.0538937,0.000560606,0.00398669,17
0.13248,0.00110851,0.00644253,0.00314159,-0.0154896,0.00967345,0.000116868,0.00398397,14
0.13648,0.00110851,0.00308121,0.00314159,-0.028658,-0.0387763,0.00011283,0.00398642,14
0.14048,0.00110851,-0.00364143,0.00314159,-0.0417675,-0.095703,0.000114854,0.00398664,14
0.14448,0.00110851,-0.00364143,0.00314159,-0.0539769,-0.1326,0.000422037,0.00398519,20
0.14848,0.00110851,-0.00364143,0.00314159,-0.0645855,-0.164658,0.000117569,0.00398277,14
0.15248,0.00110851,-0.00196077,0.00314159,-0.0730325,-0.185857,0.000137497,0.00398645,14
0.15648,0.00110851,-0.00532209,0.00314159,-0.0788975,-0.212236,0.000114083,0.00398698,14
0.16048,0.00110851,-0.00196077,0.00314159,-0.0819001,-0.212655,0.000302845,0.00398675,20
0.164481,0.00110851,0.00140055,0.00314159,-0.0819001,-0.204,0.000132858,0.00398108,14
0.168481,0.00110851,-0.00196077,0.00314159,-0.0788975,-0.203581,0.000134271,0.00398179,14
0.172481,0.00110851,-0.00364143,0.00314159,-0.0730325,-0.190185,0.000621339,0.00398669,17
0.176481,0.00110851,-0.00532209,0.00314159,-0.0645855,-0.168986,0.00012867,0.00398297,13
0.180481,0.00110851,-0.00196077,0.00314159,-0.0539769,-0.128272,0.000114293,0.00398667,14
0.184481,0.00110851,0.00140055,0.00314159,-0.0417675,-0.0827202,0.000114503,0.0039869,14
0.188481,0.00110851,0.00308121,0.00314159,-0.028658,-0.0387763,0.000493972,0.0039863,17
0.192481,0.00110851,0.00140055,0.00314159,-0.0154896,-0.00330942,0.000116858,0.00398306,14
0.196481,0.00110851,-0.00532209,0.00314159,-0.00324342,0.0163876,0.000117269,0.00398501,14
0.200481,0.00110851,0.00308121,0.00314159,0.00695917,0.0688576,0.000114063,0.00398697,14
0.204481,0.00110851,0.00308121,0.00314159,0.0138566,0.0897014,0.000341637,0.00397605,20
0.208481,0.00110851,-0.00028011,0.00314159,0.0160472,0.087666,0.000116578,0.00398345,14
0.212482,0.00110851,0.00140055,0.00314159,0.011989,0.0797299,0.000124633,0.00398414,14
0.216482,0.00110851,0.00308121,0.00314159,-0,0.0478272,0.000699525,0.00398368,17
0.220482,0.00110851,-0.00196077,0.00314159,-0,0.0348444,0.000288198,0.00398328,13
0.224482,0.00110851,-0.00196077,0.00314159,-0,0.0348444,0.000121597,0.00398255,14
0.228482,0.00110851,-0.00028011,0.00314159,-0,0.039172,0.000126155,0.00398357,14
0.232482,0.00110851,-0.00028011,0.00314159,-0,0.039172,0.000574292,0.00398365,17
0.236482,0.00110851,-0.00364143,0.00314159,-0,0.0305168,0.000138508,0.00397823,14
0.240482,0.00110851,0.00140055,0.00314159,-0,0.0434996,0.000121897,0.0039848,14
0.244482,0.00110851,0.00140055,0.00314159,-0,0.0434996,0.000119694,0.00398582,14
0.248482,0.00110851,-0.00196077,0.00314159,-0,0.0348444,0.000419222,0.00398689,20
0.252482,0.00110851,0.00140055,0.00314159,-0,0.0434996,0.000120925,0.00398297,14
0.256482,0.00110851,-0.00028011,0.00314159,-0,0.039172,0.00011794,0.00398628,14
0.260482,0.00110851,-0.00028011,0.00314159,-0,0.039172,0.000130344,0.00398454,14
0.264482,0.00110851,-0.00196077,0.00314159,-0,0.0348444,0.000285152,0.00398631,20
0.268483,0.00110851,-0.00028011,0.00314159,-0,0.039172,0.00012299,0.00398325,14
0.272483,0.00110851,-0.00364143,0.00314159,-0,0.0305168,0.000119483,0.00398508,14
0.276483,0.00110851,0.00140055,0.00314159,-0,0.0434996,0.000620978,0.00398674,17
0.280483,0.00110851,-0.00028011,0.00314159,-0,0.039172,0.00012291,0.00398288,14
0.284483,0.00110851,-0.00364143,0.00314159,-0,0.0305168,0.000168144,0.00398441,14
0.288483,0.00110851,-0.00532209,0.00314159,-0,0.0261891,0.00013376,0.00398155,14
0.292483,0.00110851,-0.00028011,0.00314159,-0,0.039172,0.000472632,0.00398617,20
0.296483,0.00110851,0.00140055,0.00314159,-0,0.0434996,0.000118992,0.00398267,14
0.300483,0.00110851,-0.00196077,0.00314159,-0,0.0348444,0.000118291,0.00398641,14
0.304483,0.00110851,0.00140055,0.00314159,-0,0.0434996,0.000117609,0.00398615,14
0.308483,0.00110851,-0.00196077,0.00314159,-0,0.0348444,0.000354983,0.0039841,20
0.312484,0.00110851,-0.00028011,0.00314159,-0,0.039172,0.000120314,0.0039834,14
0.316484,0.00110851,-0.00028011,0.00314159,-0,0.039172,0.000126596,0.00398579,14
0.320484,0.00110851,-0.00196077,0.00314159,-0,0.0348444,0.000677875,0.00398243,17
0.324484,0.00110851,-0.00028011,0.00314159,-0,0.039172,0.000215723,0.00398376,13
0.328484,0.00110851,-0.00028011,0.00314159,-0,0.039172,0.000129241,0.00398281,14
0.332484,0.00110851,0.00308121,0.00314159,-0,0.0478272,0.000119363,0.00398595,14
0.336484,0.00110851,0.00140055,0.00314159,-0,0.0434996,0.000544216,0.00398563,17
0.340484,0.00110851,-0.00028011,0.00314159,-0,0.039172,0.000119122,0.00398351,14
0.344484,0.00110851,-0.00364143,0.00314159,-0,0.0305168,0.000120305,0.00398572,14
0.348484,0.00110851,0.00140055,0.00314159,-0,0.0434996,0.000152534,0.00398516,14
0.352484,0.00110851,-0.00028011,0.00314159,-0,0.039172,0.000416787,0.00398454,20
0.356484,0.00110851,-0.00196077,0.00314159,-0,0.0348444,0.000119933,0.00398294,14
0.360484,0.00110851,0.00308121,0.00314159,-0,0.0478272,0.000119103,0.00398606,14
0.364485,0.00110851,-0.00196077,0.00314159,-0,0.0348444,0.000743658,0.00398647,14
0.368485,0.00110851,0.00308121,0.00314159,-0,0.0478272,0.000277638,0.00397175,13
0.372485,0.00110851,0.00476187,0.00314159,-0,0.0521548,0.000119704,0.00398335,14
0.376485,0.00110851,0.00140055,0.00314159,-0,0.0434996,0.000129973,0.00398418,14
0.380485,0.00110851,-0.00196077,0.00314159,-0,0.0348444,0.000604718,0.0039858,17
0.384485,0.00110851,-0.00028011,0.00314159,-0,0.039172,0.000124462,0.00398244,14
0.388485,0.00110851,-0.00028011,0.00314159,-0,0.039172,0.000116828,0.00398615,14
0.392485,0.00110851,0.00140055,0.00314159,-0,0.0434996,0.000118501,0.00398592,14
0.396485,0.00110851,-0.00028011,0.00314159,-0,0.039172,0.000470929,0.00398672,20
0.400485,0.00110851,-0.00028011,0.00314159,-0,0.039172,0.000126446,0.00398302,14
0.404485,0.00110851,-0.00028011,0.00314159,-0,0.039172,0.000118731,0.00397273,14
0.408486,0.00110851,-0.00196077,0.00314159,-0,0.0348444,0.000116347,0.00398643,14
0.412486,0.00110851,-0.00364143,0.00314159,-0,0.0305168,0.000354522,0.00398652,20
0.416486,0.00110851,-0.00196077,0.00314159,-0,0.0348444,0.000119743,0.00397105,14
0.420486,0.00110851,0.00308121,0.00314159,-0,0.0478272,0.000124622,0.00398372,14
0.424486,0.00110851,0.00308121,0.00314159,-0,0.0478272,0.000672375,0.00398576,17
0.428486,0.00110851,-0.00196077,0.00314159,-0,0.0348444,0.000167943,0.0039836,13
0.432486,0.00110851,-0.00196077,0.00314159,-0,0.0348444,0.000119323,0.00398534,14
0.436486,0.00110851,0.00140055,0.00314159,-0,0.0434996,0.000116608,0.0039867,14
0.440486,0.00110851,-0.00364143,0.00314159,-0,0.0305168,0.000525971,0.00398612,17
0.444486,0.00110851,-0.00196077,0.00314159,-0,0.0348444,0.000118902,0.0039833,14
0.448486,0.00110851,-0.00028011,0.00314159,-0,0.039172,0.000117709,0.00398577,14
0.452486,0.00110851,-0.00196077,0.00314159,-0,0.0348444,0.000119393,0.00398617,14
0.456487,0.00110851,-0.00028011,0.00314159,-0,0.039172,0.000394967,0.0039869,20
0.460487,0.00110851,-0.00028011,0.00314159,-0,0.039172,0.000124021,0.00398112,14
0.464487,0.00110851,0.00308121,0.00314159,-0,0.0478272,0.000119854,0.00398579,14
0.468487,0.00110851,-0.00196077,0.00314159,-0,0.0348444,0.000748567,0.00397773,17
0.472487,0.00110851,-0.00028011,0.00314159,-0,0.039172,0.000275875,0.0039823,13
0.476487,0.00110851,-0.00364143,0.00314159,-0,0.0305168,0.0001557,0.00398222,14
0.480487,0.00110851,-0.00364143,0.00314159,-0,0.0305168,0.00011806,0.00398608,14
0.484487,0.00110851,0.00140055,0.00314159,-0,0.0434996,0.000591484,0.00398669,17
0.488487,0.00110851,-0.00028011,0.00314159,-0,0.039172,0.000122308,0.00398232,14
0.492487,0.00110851,0.00140055,0.00314159,-0,0.0434996,0.00012314,0.00398615,14
0.496487,0.00110851,-0.00196077,0.00314159,-0,0.0348444,0.000119603,0.00398603,14
0.500487,0.00110851,-0.00028011,0.00314159,-0,0.039172,0.000457143,0.0039867,20
0.504487,0.00110851,-0.00028011,0.00314159,-0,0.039172,0.000134711,0.00398288,14
0.508487,0.00110851,-0.00196077,0.00314159,-0,0.0348444,0.000118381,0.00398622,14
0.512488,0.00110851,-0.00028011,0.00314159,-0,0.039172,0.000130865,0.00398682,14
0.516488,0.00110851,-0.00532209,0.00314159,-0,0.0261891,0.000315789,0.00398406,20
0.520488,0.00110851,0.00308121,0.00314159,-0,0.0478272,0.000132408,0.00398357,14
0.524488,0.00110851,0.00140055,0.00314159,-0,0.0434996,0.000119073,0.00398606,14
0.528488,0.00110851,-0.00028011,0.00314159,-0,0.039172,0.000667306,0.00398631,17
0.532488,0.00110851,0.00140055,0.00314159,-0,0.0434996,0.00015537,0.00398332,13
0.536488,0.00110851,0.00140055,0.00314159,-0,0.0434996,0.000117529,0.00398605,14
0.540488,0.00110851,-0.00196077,0.00314159,-0,0.0348444,0.000143909,0.00398632,14
0.544488,0.00110851,-0.00028011,0.00314159,-0,0.039172,0.000524949,0.00398675,17
0.548488,0.00110851,-0.00028011,0.00314159,-0,0.039172,0.000132277,0.0039834,14
0.552488,0.00110851,0.00308121,-0,0.011989,0.0465809,0.000112881,0.00398641,13
0.556488,0.00110851,0.00140055,-0,0.0160472,0.054517,0.000629134,0.00398667,12
0.560488,0.00110851,0.00140055,-0,0.0138566,0.0478971,0.000114503,0.00398342,12
0.564489,0.00110851,0.00140055,-0,0.00695917,0.0270533,0.000115445,0.00398578,12
0.568489,0.00110851,-0.00196077,-0,-0.00324342,-0.0124337,0.000573049,0.00398625,15
0.572489,0.00110851,-0.00364143,-0,-0.0154896,-0.0537689,0.000116127,0.00398239,12
0.576489,0.00110851,0.00140055,-0,-0.028658,-0.0805805,0.00012326,0.0039861,12
0.580489,0.00110851,-0.00196077,-0,-0.0417675,-0.128852,0.000499723,0.00398666,15
0.584489,0.00110851,-0.00196077,-0,-0.0539769,-0.165749,0.000119613,0.00398286,12
0.588489,0.00110851,-0.00028011,-0,-0.0645855,-0.19348,0.000111558,0.00398602,12
0.592489,0.00110851,-0.00364143,-0,-0.0730325,-0.227662,0.000433779,0.00398471,15
0.596489,0.00110851,-0.00364143,-0,-0.0788975,-0.245385,0.000113602,0.00398349,12
0.600489,0.00110851,0.00308121,-0,-0.0819001,-0.237149,0.000118701,0.00396695,12
0.604489,0.00110851,-0.00028011,-0,-0.0819001,-0.245804,0.000395789,0.00398614,15
0.608489,0.00110851,-0.00028011,-0,-0.0788975,-0.23673,0.000118651,0.00397208,12
0.612489,0.00110851,-0.00028011,-0,-0.0730325,-0.219006,0.000114223,0.00398576,12
0.61649,0.00110851,0.00308121,-0,-0.0645855,-0.184824,0.00029454,0.00398659,15
0.62049,0.00110851,0.00476187,-0.00314159,-0.0419879,-0.149684,0.000114684,0.00398368,12
0.62449,0.00110851,-0.00028011,-0.00314159,-0.0257203,-0.113507,0.000113212,0.00398633,12
0.62849,0.00110851,0.00140055,-0.00314159,-0.0148014,-0.076183,0.000545148,0.00398673,15
0.63249,0.00110851,-0.00196077,-0.00314159,-0.00853044,-0.0658876,0.000137707,0.00398184,12
0.63649,0.00110851,0.00476187,-0.00314159,-0.00648684,-0.0424014,0.000121807,0.00398595,12
0.64049,0.00110851,0.00476187,-0.00314159,-0.00853044,-0.0485771,0.00011259,0.00398694,12
0.64449,0.00110851,0.00140055,-0.00314159,-0.0148014,-0.076183,0.000280313,0.00398705,15
0.64849,0.00110851,-0.00196077,-0.00314159,-0.0257203,-0.117835,0.000114864,0.00398393,12
0.65249,0.00110851,-0.00196077,-0.00628319,-0.0299989,-0.168241,0.00011259,0.00398645,12
0.65649,0.00110851,-0.00196077,-0.00628319,-0.0485383,-0.224267,0.000550467,0.00398524,15
0.66049,0.00110851,0.00140055,-0.00628319,-0.0591759,-0.247758,0.000117679,0.00398377,12
0.664491,0.00110851,-0.00364143,-0.00628319,-0.0719384,-0.299308,0.00011269,0.0039866,12
0.668491,0.00110851,0.00140055,-0.00942478,-0.0731545,-0.327477,0.000149088,0.00398555,12
0.672491,0.00110851,0.00140055,-0.00942478,-0.0813425,-0.352221,0.000319066,0.0039869,15
0.676491,0.00110851,-0.00364143,-0.00942478,-0.0936989,-0.402545,0.000151072,0.00398187,12
0.680491,0.00110851,0.00308121,-0.00942478,-0.107841,-0.42797,0.000113713,0.0039865,12
0.684491,0.00110851,-0.00532209,-0.00942478,-0.121806,-0.49181,0.000565816,0.00398677,15
0.688491,0.00103461,-0.00364143,-0.00942478,-0.134052,-0.524651,0.000115826,0.00398378,12
0.692491,0.00103461,-0.00364143,-0.00942478,-0.143458,-0.553076,0.000112139,0.00398663,12
0.696491,0.00103461,-0.00532209,-0.0125664,-0.137334,-0.576374,0.000117689,0.00398567,12
0.700491,0.00103461,-0.0114845,-0.0125664,-0.135319,-0.586154,0.000312884,0.00398699,15
0.704491,0.000960713,-0.0131652,-0.0125664,-0.135872,-0.592313,0.000117179,0.00398354,12
0.708491,0.000886812,-0.0165265,-0.0125664,-0.138012,-0.607595,0.00011288,0.00398653,12
0.712492,0.00081291,-0.0198878,-0.0125664,-0.141317,-0.626399,0.00056251,0.00398668,15
0.716492,0.000739011,-0.0215685,-0.0125664,-0.145928,-0.644822,0.000115215,0.00398398,12
0.720492,0.000665109,-0.0232491,-0.0125664,-0.152546,-0.669311,0.00011259,0.00398645,12
0.724492,0.000591208,-0.0277309,-0.0125664,-0.162432,-0.710888,0.000116968,0.00398448,12
0.728492,0.000443407,-0.0310922,-0.0125664,-0.155667,-0.699422,0.000323143,0.00398704,15
0.732492,0.000295604,-0.0394955,-0.0125664,-0.144661,-0.68812,0.000116017,0.00398322,12
0.736492,0.000147803,-0.0411762,-0.0125664,-0.130253,-0.64923,0.000114073,0.00398659,12
0.740492,0,-0.0411762,-0.0125664,-0.113706,-0.599548,0.000587055,0.00398702,15
0.744492,-0.000221703,-0.0473386,-0.0125664,-0.0967015,-0.564513,0.000132076,0.00397985,12
0.748492,-0.000369505,-0.0473386,-0.0125664,-0.0813425,-0.518421,0.0001391,0.00398154,12
0.752492,-0.000591208,-0.0473386,-0.0125664,-0.070152,-0.485087,0.000121046,0.00398503,12
0.756492,-0.00081291,-0.0490192,-0.0125664,-0.0660734,-0.477572,0.000333151,0.00398669,15
0.760493,-0.00103461,-0.0557419,-0.0125664,-0.0507289,-0.448995,0.000121396,0.00398263,12
0.764493,-0.00118242,-0.0523805,-0.0125664,-0.0379298,-0.401984,0.000116196,0.0039854,12
0.768493,-0.00140412,-0.0506999,-0.0125664,-0.0297785,-0.373507,0.000878148,0.00394925,15
0.772493,-0.00162582,-0.0490192,-0.0125664,-0.028658,-0.366277,0.000124111,0.00398005,12
0.776493,-0.00177362,-0.0473386,-0.0125664,-0.0154896,-0.322477,0.000112921,0.00398643,12
0.780493,-0.00199533,-0.0473386,-0.0125664,-0.00324344,-0.285953,0.000114102,0.00398651,12
0.784493,-0.00221703,-0.0506999,-0.0125664,0.00695915,-0.264259,0.000345104,0.00397737,15
0.788493,-0.00236483,-0.0428568,-0.0125664,0.0138566,-0.223542,0.000116848,0.00398358,12
0.792493,-0.00251263,-0.0445375,-0.0125664,0.0160472,-0.221572,0.000118151,0.00395752,12
0.796494,-0.00273434,-0.0361342,-0.0125664,0.011989,-0.212681,0.000608826,0.00398672,15
0.800494,-0.00288214,-0.0361342,-0.015708,0.011989,-0.25048,0.000147004,0.00398244,12
0.804494,-0.00295604,-0.0266104,-0.015708,0.0160471,-0.213854,0.00011288,0.00398651,12
0.808494,-0.00310384,-0.0266104,-0.015708,0.0138566,-0.220796,0.000113993,0.00398649,12
0.812494,-0.00317774,-0.0215685,-0.015708,0.00695914,-0.228818,0.000358198,0.003987,15
0.816494,-0.00325164,-0.0215685,-0.015708,-0.00324344,-0.259811,0.000118261,0.00398272,12
0.820494,-0.00325164,-0.00364143,-0.015708,-0.0154896,-0.250657,0.000113352,0.00398631,12
0.824494,-0.00332554,-0.00364143,-0.015708,-0.028658,-0.290613,0.000588719,0.00398713,15
0.828494,-0.00332554,-0.00196077,-0.015708,-0.0417675,-0.325902,0.000116297,0.0039829,12
0.832494,-0.00332554,-0.0249298,-0.015708,-0.0539769,-0.421942,0.000111819,0.00398648,12
0.836494,-0.00347335,-0.0344535,-0.015708,-0.0645855,-0.478846,0.000114985,0.00398661,12
0.840494,-0.00354725,-0.0266104,-0.015708,-0.0730325,-0.484339,0.000313755,0.00398673,15
0.844495,-0.00369505,-0.0277309,-0.0188496,-0.0669085,-0.506516,0.000115966,0.00398337,12
0.848495,-0.00376895,-0.0165265,-0.0188496,-0.0658529,-0.474636,0.000113512,0.00397811,12
0.852495,-0.00376895,-0.0114845,-0.0188496,-0.0680434,-0.468273,0.000583208,0.00398533,15
0.856495,-0.00384285,-0.00980385,-0.0188496,-0.0719383,-0.475877,0.000117489,0.00398311,12
0.860495,-0.00391675,-0.0148458,-0.0219912,-0.0642869,-0.503375,0.000114123,0.00398625,12
0.864495,-0.00391675,-0.0148458,-0.0219912,-0.0640279,-0.502592,0.00014458,0.00398612,12
0.868495,-0.00399065,-0.0131652,-0.0219912,-0.0687783,-0.512782,0.000363368,0.00398678,15
0.872495,-0.00399065,-0.00700275,-0.0219912,-0.0765758,-0.520477,0.000114654,0.00398332,12
0.876495,-0.00406455,-0.0131652,-0.0219912,-0.0858783,-0.564618,0.000113682,0.00398596,12
0.880495,-0.00413845,-0.0148458,-0.0219912,-0.0955647,-0.598379,0.000630657,0.00398656,15
0.884495,-0.00413845,-0.0148458,-0.0251327,-0.092945,-0.627939,0.000115065,0.00398364,9
0.888495,-0.00421235,-0.0114845,-0.0251327,-0.0976587,-0.633689,0.000112771,0.00398653,12
0.892496,-0.00428626,-0.0131652,-0.0251327,-0.108164,-0.669924,0.000113812,0.00398649,12
0.896496,-0.00436016,-0.0114845,-0.0251327,-0.123479,-0.712041,0.000435283,0.00398699,15
0.900496,-0.00443406,-0.0198878,-0.0251327,-0.143185,-0.793388,0.000115976,0.00398345,12
0.904496,-0.00450796,-0.0215685,-0.0251327,-0.16742,-0.871115,0.000113121,0.0039861,12
0.908496,-0.00458186,-0.0215685,-0.0251327,-0.175144,-0.894617,0.000126156,0.00398687,12
0.912496,-0.00465576,-0.0294115,-0.0251327,-0.177644,-0.922531,0.000277598,0.0039861,15
0.916496,-0.00480356,-0.0327729,-0.0251327,-0.174642,-0.922435,0.000113171,0.00398377,12
0.920496,-0.00495137,-0.0411762,-0.0251327,-0.166276,-0.919114,0.000114053,0.00398637,12
0.924496,-0.00509917,-0.0411762,-0.0282743,-0.141119,-0.880888,0.000516374,0.00398681,15
0.928496,-0.00532087,-0.0456579,-0.0282743,-0.120071,-0.829306,0.000143958,0.00398248,12
0.932496,-0.00546867,-0.0490192,-0.0282743,-0.102852,-0.786248,0.000118111,0.0039857,12
0.936496,-0.00569037,-0.0557419,-0.0282743,-0.0897424,-0.764426,0.00011219,0.0039871,12
0.940497,-0.00591208,-0.0574225,-0.0282743,-0.0815834,-0.744581,0.000297806,0.00398691,15
0.944497,-0.00613378,-0.0607838,-0.0282743,-0.0797766,-0.748259,0.000114554,0.00398387,12
0.948497,-0.00642938,-0.0540612,-0.0282743,-0.0862844,-0.751259,0.00011253,0.00398666,12
0.952497,-0.00665109,-0.0607838,-0.0282743,-0.0818878,-0.755767,0.000576495,0.00398385,15
0.956497,-0.00694669,-0.0624645,-0.0282743,-0.0796972,-0.754119,0.000116297,0.0039832,12
0.960497,-0.00716839,-0.0669463,-0.0282743,-0.0812545,-0.770849,0.000116838,0.00398584,12
0.964497,-0.007464,-0.0686269,-0.0282743,-0.0885221,-0.797783,0.000115446,0.0039865,12
0.968497,-0.0077596,-0.0803915,-0.0282743,-0.0821409,-0.809437,0.000382884,0.00398609,15
0.972497,-0.00805521,-0.081512,-0.0282743,-0.0749409,-0.791209,0.000119553,0.00398352,12
0.976497,-0.00835081,-0.0848733,-0.0282743,-0.0680434,-0.779664,0.000116979,0.00397685,12
0.980497,-0.00872031,-0.086554,-0.0282743,-0.0628503,-0.769104,0.000670321,0.00398595,12
0.984497,-0.00908982,-0.086554,-0.0282743,-0.0610435,-0.76445,0.000150992,0.00398317,9
0.988498,-0.00945932,-0.0932766,-0.0282743,-0.0645855,-0.793269,0.000114905,0.0039859,12
0.992498,-0.00982883,-0.0949573,-0.0282743,-0.0539769,-0.766344,0.000136826,0.0039867,12
0.996498,-0.0101983,-0.099439,-0.0282743,-0.0417674,-0.741793,0.000453577,0.00398649,15
1.0005,-0.0106417,-0.0977584,-0.0282743,-0.0286581,-0.698816,0.000115776,0.00398386,12
1.0045,-0.0110112,-0.099439,-0.0282743,-0.0154896,-0.664155,0.000124312,0.00398445,12
1.0085,-0.0113808,-0.106162,-0.0282743,-0.00324345,-0.645263,0.000115726,0.00398573,12
1.0125,-0.0118242,-0.106162,-0.0282743,0.00695919,-0.615398,0.000270184,0.00398703,15
1.0165,-0.0122676,-0.107842,-0.0282743,0.0138566,-0.599848,0.000118281,0.0039831,12
1.0205,-0.012711,-0.109523,-0.0282743,0.0160472,-0.598523,0.0001129,0.00398647,12
1.0245,-0.0131544,-0.107842,-0.0282743,0.011989,-0.607425,0.000534277,0.00398678,15
1.0285,-0.0135978,-0.114565,-0.0282743,-0,-0.661933,0.000130093,0.00398348,12
1.0325,-0.0139673,-0.107842,-0.0282743,-0,-0.645428,0.000115566,0.00398635,12
1.0365,-0.0144107,-0.112884,-0.0282743,-0,-0.659377,0.00011796,0.00398633,12
1.0405,-0.014928,-0.114565,-0.0282743,-0,-0.664833,0.00033222,0.00398694,15
1.0445,-0.0153714,-0.117366,-0.0282743,-0,-0.673012,0.000118932,0.00398301,12
1.0485,-0.0158148,-0.119047,-0.0282743,-0,-0.678306,0.000122088,0.003985,12
1.0525,-0.0163321,-0.125769,-0.0282743,-0,-0.696745,0.000619687,0.00398611,15
1.0565,-0.0168494,-0.125769,-0.0282743,-0,-0.697872,0.000153998,0.00398314,12
1.0605,-0.0172928,-0.120727,-0.0282743,-0,-0.685856,0.000116347,0.0039861,12
1.0645,-0.0178101,-0.12745,-0.0282743,-0,-0.704295,0.000118621,0.00398607,12
1.0685,-0.0182535,-0.122408,-0.0282743,-0,-0.692278,0.000418922,0.00398702,15
1.0725,-0.0188447,-0.129131,-0.0282743,-0,-0.710878,0.000134581,0.00397958,12
1.0765,-0.0192882,-0.129131,-0.0251327,-0.011989,-0.710598,0.000114724,0.00398606,12
1.0805,-0.0198055,-0.132492,-0.0251327,-0.0160472,-0.732645,0.000111819,0.00398685,12
1.0845,-0.0203228,-0.132492,-0.0251327,-0.0138566,-0.727153,0.000276386,0.00398692,15
1.0885,-0.020914,-0.138654,-0.0251327,-0.00695916,-0.723466,0.000114774,0.00398355,12
1.0925,-0.0214313,-0.136974,-0.0251327,0.00324342,-0.689434,0.000116498,0.00398559,12
1.0965,-0.0219486,-0.138654,-0.0251327,0.0154896,-0.657882,0.000489223,0.00398535,15
1.1005,-0.0226137,-0.136974,-0.0251327,0.028658,-0.61521,0.000117179,0.00398316,12
1.1045,-0.0230571,-0.140335,-0.0251327,0.0417674,-0.585215,0.000143477,0.0039862,12
1.1085,-0.0236483,-0.140335,-0.0251327,0.0539768,-0.549608,0.000115124,0.00398545,12
1.1125,-0.0242395,-0.140335,-0.0251327,0.0645854,-0.518838,0.000281314,0.00398631,15
1.1165,-0.0248307,-0.142016,-0.0251327,0.0730325,-0.498928,0.000116016,0.00398322,12
1.1205,-0.025348,-0.142016,-0.0251327,0.0788974,-0.482332,0.000124793,0.00398427,12
1.1245,-0.0259392,-0.140335,-0.0251327,0.0819,-0.470219,0.000546841,0.00398658,15
1.1285,-0.0265305,-0.142016,-0.0251327,0.0819,-0.475836,0.000114694,0.00398266,12
1.1325,-0.0270478,-0.142016,-0.0251327,0.0788974,-0.486037,0.000115345,0.00398647,12
1.1365,-0.027639,-0.136974,-0.0251327,0.0730325,-0.492067,0.000114825,0.00398637,12
1.1405,-0.0281563,-0.138654,-0.0251327,0.0645854,-0.523049,0.000393455,0.0039867,15
1.1445,-0.0287475,-0.140335,-0.0251327,0.0539768,-0.560724,0.000116738,0.00398331,12
1.1485,-0.0292648,-0.129131,-0.0251327,0.0417674,-0.569898,0.000113592,0.00398643,12
1.1525,-0.0297821,-0.135293,-0.0251327,0.028658,-0.62651,0.000604659,0.00398702,15
1.1565,-0.0303733,-0.142016,-0.0251327,0.0154896,-0.684903,0.000114323,0.00398379,12
1.1605,-0.0308167,-0.133612,-0.0251327,0.00324341,-0.70124,0.0001126,0.00398665,12
1.1645,-0.031334,-0.133612,-0.0251327,-0.00695918,-0.733199,0.000121467,0.0039852,12
1.1685,-0.0318513,-0.135293,-0.0251327,-0.0138566,-0.759498,0.000394186,0.00398627,15
1.1725,-0.0324425,-0.130811,-0.0251327,-0.0160472,-0.755867,0.000116136,0.00397478,12
1.1765,-0.0329598,-0.135293,-0.0251327,-0.011989,-0.756271,0.000114453,0.00398616,12
1.1805,-0.0334771,-0.143696,-0.0251327,-0,-0.742807,0.000663668,0.00398664,12
1.1845,-0.0341422,-0.135293,-0.0251327,-0,-0.722619,0.000138909,0.00398339,9
1.1885,-0.0345857,-0.142016,-0.0219912,-0.011989,-0.73965,0.000158195,0.00398388,12
1.1925,-0.0351769,-0.143696,-0.0219912,-0.0160472,-0.75753,0.000114254,0.00398646,12
1.1965,-0.0357681,-0.140335,-0.0219912,-0.0138566,-0.743544,0.000467692,0.00398616,15
1.2005,-0.0363593,-0.147058,-0.0219912,-0.00695921,-0.741299,0.000114374,0.00398359,12
1.2045,-0.0368766,-0.151539,-0.0219912,0.00324338,-0.723135,0.000114664,0.00398591,12
1.2085,-0.0374678,-0.148738,-0.0219912,0.0154896,-0.680204,0.000116438,0.00398591,12
1.2125,-0.0381329,-0.154901,-0.0219912,0.028658,-0.657727,0.000268842,0.00398352,15
1.2165,-0.0387241,-0.148738,-0.0219912,0.0417674,-0.603532,0.000120876,0.00398224,12
1.2205,-0.0393153,-0.151539,-0.0219912,0.0539769,-0.575137,0.000117349,0.00398534,12
1.2245,-0.0399804,-0.154901,-0.0219912,0.0645855,-0.553183,0.00054117,0.00397418,15
1.2285,-0.0406455,-0.15322,-0.0219912,0.0730325,-0.524779,0.000114654,0.00398264,12
1.2325,-0.0411628,-0.148738,-0.0219912,0.0788974,-0.496643,0.000115185,0.00398576,12
1.2365,-0.041754,-0.15322,-0.0219912,0.0819,-0.500399,0.000126616,0.00398441,12
1.2405,-0.0424192,-0.151539,-0.0219912,0.0819,-0.497521,0.000305029,0.00398561,15
1.2445,-0.0430104,-0.150419,-0.0219912,0.0788974,-0.504998,0.000127057,0.00398254,12
1.2485,-0.0436016,-0.151539,-0.0219912,0.0730325,-0.526896,0.000113401,0.00398623,12
1.2525,-0.0441928,-0.148738,-0.0188496,0.0525965,-0.545253,0.000635977,0.00398691,15
1.2565,-0.0448579,-0.148738,-0.0188496,0.0379297,-0.591025,0.000114794,0.00398379,12
1.2605,-0.0453752,-0.15322,-0.0188496,0.0279109,-0.63397,0.000127037,0.00398347,12
1.2645,-0.0459664,-0.148738,-0.0188496,0.0216989,-0.642491,0.000121546,0.00398409,12
1.2685,-0.0465576,-0.156581,-0.0188496,0.018733,-0.672938,0.000328634,0.00398604,15
1.2725,-0.0472227,-0.156581,-0.0188496,0.018733,-0.674388,0.000118882,0.00398329,12
1.2765,-0.0478139,-0.150419,-0.0188496,0.0216988,-0.650846,0.000115937,0.0039841,12
1.2805,-0.0484051,-0.156581,-0.0188496,0.0279109,-0.64923,0.000551809,0.00398573,15
1.2845,-0.0491441,-0.156581,-0.0188496,0.0379297,-0.620565,0.000121818,0.00398366,12
1.2885,-0.0496615,-0.158262,-0.0188496,0.0525965,-0.581698,0.000119964,0.00398465,12
1.2925,-0.0503266,-0.158262,-0.0188496,0.0730325,-0.521391,0.000113972,0.00398648,12
1.2965,-0.0509917,-0.163304,-0.0188496,0.0788975,-0.5181,0.000275844,0.00398671,15
1.3005,-0.0515829,-0.156581,-0.0188496,0.0819001,-0.493005,0.000115235,0.00398287,12
1.3045,-0.052248,-0.156581,-0.0188496,0.0819001,-0.494455,0.000112109,0.00398637,12
1.3085,-0.0528392,-0.161623,-0.0188496,0.0788975,-0.5178,0.000499381,0.00398651,15
1.3125,-0.0535782,-0.15322,-0.0188496,0.0730325,-0.515497,0.000113281,0.0039837,12
1.3165,-0.0540955,-0.159943,-0.0188496,0.0645855,-0.559462,0.00011256,0.00398639,12
1.3205,-0.0547606,-0.154901,-0.0188496,0.0539769,-0.579987,0.000117409,0.00398634,12
1.3245,-0.0553518,-0.158262,-0.015708,0.0297784,-0.625582,0.000261999,0.00398682,15
1.3285,-0.0560169,-0.15322,-0.015708,0.0126108,-0.665929,0.000126897,0.00398062,12
1.3325,-0.0564603,-0.0669463,-0.015708,0.00163298,-0.477919,0.000112269,0.00398644,12
1.3365,-0.0571994,-0.154901,-0.015708,-0.00371577,-0.722173,0.000473804,0.00398636,15
1.3405,-0.0579384,-0.15322,-0.015708,-0.00371574,-0.719456,0.000114454,0.00398377,12
1.3445,-0.0585296,-0.159943,-0.015708,0.001633,-0.721892,0.000112059,0.00398632,12
1.3485,-0.0591208,-0.15322,-0.015708,0.0126109,-0.672695,0.000115095,0.00398653,12
1.3525,-0.0597859,-0.159943,-0.015708,0.0297785,-0.639576,0.000261588,0.00398695,15
1.35651,-0.060451,-0.159943,-0.015708,0.0539769,-0.567899,0.000122358,0.00398076,12
1.36051,-0.0610422,-0.163304,-0.015708,0.0645855,-0.545784,0.000113132,0.00398625,12
1.36451,-0.0617073,-0.161623,-0.015708,0.0730326,-0.51738,0.00043992,0.00398643,15
1.36851,-0.0624463,-0.164985,-0.015708,0.0788975,-0.509923,0.000132908,0.00397104,12
1.37251,-0.0630375,-0.163304,-0.015708,0.0819001,-0.49781,0.000119533,0.00398255,12
1.37651,-0.0637026,-0.161623,-0.015708,0.0819001,-0.494933,0.000119423,0.00398323,12
1.38051,-0.0642938,-0.159943,-0.015708,0.0788975,-0.500968,0.000147846,0.00398705,15
1.38451,-0.064959,-0.169466,-0.015708,0.0730326,-0.544665,0.0001446,0.00398576,12
1.38851,-0.0656241,-0.166665,-0.015708,0.0645855,-0.564428,0.000111728,0.00398689,12
1.39251,-0.0662153,-0.161623,-0.015708,0.0539769,-0.584793,0.000405788,0.00398624,15
1.39651,-0.0669543,-0.164985,-0.015708,0.0417675,-0.631956,0.000132508,0.00398301,12
1.40051,-0.0675455,-0.164985,-0.015708,0.028658,-0.672861,0.000112971,0.00398646,12
1.40451,-0.0682106,-0.166665,-0.015708,0.0154896,-0.718433,0.000641146,0.00398664,15
1.40851,-0.0689496,-0.169466,-0.015708,0.0032434,-0.764265,0.000113812,0.00398387,12
1.41251,-0.0695408,-0.172828,-0.015708,-0.00695919,-0.805041,0.000114103,0.00398614,12
1.41651,-0.0702798,-0.171147,-0.015708,-0.0138566,-0.823168,0.000111388,0.00398685,12
1.42051,-0.0709449,-0.174508,-0.015708,-0.0160472,-0.839893,0.000371824,0.00398629,15
1.42451,-0.0717578,-0.182912,-0.015708,-0.011989,-0.85104,0.000114904,0.00397002,12
1.42851,-0.072423,-0.182912,-0.015708,-0,-0.816259,0.000116026,0.00398665,12
1.43251,-0.073162,-0.189074,-0.015708,-0,-0.833738,0.000609227,0.00398519,15
1.43651,-0.0739749,-0.190755,-0.015708,-0,-0.839838,0.000116618,0.00398362,12
1.44051,-0.07464,-0.190755,-0.015708,-0,-0.841288,0.000115576,0.00398637,12
1.44451,-0.0754529,-0.190755,-0.015708,-0,-0.84306,0.00012323,0.00398647,12
1.44851,-0.0761919,-0.199158,-0.015708,-0,-0.866309,0.000372595,0.00398642,15
1.45251,-0.0770787,-0.2042,-0.015708,-0,-0.881226,0.000126667,0.00398303,12
1.45651,-0.0778177,-0.205321,-0.015708,-0,-0.885722,0.000115065,0.00398618,12
1.46051,-0.0787045,-0.210363,-0.015708,-0,-0.900638,0.000581245,0.00398625,15
1.46451,-0.0796652,-0.222127,-0.015708,-0,-0.933026,0.000116908,0.00398374,12
1.46851,-0.0804043,-0.224928,-0.0125664,-0.011989,-0.940603,0.00011781,0.00398474,12
1.47251,-0.081365,-0.22997,-0.0125664,-0.0160471,-0.967944,0.000114092,0.00398648,12
1.47651,-0.0822518,-0.231651,-0.0125664,-0.0138566,-0.967585,0.000351816,0.0039856,15
1.48051,-0.0831386,-0.2042,-0.0125664,-0.00695914,-0.87799,0.00012311,0.00398214,12
1.48451,-0.0840993,-0.240054,-0.0125664,0.00324344,-0.941575,0.000115525,0.00398592,12
1.48851,-0.08506,-0.239494,-0.0125664,0.0154896,-0.90522,0.000591984,0.00398687,15
1.49251,-0.0861685,-0.242855,-0.0125664,0.028658,-0.876497,0.000115616,0.00398369,12
1.49651,-0.0870553,-0.246217,-0.0125664,0.0417674,-0.84747,0.000116758,0.00398592,12
1.50051,-0.08809,-0.25462,-0.00942478,0.0419879,-0.83322,0.000115496,0.00398627,12
1.50451,-0.0891246,-0.257421,-0.00942478,0.0485383,-0.822894,0.000363208,0.0039868,15
1.50851,-0.0902331,-0.260782,-0.00942478,0.0591759,-0.801819,0.000115987,0.00398339,12
1.51251,-0.0911938,-0.270866,-0.00628319,0.0599493,-0.790065,0.000137977,0.0039861,12
1.51651,-0.0923023,-0.274228,-0.00628319,0.0690963,-0.773495,0.000636177,0.00398588,15
1.52051,-0.0934847,-0.270866,-0.00314159,0.0715441,-0.722544,0.000123721,0.00398378,9
1.52451,-0.0944454,-0.275348,-0.00314159,0.0845492,-0.696878,0.000118502,0.00398561,12
1.52851,-0.095554,-0.278709,-0.00314159,0.104187,-0.648606,0.000116237,0.00398603,12
1.53251,-0.0966625,-0.288793,-0,0.115104,-0.60652,0.000391029,0.00398656,15
1.53651,-0.0979188,-0.278709,-0,0.134417,-0.524931,0.000131345,0.00397518,12
1.54051,-0.0989534,-0.285432,-0,0.1582,-0.472623,0.000113652,0.00398646,12
1.54451,-0.100062,-0.283751,-0,0.183231,-0.39507,0.00030575,0.00398676,15
1.54851,-0.101318,-0.287113,-0,0.206986,-0.334678,0.000115446,0.00398345,12
1.55251,-0.102353,-0.275348,0.00314159,0.215654,-0.24297,0.000114374,0.00398641,13
1.55651,-0.103461,-0.277029,0.00314159,0.228032,-0.212307,0.000481859,0.00398655,17
1.56051,-0.104644,-0.275348,0.00314159,0.242019,-0.168288,0.000115936,0.00398344,14
1.56451,-0.105678,-0.272547,0.00628319,0.244365,-0.118767,0.000113461,0.00398634,14
1.56851,-0.106787,-0.274228,0.00628319,0.254567,-0.0946796,0.000116577,0.00397443,14
1.57251,-0.107822,-0.264144,0.00942478,0.259377,-0.0189589,0.000390629,0.0039856,20
1.57651,-0.10893,-0.256301,0.00942478,0.25669,-0.00929825,0.000116508,0.00398374,14
1.58051,-0.109891,-0.387952,0.00942478,0.255553,-0.353825,0.000115796,0.0039857,14
1.58451,-0.110851,-0.249578,0.00942478,0.254004,-0.00429489,0.000748476,0.00398637,14
1.58851,-0.11196,-0.241175,0.0125664,0.239071,0.00727738,0.000282367,0.00398382,13
1.59251,-0.112847,-0.22997,0.0125664,0.230675,0.00882311,0.00011767,0.00398324,14
1.59651,-0.113734,-0.22997,0.0125664,0.228116,-0.000846007,0.000115175,0.00398626,14
1.60051,-0.11462,-0.22997,0.0125664,0.231812,0.00839181,0.00063799,0.00398667,17
1.60451,-0.115655,-0.220446,0.0125664,0.243307,0.0653968,0.00025169,0.00398341,13
1.60851,-0.116394,-0.215404,0.0125664,0.243522,0.077417,0.000125885,0.00397888,14
1.61251,-0.117207,-0.208682,0.0125664,0.246267,0.101252,0.000119022,0.00398429,14
1.61651,-0.118094,-0.208682,0.0125664,0.254347,0.123735,0.000537794,0.0039864,17
1.62051,-0.118981,-0.202519,0.0125664,0.249803,0.123939,0.000116277,0.00398358,14
1.62451,-0.119646,-0.192435,0.0125664,0.247429,0.14128,0.000113562,0.00398662,14
1.62851,-0.120385,-0.189074,0.0125664,0.229126,0.0930142,0.000120906,0.003986,14
1.63251,-0.121124,-0.176189,0.0125664,0.209408,0.0649918,0.000426856,0.00398675,20
1.63651,-0.121863,-0.172828,0.0125664,0.191496,0.0179092,0.000117329,0.00398375,14
1.64051,-0.122454,-0.164985,0.0125664,0.157576,-0.065691,0.000130484,0.00398578,14
1.64451,-0.123045,-0.158262,0.0125664,0.122298,-0.156278,0.000140893,0.00398693,14
1.64851,-0.123636,-0.150419,0.0125664,0.0888868,-0.238339,0.000311511,0.00398638,20
1.65251,-0.124301,-0.147058,0.0125664,0.0611269,-0.315023,0.000116898,0.00398349,14
1.65651,-0.124819,-0.140335,0.0125664,0.0433637,-0.35252,0.000114103,0.00398642,14
1.66051,-0.125336,-0.140335,0.0125664,0.0187611,-0.427996,0.000658599,0.00398621,17
1.66451,-0.126001,-0.138654,0.0125664,0.00281243,-0.473315,0.000242733,0.00398406,13
1.66851,-0.126445,-0.140335,0.0125664,-0.000557553,-0.488793,0.000119413,0.00398341,14
1.67251,-0.127036,-0.136974,0.0125664,-0.00874556,-0.50617,0.000113653,0.00398648,14
1.67651,-0.127553,-0.136974,0.0125664,-0.00695915,-0.5019,0.000553203,0.00398493,17
1.68051,-0.128144,-0.132492,0.0125664,-0.0138566,-0.512492,0.000118331,0.00397081,14
1.68451,-0.128588,-0.129131,0.0125664,-0.0160472,-0.511423,0.000114214,0.00398638,14
1.68851,-0.129105,-0.130811,0.0125664,-0.011989,-0.504615,0.000123089,0.00398661,14
1.69251,-0.129696,-0.129131,0.0125664,-0,-0.465346,0.000426045,0.00398704,20
1.69651,-0.130213,-0.130811,0.0125664,-0,-0.470801,0.000121226,0.00398331,14
1.70051,-0.130657,-0.12745,0.0125664,-0,-0.463113,0.000118151,0.00398567,14
1.70451,-0.131174,-0.12745,0.0125664,-0,-0.46424,0.000115926,0.00398657,14
1.70851,-0.131692,-0.122408,0.0125664,-0,-0.452385,0.000339904,0.00398681,20
1.71251,-0.132209,-0.124089,0.0125664,-0,-0.457841,0.000119693,0.00398336,14
1.71651,-0.132726,-0.124089,0.0125664,-0,-0.458969,0.000118572,0.00398585,14
1.72051,-0.13317,-0.125769,0.0125664,-0,-0.464263,0.000677905,0.0039867,17
1.72451,-0.133761,-0.124089,0.0125664,-0,-0.461224,0.00025147,0.00398211,13
1.72851,-0.134204,-0.122408,0.0125664,-0,-0.457863,0.00012361,0.00398361,14
1.73251,-0.134648,-0.117366,0.0125664,-0,-0.445847,0.000117098,0.00398623,14
1.73651,-0.135091,-0.115685,0.0125664,-0,-0.442486,0.000554545,0.0039864,17
1.74051,-0.135608,-0.111204,0.0125664,-0,-0.432073,0.000125164,0.00398372,14
1.74451,-0.136052,-0.107842,0.0125664,-0,-0.424385,0.000135433,0.00398404,14
1.74851,-0.136495,-0.159943,0.00942478,0.011989,-0.560754,0.000119804,0.00398662,14
1.75251,-0.136938,-0.107842,0.00942478,0.0160472,-0.415301,0.000459097,0.00398642,20
1.75651,-0.137456,-0.112884,0.00942478,0.0138566,-0.436031,0.000115545,0.00398389,14
1.76051,-0.137825,-0.111204,0.00942478,0.00695918,-0.453353,0.000116037,0.00398605,14
1.76451,-0.138269,-0.104481,0.00942478,-0.00324341,-0.467841,0.000113212,0.00398686,14
1.76851,-0.138638,-0.106162,0.00942478,-0.0154896,-0.509982,0.000329264,0.00397781,20
1.77251,-0.139082,-0.106162,0.00942478,-0.028658,-0.550743,0.000118882,0.00398241,14
1.77651,-0.139451,-0.106162,0.00942478,-0.0417675,-0.591165,0.000117449,0.00398642,14
1.78051,-0.139895,-0.10112,0.00942478,-0.0539769,-0.616045,0.000690418,0.0039867,17
1.78451,-0.140338,-0.1028,0.00942478,-0.0645855,-0.653398,0.000241471,0.00398372,13
1.78851,-0.140707,-0.1028,0.00942478,-0.0730325,-0.67973,0.000117519,0.00398323,14
1.79251,-0.141151,-0.104481,0.00942478,-0.0788975,-0.702748,0.000116728,0.00398612,14
1.79651,-0.141594,-0.112884,0.00942478,-0.0819001,-0.734427,0.000556869,0.00398659,17
1.80051,-0.142112,-0.114565,0.00942478,-0.0819001,-0.739882,0.000117659,0.00398376,14
1.80451,-0.142481,-0.120727,0.00942478,-0.0788975,-0.747482,0.000115155,0.00398603,14
1.80851,-0.142924,-0.117366,0.00628319,-0.0610435,-0.723316,0.000114263,0.00398675,14
1.81251,-0.143442,-0.115685,0.00628319,-0.0485383,-0.682326,0.000457614,0.00398696,20
1.81651,-0.143959,-0.125769,0.00628319,-0.0401203,-0.68398,0.000117399,0.00398255,14
1.82051,-0.144402,-0.120727,0.00628319,-0.0348083,-0.655911,0.000114293,0.00398648,14
1.82451,-0.14492,-0.130811,0.00628319,-0.0319014,-0.67422,0.000114443,0.0039863,14
1.82851,-0.145511,-0.132492,0.00628319,-0.0309792,-0.67705,0.000328523,0.0039869,20
1.83251,-0.146028,-0.133612,0.00628319,-0.0319014,-0.68385,0.000117359,0.00398358,14
1.83651,-0.146546,-0.135293,0.00628319,-0.0348083,-0.69809,0.000114534,0.00398657,14
1.84051,-0.147063,-0.140335,0.00628319,-0.0401203,-0.728253,0.00071812,0.00398678,17
1.84451,-0.147654,-0.136974,0.00628319,-0.0485383,-0.746325,0.000244737,0.00398352,13
1.84851,-0.148171,-0.138654,0.00628319,-0.0610436,-0.789571,0.000127248,0.00398326,14
1.85251,-0.148689,-0.142016,0.00628319,-0.0788975,-0.853308,0.000120745,0.00398652,14
1.85651,-0.14928,-0.143696,0.00628319,-0.0819001,-0.867998,0.000540959,0.00398636,17
1.86051,-0.149945,-0.148738,0.00942478,-0.0938891,-0.881185,0.000126847,0.00398266,14
1.86451,-0.150536,-0.15322,0.00942478,-0.0949447,-0.897204,0.000116667,0.00398547,14
1.86852,-0.151127,-0.163304,0.00942478,-0.0868891,-0.900115,0.000115645,0.0039865,14
1.87252,-0.151793,-0.163304,0.00942478,-0.0715446,-0.855194,0.000453917,0.00398681,20
1.87652,-0.152532,-0.168346,0.00942478,-0.0507335,-0.806898,0.00011805,0.0039833,14
1.88052,-0.153197,-0.174508,0.00942478,-0.0262778,-0.750312,0.00011784,0.00398645,14
1.88452,-0.153862,-0.174508,0.00942478,-0,-0.672351,0.000118491,0.00398609,14
1.88852,-0.154601,-0.172828,0.00942478,0.0262779,-0.590224,0.000321059,0.00398645,20
1.89252,-0.15534,-0.17955,0.00942478,0.0507335,-0.535241,0.000119022,0.0039832,14
1.89652,-0.156005,-0.172828,0.00942478,0.0715447,-0.45649,0.000113372,0.00398653,14
1.90052,-0.15667,-0.174508,0.0125664,0.0749001,-0.414651,0.000688074,0.00398652,17
1.90452,-0.157483,-0.17787,0.0125664,0.0788975,-0.412999,0.000265966,0.00398374,13
1.90852,-0.158148,-0.174508,0.0125664,0.0800325,-0.402363,0.000127007,0.0039823,14
1.91252,-0.158813,-0.172828,0.0125664,0.0749409,-0.414872,0.000119132,0.00398576,14
1.91652,-0.159478,-0.171147,0.0125664,0.0821409,-0.390236,0.000579611,0.00398714,17
1.92052,-0.160217,-0.164985,0.0125664,0.0885222,-0.356696,0.000124111,0.00398378,14
1.92452,-0.160809,-0.171147,0.0125664,0.0932435,-0.359585,0.000120144,0.00398629,14
1.92852,-0.161474,-0.166665,0.015708,0.0837554,-0.340691,0.000113442,0.00398665,14
1.93252,-0.162139,-0.163304,0.015708,0.0796972,-0.345749,0.000478984,0.00398593,20
1.93652,-0.16273,-0.109523,0.015708,0.0793869,-0.209492,0.000115736,0.00398362,14
1.94052,-0.163395,-0.158262,0.015708,0.081563,-0.329867,0.000116477,0.00398594,14
1.94452,-0.16406,-0.151539,0.015708,0.0853844,-0.302458,0.000119182,0.00398685,14
1.94852,-0.164651,-0.150419,0.015708,0.0904305,-0.285613,0.000329736,0.00398689,20
1.95252,-0.165243,-0.147058,0.015708,0.0967015,-0.259296,0.000120565,0.00398324,14
1.95652,-0.165834,-0.142016,0.0188496,0.0926288,-0.222433,0.000114183,0.00398654,14
1.96052,-0.166351,-0.138654,0.0188496,0.0989732,-0.195732,0.000663648,0.00397822,17
1.96452,-0.166942,-0.133612,0.0188496,0.115314,-0.134656,0.000239627,0.00398386,13
1.96852,-0.16746,-0.129131,0.0188496,0.12005,-0.109932,0.000182701,0.00398072,14
1.97252,-0.167903,-0.125769,0.0188496,0.123908,-0.0905843,0.000118691,0.00398556,14
1.97652,-0.16842,-0.122408,0.0188496,0.126048,-0.0765919,0.000521043,0.00398661,17
1.98052,-0.168938,-0.114565,0.0188496,0.126048,-0.0575242,0.000120034,0.00398252,14
1.98452,-0.169307,-0.111204,0.0219912,0.111919,-0.054893,0.000120715,0.0039862,14
1.98852,-0.169751,-0.106162,0.0219912,0.104003,-0.0667996,0.000116577,0.0039859,14
1.99252,-0.170194,-0.1028,0.0219912,0.101458,-0.0668031,0.000423861,0.00398652,20
1.99652,-0.170563,-0.0949573,0.0219912,0.104003,-0.0397211,0.000124823,0.00398339,14
2.00052,-0.170933,-0.0966379,0.0219912,0.111919,-0.0209315,0.000118702,0.00398506,14
2.00452,-0.171302,-0.086554,0.0219912,0.126048,0.0469239,0.000121808,0.00398682,14
2.00852,-0.171598,-0.0848733,0.0219912,0.126048,0.0506072,0.000324135,0.0039866,20
2.01252,-0.171968,-0.0831926,0.0219912,0.123908,0.0476643,0.00012363,0.00398385,14
2.01652,-0.172263,-0.0753496,0.0219912,0.12005,0.0555562,0.000115906,0.00398601,14
2.02052,-0.172559,-0.0652656,0.0219912,0.115314,0.066566,0.000704796,0.00398674,17
2.02452,-0.172854,-0.0607838,0.0219912,0.110962,0.0643099,0.000239367,0.00398334,13
2.02852,-0.173076,-0.0557419,0.0219912,0.108676,0.0699003,0.000124392,0.00398366,14
2.03252,-0.173224,-0.0490192,0.0188496,0.122547,0.0913298,0.000116517,0.00398622,14
2.03652,-0.173446,-0.0445375,0.0188496,0.113437,0.074856,0.000634464,0.00398621,17
2.04052,-0.173593,-0.0344535,0.0188496,0.0959975,0.0477984,0.000125004,0.00398316,14
2.04452,-0.173741,-0.0310922,0.0188496,0.0730325,-0.013268,0.000114483,0.00398641,14
2.04852,-0.173815,-0.0249298,0.0188496,0.0474854,-0.0747636,0.000114704,0.00398677,14
2.05252,-0.173889,-0.0182071,0.015708,0.0344291,-0.134547,0.000483572,0.00398692,17
2.05652,-0.173963,-0.0148458,0.015708,0.0171676,-0.178216,0.000118691,0.00398359,14
2.06052,-0.174037,-0.0114845,0.015708,0.000747155,-0.219344,0.000120335,0.00398612,14
2.06452,-0.174111,-0.00868341,0.015708,-0.0315281,-0.309827,0.000113242,0.00398666,14
2.06852,-0.174111,-0.0114845,0.015708,-0.0645855,-0.416938,0.000338171,0.00398608,20
2.07252,-0.174185,-0.00868341,0.0125664,-0.0834923,-0.504499,0.000123651,0.00397964,14
2.07652,-0.174185,-0.00700275,0.0125664,-0.105365,-0.56627,0.000117069,0.0039863,14
2.08052,-0.174258,-0.00868341,0.0125664,-0.125858,-0.632688,0.000711277,0.00398654,17
2.08452,-0.174258,-0.0114845,0.0125664,-0.140907,-0.685377,0.000261297,0.00398389,13
2.08852,-0.174332,-0.00980385,0.0125664,-0.146726,-0.698798,0.000122669,0.00398397,14
2.09252,-0.174406,-0.0182071,0.0125664,-0.161555,-0.765407,0.000115105,0.00398644,14
2.09652,-0.174406,-0.0198878,0.00942478,-0.160152,-0.802973,0.000625507,0.00398608,17
2.10052,-0.174554,-0.0198878,0.00942478,-0.161597,-0.807662,0.000263462,0.00398368,13
2.10452,-0.174628,-0.0198878,0.00942478,-0.163788,-0.814443,0.00011753,0.00396761,14
2.10852,-0.174702,-0.0266104,0.00942478,-0.165182,-0.836127,0.000122979,0.00398529,14
2.11252,-0.17485,-0.0277309,0.00942478,-0.164798,-0.838175,0.000495395,0.00398553,17
2.11652,-0.174997,-0.0394955,0.00942478,-0.162216,-0.860987,0.000117018,0.00398286,14
2.12052,-0.175145,-0.0394955,0.00942478,-0.157576,-0.847287,0.000114614,0.00398659,14
2.12452,-0.175293,-0.0473386,0.00942478,-0.151578,-0.849681,0.000116548,0.00398679,14
2.12852,-0.175515,-0.0490192,0.00942478,-0.145485,-0.836079,0.0003861,0.00398671,20
2.13252,-0.175737,-0.0540612,0.00942478,-0.141119,-0.836349,0.000119233,0.00398362,14
2.13652,-0.175958,-0.0591032,0.00942478,-0.140861,-0.849038,0.000113522,0.00398634,14
2.14052,-0.17618,-0.0652656,0.00942478,-0.125915,-0.820222,0.000741083,0.00398617,17
2.14452,-0.176476,-0.0669463,0.00942478,-0.109811,-0.776528,0.000254235,0.00398376,13
2.14852,-0.176697,-0.0703076,0.00942478,-0.0945109,-0.73943,0.000116948,0.00398345,14
2.15252,-0.176993,-0.0798313,0.00942478,-0.0823981,-0.727993,0.000115446,0.00398622,14
2.15652,-0.177288,-0.0798313,0.00942478,-0.076276,-0.710137,0.000597114,0.00397826,17
2.16052,-0.177658,-0.0831926,0.00942478,-0.0576263,-0.663239,0.000117289,0.00398368,14
2.16452,-0.177954,-0.0831926,0.00942478,-0.0401203,-0.610981,0.000136735,0.00398633,14
2.16852,-0.178323,-0.081512,0.00942478,-0.0257203,-0.563943,0.000119393,0.00398539,14
2.17252,-0.178693,-0.0899153,0.00942478,-0.016669,-0.559034,0.00048219,0.0039857,17
2.17652,-0.179062,-0.0882346,0.00942478,-0.0154896,-0.551947,0.000119342,0.00398267,14
2.18052,-0.179358,-0.0899153,0.00942478,-0.00324342,-0.519912,0.000117099,0.00398616,14
2.18452,-0.179653,-0.0882346,0.00942478,0.00695915,-0.485397,0.000114173,0.00398673,14
2.18852,-0.180023,-0.0899153,0.00942478,0.0138566,-0.469686,0.000368057,0.00398617,20
2.19252,-0.180392,-0.0899153,0.00942478,0.0160472,-0.463872,0.000115496,0.00398312,14
2.19652,-0.180762,-0.086554,0.00942478,0.011989,-0.468286,0.000116667,0.00398622,14
2.20052,-0.181057,-0.0949573,0.00942478,-0,-0.526799,0.000715275,0.00398634,17
2.20452,-0.181501,-0.086554,0.00942478,-0,-0.506127,0.000236391,0.00398266,13
2.20852,-0.181796,-0.0882346,0.0125664,-0.011989,-0.509853,0.000124883,0.00398153,14
2.21252,-0.182092,-0.086554,0.0125664,-0.0160471,-0.518434,0.000120204,0.00398416,14
2.21652,-0.182461,-0.086554,0.0125664,-0.0138566,-0.512619,0.000624926,0.00398384,17
2.22052,-0.182905,-0.0882346,0.0125664,-0.00695914,-0.49707,0.000121276,0.00398347,14
2.22452,-0.183201,-0.086554,0.0125664,0.00324344,-0.462555,0.000114293,0.00398587,14
2.22852,-0.183496,-0.0899153,0.0125664,0.0154896,-0.434847,0.00012286,0.0039844,14
2.23252,-0.183866,-0.0848733,0.0125664,0.028658,-0.382875,0.00054142,0.00398339,20
2.23652,-0.184235,-0.0848733,0.0125664,0.0417675,-0.344064,0.000117169,0.00398201,14
2.24052,-0.184531,-0.0848733,0.0125664,0.0539769,-0.307812,0.000117209,0.0039854,14
2.24452,-0.1849,-0.0787109,0.0125664,0.0645855,-0.260691,0.00011783,0.00398629,14
2.24852,-0.185196,-0.0736689,0.0125664,0.0730326,-0.222826,0.0003856,0.00398679,20
2.25252,-0.185565,-0.0787109,0.0125664,0.0788975,-0.218891,0.000118642,0.00398346,14
2.25652,-0.185787,-0.0753496,0.0125664,0.0819001,-0.201645,0.000115174,0.00398649,14
2.26052,-0.186083,-0.0703076,0.0125664,0.0819001,-0.189307,0.000736654,0.00398693,17
2.26452,-0.186378,-0.0686269,0.0125664,0.0788975,-0.194697,0.000259084,0.00398365,13
2.26852,-0.1866,-0.0635849,0.015708,0.0610436,-0.198675,0.000116618,0.00398384,14
2.27252,-0.186822,-0.0574225,0.015708,0.0485383,-0.221081,0.000118642,0.00398467,14
2.27652,-0.187117,-0.0591032,0.015708,0.0401203,-0.251492,0.000614767,0.00398692,17
2.28052,-0.187339,-0.0540612,0.015708,0.0348083,-0.255045,0.000232774,0.00398073,13
2.28452,-0.187487,-0.0523805,0.015708,0.0319015,-0.259824,0.000115606,0.00398375,14
2.28852,-0.187708,-0.0473386,0.015708,0.0309792,-0.250112,0.000116237,0.00398539,14
2.29252,-0.187856,-0.0473386,0.015708,0.0319014,-0.247647,0.00049305,0.00398626,17
2.29652,-0.188078,-0.0428568,0.015708,0.0348083,-0.227806,0.000143758,0.00398367,14
2.30052,-0.188226,-0.0428568,0.015708,0.0401203,-0.212075,0.00011763,0.00398592,14
2.30452,-0.188374,-0.0327729,0.015708,0.0485383,-0.160993,0.000114885,0.00398672,14
2.30852,-0.188447,-0.0277309,0.015708,0.0610435,-0.110381,0.000351155,0.0039866,20
2.31252,-0.188595,-0.0232491,0.015708,0.0788975,-0.0452083,0.000116848,0.00398361,14
2.31652,-0.188669,-0.0198878,0.015708,0.0819,-0.0276406,0.000114203,0.00398637,14
2.32052,-0.188743,-0.0131652,0.015708,0.0819,-0.0104913,0.000690558,0.00398651,17
2.32452,-0.188743,-0.00980385,0.015708,0.0788975,-0.0109096,0.00022481,0.0039838,13
2.32852,-0.188817,-0.00196077,0.015708,0.0730325,-0.00859895,0.000121637,0.00398182,14
2.33252,-0.188817,-0.00196077,0.015708,0.0645855,-0.0341256,0.000113161,0.00398646,14
2.33652,-0.188817,-0.00028011,0.015708,0.0539769,-0.0618568,0.000552741,0.0039863,17
2.34052,-0.188817,-0.00364143,0.015708,0.0417674,-0.107409,0.000115335,0.00398384,14
2.34452,-0.188817,0.00140055,0.015708,0.028658,-0.134042,0.000114223,0.00398622,14
2.34853,-0.188817,-0.00028011,0.0125664,0.0274786,-0.17941,0.000119162,0.00397689,14
2.35252,-0.188817,0.00308121,0.0125664,0.0192906,-0.195499,0.000433288,0.00398669,20
2.35653,-0.188817,-0.00196077,0.0125664,0.00689743,-0.245933,0.000118251,0.0039831,14
2.36053,-0.188817,-0.00196077,0.0125664,-0.00689742,-0.287621,0.000140051,0.00398626,14
2.36453,-0.188817,-0.00196077,0.0125664,-0.0192906,-0.325073,0.000115496,0.00398648,14
2.36853,-0.188817,-0.00028011,0.0125664,-0.0274786,-0.345489,0.000325688,0.00398569,20
2.37253,-0.188817,0.00308121,0.0125664,-0.028658,-0.340398,0.00011795,0.00398247,14
2.37653,-0.188817,-0.00196077,0.0125664,-0.0417674,-0.392997,0.000118842,0.00398603,14
2.38053,-0.188817,-0.00196077,0.0125664,-0.0539769,-0.429893,0.000685229,0.00398685,17
2.38453,-0.188817,-0.00028011,0.0125664,-0.0645855,-0.457625,0.00022531,0.00398206,13
2.38853,-0.188817,0.00140055,0.0125664,-0.0730325,-0.478824,0.000116317,0.00398361,14
2.39253,-0.188817,-0.00364143,0.0125664,-0.0788975,-0.50953,0.000115285,0.00398638,14
2.39653,-0.188817,-0.00364143,0.0125664,-0.0819,-0.518604,0.000562841,0.00398569,17
2.40053,-0.188817,-0.00532209,0.0125664,-0.0819,-0.522931,0.000115505,0.00398354,14
2.40453,-0.188817,-0.00028011,0.0125664,-0.0788975,-0.500875,0.000115496,0.00398589,14
2.40853,-0.188817,-0.00364143,0.0125664,-0.0730325,-0.491806,0.000114894,0.00398696,14
2.41253,-0.188817,-0.00028011,0.0125664,-0.0645855,-0.457625,0.0004499,0.00398697,20
2.41653,-0.188817,-0.00028011,0.0125664,-0.0539769,-0.425566,0.000116096,0.0039836,14
2.42053,-0.188817,0.00308121,0.0125664,-0.0417674,-0.380014,0.000116347,0.00398577,14
2.42453,-0.188817,-0.00196077,0.0125664,-0.028658,-0.353381,0.00011809,0.00398557,14
2.42853,-0.188817,-0.00028011,0.0125664,-0.0154896,-0.309259,0.000363178,0.00398721,20
2.43253,-0.188817,-0.00028011,0.0125664,-0.00324343,-0.272251,0.000124022,0.00398199,14
2.43653,-0.188817,0.00140055,0.0125664,0.00695916,-0.237092,0.000117379,0.00398576,14
2.44053,-0.188817,-0.00364143,0.0125664,0.0138566,-0.229231,0.000677754,0.00398678,17
2.44453,-0.188817,-0.00364143,0.0125664,0.0160472,-0.222611,0.000220521,0.0039833,13
2.44853,-0.188817,-0.00028011,0.0125664,0.011989,-0.226219,0.000124642,0.00398351,14
2.45253,-0.188817,-0.00028011,0.0125664,-0,-0.26245,0.000121076,0.00398637,14
2.45653,-0.188817,-0.00196077,0.0125664,-0,-0.266777,0.00057328,0.00398633,17
2.46053,-0.188817,0.00140055,0.0125664,-0,-0.258122,0.000119002,0.00398317,14
2.46453,-0.188817,-0.00532209,0.0125664,-0,-0.275432,0.000122268,0.00398615,14
2.46853,-0.188817,-0.00196077,0.0125664,-0,-0.266777,0.000118301,0.00398507,14
2.47253,-0.188817,0.00308121,0.0125664,-0,-0.253794,0.000453276,0.0039866,20
2.47653,-0.188817,-0.00196077,0.0125664,-0,-0.266777,0.000126977,0.00398287,14
2.48053,-0.188817,0.00140055,0.0125664,-0,-0.258122,0.000119583,0.00398588,14
2.48453,-0.188817,-0.00196077,0.0125664,-0,-0.266777,0.000122608,0.00398687,14
2.48853,-0.188817,-0.00028011,0.0125664,-0,-0.26245,0.000360773,0.00398418,20
2.49253,-0.188817,0.00140055,0.0125664,-0,-0.258122,0.000145552,0.00398326,14
2.49653,-0.188817,-0.00196077,0.0125664,-0,-0.266777,0.000125304,0.00398611,14
2.50053,-0.188817,-0.00028011,0.0125664,-0,-0.26245,0.00071277,0.00398651,17
2.50453,-0.188817,-0.00196077,0.0125664,-0,-0.266777,0.000227424,0.00398324,13
2.50853,-0.188817,-0.00364143,0.0125664,-0,-0.271105,0.000122148,0.0039832,14
2.51253,-0.188817,-0.00196077,0.0125664,-0,-0.266777,0.000121106,0.00398611,14
2.51653,-0.188817,0.00140055,0.0125664,-0,-0.258122,0.000581415,0.00398656,17
2.52053,-0.188817,0.00308121,0.0125664,-0,-0.253794,0.000134081,0.00398343,14
2.52453,-0.188817,-0.00028011,0.0125664,-0,-0.26245,0.000124582,0.00398605,14
2.52853,-0.188817,-0.00028011,0.0125664,-0,-0.26245,0.000118321,0.00398633,14
2.53253,-0.188817,0.00140055,0.0125664,-0,-0.258122,0.000468454,0.00398682,20
2.53653,-0.188817,-0.00028011,0.0125664,-0,-0.26245,0.000124102,0.0039797,14
2.54053,-0.188817,-0.00196077,0.0125664,-0,-0.266777,0.000124392,0.00398643,14
2.54453,-0.188817,0.00140055,0.0125664,-0,-0.258122,0.000116558,0.00398676,14
2.54853,-0.188817,0.00140055,0.0125664,-0,-0.258122,0.000334204,0.00397777,20
2.55253,-0.188817,0.00140055,0.0125664,-0,-0.258122,0.000127267,0.00398355,14
2.55653,-0.188817,-0.00196077,0.0125664,-0,-0.266777,0.000141624,0.00398594,14
2.56053,-0.188817,-0.00364143,0.0125664,-0,-0.271105,0.000707099,0.00398687,17
2.56453,-0.188817,0.00140055,0.0125664,-0,-0.258122,0.000239787,0.00398334,13
2.56853,-0.188817,-0.00028011,0.0125664,-0,-0.26245,0.000121056,0.00398281,14
2.57253,-0.188817,-0.00196077,0.0125664,-0,-0.266777,0.000129481,0.00398374,14
2.57653,-0.188817,0.00140055,0.0125664,-0,-0.258122,0.000598507,0.00398645,17
2.58053,-0.188817,0.00140055,0.0125664,-0,-0.258122,0.000120054,0.003983,14
2.58453,-0.188817,0.00140055,0.0125664,-0,-0.258122,0.000118812,0.00398612,14
2.58853,-0.188817,0.00140055,0.0125664,-0,-0.258122,0.00011783,0.00398651,14
2.59253,-0.188817,0.00812319,0.0125664,-0,-0.240812,0.000476108,0.00398586,20
2.59653,-0.188817,-0.00364143,0.0125664,-0,-0.271105,0.000126546,0.00398346,14
2.60053,-0.188817,-0.00028011,0.0125664,-0,-0.26245,0.000117139,0.00398607,14
2.60453,-0.188817,-0.00028011,0.0125664,-0,-0.26245,0.000122549,0.00398685,14
2.60853,-0.188817,0.00308121,0.0125664,-0,-0.253794,0.000367897,0.00398514,20
2.61253,-0.188817,-0.00196077,0.0125664,-0,-0.266777,0.000129882,0.0039815,14
2.61653,-0.188817,-0.00364143,0.0125664,-0,-0.271105,0.000118281,0.00398603,14
2.62053,-0.188817,-0.00532209,0.0125664,-0,-0.275432,0.000751843,0.00398669,17
2.62453,-0.188817,0.00140055,0.0125664,-0,-0.258122,0.000239076,0.00398361,13
2.62853,-0.188817,0.00308121,0.0125664,-0,-0.253794,0.000120605,0.00398279,14
2.63253,-0.188817,-0.00532209,0.0125664,-0,-0.275432,0.000117159,0.00398622,14
2.63653,-0.188817,0.00476187,0.0125664,-0,-0.249467,0.000593428,0.00398665,17
2.64053,-0.188817,-0.00196077,0.015708,-0.011989,-0.265531,0.00021444,0.0039835,13
2.64453,-0.188817,0.00308121,0.015708,-0.0160471,-0.264812,0.000117218,0.00398374,14
2.64853,-0.188817,0.00140055,0.015708,-0.0138566,-0.262519,0.000114944,0.00398628,14
2.65253,-0.188817,-0.00028011,0.015708,-0.00695914,-0.246003,0.000473614,0.00398193,17
2.65653,-0.188817,-0.00028011,0.015708,0.00324344,-0.215171,0.000116247,0.00398328,14
2.66053,-0.188817,0.00140055,0.015708,0.0154896,-0.173836,0.000114193,0.00398657,14
2.66453,-0.188817,-0.00532209,0.015708,0.028658,-0.151352,0.000114043,0.00398675,14
2.66853,-0.188817,0.00308121,0.015708,0.0417675,-0.090098,0.000347028,0.00398633,20
2.67253,-0.188817,-0.00196077,0.015708,0.0539769,-0.0661844,0.000122248,0.00398254,14
2.67653,-0.188817,-0.00028011,0.0188496,0.0525965,-0.0285517,0.000124683,0.00398382,14
2.68053,-0.188817,0.00308121,0.0188496,0.0569853,-0.00663347,0.000677685,0.00397549,17
2.68453,-0.188817,-0.00028011,0.0188496,0.0650409,0.00905491,0.000238194,0.00398358,13
2.68853,-0.188817,-0.00028011,0.0188496,0.0749409,0.0389723,0.000119823,0.00398315,14
2.69253,-0.188817,-0.00196077,0.0188496,0.0851435,0.0654766,0.000114694,0.00398645,14
2.69653,-0.188817,-0.00196077,0.0219912,0.0823981,0.0946568,0.00055212,0.00398533,17
2.70053,-0.188817,-0.00028011,0.0219912,0.0856434,0.108791,0.000116337,0.00398385,14
2.70453,-0.188817,-0.00028011,0.0219912,0.0924963,0.129501,0.000116498,0.00398565,14
2.70853,-0.188817,-0.00028011,0.0219912,0.100995,0.155183,0.000115976,0.00398655,14
2.71253,-0.188817,0.00140055,0.0219912,0.109596,0.185504,0.000470989,0.00398681,20
2.71653,-0.188817,0.00308121,0.0219912,0.11718,0.21275,0.000119233,0.00398385,14
2.72053,-0.188817,0.00308121,0.0219912,0.123045,0.230474,0.000115515,0.0039865,14
2.72453,-0.188817,-0.00364143,0.0219912,0.126911,0.224846,0.000116327,0.00398617,14
2.72853,-0.188817,-0.00028011,0.0251327,0.116929,0.240812,0.000397402,0.00398701,20
2.73253,-0.188817,0.00140055,0.0251327,0.113579,0.235017,0.000117809,0.00398349,14
2.73653,-0.188817,-0.00196077,0.0251327,0.116161,0.234165,0.000114453,0.00398645,14
2.74053,-0.188817,-0.00028011,0.0251327,0.124535,0.263797,0.000114855,0.00398689,14
2.74453,-0.188817,-0.00196077,0.0251327,0.13912,0.303546,0.00030572,0.0039848,20
2.74853,-0.188817,0.00140055,0.0251327,0.139157,0.312313,0.000138007,0.00397471,14
2.75253,-0.188817,0.00140055,0.0251327,0.136214,0.303417,0.000116638,0.00398612,14
2.75653,-0.188817,-0.00364143,0.0251327,0.13029,0.272532,0.000668608,0.00398682,17
2.76053,-0.188817,-0.00028011,0.0251327,0.121806,0.25555,0.000211635,0.00398384,13
2.76453,-0.188817,-0.00196077,0.0282743,0.0996142,0.221637,0.000116437,0.0039837,14
2.76853,-0.188817,-0.00532209,0.0282743,0.0848963,0.168504,0.00011833,0.00398561,14
2.77253,-0.188817,-0.00028011,0.0282743,0.0776518,0.159594,0.000597906,0.00398593,17
2.77653,-0.188817,0.00140055,0.0282743,0.0784416,0.166309,0.000212076,0.0039834,13
2.78053,-0.188817,-0.00028011,0.0282743,0.088387,0.192036,0.000117148,0.00398327,14
2.78453,-0.188817,-0.00028011,0.0314159,0.075439,0.190384,0.000124884,0.00398639,14
2.78853,-0.188817,-0.00196077,0.0314159,0.0717868,0.17502,0.000526723,0.0039861,17
2.79253,-0.188817,-0.00196077,0.0314159,0.0764492,0.189109,0.000117008,0.00398352,14
2.79653,-0.188817,-0.00028011,0.0345575,0.0770167,0.232628,0.000116207,0.00398627,14
2.80053,-0.188817,0.00140055,0.0345575,0.0935492,0.286917,0.00011789,0.00398645,14
2.80453,-0.188817,0.00476187,0.0345575,0.103324,0.32511,0.000438839,0.00398702,20
2.80853,-0.188817,-0.00028011,0.0345575,0.116086,0.350694,0.000116357,0.00398322,14
2.81253,-0.188817,-0.00196077,0.0345575,0.130154,0.388881,0.000133499,0.00397657,14
2.81653,-0.188817,0.00140055,0.0376991,0.132418,0.441855,0.000142686,0.00398646,14
2.82053,-0.188817,-0.00028011,0.0376991,0.142237,0.467199,0.000353229,0.00398682,20
2.82453,-0.188817,-0.00532209,0.0376991,0.157929,0.501636,0.000118321,0.00398316,14
2.82853,-0.188817,0.00476187,0.0376991,0.178512,0.589802,0.000115185,0.00398648,14
2.83253,-0.188817,0.00308121,0.0376991,0.203706,0.661611,0.000113933,0.00398692,14
2.83653,-0.188817,0.00308121,0.0376991,0.21219,0.687248,0.000274913,0.00398613,20
2.84053,-0.188743,0.00476187,0.0408407,0.203122,0.701812,0.000117239,0.0039833,14
2.84453,-0.188743,0.0109243,0.0408407,0.196143,0.696588,0.000116017,0.00398615,14
2.84854,-0.188669,0.0159663,0.0408407,0.189849,0.690714,0.000678336,0.00398685,17
2.85254,-0.188595,0.0176469,0.0439823,0.171553,0.677387,0.000259865,0.00398383,13
2.85654,-0.188521,0.0176469,0.0439823,0.161172,0.646179,0.00011769,0.00398369,14
2.86054,-0.188447,0.0271707,0.0439823,0.157727,0.660452,0.000121467,0.00398382,14
2.86454,-0.1883,0.030532,0.0471239,0.149087,0.680798,0.000636517,0.00398608,17
2.86854,-0.188152,0.0338933,0.0471239,0.155875,0.710286,0.000210302,0.00396786,13
2.87254,-0.188078,0.035574,0.0471239,0.156206,0.715776,0.000120134,0.00398315,14
2.87654,-0.18793,0.0389353,0.0471239,0.16095,0.739089,0.000114534,0.00398657,14
2.88054,-0.187708,0.0467784,0.0502655,0.157836,0.787835,0.000568501,0.00398651,17
2.88454,-0.187561,0.048459,0.0502655,0.167346,0.821222,0.000119904,0.00398265,14
2.88854,-0.187339,0.0450977,0.0502655,0.189198,0.879087,0.000124453,0.00398649,14
2.89254,-0.187117,0.0568623,0.0502655,0.202352,0.949614,0.000120585,0.00398537,14
2.89654,-0.186896,0.0680667,0.0502655,0.218516,1.0278,0.000460639,0.00398642,20
2.90054,-0.1866,0.066386,0.0502655,0.238251,1.08375,0.000125424,0.0039835,14
2.90454,-0.186378,0.0747893,0.0502655,0.241217,1.11484,0.000116277,0.00398606,14
2.90854,-0.186009,0.0826324,0.0502655,0.239683,1.1312,0.000114253,0.00398659,14
2.91254,-0.185713,0.094397,0.0502655,0.23463,1.14687,0.000334605,0.00398667,20
2.91654,-0.18527,0.103921,0.0534071,0.215751,1.15278,0.000115796,0.00398338,14
2.92054,-0.1849,0.108963,0.0534071,0.20535,1.13514,0.000116959,0.00398603,14
2.92454,-0.184383,0.121848,0.0534071,0.183085,1.10216,0.000692392,0.00398694,17
2.92854,-0.183792,0.12857,0.0534071,0.161225,1.0547,0.000216474,0.00398371,13
2.93254,-0.183348,0.136414,0.0534071,0.140753,1.014,0.000117699,0.00398283,14
2.93654,-0.182831,0.139775,0.0534071,0.123351,0.971193,0.000113502,0.00398655,14
2.94054,-0.18224,0.15266,0.0534071,0.1114,0.969546,0.000544486,0.00398657,17
2.94454,-0.181575,0.154341,0.0534071,0.107986,0.965005,0.000142346,0.00397392,14
2.94854,-0.180983,0.162744,0.0534071,0.0951501,0.949143,0.00011772,0.00397798,14
2.95254,-0.180318,0.167786,0.0534071,0.0874048,0.94017,0.000121937,0.00398343,14
2.95654,-0.179653,0.166105,0.0534071,0.0878339,0.938589,0.000415776,0.00398679,20
2.96054,-0.178914,0.173948,0.0534071,0.0783398,0.931705,0.000115606,0.00398342,14
2.96454,-0.178249,0.184032,0.0534071,0.0731544,0.94345,0.000115355,0.00398606,14
2.96854,-0.177436,0.191875,0.0534071,0.0749408,0.970816,0.000115295,0.00398655,14
2.97254,-0.176697,0.200279,0.0502655,0.0770298,0.962902,0.000290072,0.00398708,20
2.97654,-0.175884,0.209802,0.0502655,0.0730324,0.977117,0.000118562,0.00398203,14
2.98054,-0.175071,0.211483,0.0502655,0.066453,0.963335,0.000115646,0.00398615,14
2.98454,-0.174185,0.219886,0.0502655,0.060936,0.970234,0.000652077,0.00398658,17
2.98854,-0.173224,0.224368,0.0502655,0.0385239,0.91614,0.000205112,0.0039837,13
2.99254,-0.172411,0.227729,0.0502655,0.0131684,0.849944,0.000118391,0.00398347,14
2.99654,-0.17145,0.234452,0.0502655,-0.0131684,0.78976,0.000115004,0.00398643,14
3.00054,-0.17049,0.245656,0.0502655,-0.038524,0.744081,0.000535099,0.00398406,17
3.00454,-0.169455,0.249018,0.0502655,-0.060936,0.687264,0.000117209,0.0039825,14
3.00854,-0.168568,0.245656,0.0502655,-0.0784419,0.62764,0.00011818,0.003986,14
3.01254,-0.167607,0.25406,0.0502655,-0.0890795,0.619226,0.000144891,0.00398632,14
3.01654,-0.166573,0.25406,0.0471239,-0.0788974,0.614775,0.000444078,0.00398699,20
3.02054,-0.165464,0.250698,0.0471239,-0.0658527,0.647956,0.000124703,0.00398366,14
3.02454,-0.164577,0.245656,0.0471239,-0.0680433,0.630287,0.000116597,0.00398521,14
3.02854,-0.163543,0.258541,0.0471239,-0.0719382,0.653951,0.000116427,0.00398652,14
3.03254,-0.162582,0.0927164,0.0439823,-0.0642868,0.214699,0.000358509,0.00398688,20
3.03654,-0.161474,0.258541,0.0439823,-0.0640278,0.64489,0.000117639,0.00398293,14
3.04054,-0.160513,0.256861,0.0408407,-0.0567893,0.627055,0.000113722,0.00398641,14
3.04454,-0.159478,0.260222,0.0408407,-0.0605285,0.626666,0.000116247,0.00398621,14
3.04854,-0.158444,0.258541,0.0408407,-0.0720217,0.589862,0.000304087,0.00398675,20
3.05254,-0.157335,0.263583,0.0408407,-0.0886056,0.555145,0.000116938,0.00398323,14
3.05654,-0.156374,0.266945,0.0408407,-0.108177,0.50675,0.000115305,0.00398565,14
3.06054,-0.155266,0.270306,0.0408407,-0.129195,0.454306,0.000700938,0.00398649,17
3.06454,-0.15401,0.270306,0.0376991,-0.138689,0.390877,0.000252882,0.00398368,13
3.06854,-0.153049,0.271987,0.0376991,-0.156159,0.344508,0.000119663,0.0039822,14
3.07254,-0.152014,0.263583,0.0376991,-0.180061,0.252893,0.000117239,0.00398606,14
3.07654,-0.15098,0.266945,0.0376991,-0.209556,0.174671,0.000669629,0.0039872,17
3.08054,-0.149723,0.265264,0.0376991,-0.222762,0.133176,0.000202808,0.00398349,13
3.08454,-0.148837,0.265264,0.0376991,-0.230264,0.112437,0.000122749,0.00398346,14
3.08854,-0.147802,0.261903,0.0376991,-0.231223,0.103139,0.000116447,0.00398618,14
3.09254,-0.146767,0.25406,0.0376991,-0.225358,0.102923,0.000568321,0.00398577,17
3.09654,-0.145659,0.242295,0.0376991,-0.21295,0.112544,0.000116928,0.00398354,14
3.10054,-0.144772,0.242295,0.0376991,-0.194838,0.169209,0.000114975,0.00398641,14
3.10454,-0.143811,0.243976,0.0376991,-0.172426,0.24336,0.000113572,0.00398708,14
3.10854,-0.142851,0.236133,0.0345575,-0.135687,0.298808,0.000500153,0.00398686,17
3.11254,-0.141816,0.237813,0.0345575,-0.107063,0.391891,0.000125133,0.00398021,14
3.11654,-0.141003,0.231091,0.0345575,-0.0879557,0.434094,0.000120515,0.00398301,14
3.12054,-0.140042,0.232771,0.0345575,-0.0804687,0.463142,0.000115275,0.00398574,14
3.12454,-0.139156,0.231091,0.0345575,-0.0656627,0.50549,0.000384617,0.00398737,20
3.12854,-0.138121,0.231091,0.0345575,-0.0570686,0.533717,0.000116157,0.00398331,14
3.13254,-0.137234,0.236133,0.0345575,-0.0567893,0.549477,0.000117238,0.0039865,14
3.13654,-0.136126,0.369465,0.0345575,-0.0674877,0.862888,0.000115696,0.00398665,14
3.14054,-0.135387,0.22941,0.0376991,-0.0826349,0.495567,0.000318805,0.00398541,20
3.14454,-0.134352,0.236133,0.0376991,-0.0961223,0.474374,0.000117569,0.00398276,14
3.14854,-0.133465,0.234452,0.0376991,-0.0901325,0.490081,0.000115976,0.00397777,14
3.15254,-0.132578,0.231091,0.0376991,-0.0788975,0.517311,0.000685339,0.00398663,17
3.15654,-0.13147,0.232771,0.0376991,-0.0648001,0.566657,0.000218698,0.00398378,13
3.16054,-0.130731,0.227729,0.0376991,-0.0503633,0.598913,0.000116207,0.00398403,14
3.16454,-0.12977,0.22941,0.0376991,-0.0382505,0.641939,0.000117078,0.00398614,14
3.16854,-0.128883,0.224368,0.0376991,-0.031265,0.652,0.000619476,0.00398404,17
3.17254,-0.127849,0.231091,0.0376991,-0.0106085,0.733989,0.000201005,0.00398184,13
3.17654,-0.127036,0.236133,0.0376991,0.0106086,0.812861,0.000120144,0.0039822,14
3.18054,-0.126075,0.237813,0.0376991,0.0312651,0.881706,0.000114003,0.00398657,14
3.18454,-0.125114,0.242295,0.0376991,0.0502395,0.952681,0.000548704,0.0039862,17
3.18854,-0.124006,0.252379,0.0376991,0.0664105,1.02993,0.000117239,0.00398367,14
3.19254,-0.123119,0.256861,0.0376991,0.0786566,1.08041,0.000114353,0.00398649,14
3.19654,-0.122084,0.258541,0.0376991,0.0858566,1.10875,0.000127438,0.00398244,14
3.20054,-0.12105,0.276468,0.0376991,0.0868891,1.16029,0.00046602,0.0039869,17
3.20454,-0.119793,0.28151,0.0376991,0.0806326,1.15711,0.000119533,0.00398263,14
3.20854,-0.118759,0.288233,0.0376991,0.0659659,1.13235,0.000118752,0.00398613,14
3.21254,-0.11765,0.296076,0.0376991,0.0417674,1.08183,0.000117149,0.00398632,14
3.21654,-0.116394,0.304479,0.0376991,0.0286579,1.06659,0.000408463,0.00398654,20
3.22054,-0.115064,0.312323,0.0376991,0.0154896,1.0499,0.00011817,0.00398191,14
3.22454,-0.113955,0.317364,0.0376991,0.00324336,1.02829,0.000121857,0.0039859,14
3.22854,-0.112699,0.317364,0.0376991,-0.00695911,1.0002,0.000132277,0.00398008,14
3.23254,-0.111369,0.328569,0.0376991,-0.0138566,1.0111,0.000335937,0.00398215,20
3.23654,-0.109965,0.336972,0.0376991,-0.0160471,1.02918,0.000123881,0.00397965,14
3.24054,-0.108708,0.338653,0.0376991,-0.0119889,1.04851,0.000116888,0.0039859,14
3.24454,-0.107304,0.346496,0.0376991,-0,1.108,0.000720955,0.00398679,17
3.24854,-0.105752,0.354899,0.0345575,0.0119891,1.13177,0.000261127,0.00398112,13
3.25254,-0.104422,0.361622,0.0345575,0.0160473,1.16425,0.000117239,0.00398346,14
3.25654,-0.103018,0.371146,0.0345575,0.0138567,1.18521,0.000125464,0.00398617,14
3.26054,-0.10154,0.377868,0.0345575,0.00695927,1.1849,0.000633302,0.00398661,17
3.26454,-0.0997663,0.395795,0.0345575,-0.00324331,1.2041,0.000206806,0.00398368,13
3.26854,-0.0983622,0.400277,0.0345575,-0.0154895,1.18169,0.000117469,0.00398242,14
3.27254,-0.0967364,0.40868,0.0345575,-0.0286579,1.16708,0.000143317,0.00398577,14
3.27654,-0.0951106,0.428288,0.0314159,-0.0297784,1.18025,0.000559143,0.00398413,17
3.28054,-0.0931891,0.43445,0.0282743,-0.0259407,1.17443,0.000120414,0.00398178,14
3.28454,-0.0916372,0.441173,0.0282743,-0.0346816,1.16871,0.000115195,0.00398642,14
3.28854,-0.0898636,0.446215,0.0282743,-0.0522167,1.13257,0.000119754,0.00398555,14
3.29254,-0.0880161,0.4591,0.0251327,-0.0631927,1.09913,0.000469787,0.00398636,17
3.29654,-0.0860207,0.464142,0.0251327,-0.0845859,1.05181,0.000118932,0.00398321,14
3.30054,-0.084321,0.475346,0.0251327,-0.112191,1.00094,0.000116587,0.00398569,14
3.30454,-0.0823996,0.480388,0.0219912,-0.130375,0.925688,0.000115215,0.00398673,14
3.30854,-0.0804782,0.482069,0.0219912,-0.155973,0.856847,0.000394646,0.00398656,20
3.31254,-0.078335,0.491593,0.0188496,-0.172792,0.797741,0.000116257,0.00398341,14
3.31654,-0.0764875,0.503357,0.015708,-0.185258,0.756914,0.000116056,0.00398643,14
3.32054,-0.0744922,0.503357,0.0125664,-0.196816,0.688859,0.000117539,0.00398465,14
3.32454,-0.0724969,0.514562,0.0125664,-0.222059,0.645775,0.000315869,0.00398636,20
3.32854,-0.0703537,0.511201,0.00942478,-0.242972,0.541118,0.000121056,0.00398178,14
3.33254,-0.0683584,0.522965,0.00942478,-0.274568,0.48028,0.000115646,0.00398617,14
3.33654,-0.0662153,0.525766,0.00628319,-0.299391,0.379673,0.000730072,0.00398675,17
3.34054,-0.0637765,0.525766,0.00314159,-0.321167,0.281707,0.000242823,0.00398372,13
3.34454,-0.0620029,0.532489,0.00314159,-0.35519,0.200068,0.000116166,0.00398355,14
3.34854,-0.0599337,0.525766,-0,-0.384565,0.0610209,0.000115355,0.00398595,13
3.35254,-0.0578645,0.525766,-0,-0.425848,-0.0592241,0.000374969,0.00397812,15
3.35654,-0.0555735,0.521285,-0,-0.453793,-0.150217,0.000113873,0.00398382,12
3.36054,-0.0536521,0.516243,-0.00314159,-0.464614,-0.22919,0.000111769,0.00398648,12
3.36455,-0.0515829,0.512881,-0.00628319,-0.464,-0.268956,0.00056764,0.00398521,15
3.36855,-0.0493658,0.499996,-0.00942478,-0.457499,-0.315132,0.000121967,0.00397967,12
3.37255,-0.0475922,0.496635,-0.00942478,-0.462648,-0.33548,0.000118311,0.00398514,12
3.37655,-0.0456708,0.48543,-0.0125664,-0.465214,-0.405374,0.000113262,0.00398665,12
3.38055,-0.0437494,0.473666,-0.0125664,-0.484838,-0.490782,0.000365772,0.003987,15
3.38455,-0.041754,0.465823,-0.0125664,-0.499778,-0.551774,0.000114303,0.0039832,12
3.38855,-0.0400543,0.455739,-0.015708,-0.488431,-0.57722,0.000124593,0.00398645,12
3.39255,-0.0382068,0.449576,-0.015708,-0.482846,-0.572183,0.000628333,0.00398617,15
3.39655,-0.0362115,0.436131,-0.0188496,-0.471315,-0.605085,0.00019311,0.00398331,9
3.40055,-0.0346596,0.428288,-0.0188496,-0.454259,-0.570354,0.000115295,0.00398403,12
3.40455,-0.0330337,0.412042,-0.0219912,-0.432237,-0.579571,0.000138659,0.00398633,12
3.40855,-0.0314079,0.401958,-0.0219912,-0.427694,-0.588262,0.000398934,0.00398679,15
3.41255,-0.0297082,0.294396,-0.0219912,-0.42169,-0.843379,0.000115906,0.00398366,12
3.41655,-0.0283041,0.377868,-0.0219912,-0.429157,-0.647947,0.000116236,0.00398588,12
3.42055,-0.0268999,0.35658,-0.0219912,-0.433261,-0.712103,0.000114523,0.00398606,12
3.42455,-0.0254958,0.342014,-0.0219912,-0.429153,-0.734135,0.000204952,0.00398659,15
3.42855,-0.0241656,0.322406,-0.0219912,-0.411847,-0.729426,0.000115576,0.0039837,12
3.43255,-0.0229832,0.304479,-0.0219912,-0.397818,-0.730612,0.000112801,0.00398636,12
3.43655,-0.0218008,0.286552,-0.0219912,-0.371349,-0.694209,0.000467722,0.00398712,15
3.44055,-0.0205445,0.276468,-0.0219912,-0.350038,-0.653035,0.000116166,0.00398289,12
3.44455,-0.0195838,0.263583,-0.0219912,-0.319151,-0.590779,0.000112139,0.00398643,12
3.44855,-0.0185491,0.252379,-0.0219912,-0.275383,-0.485107,0.000113091,0.00398665,12
3.45255,-0.0175884,0.231091,-0.0219912,-0.236469,-0.420233,0.000249856,0.00398703,15
3.45655,-0.0167016,0.224368,-0.0219912,-0.187536,-0.287738,0.000115696,0.00398373,12
3.46055,-0.0158148,0.209802,-0.0219912,-0.146601,-0.199606,0.000117539,0.00398574,12
3.46455,-0.0150019,0.20476,-0.0188496,-0.132661,-0.131214,0.000543785,0.0039866,15
3.46855,-0.0141151,0.190195,-0.015708,-0.124033,-0.103237,0.000141875,0.00398284,12
3.47255,-0.01345,0.191875,-0.015708,-0.0997349,-0.024031,0.000115485,0.00398588,12
3.47655,-0.012711,0.17899,-0.015708,-0.0591247,0.0671246,0.000115666,0.00398649,12
3.48055,-0.0120459,0.172268,-0.0125664,-0.0337496,0.165423,0.000302665,0.00398635,15
3.48455,-0.0113068,0.168906,-0.0125664,0.0102026,0.291201,0.000116788,0.00398377,12
3.48855,-0.0107156,0.157702,-0.0125664,0.0528932,0.392649,0.00011821,0.00398587,12
3.49255,-0.0100505,0.156021,-0.00942478,0.0744837,0.492493,0.000556819,0.00398672,15
3.49655,-0.00938542,0.156021,-0.00628319,0.0967973,0.598851,0.000115626,0.00398324,12
3.50055,-0.00879422,0.156021,-0.00628319,0.120195,0.670848,0.000116047,0.00398603,12
3.50455,-0.00820301,0.159383,-0.00314159,0.14546,0.794618,0.000114684,0.00398597,12
3.50855,-0.0075379,0.162744,-0.00314159,0.173935,0.890772,0.000346016,0.00398646,15
3.51255,-0.00687279,0.166105,-0,0.207662,1.04028,0.000115766,0.0039832,12
3.51655,-0.00620768,0.164425,-0,0.249527,1.16391,0.000114193,0.00398617,12
3.52055,-0.00554257,0.17899,-0,0.293642,1.33618,0.000353029,0.00398699,15
3.52455,-0.00480356,0.185713,-0,0.335102,1.4804,0.000117049,0.00398366,12
3.52855,-0.00406455,0.195237,0.00314159,0.357993,1.61318,0.000117349,0.00398616,13
3.53255,-0.00325164,0.0602236,0.00314159,0.37929,1.33166,0.000549556,0.00398657,17
3.53655,-0.00236483,0.209802,0.00314159,0.39535,1.76729,0.00011775,0.00398172,14
3.54055,-0.00155192,0.221567,0.00628319,0.39166,1.82568,0.000114314,0.00398609,14
3.54455,-0.000665108,0.234452,0.00628319,0.386739,1.84592,0.000116688,0.00398644,14
3.54855,0.000295604,0.252379,0.00628319,0.378624,1.86965,0.000411237,0.00397811,20
3.55255,0.00147802,0.273667,0.00942478,0.354624,1.89199,0.000118301,0.00398381,14
3.55655,0.00251263,0.291594,0.00942478,0.335222,1.88178,0.000116838,0.0039863,14
3.56055,0.00369505,0.30616,0.00942478,0.320556,1.87754,0.000114464,0.00398693,14
3.56455,0.00495137,0.322406,0.00942478,0.312169,1.89677,0.000315329,0.00398686,20
3.56855,0.00635548,0.342014,0.00942478,0.313004,1.95284,0.000116667,0.00398335,14
3.57255,0.0076857,0.358261,0.00942478,0.305665,1.9754,0.00011779,0.00398579,14
3.57655,0.00916372,0.376188,0.00942478,0.284182,1.95986,0.00065927,0.00398683,17
3.58055,0.0109373,0.397476,0.00942478,0.26363,1.95644,0.00019337,0.00398364,13
3.58455,0.0123415,0.415403,0.00942478,0.248213,1.95907,0.00011761,0.00398357,14
3.58855,0.0140412,0.436131,0.00628319,0.233505,1.93422,0.000113622,0.00398682,14
3.59255,0.0158148,0.449576,0.00628319,0.21606,1.91999,0.000558202,0.00398629,17
3.59655,0.017884,0.473666,0.00314159,0.215015,1.9459,0.000185927,0.00398364,13
3.60055,0.0195838,0.48375,0.00314159,0.1967,1.92022,0.000145261,0.00398362,14
3.60455,0.0215791,0.499996,-0,0.1719,1.85399,0.000114704,0.0039862,13
3.60855,0.0235744,0.38235,-0,0.139834,1.4585,0.000236401,0.00398672,15
3.61255,0.0257175,0.53417,-0.00314159,0.0999986,1.69624,0.000118932,0.00398178,12
3.61655,0.0278607,0.547055,-0.00314159,0.0520336,1.58914,0.000112159,0.00398639,12
3.62055,0.0300777,0.553777,-0.00942478,0.00756616,1.40196,0.000467653,0.00398647,15
3.62455,0.0325164,0.576186,-0.00942478,-0.0538253,1.27945,0.000115906,0.00398353,12
3.62855,0.0346596,0.582909,-0.0125664,-0.109499,1.09571,0.000115385,0.00398614,12
3.63255,0.0370244,0.597474,-0.015708,-0.157153,0.956891,0.000112029,0.00398708,12
3.63655,0.0393892,0.604197,-0.0188496,-0.214965,0.767172,0.000281405,0.00398701,15
3.64055,0.0419758,0.613721,-0.0219912,-0.268226,0.598906,0.000115746,0.00398355,12
3.64455,0.0443406,0.618763,-0.0251327,-0.313371,0.44314,0.000111548,0.00398643,12
3.64855,0.0467793,0.615401,-0.0282743,-0.367879,0.237604,0.000570194,0.00397528,15
3.65255,0.0496615,0.734728,-0.0282743,-0.428887,0.366786,0.000113913,0.00398395,12
3.65655,0.0517307,0.628847,-0.0345575,-0.461343,-0.0743777,0.00011251,0.00398645,12
3.66055,0.0542433,0.617082,-0.0376991,-0.505309,-0.269533,0.000115285,0.00398569,12
3.66455,0.056682,0.61204,-0.0376991,-0.559323,-0.440429,0.000465519,0.00398711,15
3.66855,0.0592686,0.607558,-0.0408407,-0.602286,-0.613641,0.000118301,0.00398322,12
3.67255,0.0614856,0.600836,-0.0439823,-0.63512,-0.762818,0.000113212,0.00398642,12
3.67655,0.0637765,0.582909,-0.0471239,-0.659168,-0.914133,0.000113632,0.00398596,12
3.68055,0.0661414,0.576186,-0.0502655,-0.676333,-1.01564,0.000306742,0.00398714,15
3.68455,0.0685062,0.563301,-0.0502655,-0.701208,-1.11883,0.000114374,0.00398314,12
3.68855,0.0705754,0.545374,-0.0534071,-0.717319,-1.24665,0.000113692,0.00398639,12
3.69255,0.0726447,0.521285,-0.0534071,-0.742764,-1.38106,0.000564424,0.00398653,15
3.69655,0.0749356,0.496635,-0.0596903,-0.730981,-1.47888,0.000115796,0.00398234,12
3.70055,0.0766353,0.310642,-0.0596903,-0.733799,-1.96261,0.000114824,0.00398622,12
3.70455,0.0784089,0.444534,-0.0628318,-0.716786,-1.60004,0.00011248,0.0039868,12
3.70855,0.0801087,0.410361,-0.0628318,-0.712131,-1.67027,0.000399325,0.00398709,15
3.71255,0.0818084,0.376188,-0.0628318,-0.699494,-1.71637,0.000113782,0.00398397,12
3.71655,0.0831386,0.345376,-0.0628318,-0.693248,-1.77393,0.000112911,0.00398653,12
3.72055,0.0843949,0.317364,-0.0659734,-0.664846,-1.79496,0.000119323,0.00398481,12
3.72455,0.0855773,0.292715,-0.0659734,-0.652225,-1.81772,0.000170748,0.0039866,15
3.72855,0.0866858,0.258541,-0.0659734,-0.618911,-1.80262,0.0005144,0.00395008,12
3.73255,0.0877943,0.227729,-0.0659734,-0.594767,-1.80658,0.000121487,0.00398583,12
3.73655,0.0885334,0.198598,-0.0659734,-0.566463,-1.79445,0.000452274,0.00398576,15
3.74055,0.0892724,0.168906,-0.0659734,-0.533216,-1.76882,0.000113702,0.00398373,12
3.74455,0.0898636,0.146497,-0.0628318,-0.506654,-1.70749,0.000114514,0.00398578,12
3.74855,0.0903809,0.114005,-0.0628318,-0.466775,-1.66952,0.000114433,0.00397946,12
3.75255,0.0907504,0.0876744,-0.0596903,-0.427311,-1.57977,0.000278991,0.00398634,15
3.75655,0.091046,0.0551816,-0.0596903,-0.369941,-1.48943,0.000116968,0.00398352,12
3.76055,0.0911938,0.030532,-0.0565487,-0.331399,-1.39863,0.000113312,0.00398659,12
3.76455,0.0911938,0.00140055,-0.0534071,-0.274428,-1.264,0.000582046,0.00398699,15
3.76855,0.0911938,-0.0232491,-0.0502655,-0.206649,-1.08517,0.000115887,0.00398183,12
3.77255,0.091046,-0.0294115,-0.0502655,-0.13415,-0.882268,0.000114203,0.00398592,12
3.77655,0.0908982,-0.0445375,-0.0471239,-0.0635753,-0.670789,0.000114874,0.00398626,12
3.78055,0.0907504,-0.0540612,-0.0408407,-0.00423016,-0.441342,0.000409694,0.00398657,15
3.78455,0.0904548,-0.0574225,-0.0408407,0.0783399,-0.201118,0.000116207,0.0039835,12
3.78855,0.090307,-0.0574225,-0.0376991,0.165218,0.0985805,0.000113482,0.00398613,12
3.79255,0.0900114,-0.0591032,-0.0345575,0.23791,0.350756,0.000126836,0.00398665,12
3.79655,0.0897897,-0.0574225,-0.0314159,0.310388,0.611102,0.000268011,0.0039841,15
3.80055,0.089568,-0.0490192,-0.0282743,0.363735,0.830948,0.000116107,0.0039838,12
3.80455,0.0894202,-0.0445375,-0.0251327,0.433669,1.09098,0.000114744,0.00398601,12
3.80855,0.0892724,-0.0294115,-0.0251327,0.503654,1.3411,0.000585984,0.00398529,15
3.81255,0.0891985,-0.00700275,-0.0219912,0.570689,1.63869,0.000160599,0.00398219,9
3.81655,0.0891985,0.00476187,-0.0188496,0.621464,1.8599,0.000141865,0.00397746,12
3.82055,0.0891985,0.0159663,-0.015708,0.654659,2.02655,0.000115966,0.00398557,12
3.82455,0.0893463,0.0288513,-0.0125664,0.669093,2.14114,0.000405406,0.00398336,15
3.82855,0.0894941,0.053501,-0.0125664,0.697598,2.29107,0.00011786,0.00398347,12
3.83255,0.0897158,0.066386,-0.0125664,0.721735,2.39768,0.000122018,0.00398658,12
3.83655,0.0900853,0.0893551,-0.00942478,0.725452,2.50634,0.000116047,0.00398628,12
3.84055,0.0904548,0.107282,-0.00628319,0.714997,2.55919,0.000177621,0.00398704,15
3.84455,0.0909721,0.123528,-0.00628319,0.709309,2.58496,0.000116117,0.00398569,12
3.84856,0.0914894,0.150979,-0.00628319,0.708248,2.65356,0.00011235,0.00398703,12
3.85256,0.0921545,0.175629,-0.00314159,0.680605,2.67243,0.000447525,0.00398701,15
3.85656,0.0930413,0.208122,-0.00314159,0.661514,2.70033,0.000114063,0.00398355,12
3.86056,0.0937803,0.231091,-0.00314159,0.633296,2.67582,0.000137737,0.00398663,12
3.86456,0.094741,0.250698,-0.00314159,0.612708,2.66618,0.000120044,0.00398469,12
3.86856,0.0958496,0.274788,-0.00314159,0.585296,2.64779,0.00017131,0.00398681,15
3.87256,0.097032,0.301118,-0.00314159,0.549157,2.60896,0.000114945,0.00398606,12
3.87656,0.0982144,0.328569,-0.00314159,0.502808,2.54215,0.000113853,0.00398689,12
3.88056,0.0996185,0.345376,-0.00628319,0.478776,2.47839,0.000450821,0.00398711,15
3.88456,0.10117,0.372826,-0.00942478,0.458043,2.45233,0.000115175,0.00398256,12
3.88856,0.102575,0.423246,-0.00942478,0.401669,2.41486,0.000122769,0.00398622,12
3.89256,0.1042,0.419885,-0.0125664,0.357675,2.23932,0.000113602,0.00398642,12
3.89656,0.1059,0.439492,-0.0125664,0.297856,2.11275,0.000223337,0.00398701,15
3.90056,0.107748,0.454058,-0.015708,0.239026,1.93902,0.000115405,0.00398372,12
3.90456,0.109595,0.480388,-0.015708,0.165249,1.7879,0.000113973,0.00398593,12
3.90856,0.11159,0.501677,-0.0219912,0.105188,1.59061,0.000517325,0.00398693,15
3.91256,0.113807,0.517923,-0.0251327,0.0344146,1.38592,0.000114063,0.00398333,12
3.91656,0.115729,0.532489,-0.0251327,-0.0398631,1.20315,0.00011248,0.00398662,12
3.92056,0.117872,0.550416,-0.0282743,-0.110437,1.00324,0.000113512,0.00398665,12
3.92456,0.120089,0.56162,-0.0345575,-0.168005,0.788001,0.000395318,0.00398676,15
3.92856,0.122528,0.568343,-0.0376991,-0.235591,0.568908,0.000115666,0.00398384,12
3.93256,0.124671,0.577867,-0.0376991,-0.32731,0.320932,0.000113311,0.00398638,12
3.93656,0.126962,0.576186,-0.0408407,-0.404746,0.0501137,0.0001123,0.00398686,12
3.94056,0.129401,0.703356,-0.0471239,-0.450524,0.169592,0.000258352,0.0039866,15
3.94456,0.131618,0.576186,-0.0502655,-0.500361,-0.341112,0.000115054,0.00398381,12
3.94856,0.133835,0.570024,-0.0534071,-0.557922,-0.563572,0.000116577,0.00397673,12
3.95256,0.136052,0.55994,-0.0565487,-0.607096,-0.770781,0.000571998,0.00398619,15
3.95656,0.13849,0.557139,-0.0596903,-0.644038,-0.92179,0.000115696,0.00398333,12
3.96056,0.140412,0.53585,-0.0628318,-0.687066,-1.13993,0.000113071,0.00398636,12
3.96456,0.142555,0.524086,-0.0659734,-0.723294,-1.3125,0.000111178,0.00398694,12
3.96856,0.144624,0.512881,-0.0722566,-0.740671,-1.46431,0.000445001,0.00398613,15
3.97256,0.146767,0.48543,-0.0722566,-0.77203,-1.62509,0.000114704,0.00398354,12
3.97656,0.148467,0.4591,-0.0753982,-0.797812,-1.80457,0.000116407,0.00398472,12
3.98056,0.150241,0.436131,-0.0785398,-0.821463,-1.96879,0.000115065,0.00398664,12
3.98456,0.15194,0.405319,-0.0785398,-0.859818,-2.16034,0.000276937,0.00398716,15
3.98856,0.153492,0.372826,-0.0816814,-0.877604,-2.33185,0.000140673,0.00398354,12
3.99256,0.154896,0.348177,-0.084823,-0.872859,-2.4154,0.000111698,0.00398639,12
3.99656,0.156153,0.133052,-0.084823,-0.876932,-2.9789,0.000585492,0.0039862,15
4.00056,0.157335,0.25574,-0.0879646,-0.857072,-2.63787,0.00011807,0.00398301,12
4.00456,0.158148,0.216525,-0.0879646,-0.847571,-2.70836,0.000112079,0.00398644,12
4.00856,0.158887,0.172268,-0.0879646,-0.830612,-2.76946,0.000114705,0.00398647,12
4.01256,0.159478,0.12857,-0.0879646,-0.823511,-2.85923,0.000328263,0.003987,15
4.01656,0.159922,0.0798313,-0.0879646,-0.791333,-2.88652,0.000118441,0.00398229,12
4.02056,0.160069,0.035574,-0.0879646,-0.744165,-2.85762,0.000124612,0.00398201,12
4.02456,0.160143,-0.0131652,-0.0879646,-0.702826,-2.85803,0.000574923,0.00398697,15
4.02856,0.159996,-0.0523805,-0.084823,-0.669197,-2.82023,0.000115435,0.00398373,12
4.03256,0.1597,-0.081512,-0.0816814,-0.616328,-2.69864,0.00011293,0.0039864,12
4.03656,0.15933,-0.117366,-0.0785398,-0.551419,-2.55814,0.000113753,0.00398651,12
4.04056,0.158739,-0.151539,-0.0753982,-0.493388,-2.43458,0.000404836,0.00398694,15
4.04456,0.158074,-0.17787,-0.0753982,-0.419074,-2.27926,0.00011753,0.00398293,12
4.04856,0.157335,-0.2042,-0.0722566,-0.329017,-2.03904,0.000111638,0.00398653,12
4.05256,0.156448,-0.217085,-0.0659734,-0.247172,-1.75187,0.000113752,0.00398615,12
4.05656,0.155562,-0.371706,-0.0628318,-0.154578,-1.83465,0.000274201,0.00398622,15
4.06056,0.154527,-0.25462,-0.0596903,-0.054577,-1.19574,0.000114493,0.00398369,12
4.06456,0.153566,-0.265824,-0.0534071,0.0372195,-0.874326,0.00011277,0.00398656,12
4.06856,0.152458,-0.278709,-0.0502655,0.137109,-0.570581,0.000115436,0.00398614,12
4.07256,0.151349,-0.277029,-0.0471239,0.240068,-0.220057,0.000164958,0.00398644,15
4.07656,0.150241,-0.282071,-0.0408407,0.351526,0.176321,0.000113913,0.00398618,12
4.08056,0.149132,-0.278709,-0.0376991,0.456293,0.536636,0.00011263,0.00398719,12
4.08456,0.148024,-0.275348,-0.0345575,0.562734,0.902014,0.000510653,0.00398704,15
4.08856,0.146841,-0.267505,-0.0314159,0.668912,1.27797,0.000114163,0.00398329,12
4.09256,0.145881,-0.256301,-0.0282743,0.753104,1.59663,0.000115957,0.00398605,12
4.09656,0.14492,-0.235012,-0.0251327,0.827603,1.91196,0.000113311,0.0039867,12
4.10056,0.144033,-0.213724,-0.0219912,0.895094,2.20628,0.000359231,0.00398698,15
4.10456,0.14322,-0.190755,-0.0188496,0.939185,2.43437,0.000116287,0.00398355,12
4.10856,0.142555,-0.159943,-0.015708,0.978193,2.66762,0.000112861,0.00398665,12
4.11256,0.141964,-0.133612,-0.0125664,0.999791,2.83687,0.000115866,0.00398577,12
4.11656,0.14152,-0.1028,-0.0125664,1.01703,2.96734,0.000162533,0.00398605,15
4.12056,0.141225,-0.0652656,-0.00942478,1.0126,3.08742,0.000142886,0.00398539,12
4.12456,0.141077,-0.0327729,-0.00628319,0.992454,3.14738,0.000120565,0.0039869,12
4.12856,0.141003,-0.00364143,-0.00628319,0.976246,3.17325,0.000448898,0.00398694,15
4.13256,0.141077,0.0243696,-0.00314159,0.953525,3.21435,0.000117078,0.00398324,12
4.13656,0.141225,0.0501397,-0.00314159,0.927654,3.20285,0.00011263,0.00398612,12
4.14056,0.14152,0.07647,-0.00314159,0.894067,3.16979,0.000113392,0.00398641,12
4.14456,0.14189,0.107282,-0.00314159,0.849879,3.1164,0.000168625,0.00398676,15
4.14856,0.142333,0.130251,-0.00314159,0.793747,3.00689,0.000114093,0.00397757,12
4.15256,0.142998,0.159383,-0.00314159,0.747473,2.94351,0.000113372,0.00398657,12
4.15656,0.143663,0.185713,-0.00314159,0.70235,2.8764,0.000431365,0.00398607,15
4.16056,0.14455,0.216525,-0.00314159,0.641181,2.77282,0.000123631,0.00398232,12
4.16456,0.145437,0.245656,-0.00628319,0.591647,2.6626,0.000112099,0.00398654,12
4.16856,0.146398,0.265264,-0.00628319,0.538373,2.55419,0.000113732,0.0039867,12
4.17256,0.14758,0.294396,-0.00942478,0.478532,2.41347,0.000202468,0.00398698,15
4.17656,0.148837,0.315684,-0.0125664,0.42157,2.26141,0.000116087,0.00398325,12
4.18056,0.150093,0.345376,-0.0125664,0.354774,2.13875,0.000112601,0.00398649,12
4.18456,0.151497,0.361622,-0.015708,0.27714,1.91156,0.000501756,0.00398588,15
4.18856,0.153197,0.38235,-0.015708,0.187104,1.69655,0.000119313,0.00398272,12
4.19256,0.154601,0.401958,-0.0188496,0.104003,1.4615,0.000115085,0.0039862,12
4.19656,0.156227,0.268625,-0.0219912,0.0262733,0.849343,0.000116958,0.00398573,12
4.20056,0.157926,0.436131,-0.0251327,-0.047089,1.02519,0.000293437,0.00398702,15
4.20456,0.159774,0.439492,-0.0282743,-0.116807,0.789715,0.000116137,0.00398312,12
4.20856,0.161474,0.442854,-0.0314159,-0.183603,0.562742,0.000120886,0.00398657,12
4.21256,0.163247,0.449576,-0.0345575,-0.248482,0.350382,0.000122077,0.00398385,12
4.21656,0.165021,0.457419,-0.0408407,-0.301017,0.14073,0.0001551,0.00398624,15
4.22056,0.166868,0.454058,-0.0408407,-0.375524,-0.0890546,0.000415125,0.0039496,12
4.22456,0.168864,0.454058,-0.0471239,-0.420196,-0.294653,0.000152034,0.00397526,12
4.22856,0.17049,0.449576,-0.0502655,-0.470047,-0.490774,0.000520431,0.00398402,15
4.23256,0.172485,0.447896,-0.0534071,-0.528044,-0.703492,0.00012353,0.00397737,12
4.23656,0.174037,0.436131,-0.0565487,-0.577372,-0.916946,0.000119202,0.00398489,12
4.24056,0.175737,0.43445,-0.0596903,-0.635229,-1.12989,0.000113662,0.0039864,12
4.24456,0.177436,0.415403,-0.0628318,-0.687465,-1.37056,0.00034787,0.00398629,15
4.24856,0.179136,0.394115,-0.0659734,-0.732619,-1.5956,0.000115325,0.00398324,12
4.25256,0.18054,0.371146,-0.069115,-0.770071,-1.80234,0.000116136,0.00398608,12
4.25656,0.182018,0.346496,-0.0722566,-0.800182,-1.99106,0.000114253,0.0039868,12
4.26056,0.183274,0.307841,-0.0753982,-0.824437,-2.19863,0.00023048,0.00398603,15
4.26456,0.184531,0.276468,-0.0753982,-0.857568,-2.3768,0.000116478,0.0039833,12
4.26856,0.185491,0.245656,-0.0785398,-0.883801,-2.57079,0.000115426,0.00398624,12
4.27256,0.186378,0.20364,-0.0785398,-0.900754,-2.72828,0.000508299,0.00398629,15
4.27656,0.187117,0.15266,-0.0785398,-0.919435,-2.91439,0.000115605,0.00398372,12
4.28056,0.187635,0.121848,-0.0816814,-0.908355,-2.9966,0.000114133,0.0039859,12
4.28456,0.188004,0.0680667,-0.0816814,-0.881184,-3.05217,0.00011244,0.00398688,12
4.28856,0.188152,0.0226889,-0.0816814,-0.852857,-3.08309,0.000285613,0.00398547,15
4.29256,0.188078,-0.0294115,-0.0816814,-0.807658,-3.08082,0.000139069,0.00398192,12
4.29656,0.18793,-0.0669463,-0.0816814,-0.764725,-3.04804,0.000116287,0.0039862,12
4.30056,0.187561,-0.109523,-0.0785398,-0.724397,-2.99914,0.000598226,0.00398556,15
4.30456,0.186969,-0.151539,-0.0785398,-0.668074,-2.93841,0.000210984,0.00398413,9
4.30856,0.186304,-0.184592,-0.0785398,-0.599602,-2.81805,0.000407992,0.00394343,12
4.31257,0.185491,-0.220446,-0.0753982,-0.535372,-2.68057,0.000441584,0.00395225,12
4.31657,0.184531,-0.251259,-0.0722566,-0.472279,-2.53386,0.000742636,0.00395388,15
4.32057,0.183348,-0.277029,-0.069115,-0.409179,-2.37463,0.000116718,0.00398556,12
4.32457,0.182535,-0.120727,-0.0659734,-0.324869,-1.68168,0.000118542,0.00398556,12
4.32857,0.181205,-0.317925,-0.0628318,-0.253057,-1.93786,0.000126917,0.00398635,12
4.33257,0.179875,-0.329129,-0.0596903,-0.162934,-1.65979,0.000252481,0.00398599,15
4.33657,0.178471,-0.345936,-0.0565487,-0.0682889,-1.38263,0.00011786,0.00398539,12
4.34057,0.177067,-0.358821,-0.0534071,0.0286582,-1.08843,0.000128309,0.00398654,12
4.34457,0.175663,-0.370025,-0.0502655,0.125546,-0.790069,0.000137858,0.00398656,12
4.34857,0.174111,-0.386272,-0.0439823,0.208166,-0.51066,0.000152144,0.00398287,15
4.35257,0.172559,-0.389633,-0.0408407,0.294636,-0.223912,0.00011783,0.00397737,12
4.35657,0.171007,-0.391314,-0.0376991,0.382177,0.0704009,0.000116457,0.00398604,12
4.36057,0.169455,-0.389633,-0.0314159,0.457139,0.372831,0.000461331,0.00398631,15
4.36457,0.167829,-0.378428,-0.0282743,0.539184,0.683552,0.000121587,0.00398397,12
4.36857,0.166425,-0.375067,-0.0251327,0.628054,0.995184,0.000145582,0.00398503,12
4.37257,0.164947,-0.370025,-0.0219912,0.703852,1.27148,0.000133549,0.00398012,12
4.37657,0.163543,-0.347056,-0.015708,0.768842,1.59891,0.000327822,0.00398272,15
4.38057,0.162139,-0.326328,-0.0125664,0.82599,1.8594,0.000465539,0.003953,12
4.38457,0.160809,-0.299998,-0.0125664,0.881478,2.09198,0.000394596,0.00395506,12
4.38857,0.1597,-0.272547,-0.00942478,0.932446,2.35175,0.000130664,0.00398664,12
4.39257,0.158813,-0.256301,-0.00628319,0.967124,2.53393,0.000147906,0.00397095,15
4.39657,0.157852,-0.218766,-0.00314159,0.987137,2.72644,0.000125765,0.00398657,12
4.40057,0.157113,-0.184592,-0.00314159,1.00764,2.87477,0.000113151,0.00398632,12
4.40457,0.156448,-0.151539,-0,1.01355,3.01379,0.000275565,0.00398679,15
4.40857,0.156005,-0.0182071,-0,1.00348,3.32571,0.000124933,0.0039866,12
4.41257,0.155562,-0.0624645,-0,0.989697,3.16912,0.000115466,0.00398659,12
4.41657,0.155414,-0.0310922,0.00314159,0.963989,3.20937,0.000397131,0.0039859,20
4.42057,0.15534,0.00812319,0.00314159,0.931825,3.21299,0.000128379,0.00398633,14
4.42457,0.155414,0.0322126,0.00314159,0.890603,3.15061,0.000116237,0.00398694,14
4.42857,0.155635,0.0647054,0.00314159,0.83926,3.0796,0.00012892,0.00398705,14
4.43257,0.156005,0.0159663,0.00314159,0.778134,2.77018,0.000263101,0.00398671,20
4.43657,0.156448,0.12689,0.00314159,0.708827,2.84733,0.000115024,0.00398667,14
4.44057,0.156966,0.146497,-0,0.64605,2.67176,0.000130082,0.0039834,13
4.44457,0.157631,0.167786,-0,0.573587,2.50905,0.000415435,0.00398619,15
4.44857,0.158444,0.196917,-0,0.497664,2.35639,0.000114674,0.0039857,12
4.45257,0.159183,0.219886,-0.00314159,0.437057,2.19652,0.000113732,0.00398675,12
4.45657,0.160069,0.240614,-0.00628319,0.369302,2.0096,0.000568471,0.00398688,15
4.46057,0.161252,0.261903,-0.00942478,0.305664,1.8372,0.000147565,0.00398652,9
4.46457,0.162213,0.278149,-0.0125664,0.246961,1.66626,0.00012344,0.0039841,12
4.46857,0.163395,0.296076,-0.0125664,0.161544,1.45687,0.000119193,0.003986,12
4.47257,0.164577,0.314003,-0.015708,0.0824203,1.22902,0.000378006,0.00398646,15
4.47657,0.165982,0.328569,-0.0219912,0.0215565,1.01071,0.000116378,0.00398519,12
4.48057,0.167238,0.342014,-0.0251327,-0.0405689,0.82285,0.00011771,0.00398627,12
4.48457,0.168568,0.343695,-0.0251327,-0.135466,0.543301,0.000141103,0.00398139,12
4.48857,0.170046,0.354899,-0.0282743,-0.231249,0.248444,0.000239317,0.00398606,15
4.49257,0.17145,0.35658,-0.0345575,-0.296592,-0.016583,0.000113592,0.00398616,12
4.49657,0.172854,0.354899,-0.0376991,-0.364687,-0.261106,0.000122799,0.00398644,12
4.50057,0.174258,0.358261,-0.0376991,-0.448106,-0.501479,0.000120274,0.00398681,12
4.50457,0.175663,0.346496,-0.0439823,-0.516924,-0.811632,0.00014998,0.00398692,15
4.50857,0.177067,0.345376,-0.0471239,-0.574669,-1.02344,0.000123871,0.00398427,12
4.51257,0.178397,0.327448,-0.0502655,-0.636857,-1.2921,0.000138508,0.00398654,12
4.51657,0.179653,0.312323,-0.0534071,-0.687373,-1.51845,0.000425965,0.00398461,15
4.52057,0.180983,0.291594,-0.0565487,-0.722514,-1.71259,0.000113642,0.0039862,12
4.52457,0.182018,0.266945,-0.0596903,-0.760881,-1.92723,0.000115316,0.00398697,12
4.52857,0.182979,0.226049,-0.0628318,-0.790004,-2.15592,0.000130243,0.00398631,12
4.53257,0.183792,0.200279,-0.0659734,-0.810385,-2.31958,0.000264053,0.00398594,15
4.53657,0.184531,0.167786,-0.0659734,-0.835636,-2.47794,0.000115857,0.00398555,12
4.54057,0.185048,0.12689,-0.069115,-0.848723,-2.65914,0.000112911,0.0039872,12
4.54457,0.185491,0.0927164,-0.069115,-0.867601,-2.80322,0.000120405,0.00398662,12
4.54857,0.185787,0.0501397,-0.0722566,-0.857981,-2.92061,0.000138408,0.00398591,15
4.55257,0.185861,0.00140055,-0.0722566,-0.852471,-3.0293,0.000113682,0.00398701,12
4.55657,0.185787,-0.0361342,-0.0722566,-0.853173,-3.12824,0.000139831,0.00397136,12
4.56057,0.185491,-0.0770302,-0.0722566,-0.843673,-3.20548,0.000382955,0.00398684,15
4.56457,0.185048,-0.122408,-0.0722566,-0.820806,-3.25418,0.000114364,0.00398631,12
4.56857,0.184531,-0.158262,-0.0722566,-0.782527,-3.23196,0.000114163,0.00398678,12
4.57257,0.183792,-0.199158,-0.0722566,-0.727775,-3.17342,0.000122469,0.00398593,12
4.57657,0.182979,-0.226609,-0.0659734,-0.702048,-3.09317,0.000220091,0.00398655,15
4.58057,0.181944,-0.274228,-0.0659734,-0.655959,-3.07877,0.000140533,0.00398399,12
4.58457,0.180836,-0.299998,-0.0659734,-0.574274,-2.90069,0.000116187,0.0039864,12
4.58857,0.179579,-0.33081,-0.0628318,-0.485794,-2.67791,0.000497459,0.00398443,15
4.59257,0.178101,-0.358821,-0.0596903,-0.409157,-2.48418,0.000116908,0.00398513,12
4.59657,0.176697,-0.384591,-0.0565487,-0.332771,-2.28529,0.000119874,0.00398664,12
4.60057,0.175145,-0.412602,-0.0534071,-0.236694,-2.03298,0.000133759,0.00398556,12
4.60457,0.173372,-0.435011,-0.0502655,-0.133874,-1.74636,0.000336738,0.00398629,15
4.60857,0.171524,-0.454618,-0.0471239,-0.0477137,-1.50302,0.000114905,0.00398605,12
4.61257,0.169751,-0.479268,-0.0408407,0.039487,-1.23189,0.000119934,0.00398514,12
4.61657,0.167829,-0.490472,-0.0376991,0.133298,-0.94396,0.000123039,0.00398594,12
4.62057,0.165834,-0.498876,-0.0314159,0.217828,-0.639549,0.000228777,0.00398621,15
4.62457,0.163765,-0.497195,-0.0282743,0.309654,-0.32476,0.00011772,0.00398462,12
4.62857,0.161843,-0.502237,-0.0251327,0.404594,-0.0175501,0.000115676,0.00398646,12
4.63257,0.159848,-0.502237,-0.0219912,0.499727,0.303064,0.000118371,0.0039869,12
4.63657,0.157852,-0.498876,-0.015708,0.581683,0.629991,0.000136775,0.00398634,15
4.64057,0.156005,-0.339213,-0.0125664,0.670826,1.34395,0.000114484,0.00398665,12
4.64457,0.15401,-0.470865,-0.00942478,0.746276,1.26609,0.00014474,0.00398668,12
4.64857,0.152088,-0.454618,-0.00314159,0.809458,1.56962,0.000421657,0.00398548,15
4.65257,0.150241,-0.43221,-0,0.862636,1.82147,0.000115686,0.00398577,12
4.65657,0.148689,-0.409241,0.00314159,0.921187,2.09165,0.000116127,0.00398645,13
4.66057,0.147137,-0.38291,0.00628319,0.969977,2.34098,0.000119563,0.00398661,14
4.66457,0.145585,-0.364983,0.00942478,1.00741,2.53435,0.000184665,0.00398696,20
4.66857,0.144255,-0.328009,0.0125664,1.03356,2.74316,0.000117379,0.00398597,14
4.67257,0.142998,-0.303359,0.0125664,1.06232,2.89081,0.000121707,0.00398599,14
4.67657,0.14189,-0.265824,0.015708,1.07764,3.06883,0.000582658,0.00398546,17
4.68057,0.140855,-0.231651,0.015708,1.09916,3.2196,0.000119694,0.00398581,13
4.68457,0.140116,-0.197477,0.0188496,1.07323,3.2651,0.000116317,0.00398647,14
4.68857,0.139451,-0.158262,0.0188496,1.04557,3.28103,0.000118641,0.0039866,14
4.69257,0.13886,-0.120727,0.0188496,1.01996,3.29899,0.000472482,0.0039866,17
4.69657,0.13849,-0.0770302,0.0188496,0.982223,3.29667,0.000122509,0.00398389,14
4.70057,0.138269,-0.0445375,0.0188496,0.932009,3.22811,0.000114895,0.00398633,14
4.70457,0.138195,-0.0131652,0.0188496,0.870633,3.12326,0.000122408,0.00398699,14
4.70857,0.138195,0.0210082,0.0188496,0.800958,3.0007,0.00033737,0.00398673,20
4.71257,0.138343,0.048459,0.0188496,0.727248,2.84895,0.000116097,0.00398647,14
4.71657,0.138638,0.07647,0.015708,0.667017,2.70223,0.00012323,0.0039718,14
4.72057,0.139008,0.10224,0.015708,0.585251,2.5223,0.00011803,0.00398687,14
4.72457,0.139451,0.12857,0.0125664,0.513276,2.33608,0.000213469,0.00398664,20
4.72857,0.140042,0.148178,0.0125664,0.417338,2.09794,0.000116518,0.00398655,14
4.73257,0.140634,0.167786,0.00942478,0.329465,1.84669,0.000116908,0.00398686,14
4.73657,0.141373,0.188514,0.00628319,0.249774,1.62338,0.000603276,0.00398653,17
4.74057,0.142259,0.206441,0.00314159,0.179924,1.42291,0.000147365,0.0039858,13
4.74457,0.142998,0.219886,-0,0.101096,1.18345,0.000117249,0.00398592,13
4.74857,0.143959,0.232771,-0,0.0152296,0.95924,0.00011291,0.00398695,12
4.75257,0.144846,0.240614,-0.00314159,-0.0552548,0.73089,0.00025172,0.0039868,15
4.75657,0.145881,0.249018,-0.00628319,-0.131,0.488408,0.000113262,0.00398663,12
4.76057,0.146841,0.256861,-0.00942478,-0.20074,0.262469,0.000114734,0.00397742,12
4.76457,0.147876,0.256861,-0.0125664,-0.265478,0.0316112,0.000559514,0.00398537,15
4.76857,0.148984,0.252379,-0.015708,-0.326779,-0.200238,0.000136515,0.00398613,9
4.77257,0.149945,0.25406,-0.0188496,-0.387047,-0.413421,0.000122238,0.00398498,12
4.77657,0.150906,0.243976,-0.0219912,-0.44981,-0.664434,0.000140502,0.00398626,12
4.78057,0.151866,0.234452,-0.0251327,-0.498252,-0.870731,0.000384117,0.00398661,15
4.78457,0.152827,0.224368,-0.0282743,-0.549012,-1.08547,0.000114674,0.00398642,12
4.78858,0.15364,0.214844,-0.0314159,-0.586817,-1.25995,0.00012285,0.00398416,12
4.79258,0.154453,0.198598,-0.0345575,-0.630267,-1.46879,0.000125565,0.00398611,12
4.79658,0.155192,0.17731,-0.0376991,-0.666472,-1.66888,0.000239427,0.00398605,15
4.80058,0.156005,0.28151,-0.0376991,-0.707082,-1.52152,0.000116056,0.0039857,12
4.80458,0.156301,0.110643,-0.0408407,-0.732539,-2.07526,0.000115215,0.00398627,12
4.80858,0.156744,0.0876744,-0.0408407,-0.757717,-2.20952,0.000124232,0.00398368,12
4.81258,0.15704,0.058543,-0.0439823,-0.766421,-2.34767,0.00013416,0.0039848,15
4.81658,0.157187,0.0288513,-0.0471239,-0.765041,-2.4571,0.000116808,0.00398578,12
4.82058,0.157187,-0.00868341,-0.0471239,-0.772935,-2.57761,0.000121086,0.00398566,12
4.82458,0.157113,-0.0378148,-0.0471239,-0.768922,-2.64066,0.000365822,0.00398396,15
4.82858,0.156892,-0.0652656,-0.0471239,-0.766533,-2.70461,0.000118612,0.00398489,12
4.83258,0.156596,-0.0848733,-0.0471239,-0.748372,-2.70086,0.000154959,0.00398555,12
4.83658,0.156153,-0.124089,-0.0471239,-0.731613,-2.75216,0.000639503,0.00398516,12
4.84058,0.155488,-0.163304,-0.0471239,-0.702364,-2.76619,0.000163765,0.00398587,9
4.84458,0.154823,-0.192435,-0.0471239,-0.659423,-2.71289,0.000121156,0.00398604,12
4.84858,0.154084,-0.218766,-0.0439823,-0.614137,-2.60797,0.000130944,0.00398689,12
4.85258,0.153123,-0.242855,-0.0439823,-0.546364,-2.46729,0.000437937,0.00398696,15
4.85658,0.152014,-0.274228,-0.0408407,-0.491577,-2.34745,0.000124973,0.00398463,12
4.86058,0.15098,-0.294956,-0.0408407,-0.421571,-2.19152,0.000113753,0.00398677,12
4.86458,0.149723,-0.319605,-0.0376991,-0.353718,-2.0152,0.000133128,0.0039831,12
4.86858,0.148393,-0.339213,-0.0376991,-0.273206,-1.82529,0.000262139,0.00398347,15
4.87258,0.146915,-0.35714,-0.0345575,-0.19839,-1.6111,0.000119613,0.00398497,12
4.87658,0.145511,-0.370025,-0.0314159,-0.127005,-1.39414,0.000115936,0.00398602,12
4.88058,0.143959,-0.394675,-0.0282743,-0.0576265,-1.21386,0.000601322,0.0039847,12
4.88458,0.142185,-0.404199,-0.0251327,0.0106086,-0.998571,0.000115857,0.00396615,9
4.88858,0.140781,-0.40756,-0.0219912,0.0782829,-0.768301,0.000113482,0.00398713,12
4.89258,0.139156,-0.410921,-0.0188496,0.145979,-0.538448,0.00011752,0.00398608,12
4.89658,0.137456,-0.418764,-0.015708,0.214561,-0.317621,0.000442356,0.00398685,15
4.90058,0.135682,-0.415963,-0.0125664,0.285452,-0.0625673,0.000121296,0.0039846,12
4.90458,0.13413,-0.418764,-0.00942478,0.360918,0.192369,0.000148588,0.00398472,12
4.90858,0.132504,-0.418764,-0.00628319,0.422603,0.41271,0.000115355,0.00398644,12
4.91258,0.130879,-0.410921,-0.00314159,0.485321,0.656369,0.000271095,0.0039867,15
4.91658,0.129253,-0.316244,-0,0.531698,1.07424,0.000114133,0.00398604,12
4.92058,0.127701,-0.38291,-0,0.589938,1.0752,0.000115906,0.00398633,12
4.92458,0.126223,-0.371706,0.00628319,0.634325,1.30991,0.000416768,0.00397108,20
4.92858,0.124671,-0.348737,0.00942478,0.673149,1.52047,0.000119713,0.00398533,14
4.93258,0.123489,-0.326328,0.00942478,0.717499,1.70962,0.000117058,0.00398644,14
4.93658,0.122232,-0.303359,0.0125664,0.747257,1.89343,0.000122228,0.00398687,14
4.94058,0.12105,-0.283751,0.0125664,0.776736,2.03043,0.000333743,0.00398692,20
4.94458,0.119941,-0.257421,0.0125664,0.801169,2.16965,0.000115716,0.00398656,14
4.94858,0.119054,-0.22997,0.015708,0.806466,2.29188,0.00016068,0.00398594,14
4.95258,0.118168,-0.200839,0.015708,0.813106,2.38502,0.000712359,0.00398475,14
4.95658,0.117355,-0.171147,0.0188496,0.788901,2.42404,0.000251299,0.00398619,13
4.96058,0.116837,-0.145377,0.0188496,0.768142,2.42653,0.000118081,0.00397729,14
4.96458,0.11632,-0.115685,0.0188496,0.732451,2.394,0.000115235,0.00398636,14
4.96858,0.115951,-0.086554,0.0188496,0.698023,2.36417,0.000574763,0.00398573,17
4.97258,0.115655,-0.0523805,0.0188496,0.649984,2.30635,0.000124703,0.00398252,14
4.97658,0.115507,-0.0327729,0.0188496,0.607891,2.22931,0.000122979,0.00398448,14
4.98058,0.115433,-0.00868341,0.015708,0.572085,2.1455,0.000131576,0.00398627,14
4.98458,0.115433,0.0126049,0.015708,0.523546,2.05363,0.000443838,0.00398687,17
4.98858,0.115581,0.030532,0.015708,0.465276,1.92402,0.000115145,0.00398635,14
4.99258,0.115729,0.0501397,0.0125664,0.412407,1.77759,0.000127167,0.00398697,14
4.99658,0.115951,0.071428,0.0125664,0.348162,1.63874,0.000138719,0.00398243,14
5.00058,0.116246,0.0781507,0.00942478,0.289214,1.44108,0.000377044,0.00398627,20
5.00458,0.116616,0.0960777,0.00942478,0.219908,1.27861,0.000116207,0.00398635,14
5.00858,0.116985,0.105601,0.00628319,0.157618,1.07823,0.000114634,0.0039869,14
5.01258,0.117503,0.114005,0.00314159,0.0989588,0.886247,0.000121737,0.0039871,14
5.01658,0.117946,0.125209,0.00314159,0.0292545,0.705421,0.000266017,0.00398682,20
5.02058,0.118537,0.134733,-0,-0.0338394,0.503089,0.000121096,0.00398446,12
5.02727,0.119054,0.136414,-0.00314159,-0.0941299,0.288872,0.000270334,0.000334585,36
5.03127,0.119054,0.136414,-0.00314159,-0.145671,0.133117,0.00021972,0.00397624,0
5.03526,0.120532,0.139775,-0.00628319,-0.204398,-0.0699542,0.000119253,0.00398694,12
5.03927,0.12105,0.134733,-0.00942478,-0.264513,-0.30095,0.000197128,0.00398696,15
5.04327,0.121567,0.131932,-0.0125664,-0.311163,-0.485487,0.000165169,0.00397155,12
5.04727,0.122084,0.12857,-0.0125664,-0.374236,-0.68362,0.000118682,0.00398556,12
5.05127,0.122528,0.115125,-0.015708,-0.419102,-0.890334,0.000469617,0.00398538,15
5.05527,0.122971,0.0988788,-0.015708,-0.456148,-1.04315,0.000114463,0.00398661,12
5.05927,0.123341,0.0859937,-0.0188496,-0.485035,-1.2003,0.000116627,0.00398561,12
5.06327,0.123636,0.066386,-0.0219912,-0.494837,-1.31724,0.000135553,0.00398652,12
5.06727,0.123858,0.0439773,-0.0251327,-0.508077,-1.45194,0.000279432,0.0039838,15
5.07127,0.124006,0.0226889,-0.0251327,-0.52736,-1.56471,0.000119774,0.00398492,12
5.07527,0.124006,0.00644253,-0.0251327,-0.547499,-1.66741,0.000113793,0.00398627,12
5.07927,0.123932,-0.0215685,-0.0251327,-0.565271,-1.7934,0.000555146,0.00398656,15
5.08327,0.123858,-0.0378148,-0.0282743,-0.567425,-1.87938,0.000113622,0.00398615,12
5.08727,0.123636,-0.0490192,-0.0282743,-0.574581,-1.93034,0.000112921,0.00398693,12
5.09127,0.123341,-0.0803915,-0.0282743,-0.56598,-1.98577,0.000175207,0.00397871,12
5.09527,0.123045,-0.099439,-0.0282743,-0.55473,-2.00147,0.000436955,0.00398625,15
5.09927,0.122528,-0.119047,-0.0282743,-0.543917,-2.02041,0.000127128,0.00398604,12
5.10327,0.122084,-0.143696,-0.0282743,-0.516843,-2.00303,0.00014989,0.00398681,12
5.10727,0.121419,-0.168346,-0.0282743,-0.490545,-1.98848,0.00012301,0.00398693,12
5.11127,0.120754,-0.192435,-0.0251327,-0.462137,-1.92863,0.000233847,0.00397228,15
5.11527,0.119867,-0.2042,-0.0251327,-0.430418,-1.86501,0.000119583,0.0039809,12
5.11927,0.119054,-0.224928,-0.0251327,-0.383736,-1.77908,0.000115736,0.00398583,12
5.12327,0.118094,-0.244536,-0.0251327,-0.322012,-1.64514,0.000486007,0.00398701,15
5.12727,0.116985,-0.260782,-0.0219912,-0.278335,-1.51992,0.000115135,0.00398262,12
5.13127,0.116025,-0.274228,-0.0219912,-0.221414,-1.38462,0.000121527,0.00398626,12
5.13527,0.114916,-0.285432,-0.0219912,-0.152852,-1.2087,0.000113021,0.0039865,12
5.13927,0.113734,-0.294956,-0.015708,-0.118987,-1.05851,0.0002891,0.00398698,15
5.14327,0.112477,-0.30504,-0.015708,-0.069452,-0.937518,0.000126286,0.00398324,12
5.14727,0.111369,-0.311202,-0.0125664,-0.0199393,-0.768701,0.00011758,0.00398582,12
5.15127,0.110112,-0.310082,-0.0125664,0.0473095,-0.565331,0.00054706,0.00398648,15
5.15527,0.108708,-0.319605,-0.0125664,0.108391,-0.40833,0.000113652,0.00398393,12
5.15927,0.1076,-0.319605,-0.00942478,0.161143,-0.213855,0.000119092,0.00398563,12
5.16327,0.106344,-0.317925,-0.00628319,0.191555,-0.0828838,0.000111799,0.00398687,12
5.16727,0.105013,-0.312883,-0.00314159,0.217807,0.0440081,0.000336749,0.003967,15
5.17127,0.103683,-0.314563,-0,0.246649,0.161416,0.000127648,0.00398358,12
5.17527,0.102575,-0.345936,-0,0.297661,0.232374,0.000118241,0.00398493,12
5.17927,0.101392,-0.301678,0.00314159,0.337894,0.502817,0.000459779,0.00398679,18
5.18327,0.100136,-0.283751,0.00314159,0.379419,0.671725,0.000125304,0.00398151,14
5.18727,0.0991012,-0.278709,0.00628319,0.401836,0.787673,0.000121426,0.00398652,14
5.19127,0.0979927,-0.275348,0.00942478,0.42767,0.909456,0.000115134,0.00398637,14
5.19527,0.0969581,-0.25462,0.00942478,0.459243,1.05599,0.000333613,0.00398662,20
5.19927,0.0959235,-0.241175,0.00942478,0.49081,1.18375,0.000116527,0.00398351,14
5.20327,0.0950366,-0.223248,0.0125664,0.506316,1.31231,0.000116788,0.00398574,14
5.20727,0.0942237,-0.212043,0.0125664,0.523298,1.39071,0.000719943,0.00398655,17
5.21127,0.0933369,-0.181231,0.0125664,0.539373,1.51669,0.000235319,0.00398232,13
5.21527,0.0926718,-0.172828,0.0125664,0.553981,1.58103,0.000117218,0.00398385,14
5.21927,0.0920806,-0.147058,0.0125664,0.546641,1.62391,0.000144059,0.00397785,14
5.22327,0.0915633,-0.122408,0.0125664,0.530463,1.63737,0.000596554,0.00398565,17
5.22727,0.091046,-0.0977584,0.0125664,0.508251,1.63259,0.000115726,0.00398193,14
5.23127,0.0907504,-0.0831926,0.0125664,0.48449,1.59764,0.000152735,0.00397929,14
5.23527,0.0904548,-0.0591032,0.0125664,0.443606,1.53548,0.000146344,0.00398617,14
5.23927,0.090307,-0.0361342,0.0125664,0.403476,1.47303,0.0004929,0.00398517,20
5.24327,0.0901592,-0.0148458,0.0125664,0.371527,1.43097,0.000118071,0.00398112,14
5.24727,0.0900853,-0.00532209,0.0125664,0.313247,1.27922,0.000116537,0.00398577,14
5.25127,0.0901592,0.0109243,0.0125664,0.259203,1.15789,0.000115385,0.00398637,14
5.25527,0.0901592,0.0226889,0.00942478,0.20749,0.994434,0.000462594,0.00398686,20
5.25927,0.090307,0.0243696,0.00942478,0.157327,0.847492,0.000118471,0.00398239,14
5.26327,0.0903809,0.030532,0.00942478,0.118665,0.746687,0.000114864,0.00398614,14
5.26727,0.0905287,0.0372546,0.00628319,0.092686,0.648335,0.000747455,0.00398593,14
5.27127,0.0907504,0.0450977,0.00314159,0.0716571,0.567989,0.000274191,0.00398343,13
5.27527,0.0908982,0.0406159,0.00314159,0.0364187,0.450281,0.0001183,0.00398322,14
5.27927,0.091046,0.053501,-0,-0,0.336249,0.000118291,0.00398625,12
5.28327,0.0912677,0.0501397,-0,-0.0364187,0.218021,0.000356606,0.00398653,15
5.28727,0.0914894,0.053501,-0,-0.0836461,0.0844405,0.000119032,0.0039826,12
5.29127,0.0916372,0.0467784,-0.00314159,-0.108733,-0.0458365,0.000126206,0.00398631,12
5.29527,0.0918589,0.0518203,-0.00314159,-0.144511,-0.140489,0.000515772,0.00398592,15
5.29927,0.0920806,0.0467784,-0.00314159,-0.192322,-0.297473,0.000147605,0.00398319,12
5.30327,0.0922284,0.0389353,-0.00628319,-0.222161,-0.444996,0.000114133,0.00398619,12
5.30727,0.0923762,0.0372546,-0.00942478,-0.236493,-0.529787,0.000116357,0.00398605,12
5.31127,0.0924501,0.0226889,-0.00942478,-0.27039,-0.669569,0.000285994,0.0039871,15
5.31527,0.092524,0.0159663,-0.0125664,-0.294269,-0.796355,0.000115435,0.00398378,12
5.31927,0.0925979,0.00476187,-0.0125664,-0.323423,-0.913147,0.00011276,0.00398655,12
5.32327,0.092524,-0.00980385,-0.0125664,-0.352525,-1.03876,0.000564524,0.00398595,15
5.32727,0.0924501,-0.0215685,-0.0125664,-0.377372,-1.1443,0.000126637,0.00398163,12
5.33127,0.0923762,-0.0294115,-0.0125664,-0.394878,-1.21756,0.000111918,0.00398633,12
5.33527,0.0923023,-0.0411762,-0.015708,-0.391092,-1.27405,0.000115175,0.00398658,12
5.33927,0.0920806,-0.0445375,-0.015708,-0.385094,-1.26506,0.000331459,0.00398695,15
5.34327,0.0918589,-0.0635849,-0.015708,-0.375481,-1.28554,0.000121577,0.00398304,12
5.34727,0.0916372,-0.0703076,-0.015708,-0.362113,-1.26294,0.000116898,0.00398633,12
5.35127,0.0913416,-0.0787109,-0.015708,-0.346112,-1.23687,0.000560286,0.00398668,15
5.35527,0.0908982,-0.0966379,-0.015708,-0.329861,-1.23488,0.000116658,0.00398257,12
5.35927,0.0906026,-0.099439,-0.015708,-0.317004,-1.20389,0.000113111,0.00398657,12
5.36327,0.0901592,-0.107842,-0.015708,-0.290705,-1.14702,0.000115405,0.00398604,12
5.36727,0.0897158,-0.115685,-0.015708,-0.267158,-1.09702,0.000322622,0.00397177,15
5.37127,0.0891985,-0.130811,-0.015708,-0.251689,-1.09035,0.00012315,0.0039803,12
5.37527,0.0887551,-0.12745,-0.015708,-0.229006,-1.01412,0.000115346,0.00398521,12
5.37927,0.0881639,-0.136974,-0.015708,-0.19496,-0.937043,0.000531993,0.00398614,15
5.38327,0.0875726,-0.148738,-0.015708,-0.166168,-0.881616,0.000115556,0.00398378,12
5.38727,0.0870553,-0.147058,-0.015708,-0.126353,-0.758098,0.00011271,0.00398664,12
5.39127,0.0863902,-0.163304,-0.015708,-0.0918508,-0.697116,0.000115205,0.00398604,12
5.39527,0.0857251,-0.158262,-0.015708,-0.0677064,-0.612619,0.000256989,0.00398685,15
5.39927,0.08506,-0.164985,-0.015708,-0.0379251,-0.541382,0.000116527,0.00398333,12
5.40327,0.0844688,-0.161623,-0.015708,-0.0189815,-0.476769,0.00011245,0.00398644,12
5.40727,0.0838037,-0.161623,-0.0125664,-0.0279108,-0.467726,0.000508178,0.0039869,15
5.41127,0.0830647,-0.166665,-0.0125664,-0.028658,-0.484578,0.000117709,0.00398253,12
5.41527,0.0824735,-0.164985,-0.0125664,-0.0173572,-0.447389,0.00011259,0.00398648,12
5.41927,0.0818084,-0.166665,-0.0125664,-0.0102026,-0.431545,0.000112991,0.00398651,12
5.42327,0.0811433,-0.169466,-0.0125664,0.0102026,-0.378544,0.000272959,0.00398705,15
5.42727,0.0804782,-0.166665,-0.0125664,0.0293462,-0.31493,0.000116437,0.0039836,12
5.43127,0.079813,-0.163304,-0.0125664,0.0447052,-0.261311,0.000138849,0.00398616,12
5.43527,0.0791479,-0.166665,-0.0125664,0.0537564,-0.244063,0.00052014,0.00398687,15
5.43927,0.0784828,-0.159943,-0.0125664,0.0539769,-0.227537,0.000118542,0.00398253,12
5.44327,0.0778916,-0.159943,-0.0125664,0.0645855,-0.196767,0.000112299,0.00398645,12
5.44727,0.0772265,-0.151539,-0.0125664,0.0730325,-0.151052,0.000113953,0.00398629,12
5.45127,0.0766353,-0.147058,-0.00942478,0.0669085,-0.121831,0.000293458,0.00398704,15
5.45527,0.076118,-0.275348,-0.00942478,0.0658529,-0.45649,0.000116237,0.00398364,12
5.45927,0.0755268,-0.140335,-0.00942478,0.0680434,-0.103507,0.00011296,0.00398622,12
5.46327,0.0749356,-0.138654,-0.00942478,0.0719383,-0.0886981,0.000552431,0.00398707,15
5.46727,0.0743444,-0.133612,-0.00942478,0.0762759,-0.063896,0.000117489,0.00398308,12
5.47127,0.0738271,-0.138654,-0.00942478,0.0800751,-0.0665258,0.00011234,0.00398655,12
5.47527,0.0733098,-0.130811,-0.00942478,0.0826349,-0.0397222,0.000121907,0.00398455,12
5.47927,0.0728664,-0.122408,-0.00942478,0.0835349,-0.016331,0.000296593,0.003986,15
5.48327,0.072349,-0.122408,-0.00942478,0.0826349,-0.0201785,0.000367375,0.00394695,12
5.48727,0.0718317,-0.114565,-0.00942478,0.0800751,-0.00884644,0.000355964,0.0039559,12
5.49127,0.0713883,-0.112884,-0.00942478,0.076276,-0.0169664,0.00054674,0.00398558,15
5.49528,0.0709449,-0.107842,-0.00942478,0.0719383,-0.0180583,0.000140533,0.00398368,12
5.49927,0.0705754,-0.10112,-0.00942478,0.0680435,-0.0133234,0.000111969,0.00398646,12
5.50327,0.0702059,-0.10112,-0.00942478,0.0658529,-0.0207489,0.000114824,0.00398635,12
5.50728,0.0698364,-0.0899153,-0.00942478,0.0669085,0.0104863,0.00030555,0.00398694,15
5.51128,0.0694669,-0.0882346,-0.00942478,0.0730325,0.0325149,0.000116077,0.00398356,12
5.51528,0.0690974,-0.0848733,-0.00942478,0.0645855,0.014838,0.000114694,0.0039862,12
5.51928,0.0688018,-0.0770302,-0.00942478,0.0539769,0.00233032,0.000549886,0.00398667,15
5.52328,0.0684323,-0.0770302,-0.00942478,0.0417675,-0.0353717,0.000116848,0.00398321,12
5.52728,0.0682106,-0.0753496,-0.00942478,0.028658,-0.0711438,0.000125605,0.00398605,12
5.53128,0.067915,-0.0719882,-0.00942478,0.0154896,-0.102927,0.0001127,0.00398647,12
5.53528,0.0676194,-0.0624645,-0.0125664,0.0152324,-0.117302,0.000323173,0.00398683,15
5.53928,0.0673977,-0.0607838,-0.0125664,0.00908802,-0.132026,0.000114534,0.0039835,12
5.54328,0.067176,-0.0591032,-0.0125664,-0,-0.155646,0.000118801,0.00398617,12
5.54728,0.0669543,-0.0607838,-0.0125664,-0.00908799,-0.18792,0.000583559,0.00398623,15
5.55128,0.0667326,-0.0506999,-0.0125664,-0.0152324,-0.181006,0.000114574,0.00398342,12
5.55528,0.0665109,-0.0473386,-0.0125664,-0.0154896,-0.173612,0.000111879,0.00398657,12
5.55928,0.0663631,-0.0490192,-0.015708,-0.0166691,-0.219302,0.000115375,0.00397733,12
5.56328,0.0661414,-0.0456579,-0.015708,-0.0257203,-0.238483,0.000341167,0.00398648,15
5.56728,0.0659936,-0.0473386,-0.015708,-0.0401203,-0.286649,0.000115676,0.00398354,12
5.57128,0.0658458,-0.0428568,-0.015708,-0.0576264,-0.328333,0.00011804,0.00398491,12
5.57528,0.065698,-0.0428568,-0.015708,-0.076276,-0.385014,0.000584931,0.00398676,15
5.57928,0.0654763,-0.0394955,-0.0188496,-0.0823981,-0.43282,0.000116237,0.00398268,12
5.58328,0.0653285,-0.0411762,-0.0188496,-0.0945109,-0.474074,0.000114264,0.00398625,12
5.58728,0.0652546,-0.0394955,-0.0219912,-0.0978219,-0.51739,0.000111949,0.00398659,12
5.59128,0.0650328,-0.0361342,-0.0219912,-0.109868,-0.545621,0.000366274,0.00398655,15
5.59528,0.0648851,-0.0428568,-0.0219912,-0.127005,-0.61504,0.000113993,0.00398337,12
5.59928,0.0647373,-0.0428568,-0.0219912,-0.146148,-0.673214,0.000113762,0.00398598,12
5.60328,0.0645894,-0.0456579,-0.0251327,-0.152787,-0.738287,0.00064853,0.00398663,15
5.60728,0.0643677,-0.0456579,-0.0251327,-0.164877,-0.775307,0.000116096,0.00398282,9
5.61128,0.064146,-0.0574225,-0.0251327,-0.179336,-0.849778,0.000114504,0.00398626,12
5.61528,0.0639243,-0.0523805,-0.0251327,-0.193781,-0.88093,0.000118782,0.00398522,12
5.61928,0.0637026,-0.0607838,-0.0251327,-0.206529,-0.941575,0.000465899,0.00398522,15
5.62328,0.063407,-0.0753496,-0.0282743,-0.20461,-1.0114,0.000116718,0.00398189,12
5.62728,0.0631853,-0.0719882,-0.0282743,-0.207664,-1.01246,0.000145011,0.00398614,12
5.63128,0.0628158,-0.081512,-0.0282743,-0.214429,-1.05823,0.000114154,0.00398651,12
5.63528,0.0625202,-0.0848733,-0.0282743,-0.224484,-1.09792,0.000237002,0.00398647,15
5.63928,0.0621507,-0.0932766,-0.0282743,-0.238251,-1.16197,0.00011768,0.00398314,12
5.64328,0.0617812,-0.099439,-0.0282743,-0.235249,-1.16957,0.000119233,0.00398629,12
5.64728,0.0613378,-0.109523,-0.0282743,-0.227606,-1.1734,0.000534027,0.00398537,15
5.65128,0.0608944,-0.119047,-0.0282743,-0.216164,-1.16431,0.000114473,0.00398334,12
5.65528,0.060451,-0.124089,-0.0282743,-0.202465,-1.13687,0.000113412,0.00398642,12
5.65928,0.0599337,-0.133612,-0.0282743,-0.188751,-1.12107,0.000114294,0.00398583,12
5.66328,0.0593425,-0.143696,-0.0282743,-0.177966,-1.11574,0.000328523,0.00398712,15
5.66728,0.0587513,-0.154901,-0.0314159,-0.140024,-1.06869,0.00011787,0.0039821,12
5.67128,0.0581601,-0.154901,-0.0314159,-0.109217,-0.976884,0.000113061,0.00398646,12
5.67528,0.057495,-0.158262,-0.0314159,-0.0868046,-0.919261,0.000614637,0.00398543,15
5.67928,0.0567559,-0.169466,-0.0314159,-0.0747508,-0.913296,0.000114453,0.00398359,12
5.68328,0.0560908,-0.17955,-0.0314159,-0.0757184,-0.943636,0.000112149,0.00398651,12
5.68728,0.0554257,-0.176189,-0.0314159,-0.0713295,-0.923168,0.000179745,0.00396587,12
5.69128,0.0546867,-0.184592,-0.0282743,-0.0876647,-0.958305,0.000486497,0.00398016,15
5.69528,0.0537999,-0.197477,-0.0282743,-0.0857254,-0.987556,0.000120625,0.00398231,12
5.69928,0.0531348,-0.2042,-0.0282743,-0.0804443,-0.990357,0.000114524,0.00398602,12
5.70328,0.0523219,-0.210363,-0.0282743,-0.0750452,-0.991681,0.000115415,0.00398639,12
5.70728,0.051509,-0.213724,-0.0282743,-0.0730326,-0.996026,0.000169566,0.0039867,15
5.71128,0.0506222,-0.213724,-0.0282743,-0.0564487,-0.947844,0.000114143,0.00398602,12
5.71528,0.0498093,-0.136974,-0.0282743,-0.0393854,-0.700424,0.000114434,0.0039868,12
5.71928,0.0488485,-0.22829,-0.0282743,-0.0240854,-0.891416,0.00046611,0.00398671,15
5.72328,0.0478139,-0.233332,-0.0251327,-0.0249206,-0.871702,0.000115225,0.0039832,12
5.72728,0.047001,-0.231651,-0.0251327,-0.0244942,-0.867858,0.000113342,0.00398624,12
5.73128,0.0461142,-0.236693,-0.0251327,-0.00540955,-0.825101,0.000113391,0.00398672,12
5.73528,0.0451535,-0.238374,-0.0251327,0.0179614,-0.760897,0.000271717,0.00398692,15
5.73928,0.0441189,-0.246217,-0.0251327,0.0433759,-0.706546,0.000115446,0.00398306,12
5.74328,0.0431582,-0.249578,-0.0251327,0.0687316,-0.640672,0.000115305,0.00398634,12
5.74728,0.0421975,-0.25462,-0.0219912,0.0800769,-0.583987,0.000569803,0.00398707,15
5.75128,0.041015,-0.259102,-0.0219912,0.0955093,-0.551469,0.00011762,0.00397248,12
5.75528,0.0401282,-0.257421,-0.0219912,0.111665,-0.500253,0.000111358,0.00398611,12
5.75928,0.0390936,-0.260782,-0.0219912,0.12546,-0.469476,0.000138759,0.00398644,12
5.76328,0.038059,-0.259102,-0.0188496,0.122101,-0.440076,0.00045014,0.00398686,15
5.76728,0.0369505,-0.257421,-0.0188496,0.118987,-0.447577,0.000120746,0.00398167,12
5.77128,0.0359898,-0.256301,-0.015708,0.100202,-0.466077,0.00011238,0.00398319,12
5.77528,0.0350291,-0.25462,-0.015708,0.103905,-0.452655,0.000598066,0.00398624,15
5.77928,0.0338466,-0.25462,-0.015708,0.115302,-0.42079,0.000116186,0.00398333,12
5.78328,0.0329598,-0.256301,-0.015708,0.132292,-0.375708,0.000112039,0.0039864,12
5.78728,0.0319991,-0.252939,-0.0125664,0.141483,-0.303895,0.000117399,0.00398485,12
5.79128,0.0309645,-0.249578,-0.0125664,0.162095,-0.235206,0.00042823,0.0039766,15
5.79528,0.0299299,-0.249578,-0.0125664,0.192446,-0.145744,0.000117379,0.00398332,12
5.79928,0.0289692,-0.241175,-0.0125664,0.209952,-0.0732973,0.000138498,0.00398641,12
5.80328,0.0280085,-0.238374,-0.0125664,0.22464,-0.0237921,0.000607343,0.003987,15
5.80728,0.0269739,-0.235012,-0.0125664,0.235249,0.0146665,0.000115205,0.00398344,12
5.81128,0.0261609,-0.22829,-0.0125664,0.241217,0.0482412,0.000112831,0.00398651,12
5.81528,0.0252741,-0.224928,-0.0125664,0.242685,0.0594004,0.000114934,0.00398629,12
5.81928,0.0243873,-0.222127,-0.00942478,0.228506,0.0593061,0.000440713,0.00398703,15
5.82328,0.0234266,-0.210363,-0.00942478,0.22014,0.0622237,0.000140922,0.00398307,12
5.82728,0.0226876,-0.208682,-0.00942478,0.218148,0.0589221,0.000114133,0.00398621,12
5.83128,0.0219486,-0.192435,-0.00942478,0.202191,0.0509223,0.00063778,0.00398685,15
5.83528,0.0210618,-0.182912,-0.00942478,0.184537,0.0201626,0.000115045,0.00398345,12
5.83928,0.0204706,-0.17787,-0.00942478,0.166168,-0.0236549,0.00011279,0.00398657,12
5.84328,0.0198055,-0.169466,-0.00942478,0.148765,-0.0560566,0.000115696,0.00398644,12
5.84728,0.0191403,-0.161623,-0.00942478,0.134712,-0.0797787,0.000444069,0.00398703,15
5.85128,0.0184013,-0.163304,-0.00942478,0.127093,-0.108744,0.000116217,0.00398365,12
5.85528,0.0178101,-0.158262,-0.00942478,0.107949,-0.154901,0.000115425,0.00398591,12
5.85928,0.0172189,-0.151539,-0.00942478,0.0917936,-0.187701,0.00063744,0.00398642,15
5.86328,0.0165538,-0.145377,-0.00942478,0.0817099,-0.203756,0.000117679,0.00398333,12
5.86728,0.0160365,-0.143696,-0.00942478,0.0813425,-0.201666,0.000118301,0.00398515,12
5.87128,0.0155192,-0.136974,-0.00942478,0.0731545,-0.210227,0.000119603,0.00398556,12
5.87528,0.014928,-0.140335,-0.00942478,0.0719383,-0.223847,0.000453206,0.00398662,15
5.87928,0.0143368,-0.132492,-0.00942478,0.0591759,-0.243507,0.000118311,0.00398182,12
5.88328,0.0138934,-0.132492,-0.0125664,0.0605273,-0.277867,0.000119042,0.00398624,12
5.88728,0.0133761,-0.132492,-0.0125664,0.0580351,-0.286526,0.000687994,0.00398689,12
5.89128,0.0127849,-0.124089,-0.0125664,0.0556241,-0.273463,0.000134641,0.00398383,9
5.89528,0.0123415,-0.124089,-0.0125664,0.0356172,-0.33489,0.000113702,0.00398606,12
5.89928,0.0118242,-0.125769,-0.0125664,0.0122462,-0.410971,0.000114684,0.00398643,12
5.90328,0.0113068,-0.125769,-0.0125664,-0.0122462,-0.486114,0.000452575,0.00398271,15
5.90728,0.0107895,-0.120727,-0.0125664,-0.0356172,-0.544885,0.000115986,0.00398365,12
5.91128,0.0103461,-0.12745,-0.0125664,-0.0556241,-0.623623,0.000113161,0.00398643,12
5.91528,0.00990273,-0.124089,-0.015708,-0.0580351,-0.660697,0.00011215,0.0039871,12
5.91928,0.00938542,-0.125769,-0.015708,-0.0605273,-0.673684,0.000165509,0.00398675,15
5.92328,0.00886812,-0.124089,-0.015708,-0.059176,-0.6664,0.00011223,0.00398635,12
5.92728,0.00835081,-0.129131,-0.015708,-0.0719384,-0.719078,0.000115796,0.00398575,12
5.93128,0.0078335,-0.136974,-0.015708,-0.0851435,-0.780307,0.00043447,0.00397385,15
5.93528,0.0072423,-0.133612,-0.015708,-0.0973897,-0.809948,0.000116447,0.00398281,12
5.93928,0.00672499,-0.142016,-0.015708,-0.107556,-0.863435,0.000114203,0.0039862,12
5.94328,0.00620768,-0.143696,-0.0188496,-0.102811,-0.892029,0.000111849,0.00398692,12
5.94728,0.00561647,-0.147058,-0.0188496,-0.102515,-0.901079,0.000126096,0.00396923,15
5.95128,0.00502527,-0.147058,-0.0188496,-0.104706,-0.908988,0.000138829,0.00398678,12
5.95528,0.00443406,-0.151539,-0.0188496,-0.107841,-0.931291,0.000115165,0.0039869,12
5.95928,0.00384285,-0.158262,-0.0188496,-0.110799,-0.95883,0.000440882,0.0039869,15
5.96328,0.00317774,-0.159943,-0.0188496,-0.112879,-0.970894,0.000116087,0.00398338,12
5.96728,0.00251263,-0.164985,-0.0188496,-0.113801,-0.988114,0.000121627,0.00398366,12
5.97128,0.00184752,-0.171147,-0.0219912,-0.101717,-1.00639,0.000662135,0.00398636,15
5.97528,0.00103461,-0.181231,-0.0219912,-0.0971057,-1.02019,0.000130113,0.00398173,9
5.97928,0.000443407,-0.182912,-0.0219912,-0.0992672,-1.03234,0.000113321,0.00398637,12
5.98328,-0.000295604,-0.190755,-0.0219912,-0.108061,-1.08072,0.000113521,0.00398653,12
5.98728,-0.00110851,-0.194116,-0.0219912,-0.123908,-1.13904,0.000444489,0.00398674,15
5.99128,-0.00199533,-0.2042,-0.0219912,-0.126048,-1.1734,0.000115696,0.00398341,12
5.99528,-0.00273434,-0.200839,-0.0219912,-0.126048,-1.16636,0.000116146,0.00398465,12
5.99928,-0.00339944,-0.143696,-0.0219912,-0.123908,-1.01421,0.000113471,0.0039866,12
6.00328,-0.00436016,-0.218766,-0.0219912,-0.12005,-1.19794,0.000232333,0.0039866,15
6.00729,-0.00532087,-0.222127,-0.0219912,-0.115314,-1.19438,0.000115716,0.00398309,12
6.01128,-0.00613378,-0.22997,-0.0219912,-0.110962,-1.20319,0.000111669,0.00398646,12
6.01529,-0.00709449,-0.235012,-0.0188496,-0.120665,-1.21012,0.000512146,0.0039869,15
6.01929,-0.00812911,-0.244536,-0.0188496,-0.126605,-1.25485,0.000140542,0.00398368,12
6.02329,-0.00901592,-0.249578,-0.0188496,-0.111246,-1.22335,0.000114413,0.003986,12
6.02729,-0.0100505,-0.260782,-0.0188496,-0.0891001,-1.18753,0.000125154,0.00398448,12
6.03129,-0.0110851,-0.265824,-0.015708,-0.0748189,-1.12213,0.000251479,0.00398625,15
6.03529,-0.0121937,-0.274228,-0.015708,-0.0512864,-1.07507,0.000115586,0.00398378,12
6.03929,-0.0133022,-0.283751,-0.015708,-0.0231283,-1.01692,0.00011247,0.00398627,12
6.04329,-0.0144846,-0.292155,-0.015708,0.00502984,-0.956044,0.000498089,0.0039848,15
6.04729,-0.0157409,-0.299998,-0.015708,0.0285623,-0.907865,0.000114043,0.00398387,12
6.05129,-0.0168494,-0.301678,-0.0125664,0.0525965,-0.804502,0.000112981,0.00398649,12
6.05529,-0.0180318,-0.30504,-0.0125664,0.0824,-0.72567,0.000113903,0.00398673,12
6.05929,-0.0192143,-0.30672,-0.0125664,0.113768,-0.637783,0.000261188,0.00398679,15
6.06329,-0.0205445,-0.311202,-0.0125664,0.142774,-0.564566,0.000130473,0.00398318,12
6.06729,-0.0217269,-0.30672,-0.00942478,0.153787,-0.484846,0.000112851,0.00398626,12
6.07129,-0.0229093,-0.308401,-0.00942478,0.163362,-0.462819,0.000533555,0.00398211,15
6.07529,-0.0243134,-0.303359,-0.00628319,0.154743,-0.441467,0.000115726,0.00398391,12
6.07929,-0.0254219,-0.311202,-0.00628319,0.165247,-0.432335,0.000113532,0.00398651,12
6.08329,-0.0266044,-0.312883,-0.00314159,0.167252,-0.395705,0.000146173,0.00398683,12
6.08729,-0.0278607,-0.30672,-0.00314159,0.177734,-0.3509,0.00031054,0.00398683,15
6.09129,-0.0291909,-0.30672,-0.00314159,0.192768,-0.308367,0.000120715,0.00398136,12
6.09529,-0.0302994,-0.464702,-0,0.197282,-0.666463,0.00011259,0.00398656,12
6.09929,-0.0314818,-0.299998,-0,0.208952,-0.209668,0.000436494,0.00398676,15
6.10329,-0.032812,-0.301678,-0,0.224694,-0.169322,0.000117409,0.00398342,12
6.10729,-0.0338466,-0.296636,-0,0.242407,-0.105066,0.000114102,0.00398624,12
6.11129,-0.0350291,-0.292155,-0,0.260969,-0.0400114,0.000324015,0.00398657,15
6.11529,-0.0362115,-0.283751,-0,0.280239,0.0372828,0.000118732,0.00398129,12
6.11929,-0.03732,-0.277029,-0,0.301059,0.115093,0.000115205,0.00398531,12
6.12329,-0.0383546,-0.275348,0.00314159,0.291519,0.125814,0.000440311,0.00398609,20
6.12729,-0.039537,-0.262463,0.00314159,0.284371,0.134812,0.000117419,0.00398344,14
6.13129,-0.0404977,-0.257421,0.00314159,0.279613,0.131321,0.000115435,0.00398595,14
6.13529,-0.0414584,-0.252939,0.00314159,0.278226,0.136578,0.000115546,0.00398655,14
6.13929,-0.0424192,-0.238374,0.00628319,0.248443,0.119463,0.000319907,0.00397688,20
6.14329,-0.0434538,-0.235012,0.00628319,0.223153,0.0494375,0.00011827,0.00398347,14
6.14729,-0.0442667,-0.224928,0.00628319,0.202497,0.0112079,0.000154628,0.00398645,14
6.15129,-0.0451535,-0.215404,0.00628319,0.187595,-0.0112348,0.000673957,0.00398662,17
6.15529,-0.0461142,-0.212043,0.00628319,0.180551,-0.025962,0.00019846,0.00398376,13
6.15929,-0.0468532,-0.205321,0.00628319,0.162705,-0.0641906,0.000117689,0.00398349,14
6.16329,-0.0476661,-0.2042,0.00942478,0.136162,-0.105815,0.000121337,0.0039864,14
6.16729,-0.0484051,-0.197477,0.00942478,0.123783,-0.127524,0.000560075,0.00398662,17
6.17129,-0.0492919,-0.192435,0.00942478,0.127672,-0.104722,0.000119563,0.00398404,14
6.17529,-0.0499571,-0.184592,0.00942478,0.12917,-0.0814482,0.00012332,0.00398372,14
6.17929,-0.0506961,-0.182912,0.00942478,0.14237,-0.0388439,0.000114905,0.00398651,14
6.18329,-0.0514351,-0.176189,0.00942478,0.148472,-0.00470518,0.000452044,0.00398619,20
6.18729,-0.0521741,-0.176189,0.00942478,0.161287,0.0324117,0.000116698,0.00398298,14
6.19129,-0.0527653,-0.171147,0.00628319,0.173586,0.043797,0.000113532,0.00398669,14
6.19529,-0.0534304,-0.158262,0.00628319,0.1787,0.0909791,0.000113932,0.00398667,14
6.19929,-0.0540955,-0.150419,0.00628319,0.180133,0.114054,0.000339533,0.00398667,20
6.20329,-0.0546867,-0.147058,0.00628319,0.160067,0.0607819,0.000120065,0.00398132,14
6.20729,-0.055204,-0.136974,0.00628319,0.132874,0.00344548,0.000113151,0.00398654,14
6.21129,-0.0557952,-0.12745,0.00628319,0.101219,-0.0689824,0.000682924,0.00398621,17
6.21529,-0.0563125,-0.124089,0.00314159,0.0800325,-0.162956,0.000254725,0.00398337,13
6.21929,-0.0567559,-0.222127,0.00314159,0.0526196,-0.499207,0.000129802,0.00397919,14
6.22329,-0.0571994,-0.111204,0.00314159,0.0241667,-0.300535,0.000117349,0.00398634,14
6.22729,-0.0576428,-0.112884,0.00314159,-0,-0.37886,0.000589159,0.00398599,17
6.23129,-0.0580862,-0.107842,-0,-0.0241666,-0.477352,0.000137587,0.00397244,13
6.23529,-0.0585296,-0.111204,-0,-0.0526197,-0.572957,0.00011773,0.00398378,12
6.23929,-0.0588991,-0.107842,-0,-0.0800325,-0.647948,0.00058942,0.00398474,15
6.24329,-0.0594164,-0.109523,-0,-0.101219,-0.717428,0.000118111,0.00398317,12
6.24729,-0.0597859,-0.109523,-0,-0.132874,-0.813896,0.000117058,0.00398517,12
6.25129,-0.0602293,-0.117366,-0.00314159,-0.148078,-0.918479,0.000618965,0.00398393,15
6.25529,-0.0607466,-0.115685,-0.00314159,-0.164085,-0.963653,0.000179916,0.00397673,12
6.25929,-0.06119,-0.124089,-0.00314159,-0.176832,-1.02478,0.000469686,0.00395117,12
6.26329,-0.0617073,-0.125769,-0.00314159,-0.182674,-1.04789,0.000424983,0.00394767,12
6.26729,-0.0622246,-0.129131,-0.00314159,-0.178387,-1.04472,0.000302023,0.00395542,15
6.27129,-0.0627419,-0.135293,-0.00314159,-0.182909,-1.07538,0.000117119,0.00398408,12
6.27529,-0.0632592,-0.142016,-0.00628319,-0.171842,-1.09785,0.000120685,0.00398595,12
6.27929,-0.0638504,-0.148738,-0.00628319,-0.165247,-1.09652,0.000609768,0.00398178,15
6.28329,-0.0645155,-0.15322,-0.00628319,-0.162141,-1.10012,0.000116567,0.00398637,12
6.28729,-0.0650328,-0.161623,-0.00628319,-0.162244,-1.1232,0.000414163,0.00392793,12
6.29129,-0.0657719,-0.174508,-0.00628319,-0.165978,-1.16927,0.000217196,0.00395569,12
6.29529,-0.066437,-0.17787,-0.00628319,-0.174462,-1.20502,0.000399075,0.00398674,15
6.29929,-0.067176,-0.186273,-0.00628319,-0.167778,-1.20807,0.000118881,0.00398486,12
6.30329,-0.0678411,-0.189074,-0.00628319,-0.158476,-1.18862,0.000120304,0.00398464,12
6.30729,-0.068654,-0.202519,-0.00628319,-0.147676,-1.19237,0.000577237,0.00398602,15
6.31129,-0.0696147,-0.210363,-0.00628319,-0.13706,-1.18258,0.000114554,0.00398631,12
6.31529,-0.0703537,-0.218766,-0.00628319,-0.128872,-1.18109,0.000114043,0.00398683,12
6.31929,-0.0712405,-0.226609,-0.00628319,-0.125915,-1.19428,0.000115495,0.00398601,12
6.32329,-0.0721273,-0.233332,-0.00628319,-0.109811,-1.16486,0.000403924,0.00398599,15
6.32729,-0.073162,-0.240054,-0.00628319,-0.0945109,-1.13819,0.000120625,0.00398482,12
6.33129,-0.0741227,-0.249578,-0.00314159,-0.0943871,-1.12696,0.000112109,0.00398144,12
6.33529,-0.0750834,-0.252939,-0.00314159,-0.0923231,-1.13147,0.00057899,0.00397761,15
6.33929,-0.0762658,-0.259102,-0.00314159,-0.0714829,-1.08693,0.000114013,0.0039859,12
6.34329,-0.0771526,-0.264144,-0.00314159,-0.0470795,-1.0281,0.00011816,0.00398493,12
6.34729,-0.0782611,-0.274228,-0.00314159,-0.0224769,-0.982139,0.000116597,0.00398646,12
6.35129,-0.0793696,-0.288793,-0,-0.0131684,-0.956455,0.000222816,0.00398604,15
6.35529,-0.0805521,-0.290474,-0,-0.00287877,-0.932265,0.000120976,0.00398458,12
6.35929,-0.0817345,-0.298317,-0,0.0246674,-0.871795,0.000114955,0.00398637,12
6.36329,-0.0829169,-0.293275,-0,0.0539769,-0.772818,0.000153386,0.00398659,15
6.36729,-0.0840993,-0.30504,0.00314159,0.0696965,-0.720708,0.000130985,0.00398202,13
6.37129,-0.0852817,-0.303359,0.00314159,0.0885221,-0.662068,0.000122719,0.00398459,14
6.37529,-0.0864641,-0.301678,0.00628319,0.0936989,-0.607197,0.000453586,0.00398681,20
6.37929,-0.0877944,-0.30672,0.00628319,0.100661,-0.60204,0.000122338,0.003986,14
6.38329,-0.0889768,-0.311202,0.00942478,0.113275,-0.540564,0.000119012,0.00398622,14
6.38729,-0.0901592,-0.310082,0.00942478,0.135966,-0.471684,0.000120114,0.00398703,14
6.39129,-0.0914155,-0.311202,0.00942478,0.16411,-0.392259,0.000400357,0.00398391,20
6.39529,-0.0927457,-0.312883,0.0125664,0.181792,-0.308575,0.000119383,0.00398416,14
6.39929,-0.0939281,-0.312883,0.0125664,0.205708,-0.238879,0.000115706,0.00398509,14
6.40329,-0.0951106,-0.30672,0.0125664,0.231654,-0.147183,0.000723971,0.00398641,14
6.40729,-0.0965147,-0.308401,0.0125664,0.256264,-0.0801998,0.000264474,0.00398147,13
6.41129,-0.0976232,-0.301678,0.015708,0.265027,-0.00134736,0.000162723,0.00398454,14
6.41529,-0.0988056,-0.296636,0.015708,0.276181,0.0427645,0.000116277,0.00398664,14
6.41929,-0.0999141,-0.293275,0.0188496,0.275213,0.0835554,0.000622041,0.0039868,17
6.42329,-0.101244,-0.290474,0.0188496,0.280502,0.103851,0.000114494,0.0039868,13
6.42729,-0.102205,-0.274228,0.0219912,0.277816,0.172948,0.000113983,0.0039868,14
6.43129,-0.10324,-0.272547,0.0219912,0.285952,0.19961,0.00011759,0.00398656,14
6.43529,-0.104348,-0.264144,0.0219912,0.30323,0.271044,0.000512757,0.00398692,17
6.43929,-0.105457,-0.259102,0.0219912,0.307487,0.294473,0.000119684,0.00398526,14
6.44329,-0.106343,-0.251259,0.0251327,0.2976,0.320336,0.000114504,0.00398685,14
6.44729,-0.107304,-0.241175,0.0251327,0.293491,0.331788,0.000116077,0.00398684,14
6.45129,-0.108265,-0.238374,0.0251327,0.294598,0.340251,0.000430103,0.00398689,20
6.4553,-0.109226,-0.218766,0.0251327,0.301622,0.409872,0.000116046,0.00398643,14
6.45929,-0.110039,-0.28039,0.0251327,0.294783,0.228755,0.000116979,0.00398664,14
6.46329,-0.110778,-0.195797,0.0251327,0.287333,0.422452,0.000115376,0.00398665,14
6.4673,-0.11159,-0.190755,0.0251327,0.281653,0.4165,0.000398083,0.00398685,20
6.4713,-0.112329,-0.17787,0.0251327,0.281249,0.446846,0.000115786,0.00398627,14
6.4753,-0.112995,-0.166665,0.0251327,0.269004,0.437242,0.000147054,0.00398671,14
6.4793,-0.113586,-0.159943,0.0251327,0.260691,0.428143,0.000707551,0.00398397,17
6.4833,-0.114325,-0.151539,0.0251327,0.239335,0.383631,0.000237794,0.00398512,13
6.4873,-0.114768,-0.136974,0.0251327,0.220708,0.363882,0.00011759,0.00398621,14
6.4913,-0.115286,-0.125769,0.0251327,0.187696,0.291841,0.00011752,0.00398663,14
6.4953,-0.115803,-0.124089,0.0251327,0.155789,0.198622,0.000609898,0.00398676,17
6.4993,-0.11632,-0.106162,0.0251327,0.129195,0.16329,0.000140763,0.00398617,13
6.5033,-0.11669,-0.104481,0.0251327,0.0910774,0.0516203,0.000116367,0.00398617,14
6.5073,-0.117059,-0.0899153,0.0251327,0.0570688,-0.0144521,0.000119393,0.00398592,14
6.5113,-0.117355,-0.086554,0.0251327,0.0313748,-0.0840877,0.000501085,0.00398693,17
6.5153,-0.117724,-0.0803915,0.0251327,0.0187611,-0.107143,0.000117179,0.00398598,14
6.5193,-0.11802,-0.0736689,0.0219912,0.0148015,-0.13992,0.000115986,0.0039869,14
6.5233,-0.118315,-0.0719882,0.0219912,0.0154896,-0.134157,0.000115796,0.00398701,14
6.5273,-0.118611,-0.0703076,0.0219912,0.00511103,-0.161838,0.000453015,0.00398676,20
6.5313,-0.118907,-0.0669463,0.0219912,-0,-0.169272,0.000131595,0.00398557,14
6.5353,-0.119128,-0.0591032,0.0219912,-0.0171,-0.201236,0.000117018,0.00397707,14
6.5393,-0.119424,-0.0523805,0.0188496,-0.0195478,-0.229443,0.000127277,0.00398648,14
6.5433,-0.119646,-0.0523805,0.0188496,-0.0245998,-0.245194,0.000402191,0.00398572,20
6.5473,-0.119867,-0.0506999,0.015708,-0.0159218,-0.252602,0.000121066,0.00398622,14
6.5513,-0.120015,-0.0473386,0.015708,-0.0309706,-0.289745,0.000118701,0.00398624,14
6.5553,-0.120237,-0.0490192,0.015708,-0.0539723,-0.364067,0.000695798,0.00398689,17
6.5593,-0.120385,-0.0428568,0.015708,-0.0815629,-0.431899,0.000242412,0.00398657,13
6.5633,-0.120532,-0.0456579,0.0125664,-0.0988099,-0.52903,0.000116667,0.00398624,14
6.5673,-0.12068,-0.0411762,0.0125664,-0.12311,-0.591246,0.000126547,0.00398572,14
6.5713,-0.120902,-0.0428568,0.0125664,-0.150678,-0.679368,0.00059506,0.00398614,17
6.5753,-0.12105,-0.0428568,0.0125664,-0.178291,-0.763135,0.000122007,0.00398599,13
6.5793,-0.121198,-0.0473386,0.0125664,-0.203285,-0.850529,0.000116427,0.00398624,14
6.5833,-0.121419,-0.0506999,0.00942478,-0.211569,-0.922177,0.000115736,0.00398674,14
6.5873,-0.121641,-0.0445375,0.00942478,-0.22152,-0.936865,0.000483672,0.00398562,17
6.5913,-0.121937,-0.0624645,0.00942478,-0.230476,-1.01073,0.000117379,0.00398609,14
6.5953,-0.122158,-0.0669463,0.00942478,-0.236473,-1.04088,0.000122359,0.00398628,14
6.5993,-0.12238,-0.0719882,0.00942478,-0.238251,-1.05972,0.000124352,0.00398414,14
6.6033,-0.122676,-0.0753496,0.00628319,-0.22326,-1.06119,0.000394216,0.00398673,20
6.6073,-0.123045,-0.086554,0.00628319,-0.211559,-1.05549,0.000145251,0.0039861,14
6.6113,-0.123341,-0.086554,0.00628319,-0.202307,-1.02818,0.000116658,0.00398669,14
6.6153,-0.12371,-0.0882346,0.00628319,-0.195506,-1.01275,0.000126827,0.00398605,14
6.6193,-0.12408,-0.106162,0.00314159,-0.180006,-1.05036,0.000280153,0.00398455,20
6.6233,-0.124523,-0.107842,0.00314159,-0.177409,-1.04781,0.000125564,0.00398622,14
6.6273,-0.124967,-0.111204,0.00314159,-0.166815,-1.02541,0.000117559,0.00398602,14
6.6313,-0.12541,-0.112884,0.00314159,-0.160072,-1.01033,0.00061072,0.00398704,17
6.6353,-0.125927,-0.120727,0.00314159,-0.157881,-1.02503,0.000143729,0.00398408,13
6.6393,-0.126371,-0.129131,0.00314159,-0.161785,-1.05943,0.000121467,0.00398654,14
6.6433,-0.126888,-0.135293,0.00314159,-0.174165,-1.11384,0.000121136,0.00398685,14
6.6473,-0.127479,-0.136974,0.00314159,-0.176505,-1.12653,0.000473062,0.00398578,17
6.6513,-0.12807,-0.142016,0.00314159,-0.182895,-1.16011,0.000119924,0.00398628,14
6.6553,-0.128588,-0.148738,0.00314159,-0.174396,-1.15287,0.000116718,0.00398666,14
6.6593,-0.129253,-0.164985,0.00314159,-0.164541,-1.16637,0.000119623,0.0039743,14
6.6633,-0.129918,-0.168346,0.00628319,-0.16742,-1.1477,0.00039136,0.00398709,20
6.6673,-0.130657,-0.17787,0.00628319,-0.165776,-1.16886,0.000125745,0.00398233,14
6.6713,-0.131322,-0.186273,0.00628319,-0.142774,-1.12244,0.000145883,0.00398661,14
6.6753,-0.132061,-0.194116,0.00628319,-0.113768,-1.05659,0.000699926,0.00398514,17
6.6793,-0.133022,-0.2042,0.00942478,-0.0943889,-0.988613,0.000238976,0.00398665,13
6.6833,-0.133687,-0.207001,0.00942478,-0.0686437,-0.919474,0.000117399,0.0039862,14
6.6873,-0.1345,-0.2042,0.00942478,-0.0424189,-0.834783,0.000118551,0.00398721,14
6.6913,-0.135313,-0.212043,0.00942478,-0,-0.728563,0.000588799,0.00398623,17
6.6953,-0.136126,-0.0831926,0.0125664,0.0304299,-0.269116,0.000124032,0.00398614,13
6.6993,-0.137012,-0.210363,0.0125664,0.0645855,-0.495289,0.000114123,0.0039871,14
6.7033,-0.137825,-0.207001,0.0125664,0.0965795,-0.391721,0.000115505,0.00398689,14
6.7073,-0.138638,-0.200839,0.0125664,0.120665,-0.30484,0.000491628,0.00398647,17
6.7113,-0.139525,-0.200839,0.0125664,0.152977,-0.209127,0.000123971,0.00398621,14
6.7153,-0.140264,-0.195797,0.015708,0.166033,-0.120823,0.000115595,0.0039867,14
6.7193,-0.141003,-0.195797,0.015708,0.17653,-0.0907141,0.000123,0.00398642,14
6.7233,-0.141816,-0.195797,0.0188496,0.167852,-0.0812342,0.00038016,0.00398612,20
6.7273,-0.142629,-0.187394,0.0188496,0.177456,-0.0323447,0.000119193,0.00398628,14
6.7313,-0.143368,-0.189074,0.0188496,0.189849,-0.000831762,0.000116798,0.00397775,14
6.7353,-0.144033,-0.181231,0.0219912,0.190239,0.0565679,0.000117339,0.00398674,14
6.7393,-0.144772,-0.17787,0.0219912,0.196442,0.0823584,0.000306973,0.00398651,20
6.7433,-0.145511,-0.176189,0.0219912,0.205376,0.112071,0.000119203,0.00398632,14
6.7473,-0.146176,-0.169466,0.0219912,0.214796,0.1564,0.000122799,0.00398688,14
6.7513,-0.146767,-0.158262,0.0219912,0.223302,0.209667,0.000653239,0.00398696,17
6.7553,-0.147506,-0.151539,0.0219912,0.230333,0.246613,0.000199953,0.00398677,13
6.7593,-0.148024,-0.145377,0.0219912,0.236169,0.27899,0.000116968,0.00398625,14
6.7633,-0.148541,-0.133612,0.0219912,0.241931,0.325569,0.000115085,0.00398619,14
6.7673,-0.149058,-0.132492,0.0251327,0.237594,0.351695,0.000574141,0.00398593,17
6.7713,-0.149576,-0.117366,0.0251327,0.224137,0.348851,0.000117229,0.0039861,14
6.7753,-0.150019,-0.109523,0.0251327,0.213551,0.336088,0.000122829,0.00398704,14
6.7793,-0.150388,-0.10112,0.0251327,0.206676,0.336144,0.000116848,0.00398679,14
6.7833,-0.150758,-0.0932766,0.0251327,0.205194,0.351055,0.000488151,0.00398406,17
6.7873,-0.151127,-0.0770302,0.0251327,0.189886,0.345824,0.000129471,0.00398042,14
6.7913,-0.151423,-0.0770302,0.0251327,0.174143,0.297605,0.000114634,0.00398701,14
6.7953,-0.151719,-0.0607838,0.0251327,0.160068,0.29626,0.000115365,0.00398704,14
6.7993,-0.15194,-0.0574225,0.0251327,0.150464,0.275408,0.000382503,0.00398673,20
6.8033,-0.152162,-0.0506999,0.0251327,0.127093,0.221609,0.000139861,0.00398691,14
6.8073,-0.15231,-0.0378148,0.0251327,0.104187,0.185244,0.000127277,0.00398466,14
6.8113,-0.152458,-0.0344535,0.0219912,0.0965382,0.132986,0.000115977,0.00398663,14
6.8153,-0.152605,-0.0294115,0.0219912,0.0875913,0.11861,0.000381732,0.00398668,20
6.8193,-0.152679,-0.0249298,0.0219912,0.082953,0.115972,0.000116577,0.00398675,14
6.8233,-0.152753,-0.0114845,0.0219912,0.0669085,0.101946,0.000116136,0.00398679,14
6.8273,-0.152753,-0.0182071,0.0219912,0.0559325,0.0514666,0.000698203,0.00398677,17
6.8313,-0.152827,-0.00028011,0.0219912,0.0330487,0.0283126,0.000213869,0.00398478,13
6.8353,-0.152753,-0.00028011,0.0188496,0.0253189,-0.0323621,0.000115856,0.00398608,14
6.8393,-0.152753,0.00308121,0.0188496,0.0160472,-0.0517256,0.000115245,0.00398675,14
6.8433,-0.152753,-0.00028011,0.015708,0.000526767,-0.14476,0.000591103,0.0039865,17
6.8473,-0.152753,-0.00028011,0.015708,-0.0260895,-0.225193,0.000130454,0.00398531,13
6.8513,-0.152753,0.00140055,0.015708,-0.0591759,-0.320851,0.000132828,0.00398285,14
6.8553,-0.152753,-0.00028011,0.015708,-0.0943871,-0.431586,0.000121828,0.0039842,14
6.8593,-0.152753,-0.00028011,0.0125664,-0.115669,-0.533376,0.000476129,0.0039863,17
6.8633,-0.152753,-0.00196077,0.0125664,-0.139157,-0.608684,0.000118401,0.00398628,14
6.8673,-0.152753,-0.00196077,0.0125664,-0.159665,-0.670657,0.000148838,0.00398533,14
6.8713,-0.152827,-0.00196077,0.0125664,-0.172426,-0.709383,0.000121457,0.003986,14
6.8753,-0.152827,0.00308121,0.0125664,-0.194838,-0.764129,0.000389948,0.00398656,20
6.8793,-0.152827,-0.00532209,0.0125664,-0.21295,-0.840498,0.00011776,0.00398619,14
6.8833,-0.152901,-0.0148458,0.0125664,-0.225358,-0.902681,0.000120685,0.00398631,14
6.8873,-0.152901,-0.00980385,0.00942478,-0.219234,-0.908668,0.000116497,0.00398679,14
6.8913,-0.152975,-0.0148458,0.00942478,-0.214217,-0.90665,0.000266227,0.00398682,20
6.8953,-0.153049,-0.0215685,0.00942478,-0.208905,-0.908069,0.000116868,0.00398671,14
6.8993,-0.153123,-0.0266104,0.00942478,-0.202597,-0.902151,0.000125735,0.00398657,14
6.9033,-0.153271,-0.0266104,0.00942478,-0.195294,-0.880403,0.000622792,0.00398348,17
6.9073,-0.153418,-0.0411762,0.00942478,-0.187695,-0.895269,0.000134872,0.0039863,13
6.9113,-0.153566,-0.0411762,0.00942478,-0.181204,-0.875974,0.000118491,0.0039863,14
6.9153,-0.153714,-0.0428568,0.00942478,-0.177922,-0.870706,0.000117639,0.00398643,14
6.9193,-0.153936,-0.0506999,0.00942478,-0.158911,-0.833934,0.000484424,0.00398704,17
6.9233,-0.154157,-0.0557419,0.00942478,-0.137701,-0.783306,0.000117299,0.00398615,14
6.9273,-0.154305,-0.0574225,0.00942478,-0.116396,-0.723572,0.000116427,0.00398697,14
6.9313,-0.154527,-0.0523805,0.00942478,-0.0976586,-0.654448,0.000117128,0.00397814,14
6.9353,-0.154823,-0.0540612,0.00942478,-0.0847125,-0.620298,0.000402612,0.00398707,20
6.9393,-0.155044,-0.0624645,0.00942478,-0.0813425,-0.632235,0.000119754,0.00398515,14
6.9433,-0.155266,-0.0635849,0.00942478,-0.0701519,-0.601786,0.000115105,0.00398687,14
6.9473,-0.155562,-0.0669463,0.00942478,-0.0660734,-0.59876,0.000724763,0.00398459,14
6.9513,-0.155857,-0.0686269,0.00942478,-0.0507289,-0.557362,0.000242152,0.00398619,13
6.95531,-0.156079,-0.0686269,0.00942478,-0.0379298,-0.519167,0.000115486,0.00398591,14
6.9593,-0.156301,-0.0686269,0.00942478,-0.0297785,-0.495017,0.000121156,0.00398482,14
6.96331,-0.156596,-0.0719882,0.00942478,-0.028658,-0.500931,0.000590762,0.00398597,17
6.96731,-0.156892,-0.0686269,0.00942478,-0.0154896,-0.453126,0.000373116,0.00395309,14
6.97131,-0.157187,-0.0686269,0.00942478,-0.00324342,-0.416763,0.000121848,0.00398528,14
6.97531,-0.157409,-0.0652656,0.00942478,0.00695915,-0.377759,0.00011822,0.00398566,14
6.97931,-0.157705,-0.0624645,0.00942478,0.0138566,-0.350347,0.000468024,0.00398672,17
6.98331,-0.157926,-0.0624645,0.00942478,0.0160472,-0.34421,0.000117379,0.00398633,14
6.98731,-0.158148,-0.0540612,0.00942478,0.011989,-0.335319,0.000124442,0.00398539,14
6.99131,-0.158444,-0.0591032,0.00942478,-0,-0.385177,0.000120495,0.00398659,14
6.99531,-0.158665,-0.0607838,0.00942478,-0,-0.389988,0.000388204,0.00398534,20
6.99931,-0.158887,-0.0523805,0.00942478,-0,-0.368833,0.000149068,0.0039861,14
7.00331,-0.159109,-0.0557419,0.00942478,-0,-0.377972,0.000120715,0.0039865,14
7.00731,-0.15933,-0.0557419,0.00942478,-0,-0.378455,0.000694396,0.00398594,17
7.01131,-0.159552,-0.0490192,0.00942478,-0,-0.361628,0.000236912,0.00398575,13
7.01531,-0.1597,-0.0490192,0.00942478,-0,-0.36195,0.000119723,0.00398627,14
7.01931,-0.159922,-0.0456579,0.00942478,-0,-0.353778,0.000119012,0.00398663,14
7.02331,-0.160069,-0.0473386,0.00942478,-0,-0.358428,0.000589079,0.00398522,17
7.02731,-0.160291,-0.0456579,0.00942478,-0,-0.354584,0.000133069,0.00398607,14
7.03131,-0.160439,-0.0456579,0.00942478,-0,-0.354906,0.000119333,0.00398634,14
7.03531,-0.160587,-0.0361342,0.00942478,-0,-0.330705,0.000119594,0.00398667,14
7.03931,-0.160735,-0.0411762,0.00942478,-0,-0.34401,0.000455019,0.00398654,20
7.04331,-0.160882,-0.0294115,0.00942478,-0,-0.314039,0.000118581,0.003986,14
7.04731,-0.16103,-0.0327729,0.00942478,-0,-0.323016,0.000116398,0.0039872,14
7.05131,-0.161104,-0.0327729,0.00942478,-0,-0.323177,0.000119423,0.00398657,14
7.05531,-0.161252,-0.0277309,0.00942478,-0,-0.310517,0.000372575,0.00398681,20
7.05931,-0.161326,-0.0232491,0.00942478,-0,-0.299138,0.000126476,0.00398666,14
7.06331,-0.161474,-0.0215685,0.00942478,-0,-0.295132,0.000139681,0.00398648,14
7.06731,-0.161548,-0.0232491,0.00942478,-0,-0.299621,0.000683916,0.00398696,17
7.07131,-0.161621,-0.0165265,0.00942478,-0,-0.282472,0.000220732,0.00398569,13
7.07531,-0.161695,-0.0198878,0.00942478,-0,-0.291288,0.00011791,0.00398633,14
7.07931,-0.161695,-0.0114845,0.00942478,-0,-0.26965,0.000128971,0.00398459,14
7.08331,-0.161769,-0.00532209,0.00942478,-0,-0.253943,0.000556258,0.00398665,17
7.08731,-0.161769,-0.00532209,0.00942478,-0,-0.253943,0.000380219,0.00395533,14
7.09131,-0.161843,-0.00028011,0.00942478,-0,-0.241121,0.000120976,0.00398622,14
7.09531,-0.161843,-0.00028011,0.00628319,0.011989,-0.242368,0.000116737,0.00398673,14
7.09931,-0.161843,0.00140055,0.00628319,0.0160472,-0.225776,0.000479214,0.0039868,17
7.10331,-0.161843,0.00140055,0.00628319,0.0138566,-0.232396,0.000115946,0.00398629,14
7.10731,-0.161843,-0.00028011,0.00628319,0.00695919,-0.257567,0.000115887,0.00398695,14
7.11131,-0.161843,-0.00364143,0.00628319,-0.0032434,-0.297055,0.000126066,0.00398654,14
7.11531,-0.161843,-0.00028011,0.00314159,-0.00350059,-0.326653,0.000378185,0.00398683,20
7.11931,-0.161843,-0.00532209,0.00314159,-0.0126108,-0.367167,0.000129662,0.0039821,14
7.12331,-0.161843,0.00140055,0.00314159,-0.0279108,-0.396092,0.000116567,0.00398659,14
7.12731,-0.161843,-0.00532209,0.00314159,-0.0470177,-0.471143,0.00070726,0.00397536,17
7.13131,-0.161843,-0.00028011,0.00314159,-0.0678289,-0.521051,0.000207928,0.00398624,13
7.13531,-0.161843,-0.00532209,0.00314159,-0.0885221,-0.596568,0.000117319,0.00398574,14
7.13931,-0.161843,-0.00364143,0.00314159,-0.107556,-0.649759,0.000122629,0.0039845,14
7.14331,-0.161843,-0.00028011,0.00314159,-0.123668,-0.689793,0.000550698,0.00398651,17
7.14731,-0.161843,-0.00364143,0.00314159,-0.135877,-0.735345,0.000372205,0.00395551,14
7.15131,-0.161843,-0.00364143,0.00314159,-0.143483,-0.75833,0.000121868,0.0039859,14
7.15531,-0.161917,-0.00700275,0.00314159,-0.146065,-0.774949,0.000118301,0.00398653,14
7.15931,-0.161917,-0.00364143,-0,-0.131494,-0.759738,0.000254825,0.00398603,15
7.16331,-0.161917,-0.0131652,-0,-0.11983,-0.749012,0.000113712,0.00398597,12
7.16731,-0.161991,-0.00980385,-0,-0.109811,-0.710241,0.000115195,0.00398645,12
7.17131,-0.162065,-0.0114845,-0,-0.100596,-0.686884,0.000190776,0.00398602,15
7.17531,-0.162139,-0.0165265,-0,-0.0917656,-0.673341,0.000116107,0.00398565,12
7.17931,-0.162213,-0.0249298,-0,-0.0833185,-0.669614,0.000113111,0.00398664,12
7.18331,-0.162287,-0.0165265,-0,-0.0756758,-0.625041,0.000119462,0.00398681,15
7.18731,-0.16236,-0.0165265,-0,-0.0696783,-0.607078,0.000112319,0.00398709,12
7.19131,-0.162434,-0.0249298,-0,-0.0665878,-0.619537,0.000114403,0.00398615,12
7.19531,-0.162508,-0.0232491,-0,-0.0680861,-0.619899,0.000146954,0.00398657,18
7.19931,-0.162582,-0.0215685,-0,-0.076276,-0.640482,0.000114354,0.00398674,12
7.20331,-0.162582,-0.00364143,-0,-0.0719383,-0.581213,0.000572498,0.00398143,15
7.20731,-0.162656,-0.0411762,-0,-0.0680435,-0.666254,0.000114624,0.00398624,12
7.21131,-0.162878,-0.0624645,-0,-0.0658529,-0.714934,0.000114633,0.00398643,12
7.21531,-0.163099,-0.0378148,-0,-0.0669085,-0.655135,0.000502598,0.00398714,15
7.21931,-0.163247,-0.0361342,-0,-0.0730325,-0.669636,0.000118641,0.00398366,12
7.22331,-0.163395,-0.0361342,-0,-0.0645855,-0.644432,0.000114844,0.00398677,12
7.22731,-0.163543,-0.0428568,-0,-0.0539769,-0.630006,0.000451553,0.00398179,15
7.23131,-0.163765,-0.0456579,-0,-0.0417675,-0.600805,0.000134571,0.00397808,12
7.23531,-0.163912,-0.0428568,-0,-0.028658,-0.554299,0.000413873,0.00395006,12
7.23931,-0.16406,-0.0428568,-0,-0.0154896,-0.514826,0.000382003,0.00398356,15
7.24331,-0.164282,-0.0445375,-0,-0.00324342,-0.48263,0.000121446,0.00398517,12
7.24731,-0.16443,-0.0445375,-0,0.00695916,-0.45212,0.000114754,0.00398665,12
7.25131,-0.164577,-0.0428568,-0,0.0138566,-0.427271,0.000297776,0.00398573,15
7.25531,-0.164799,-0.0456579,0.00314159,0.00405818,-0.427101,0.000124392,0.00398589,14
7.25931,-0.164947,-0.0456579,0.00314159,-0.00405818,-0.45195,0.000146122,0.00398642,14
7.26331,-0.165095,-0.0344535,0.00314159,-0.0138566,-0.453032,0.000644433,0.0039868,17
7.26731,-0.165243,-0.0361342,0.00314159,-0.00695916,-0.436838,0.000181339,0.00398544,13
7.27131,-0.16539,-0.0361342,0.00314159,0.00324342,-0.406329,0.00011783,0.00398612,14
7.27531,-0.165612,-0.0411762,0.00314159,0.0154896,-0.382787,0.000123842,0.00398589,14
7.27931,-0.16576,-0.0394955,0.00314159,0.028658,-0.338988,0.000516885,0.00398648,17
7.28331,-0.165908,-0.0378148,0.00314159,0.0417675,-0.295366,0.000120174,0.00398623,14
7.28731,-0.166055,-0.0361342,0.00314159,0.0539769,-0.254464,0.000119252,0.00398566,14
7.29131,-0.166203,-0.0378148,0.00314159,0.0645855,-0.227055,0.000119343,0.00398705,14
7.29531,-0.166277,-0.0277309,0.00314159,0.0730325,-0.175724,0.000393504,0.00398587,20
7.29931,-0.166425,-0.0277309,0.00314159,0.0788975,-0.158322,0.000116988,0.00398626,14
7.30331,-0.166499,-0.0249298,0.00314159,0.0819001,-0.142197,0.000117529,0.00398646,14
7.30731,-0.166647,-0.0198878,0.00628319,0.0699111,-0.12829,0.000121537,0.00398453,14
7.31131,-0.166721,-0.0182071,0.00628319,0.0628503,-0.145461,0.000257,0.00398674,20
7.31531,-0.166794,-0.0182071,0.00628319,0.0591759,-0.156726,0.000119092,0.00398604,14
7.31931,-0.166794,-0.0131652,0.00628319,0.0576263,-0.148426,0.000123591,0.00398663,14
7.32331,-0.166868,-0.00196077,0.00628319,0.0572203,-0.120963,0.000623644,0.00398661,17
7.32731,-0.166868,0.00644253,0.00628319,0.0572571,-0.099214,0.000147405,0.00397714,13
7.33131,-0.166868,-0.00364143,0.00628319,0.057316,-0.125002,0.000126827,0.00398631,14
7.33531,-0.166868,0.00140055,0.00628319,0.0572571,-0.112197,0.000120745,0.00398601,14
7.33931,-0.166794,-0.00196077,0.00628319,0.0572203,-0.120802,0.0004768,0.00398674,17
7.34331,-0.166794,0.00140055,0.00628319,0.0576263,-0.11092,0.000126937,0.00398271,14
7.34731,-0.166794,-0.00028011,0.00628319,0.0591759,-0.110565,0.00011809,0.00398644,14
7.35131,-0.166794,-0.00532209,0.00628319,0.0628503,-0.112444,0.000369911,0.00395762,14
7.35531,-0.166794,0.00140055,0.00628319,0.0699111,-0.0737958,0.000406499,0.0039577,20
7.35931,-0.166794,-0.00028011,0.00628319,0.0819001,-0.041893,0.000125013,0.00398562,14
7.36331,-0.166794,0.00476187,0.00628319,0.0788975,-0.0379839,0.000119634,0.00398616,14
7.36731,-0.166794,-0.00196077,0.00628319,0.0730325,-0.0730181,0.000706549,0.00398317,17
7.37131,-0.166794,0.00140055,0.00628319,0.0645855,-0.0898895,0.000242152,0.00398168,13
7.37531,-0.166794,0.00308121,0.00628319,0.0539769,-0.117621,0.000118572,0.00398612,14
7.37931,-0.166794,-0.00364143,0.00628319,0.0417675,-0.171828,0.000118351,0.00398623,14
7.38331,-0.166794,-0.00196077,0.00628319,0.028658,-0.207116,0.000579101,0.00398676,17
7.38731,-0.166794,-0.00028011,0.00628319,0.0154896,-0.242583,0.000125564,0.00398624,14
7.39131,-0.166794,-0.00196077,0.00628319,0.00324343,-0.283918,0.000153807,0.00398454,14
7.39531,-0.166794,0.00140055,0.00628319,-0.00695916,-0.306095,0.000121366,0.00398671,14
7.39931,-0.166794,0.00140055,0.00628319,-0.0138566,-0.326939,0.000453787,0.0039866,20
7.40332,-0.166794,0.00140055,0.00628319,-0.0160472,-0.333559,0.00011783,0.00398601,14
7.40731,-0.166794,-0.00364143,0.00628319,-0.011989,-0.334278,0.000121416,0.00398556,14
7.41131,-0.166794,0.00140055,0.00628319,-0,-0.285065,0.000123891,0.0039858,14
7.41532,-0.166794,0.00140055,0.00628319,-0,-0.285065,0.000372556,0.0039868,20
7.41932,-0.166794,-0.00364143,0.00628319,-0,-0.298047,0.000122268,0.00398584,14
7.42332,-0.166794,-0.00364143,0.00628319,-0,-0.298047,0.000116838,0.00398692,14
7.42732,-0.166794,-0.00028011,0.00628319,-0,-0.289392,0.0006697,0.00398579,17
7.43132,-0.166794,0.00140055,0.00628319,-0,-0.285065,0.000194663,0.00398527,13
7.43532,-0.166794,-0.00196077,0.00628319,-0,-0.29372,0.000118671,0.00398606,14
7.43932,-0.166794,-0.00196077,0.00628319,-0,-0.29372,0.000122309,0.00398593,14
7.44332,-0.166794,-0.00028011,0.00628319,-0,-0.289392,0.00054151,0.00398615,17
7.44732,-0.166794,-0.00028011,0.00628319,-0,-0.289392,0.000130504,0.0039671,14
7.45132,-0.166794,-0.00196077,0.00628319,-0,-0.29372,0.000119823,0.00398651,14
7.45532,-0.166794,-0.00532209,0.00628319,-0,-0.302375,0.00014477,0.0039869,14
7.45932,-0.166794,-0.00028011,0.00628319,-0,-0.289392,0.000424232,0.00398576,20
7.46332,-0.166794,0.00140055,0.00628319,-0,-0.285065,0.000136585,0.00398606,14
7.46732,-0.166794,-0.00196077,0.00628319,-0,-0.29372,0.000120655,0.00398602,14
7.47132,-0.166794,-0.00196077,0.00628319,-0,-0.29372,0.000123942,0.00398496,14
7.47532,-0.166794,-0.00196077,0.00628319,-0,-0.29372,0.00036948,0.00398495,20
7.47932,-0.166794,0.00140055,0.00628319,-0,-0.285065,0.000411407,0.0039561,14
7.48332,-0.166794,-0.00364143,0.00628319,-0,-0.298047,0.000372806,0.00395731,14
7.48732,-0.166794,-0.00196077,0.00628319,-0,-0.29372,0.000634654,0.00398646,17
7.49132,-0.166794,0.00140055,0.00628319,-0,-0.285065,0.000169806,0.00398583,13
7.49532,-0.166794,-0.00364143,0.00628319,-0,-0.298047,0.000120225,0.00398602,14
7.49932,-0.166794,0.00140055,0.00628319,-0,-0.285065,0.000117409,0.00398669,14
7.50332,-0.166794,-0.00028011,0.00628319,-0,-0.289392,0.000512095,0.00398572,17
7.50732,-0.166794,0.00308121,0.00628319,-0,-0.280737,0.000125584,0.00398601,14
7.51132,-0.166794,-0.00028011,0.00628319,-0,-0.289392,0.000119252,0.00398601,14
7.51532,-0.166794,-0.00364143,0.00628319,-0,-0.298047,0.00012843,0.00398469,14
7.51932,-0.166794,-0.00364143,0.00628319,-0,-0.298047,0.000414253,0.00398642,20
7.52332,-0.166794,-0.00196077,0.00628319,-0,-0.29372,0.000380891,0.00395594,14
7.52732,-0.166794,0.00140055,0.00628319,-0,-0.285065,0.000125454,0.00397887,14
7.53132,-0.166794,-0.00364143,0.00628319,-0,-0.298047,0.000122559,0.00398572,14
7.53532,-0.166794,0.00140055,0.00628319,-0,-0.285065,0.000259424,0.00398646,20
7.53932,-0.166794,-0.00028011,0.00628319,-0,-0.289392,0.000118261,0.00398619,14
7.54332,-0.166794,-0.00532209,0.00628319,-0,-0.302375,0.000119613,0.00398691,14
7.54732,-0.166794,-0.00028011,0.00628319,-0,-0.289392,0.00060559,0.00398684,17
7.55132,-0.166794,-0.00028011,0.00942478,-0.011989,-0.288146,0.000148357,0.0039847,13
7.55532,-0.166794,-0.00028011,0.00942478,-0.0160472,-0.30041,0.000116427,0.00398626,14
7.55932,-0.166794,0.00140055,0.00942478,-0.0138566,-0.289462,0.000114023,0.00398722,14
7.56332,-0.166794,-0.00028011,0.00942478,-0.00695916,-0.272946,0.000499562,0.00398659,17
7.56732,-0.166794,-0.00196077,0.00942478,0.00324343,-0.246442,0.000115326,0.00398681,14
7.57132,-0.166794,-0.00196077,0.00942478,0.0154896,-0.209434,0.000121106,0.00398606,14
7.57532,-0.166794,0.00308121,0.00942478,0.028658,-0.156657,0.000116027,0.00398621,14
7.57932,-0.166794,-0.00196077,0.00942478,0.0417675,-0.130023,0.000382834,0.00398652,20
7.58332,-0.166794,0.00140055,0.00942478,0.0539769,-0.0844717,0.000143488,0.00398609,14
7.58732,-0.166794,0.00308121,0.00942478,0.0645855,-0.0480853,0.000116006,0.0039863,14
7.59132,-0.166794,0.00140055,0.00942478,0.0730325,-0.0268862,0.000725914,0.00398647,14
7.59532,-0.166794,0.00140055,0.00942478,0.0788975,-0.00916251,0.000249786,0.00398658,13
7.59932,-0.166794,-0.00364143,0.00942478,0.0819001,-0.0130717,0.000127338,0.00398491,14
7.60332,-0.166794,0.00140055,0.00942478,0.0819001,-8.885e-05,0.000121637,0.00398673,14
7.60732,-0.166794,0.00476187,0.00942478,0.0788975,-0.000507259,0.000596263,0.00398691,17
7.61132,-0.166794,-0.00028011,0.00942478,0.0730325,-0.0312139,0.000135673,0.00398389,13
7.61532,-0.166794,-0.00028011,0.00942478,0.0645855,-0.0567405,0.000124682,0.00398551,14
7.61932,-0.166794,-0.00364143,0.00942478,0.0539769,-0.0974545,0.000152925,0.00397576,14
7.62332,-0.166794,0.00140055,0.0125664,0.0297785,-0.120122,0.000501896,0.00398596,17
7.62732,-0.166794,-0.00364143,0.0125664,0.0126108,-0.184985,0.000119523,0.00398553,14
7.63132,-0.166794,0.00476187,0.0125664,0.00163298,-0.196521,0.000116106,0.00398689,14
7.63532,-0.166794,-0.00028011,0.0125664,-0.00371573,-0.225668,0.000122719,0.00398515,14
7.63932,-0.166794,-0.00028011,0.0125664,-0.00371573,-0.225668,0.000380571,0.00398592,20
7.64332,-0.166794,-0.00028011,0.0125664,0.00163301,-0.209504,0.000118802,0.00398592,14
7.64732,-0.166794,0.00308121,0.0125664,0.0126109,-0.167674,0.000146232,0.00398678,14
7.65132,-0.166794,0.00308121,0.0125664,0.0297785,-0.115794,0.000115646,0.00398687,14
7.65532,-0.166794,-0.00196077,0.0125664,0.0539769,-0.0556502,0.000270414,0.00398673,20
7.65932,-0.166794,-0.00028011,0.0125664,0.0645855,-0.0192638,0.000116507,0.00398652,14
7.66332,-0.166794,-0.00028011,0.0125664,0.0730326,0.00626284,0.0001177,0.00398634,14
7.66732,-0.166794,-0.00364143,0.0125664,0.0788975,0.0153313,0.000635336,0.0039861,17
7.67132,-0.166794,0.00140055,0.0125664,0.0819001,0.0373879,0.000159087,0.00398523,13
7.67532,-0.166794,0.00140055,0.0125664,0.0819001,0.0373879,0.000118211,0.00398552,14
7.67932,-0.166794,-0.00028011,0.0125664,0.0788975,0.0239866,0.000115876,0.00398685,14
7.68332,-0.166794,0.00140055,0.015708,0.0610436,0.0118368,0.000523086,0.00398654,17
7.68732,-0.166794,-0.00028011,0.015708,0.0485383,-0.0302812,0.000115566,0.00398653,14
7.69132,-0.166794,0.00140055,0.015708,0.0401203,-0.0513926,0.000117129,0.00398639,14
7.69532,-0.166794,-0.00028011,0.015708,0.0348083,-0.0717728,0.000124362,0.00398497,14
7.69932,-0.166794,-0.00028011,0.015708,0.0319015,-0.0805573,0.000389496,0.00398689,20
7.70332,-0.166794,-0.00028011,0.015708,0.0309792,-0.0833443,0.000374249,0.00395535,14
7.70732,-0.166794,-0.00364143,0.015708,0.0319014,-0.0892126,0.000116888,0.00398651,14
7.71132,-0.166794,0.00140055,0.0188496,0.0228193,-0.0661991,0.000117149,0.00398633,14
7.71532,-0.166794,-0.00028011,0.0188496,0.0240731,-0.0667377,0.000255347,0.0039862,20
7.71932,-0.166794,-0.00196077,0.0188496,0.0346817,-0.0390065,0.000120374,0.00397795,14
7.72332,-0.166794,0.00140055,0.0188496,0.0540843,0.0282829,0.000117339,0.00398681,14
7.72732,-0.166794,0.00140055,0.0219912,0.0701519,0.114315,0.000610419,0.00398657,17
7.73132,-0.166794,-0.00028011,0.0219912,0.0813425,0.143805,0.000143558,0.00398578,13
7.73532,-0.166794,0.00308121,0.0219912,0.0967015,0.198875,0.000118531,0.00398588,14
7.73932,-0.166794,-0.00196077,0.0219912,0.113706,0.237278,0.000122709,0.00398581,14
7.74332,-0.166794,-0.00196077,0.0219912,0.130253,0.287283,0.000513568,0.00398414,17
7.74732,-0.166794,-0.00364143,0.0219912,0.144661,0.326495,0.000117019,0.00398588,14
7.75132,-0.166794,0.00308121,0.0219912,0.155667,0.377068,0.000114804,0.00398687,14
7.75532,-0.166794,0.00644253,0.0219912,0.162432,0.406166,0.000116838,0.0039867,14
7.75932,-0.166794,0.00308121,0.0251327,0.152546,0.405112,0.000459146,0.00398623,17
7.76332,-0.166794,0.00308121,0.0251327,0.145928,0.385112,0.000126065,0.00398443,14
7.76732,-0.166721,0.00140055,0.0251327,0.141317,0.367011,0.000119142,0.00398581,14
7.77132,-0.166721,-0.00028011,0.0251327,0.138012,0.352695,0.000116307,0.00398662,14
7.77532,-0.166721,-0.00196077,0.0251327,0.135872,0.341903,0.000364531,0.00398662,20
7.77932,-0.166721,0.00476187,0.0251327,0.13532,0.357542,0.000143928,0.0039863,14
7.78332,-0.166721,0.00140055,0.0251327,0.137334,0.354975,0.000114624,0.00398668,14
7.78732,-0.166721,0.00308121,0.0251327,0.143458,0.377809,0.000729532,0.00398641,14
7.79132,-0.166647,-0.00028011,0.0282743,0.122063,0.342137,0.000354412,0.00398651,13
7.79532,-0.166647,0.00140055,0.0282743,0.105759,0.297193,0.000125594,0.0039862,14
7.79932,-0.166647,0.00308121,0.0282743,0.0939842,0.265939,0.000116347,0.00398714,14
7.80332,-0.166647,-0.00196077,0.0282743,0.0867398,0.231063,0.000655053,0.00398695,17
7.80732,-0.166647,-0.00028011,0.0314159,0.072597,0.230128,0.000226423,0.00398471,13
7.81132,-0.166647,-0.00196077,0.0314159,0.072597,0.225801,0.000122879,0.00398662,14
7.81532,-0.166647,0.00308121,0.0314159,0.0867398,0.281523,0.000121146,0.00398685,14
7.81932,-0.166647,-0.00196077,0.0345575,0.0819952,0.291679,0.000593397,0.00398541,17
7.82332,-0.166647,-0.00196077,0.0345575,0.0897114,0.314997,0.000142285,0.00398599,13
7.82732,-0.166647,-0.00196077,0.0345575,0.108206,0.370888,0.000114183,0.00398582,14
7.83132,-0.166647,-0.00028011,0.0345575,0.136499,0.460714,0.000124933,0.00398673,14
7.83532,-0.166647,-0.00028011,0.0345575,0.152566,0.50927,0.000492018,0.00398704,17
7.83932,-0.166647,0.00140055,0.0376991,0.154867,0.558027,0.000127277,0.00398453,14
7.84332,-0.166647,-0.00196077,0.0376991,0.16234,0.571954,0.000148067,0.00398644,14
7.84732,-0.166647,-0.00028011,0.0376991,0.172882,0.608139,0.000376402,0.00395698,14
7.85132,-0.166647,-0.00028011,0.0376991,0.185091,0.645035,0.00040164,0.00395771,20
7.85532,-0.166647,0.00140055,0.0376991,0.198267,0.68918,0.000116919,0.00398549,14
7.85932,-0.166573,0.00924363,0.0376991,0.21241,0.752276,0.000122659,0.00398692,14
7.86333,-0.166573,0.00924363,0.0408407,0.216232,0.801301,0.00012871,0.00398516,14
7.86733,-0.166499,0.0159663,0.0408407,0.209311,0.797859,0.000397101,0.0039867,20
7.87133,-0.166425,0.0226889,0.0408407,0.202096,0.793526,0.000388846,0.00395237,14
7.87533,-0.166351,0.0260502,0.0439823,0.181755,0.778351,0.000252692,0.00395385,14
7.87933,-0.166203,0.035574,0.0439823,0.16807,0.761839,0.000116367,0.00398638,14
7.88333,-0.166055,0.0372546,0.0471239,0.147929,0.7431,0.00035394,0.00398563,20
7.88733,-0.165908,0.0389353,0.0471239,0.140971,0.726724,0.000114584,0.00398612,14
7.89133,-0.16576,0.0389353,0.0471239,0.146076,0.742474,0.000116147,0.00398689,14
7.89533,-0.165612,0.0467784,0.0471239,0.163104,0.814448,0.000704524,0.00398671,14
7.89933,-0.165316,0.0568623,0.0471239,0.171152,0.865381,0.000254175,0.00398668,13
7.90333,-0.165169,0.0602236,0.0471239,0.182071,0.907355,0.000123401,0.00398573,14
7.90733,-0.164947,0.0602236,0.0502655,0.184572,0.952873,0.000119583,0.00398671,14
7.91133,-0.164651,0.0647054,0.0502655,0.200117,1.01203,0.000626078,0.0039865,17
7.91533,-0.164356,0.0680667,0.0502655,0.207664,1.04414,0.000162073,0.00397703,13
7.91933,-0.164134,0.07647,0.0502655,0.218922,1.10028,0.000146253,0.00397931,14
7.92333,-0.163765,0.0809518,0.0502655,0.234452,1.15956,0.000120996,0.0039864,14
7.92733,-0.163395,0.0971981,0.0502655,0.233914,1.20057,0.000527584,0.00398521,17
7.93133,-0.163026,0.10224,0.0502655,0.229576,1.20125,0.0001233,0.00398607,14
7.93533,-0.162582,0.0159663,0.0502655,0.22242,0.958444,0.000126997,0.00398693,14
7.93933,-0.162139,0.116806,0.0502655,0.214129,1.19401,0.000122578,0.00398506,14
7.94333,-0.161695,0.123528,0.0502655,0.207085,1.191,0.000401148,0.00398621,20
7.94733,-0.161104,0.130251,0.0502655,0.182629,1.1357,0.000380119,0.00395592,14
7.95133,-0.160587,0.143136,0.0502655,0.154573,1.08522,0.000377294,0.00395716,14
7.95533,-0.159996,0.148178,0.0502655,0.125301,1.01103,0.000121787,0.00398651,14
7.95933,-0.159404,0.157702,0.0502655,0.0977544,0.953598,0.000348931,0.00398646,20
7.96333,-0.158739,0.164425,0.0502655,0.0754389,0.904921,0.000119814,0.00398616,14
7.96733,-0.158148,0.173948,0.0502655,0.0624192,0.891388,0.000133148,0.00398441,14
7.97133,-0.157409,0.173948,0.0502655,0.0415791,0.830021,0.000658378,0.00398642,17
7.97533,-0.156596,0.17899,0.0502655,0.0281313,0.804138,0.000217867,0.00398511,13
7.97933,-0.155931,0.185713,0.0502655,0.0257203,0.815612,0.000116227,0.00398621,14
7.98333,-0.155192,0.191875,0.0502655,0.0166691,0.805739,0.000119593,0.00398677,14
7.98733,-0.154453,0.193556,0.0502655,0.0154897,0.808113,0.000547371,0.0039872,17
7.99133,-0.153566,0.20364,0.0502655,0.0032434,0.799005,0.000118611,0.00398635,14
7.99533,-0.152827,0.20476,0.0502655,-0.00695913,0.772669,0.000115956,0.00398652,14
7.99933,-0.152014,0.208122,0.0502655,-0.0138566,0.762253,0.00011824,0.00398621,14
8.00333,-0.151127,0.213164,0.0502655,-0.0160472,0.770549,0.000437226,0.00398711,20
8.00733,-0.150241,0.216525,0.0502655,-0.0119889,0.793401,0.000125624,0.00398651,14
8.01133,-0.149428,0.226049,0.0502655,-0,0.855927,0.000121176,0.00398691,14
8.01533,-0.148467,0.227729,0.0471239,0.0119891,0.861103,0.00012303,0.00398548,14
8.01933,-0.14758,0.231091,0.0471239,0.0160473,0.883955,0.000350394,0.00398468,20
8.02333,-0.14662,0.236133,0.0471239,0.0138567,0.892413,0.000117319,0.00398619,14
8.02733,-0.145659,0.240614,0.0471239,0.00695924,0.885204,0.000395879,0.00395733,14
8.03133,-0.144624,0.25406,0.0471239,-0.00324334,0.891248,0.00071291,0.00398582,17
8.03533,-0.143516,0.249018,0.0471239,-0.0154895,0.843674,0.000244957,0.0039862,13
8.03933,-0.142629,0.25574,0.0471239,-0.028658,0.823124,0.000146633,0.00398625,14
8.04333,-0.141668,0.261903,0.0471239,-0.0417674,0.80147,0.000120705,0.00398642,14
8.04733,-0.14056,0.271987,0.0439823,-0.0419879,0.791709,0.000642859,0.00398675,17
8.05133,-0.139377,0.270306,0.0439823,-0.0485383,0.770164,0.000162133,0.00398525,13
8.05533,-0.138416,0.273667,0.0408407,-0.0471868,0.747521,0.000116367,0.00398647,14
8.05933,-0.137308,0.278149,0.0408407,-0.0558911,0.735174,0.000116437,0.00398684,14
8.06333,-0.136052,0.428288,0.0408407,-0.0712869,1.07799,0.000571216,0.00398628,17
8.06733,-0.135017,0.278149,0.0408407,-0.0904306,0.635791,0.000115616,0.00398584,14
8.07133,-0.133982,0.286552,0.0376991,-0.0988099,0.596886,0.000125995,0.00398198,14
8.07533,-0.132874,0.289914,0.0376991,-0.114242,0.561322,0.000117038,0.00398671,14
8.07933,-0.131692,0.288233,0.0376991,-0.133364,0.501788,0.000781989,0.00395183,17
8.08333,-0.130361,0.288233,0.0376991,-0.153371,0.444228,0.000126275,0.00398571,14
8.08733,-0.129401,0.294396,0.0376991,-0.17202,0.405831,0.000121617,0.00398682,14
8.09133,-0.128218,0.286552,0.0376991,-0.187631,0.34104,0.000129682,0.00398453,14
8.09533,-0.127036,0.291594,0.0345575,-0.187091,0.320754,0.000448277,0.00398695,20
8.09933,-0.125853,0.289914,0.0345575,-0.189761,0.310935,0.000379909,0.00395628,14
8.10333,-0.124671,0.286552,0.0345575,-0.193959,0.292173,0.000115536,0.00398682,14
8.10733,-0.123636,0.288233,0.0345575,-0.198703,0.284421,0.000144119,0.00398643,14
8.11133,-0.122454,0.28151,0.0345575,-0.203712,0.25455,0.000340576,0.00398713,20
8.11533,-0.121271,0.284872,0.0314159,-0.197419,0.247324,0.000120144,0.00397784,14
8.11933,-0.120237,0.278149,0.0314159,-0.200864,0.221858,0.000130904,0.00398083,14
8.12333,-0.119128,0.273667,0.0314159,-0.192446,0.238173,0.000121367,0.00398638,14
8.12733,-0.11802,0.274788,0.0314159,-0.183172,0.271499,0.000349052,0.00398643,20
8.13133,-0.116837,0.273667,0.0282743,-0.160774,0.301403,0.000123661,0.00398304,14
8.13533,-0.115803,0.268625,0.0282743,-0.145591,0.336558,0.000120034,0.0039856,14
8.13933,-0.114768,0.270306,0.0282743,-0.137063,0.368913,0.000657277,0.00398693,17
8.14333,-0.113512,0.263583,0.0282743,-0.13547,0.359156,0.000200384,0.00398599,13
8.14733,-0.112625,0.265264,0.0282743,-0.141933,0.345884,0.000117229,0.0039862,14
8.15133,-0.111517,0.263583,0.0282743,-0.158415,0.294165,0.000115986,0.00398682,14
8.15533,-0.110482,0.270306,0.0282743,-0.165978,0.290878,0.000593337,0.00398612,17
8.15933,-0.1093,0.17731,0.0282743,-0.178291,0.0167818,0.000128249,0.00398655,13
8.16333,-0.108413,0.258541,0.0282743,-0.175997,0.234816,0.000121316,0.00398628,14
8.16733,-0.107378,0.250698,0.0282743,-0.172206,0.228333,0.000124642,0.00398667,14
8.17133,-0.106417,0.245656,0.0282743,-0.168599,0.228344,0.000532564,0.00398684,17
8.17533,-0.105309,0.239494,0.0282743,-0.16742,0.218457,0.000117509,0.00398606,14
8.17933,-0.104496,0.236133,0.0282743,-0.149729,0.265035,0.00012318,0.0039864,14
8.18333,-0.103535,0.234452,0.0282743,-0.128918,0.325693,0.000116327,0.00398699,14
8.18733,-0.102575,0.232771,0.0282743,-0.106808,0.390274,0.000413813,0.00398678,20
8.19133,-0.101614,0.224368,0.0282743,-0.0856434,0.434689,0.000122759,0.00398581,14
8.19533,-0.100727,0.22941,0.0282743,-0.068086,0.502663,0.000122719,0.00398433,14
8.19933,-0.0998402,0.232771,0.0282743,-0.0572203,0.546088,0.000120986,0.00398675,14
8.20333,-0.0988795,0.22941,0.0282743,-0.0348083,0.607255,0.000347769,0.00398496,20
8.20733,-0.0979188,0.236133,0.0282743,-0.0148014,0.68712,0.000121888,0.00398562,14
8.21133,-0.097032,0.236133,0.0282743,0.000557542,0.735468,0.000116157,0.00398685,14
8.21533,-0.0960713,0.234452,0.0282743,0.00874558,0.757978,0.000718641,0.00398672,14
8.21933,-0.0950366,0.239494,0.0282743,0.00695908,0.767818,0.000346106,0.00398135,13
8.22333,-0.0941498,0.243976,0.0282743,0.0138566,0.802136,0.000177782,0.00396889,14
8.22733,-0.0931891,0.249018,0.0282743,0.0160471,0.823833,0.000133389,0.0039837,14
8.23133,-0.0922284,0.249018,0.0314159,-0,0.81491,0.000668127,0.00398535,17
8.23533,-0.091046,0.260222,0.0314159,-0.0160471,0.797844,0.000238255,0.00398486,13
8.23933,-0.0901592,0.25574,0.0314159,-0.0138566,0.794857,0.000130894,0.00398487,14
8.24333,-0.0891246,0.258541,0.0314159,-0.00695915,0.825169,0.000119143,0.00398638,14
8.24733,-0.08809,0.266945,0.0314159,0.00324342,0.879895,0.000581245,0.00398654,17
8.25133,-0.0869075,0.270306,0.0314159,0.0154896,0.928135,0.000119763,0.00398622,14
8.25533,-0.0859468,0.270306,0.0314159,0.028658,0.970024,0.000118662,0.00398699,14
8.25933,-0.0848383,0.276468,0.0314159,0.0417675,1.02793,0.000124752,0.00398454,14
8.26333,-0.0836559,0.286552,0.0314159,0.0539769,1.09336,0.000472312,0.0039863,20
8.26733,-0.0824735,0.289914,0.0314159,0.0645855,1.13666,0.000118662,0.00398521,14
8.27133,-0.081365,0.294396,0.0314159,0.0730325,1.17614,0.000123831,0.00398637,14
8.27533,-0.0801826,0.302799,0.0314159,0.0788975,1.21808,0.000119453,0.0039867,14
8.27933,-0.0789262,0.310642,0.0314159,0.0819,1.25009,0.000358829,0.00398698,20
8.28333,-0.077596,0.317364,0.0314159,0.0819,1.2703,0.000122469,0.00398597,14
8.28733,-0.0764136,0.33025,0.0314159,0.0788975,1.29698,0.000118051,0.00398671,14
8.29133,-0.0750095,0.336972,0.0282743,0.0850215,1.29838,0.000726616,0.00398491,14
8.29533,-0.0734576,0.354899,0.0282743,0.0806326,1.33466,0.000336548,0.00398489,13
8.29933,-0.0721273,0.361622,0.0282743,0.0678335,1.3162,0.000115125,0.00398675,14
8.30333,-0.0707232,0.369465,0.0282743,0.0487266,1.28171,0.000142676,0.00398682,14
8.30733,-0.0692452,0.384031,0.0282743,0.0254146,1.25199,0.000640295,0.00398704,17
8.31133,-0.0674716,0.389073,0.0251327,0.011989,1.19079,0.000199503,0.00398634,13
8.31533,-0.0660675,0.403638,0.0251327,-0.00936742,1.16682,0.000116978,0.00397729,14
8.31933,-0.0644416,0.413722,0.0251327,-0.03487,1.11926,0.000122939,0.00398518,14
8.32333,-0.0628158,0.421565,0.0219912,-0.0488853,1.06317,0.000597855,0.00398251,17
8.32734,-0.0608944,0.43445,0.0219912,-0.0678288,1.04329,0.000117329,0.00398574,13
8.33134,-0.0593425,0.437812,0.0219912,-0.0866545,0.998443,0.000116628,0.00398675,14
8.33533,-0.0575689,0.452377,0.0188496,-0.0886073,0.996437,0.00011761,0.00398644,14
8.33934,-0.0557952,0.451257,0.015708,-0.0988747,0.928914,0.00051446,0.00398692,17
8.34334,-0.053726,0.462461,0.015708,-0.121463,0.894016,0.000120785,0.00398488,14
8.34734,-0.0520263,0.469184,0.0125664,-0.139336,0.823542,0.000125474,0.00396907,14
8.35134,-0.0501788,0.475346,0.0125664,-0.16807,0.756607,0.000116047,0.00398625,14
8.35534,-0.0482573,0.480388,0.0125664,-0.202336,0.670226,0.000418411,0.00398695,20
8.35934,-0.0461142,0.491593,0.00942478,-0.225662,0.595783,0.000120264,0.00398551,14
8.36334,-0.0442667,0.493274,0.00942478,-0.254322,0.517529,0.000119874,0.00398574,14
8.36734,-0.0422714,0.499996,0.00628319,-0.271841,0.44877,0.00013967,0.00398695,14
8.37134,-0.040276,0.501677,0.00314159,-0.282647,0.387316,0.0003593,0.00398274,20
8.37534,-0.0382068,0.505038,0.00314159,-0.302454,0.340626,0.00011788,0.00398593,14
8.37934,-0.0362854,0.501677,-0,-0.314507,0.262259,0.000115516,0.00398621,12
8.38334,-0.03429,0.507839,-0,-0.335222,0.219879,0.000420806,0.0039864,15
8.38734,-0.0321469,0.499996,-0.00314159,-0.348684,0.126196,0.000115005,0.00398612,12
8.39134,-0.0302994,0.493274,-0.00314159,-0.372291,0.0415738,0.000116227,0.00398682,12
8.39534,-0.0283041,0.505038,-0.00628319,-0.39125,-0.0185527,0.000115095,0.00398665,12
8.39934,-0.0263087,0.489912,-0.00942478,-0.390488,-0.0883264,0.000208158,0.00398629,15
8.40334,-0.0243873,0.487111,-0.0125664,-0.386562,-0.116961,0.000118141,0.00398644,12
8.40734,-0.0224659,0.477027,-0.0125664,-0.395885,-0.166914,0.000115195,0.00398651,12
8.41134,-0.0206184,0.480388,-0.0125664,-0.414956,-0.21186,0.00048199,0.00398419,15
8.41534,-0.0185491,0.467503,-0.015708,-0.430101,-0.323773,0.000115355,0.00398618,12
8.41934,-0.0168494,0.460781,-0.015708,-0.439639,-0.366203,0.000113832,0.00398698,12
8.42334,-0.0150019,0.4591,-0.0188496,-0.441889,-0.410777,0.000114023,0.00398687,12
8.42734,-0.0132283,0.447896,-0.0219912,-0.44492,-0.482399,0.000339424,0.00398481,15
8.43134,-0.0113808,0.446215,-0.0219912,-0.447192,-0.489564,0.000137036,0.00398592,12
8.43534,-0.00968103,0.437812,-0.0219912,-0.459292,-0.54406,0.000114644,0.00398662,12
8.43934,-0.00805521,0.419885,-0.0251327,-0.46979,-0.655879,0.000570815,0.00398635,15
8.44334,-0.00620768,0.401958,-0.0251327,-0.479388,-0.727019,0.000114644,0.00398632,12
8.44734,-0.00480356,0.397476,-0.0251327,-0.479174,-0.734852,0.000118762,0.00398556,12
8.45134,-0.00325164,0.320726,-0.0251327,-0.481979,-0.937571,0.000114684,0.00398685,12
8.45534,-0.00177362,0.366104,-0.0251327,-0.468722,-0.777443,0.00034294,0.00398478,15
8.45934,-0.000295604,0.343695,-0.0251327,-0.453917,-0.787182,0.000116107,0.00398623,12
8.46334,0.000960713,0.325768,-0.0251327,-0.441769,-0.793892,0.000115426,0.00398666,12
8.46734,0.00221703,0.307841,-0.0282743,-0.404433,-0.761963,0.000649462,0.0039859,12
8.47134,0.00354725,0.289914,-0.0282743,-0.379425,-0.729652,0.000161652,0.00398618,9
8.47534,0.00450796,0.273667,-0.0282743,-0.35047,-0.681891,0.000117059,0.00398585,12
8.47934,0.00554257,0.260222,-0.0282743,-0.313002,-0.601028,0.000124402,0.00398615,12
8.48334,0.00657719,0.245656,-0.0282743,-0.283775,-0.547954,0.000434771,0.00398712,15
8.48734,0.0076118,0.234452,-0.0251327,-0.259203,-0.462818,0.000114203,0.0039862,12
8.49134,0.00842471,0.218206,-0.0251327,-0.236963,-0.435671,0.000113872,0.00398704,12
8.49534,0.00931152,0.209802,-0.0251327,-0.203863,-0.355349,0.000115786,0.00398651,12
8.49934,0.0101244,0.200279,-0.0251327,-0.179601,-0.304782,0.000243725,0.00398698,15
8.50334,0.0108634,0.190195,-0.0251327,-0.151127,-0.243088,0.000123521,0.00398363,12
8.50734,0.0116025,0.17899,-0.0219912,-0.128385,-0.164127,0.000116478,0.00398589,12
8.51134,0.0122676,0.170587,-0.0219912,-0.0882912,-0.0631521,0.000735052,0.00393394,15
8.51534,0.0130066,0.154341,-0.0188496,-0.0618315,0.0140624,0.000120886,0.0039847,12
8.51934,0.0135239,0.148178,-0.015708,-0.0485044,0.077073,0.000120395,0.00398508,12
8.52334,0.0141151,0.146497,-0.015708,-0.0161796,0.171718,0.000117529,0.0039861,12
8.52734,0.0146324,0.134733,-0.0125664,0.00163302,0.233859,0.000336929,0.00398682,15
8.53134,0.0152236,0.133052,-0.0125664,0.0370638,0.33789,0.000115957,0.0039851,12
8.53534,0.015667,0.125209,-0.0125664,0.0906143,0.480489,0.000113572,0.00398658,12
8.53934,0.0161843,0.125209,-0.0125664,0.143287,0.640792,0.000571817,0.00398625,15
8.54334,0.0167016,0.125209,-0.00942478,0.176505,0.77978,0.000114263,0.00398638,12
8.54734,0.017145,0.121848,-0.00942478,0.225762,0.920945,0.00011283,0.00398699,12
8.55134,0.0176623,0.12857,-0.00628319,0.261614,1.0852,0.00012881,0.00398356,12
8.55534,0.0182535,0.133052,-0.00314159,0.287226,1.21291,0.000378015,0.00398688,15
8.55934,0.0188447,0.144817,-0.00314159,0.316771,1.33377,0.000124943,0.00398459,12
8.56334,0.0193621,0.156021,-0.00314159,0.34366,1.44501,0.000163315,0.00398642,12
8.56734,0.0200272,0.164425,-0,0.350297,1.52563,0.000522535,0.00398682,15
8.57134,0.0206923,0.168906,-0,0.351977,1.5437,0.000122238,0.00398344,12
8.57534,0.0213574,0.180671,-0,0.365116,1.61515,0.0001177,0.00398691,12
8.57934,0.0220964,0.191875,0.00314159,0.363492,1.67818,0.000633712,0.00398672,17
8.58334,0.023131,0.327448,0.00314159,0.366044,2.03724,0.000157734,0.00398651,13
8.58734,0.0237222,0.213164,0.00628319,0.359381,1.76159,0.000118561,0.00398664,14
8.59134,0.0246829,0.234452,0.00628319,0.363424,1.83072,0.00012289,0.00398673,14
8.59534,0.0255697,0.243976,0.00628319,0.35615,1.83519,0.000523857,0.00398668,17
8.59934,0.0266782,0.256861,0.00942478,0.336857,1.84997,0.000116007,0.00398578,14
8.60334,0.0277129,0.276468,0.00942478,0.326168,1.87041,0.000117749,0.00398721,14
8.60734,0.0288214,0.291594,0.00942478,0.324501,1.90673,0.000114323,0.00398654,14
8.61134,0.0300038,0.309521,0.00942478,0.33382,1.98363,0.000429371,0.00398697,20
8.61534,0.0314079,0.320726,0.00942478,0.335887,2.02179,0.000121797,0.00398628,14
8.61934,0.0325903,0.346496,0.00942478,0.345774,2.12061,0.000148086,0.00398263,14
8.62334,0.0339944,0.35658,0.00942478,0.346225,2.151,0.00013414,0.0039858,14
8.62734,0.0354725,0.376188,0.00628319,0.343402,2.1587,0.000361435,0.00398602,20
8.63134,0.0371722,0.399157,0.00628319,0.332596,2.18889,0.000118191,0.00398528,14
8.63534,0.0387241,0.418204,0.00628319,0.298093,2.13706,0.000118521,0.00398631,14
8.63934,0.0404238,0.43445,0.00314159,0.268918,2.05695,0.000688364,0.00398642,17
8.64334,0.0424931,0.465823,-0,0.243027,2.02653,0.000172061,0.00398572,10
8.64734,0.0441189,0.48375,-0,0.20891,1.97313,0.000117329,0.00398528,12
8.65134,0.0460403,0.498315,-0,0.155618,1.85378,0.00012318,0.00398625,12
8.65534,0.0480356,0.512881,-0.00314159,0.116522,1.74001,0.000237494,0.00398523,15
8.65934,0.0502527,0.40868,-0.00628319,0.0717592,1.30379,0.000128831,0.00398591,12
8.66334,0.0523219,0.545374,-0.00942478,0.0135994,1.44704,0.000120956,0.0039865,12
8.66734,0.0545389,0.563301,-0.0125664,-0.0440878,1.28623,0.000551079,0.00398582,15
8.67134,0.0570515,0.570024,-0.015708,-0.0978791,1.10899,0.000120766,0.00398589,12
8.67534,0.0591208,0.587951,-0.015708,-0.176681,0.921525,0.000116437,0.00398605,12
8.67934,0.0614856,0.589631,-0.0188496,-0.24446,0.688705,0.000119312,0.00398662,12
8.68334,0.0638504,0.602516,-0.0251327,-0.285805,0.527142,0.000377043,0.00398662,15
8.68734,0.066437,0.607558,-0.0251327,-0.349963,0.351883,0.000130834,0.00398611,12
8.69134,0.0687279,0.609239,-0.0282743,-0.400058,0.172341,0.000121777,0.00398637,12
8.69534,0.0710927,0.607558,-0.0282743,-0.46612,-0.026467,0.000127217,0.00398606,12
8.69934,0.0735315,0.600836,-0.0345575,-0.502088,-0.222109,0.000205543,0.00398636,15
8.70334,0.0759702,0.597474,-0.0376991,-0.527263,-0.339002,0.00011762,0.0039862,12
8.70734,0.0782611,0.592993,-0.0376991,-0.572934,-0.483564,0.00012309,0.00398646,12
8.71134,0.080626,0.577867,-0.0439823,-0.594864,-0.658581,0.000565536,0.00398564,15
8.71534,0.0831386,0.570024,-0.0471239,-0.614736,-0.770828,0.000117209,0.00397502,12
8.71934,0.0851339,0.555458,-0.0502655,-0.633051,-0.896808,0.000121357,0.00398667,12
8.72334,0.087277,0.540892,-0.0502655,-0.663001,-1.02015,0.000116787,0.00398643,12
8.72734,0.0894202,0.525766,-0.0534071,-0.686711,-1.16355,0.000379769,0.00398583,15
8.73134,0.0916372,0.512881,-0.0565487,-0.708886,-1.29639,0.000116107,0.00398539,12
8.73534,0.0934847,0.489912,-0.0596903,-0.713473,-1.40284,0.00012315,0.00398649,12
8.73934,0.0954061,0.470305,-0.0596903,-0.729297,-1.49696,0.000129592,0.0039852,12
8.74334,0.0971798,0.447896,-0.0628318,-0.742407,-1.62789,0.000210573,0.00398634,15
8.74734,0.0989534,0.421565,-0.0628318,-0.751961,-1.72069,0.000121897,0.00398605,12
8.75134,0.100505,0.394115,-0.0628318,-0.748486,-1.7775,0.000117469,0.00398643,12
8.75534,0.102057,0.367784,-0.0659734,-0.733245,-1.83333,0.000476159,0.00398641,15
8.75934,0.103535,0.325768,-0.0659734,-0.730222,-1.92916,0.000144319,0.00398505,12
8.76334,0.104644,0.297757,-0.0659734,-0.722861,-1.97663,0.000130223,0.00398646,12
8.76734,0.105752,0.266945,-0.0659734,-0.707578,-2.00737,0.000126566,0.00398584,12
8.77134,0.106787,0.237813,-0.0659734,-0.681626,-2.0017,0.000333693,0.00398642,15
8.77534,0.107674,0.195237,-0.0659734,-0.642964,-1.99256,0.00011759,0.00398564,12
8.77934,0.108339,0.167786,-0.0659734,-0.590108,-1.90207,0.000116046,0.00398643,12
8.78334,0.108856,0.12689,-0.0659734,-0.543737,-1.86611,0.000513628,0.00398641,15
8.78734,0.109373,0.0988788,-0.0659734,-0.493043,-1.78392,0.000116227,0.00398629,12
8.79134,0.109669,0.066386,-0.0628318,-0.429733,-1.63814,0.000121106,0.00398655,12
8.79534,0.109817,0.0372546,-0.0628318,-0.367258,-1.52404,0.00012309,0.00398656,12
8.79935,0.109891,0.00476187,-0.0596903,-0.30876,-1.39329,0.000340555,0.00398564,15
8.80334,0.109891,-0.0182071,-0.0565487,-0.270912,-1.30058,0.000142636,0.00398574,12
8.80734,0.109817,-0.0327729,-0.0534071,-0.21814,-1.14129,0.000118371,0.00398599,12
8.81135,0.109669,-0.0428568,-0.0534071,-0.147757,-0.954886,0.000129492,0.00398664,12
8.81534,0.109447,-0.0591032,-0.0502655,-0.099441,-0.813718,0.000163104,0.00398614,15
8.81934,0.109226,-0.0635849,-0.0471239,-0.0381771,-0.603127,0.00011763,0.00398583,12
8.82335,0.10893,-0.0736689,-0.0439823,0.0268716,-0.395686,0.000143157,0.00398645,12
8.82734,0.108634,-0.0803915,-0.0408407,0.0985305,-0.159614,0.000505323,0.00398557,15
8.83135,0.108265,-0.0803915,-0.0376991,0.158164,0.0572666,0.000123009,0.00398606,12
8.83535,0.107969,-0.0798313,-0.0345575,0.219464,0.28079,0.000142116,0.00398554,12
8.83934,0.107674,-0.0770302,-0.0314159,0.284838,0.522391,0.000121036,0.00398659,12
8.84335,0.107378,-0.0703076,-0.0282743,0.35767,0.796631,0.000396149,0.00397336,15
8.84735,0.107083,-0.0652656,-0.0282743,0.432857,1.03618,0.000116818,0.00398507,12
8.85135,0.106861,-0.0506999,-0.0251327,0.506693,1.33381,0.000119262,0.00398559,12
8.85535,0.106713,-0.0310922,-0.0251327,0.577019,1.5965,0.000121056,0.00398622,12
8.85935,0.106639,-0.0148458,-0.0188496,0.609623,1.81165,0.000178453,0.00398629,15
8.86335,0.106639,0.00644253,-0.015708,0.645548,2.01251,0.000117319,0.0039861,12
8.86735,0.106713,0.0159663,-0.015708,0.684454,2.15477,0.000116878,0.00398661,12
8.87135,0.106787,0.0372546,-0.0125664,0.706503,2.31385,0.000453987,0.00398347,15
8.87535,0.107009,0.0602236,-0.0125664,0.726007,2.43242,0.00011801,0.00398416,12
8.87935,0.107304,0.0798313,-0.0125664,0.737921,2.51956,0.000117459,0.00398592,12
8.88335,0.107674,0.100559,-0.00942478,0.727591,2.58,0.000124002,0.00398554,12
8.88735,0.108117,0.125209,-0.00942478,0.714659,2.60536,0.000258242,0.00398628,15
8.89135,0.108708,0.154341,-0.00942478,0.699544,2.63598,0.000117369,0.00398601,12
8.89535,0.109373,0.17731,-0.00942478,0.685189,2.65319,0.000116377,0.00398651,12
8.89935,0.110112,0.196917,-0.00942478,0.65532,2.61503,0.000460389,0.00398478,15
8.90335,0.110999,0.224368,-0.00942478,0.627952,2.60494,0.000115866,0.00398609,12
8.90735,0.111886,0.242295,-0.00942478,0.589755,2.53761,0.000115295,0.00398664,12
8.91135,0.112921,0.271987,-0.00942478,0.539805,2.46537,0.000129892,0.00398659,12
8.91535,0.114103,0.296076,-0.00942478,0.477462,2.34158,0.000209,0.00397771,15
8.91935,0.115359,0.317364,-0.00942478,0.423964,2.23746,0.000137135,0.00398568,12
8.92335,0.11669,0.336972,-0.0125664,0.380774,2.12286,0.000116096,0.00398626,12
8.92735,0.11802,0.361622,-0.0125664,0.329431,2.03407,0.000496527,0.00398584,15
8.93135,0.119646,0.38235,-0.0125664,0.272939,1.92027,0.000115976,0.00398603,12
8.93535,0.12105,0.392434,-0.015708,0.225868,1.76958,0.000116297,0.00398643,12
8.93935,0.122676,0.412042,-0.015708,0.17032,1.65575,0.000116998,0.00398646,12
8.94335,0.124449,0.43333,-0.0219912,0.133276,1.52753,0.000313946,0.00398552,15
8.94735,0.126223,0.447896,-0.0219912,0.0769169,1.39859,0.00011795,0.00398575,12
8.95135,0.127996,0.464142,-0.0251327,0.0174964,1.22725,0.000116037,0.00398675,12
8.95535,0.129844,0.392434,-0.0282743,-0.0284521,0.870297,0.000604358,0.00398627,15
8.95935,0.132061,0.48375,-0.0314159,-0.0761639,0.928604,0.000119643,0.00398615,9
8.96335,0.133761,0.493274,-0.0345575,-0.107283,0.825315,0.000116498,0.00398652,12
8.96735,0.135756,0.493274,-0.0376991,-0.157386,0.64078,0.000126486,0.0039841,12
8.97135,0.137678,0.496635,-0.0408407,-0.21885,0.430405,0.000456743,0.0039864,15
8.97535,0.139895,0.507839,-0.0408407,-0.287271,0.257322,0.000118711,0.00398467,12
8.97935,0.141742,0.50952,-0.0471239,-0.347378,0.00908394,0.000116598,0.0039864,12
8.98335,0.143811,0.511201,-0.0502655,-0.40508,-0.193927,0.000119173,0.00398643,12
8.98735,0.145807,0.50952,-0.0534071,-0.456252,-0.386022,0.000317683,0.00398662,15
8.99135,0.14795,0.506159,-0.0534071,-0.530362,-0.613964,0.000117138,0.00398607,12
8.99535,0.149871,0.494954,-0.0596903,-0.581211,-0.867242,0.000117399,0.00398584,12
8.99935,0.151793,0.488232,-0.0628318,-0.628379,-1.06038,0.000621299,0.00398659,12
9.00335,0.153936,0.470305,-0.0659734,-0.670124,-1.2655,0.000161902,0.00398623,9
9.00735,0.155562,0.460781,-0.0659734,-0.717256,-1.42891,0.000120765,0.00398636,12
9.01135,0.157335,0.43333,-0.069115,-0.749374,-1.63026,0.000118851,0.00398646,12
9.01535,0.159035,0.40868,-0.0722566,-0.768524,-1.78537,0.000470778,0.00398586,15
9.01935,0.160735,0.377868,-0.0753982,-0.777589,-1.92588,0.000142225,0.00398575,12
9.02335,0.161991,0.348177,-0.0753982,-0.792424,-2.04443,0.000115405,0.0039865,12
9.02735,0.163321,0.319045,-0.0785398,-0.798096,-2.17116,0.000122528,0.00398632,12
9.03135,0.164504,0.284872,-0.0785398,-0.792784,-2.24052,0.000318294,0.00398653,15
9.03535,0.165612,0.252379,-0.0816814,-0.775787,-2.30788,0.00012847,0.00398623,12
9.03935,0.166499,0.218206,-0.0816814,-0.769266,-2.37424,0.000116357,0.00398627,12
9.04335,0.167238,0.182352,-0.084823,-0.742996,-2.42304,0.000606833,0.00397364,15
9.04735,0.167977,0.139775,-0.084823,-0.733511,-2.5024,0.00012279,0.00398306,12
9.05135,0.168346,0.103921,-0.084823,-0.703213,-2.50236,0.000141524,0.00397847,12
9.05535,0.168716,0.0647054,-0.084823,-0.681128,-2.53579,0.000120345,0.00398552,12
9.05935,0.168864,0.0288513,-0.0816814,-0.665351,-2.54263,0.000399325,0.00398296,15
9.06335,0.168864,-0.0165265,-0.0785398,-0.64689,-2.56621,0.000133058,0.00398491,12
9.06735,0.168716,-0.0428568,-0.0785398,-0.607145,-2.51423,0.000133389,0.0039857,12
9.07135,0.168494,-0.0703076,-0.0785398,-0.549539,-2.41131,0.00012851,0.00398483,12
9.07535,0.168125,-0.1028,-0.0753982,-0.489624,-2.27725,0.00020888,0.00398567,15
9.07935,0.167607,-0.136974,-0.0722566,-0.423034,-2.12766,0.000117178,0.00398603,12
9.08335,0.167016,-0.166665,-0.0722566,-0.356695,-2.00493,0.000157714,0.00398627,12
9.08735,0.166277,-0.187394,-0.0659734,-0.289183,-1.78094,0.000553433,0.00398612,15
9.09135,0.165464,-0.205321,-0.0628318,-0.210443,-1.55345,0.000119413,0.00398595,12
9.09535,0.164651,-0.22829,-0.0628318,-0.108884,-1.30746,0.000117339,0.00398633,12
9.09935,0.163765,-0.235012,-0.0596903,-0.0269863,-1.04173,0.000117509,0.00398649,12
9.10335,0.162804,-0.241175,-0.0534071,0.0557519,-0.734711,0.00040729,0.00398667,15
9.10735,0.161769,-0.249578,-0.0502655,0.147845,-0.442826,0.000124101,0.00398461,12
9.11135,0.160809,-0.25462,-0.0502655,0.260463,-0.117575,0.000116006,0.00398682,12
9.11535,0.159774,-0.256301,-0.0439823,0.339837,0.19066,0.000123601,0.00398636,12
9.11935,0.158813,-0.251259,-0.0408407,0.41846,0.47662,0.000341909,0.00397403,15
9.12335,0.157779,-0.238374,-0.0376991,0.496211,0.779983,0.000124061,0.00398343,12
9.12735,0.156892,-0.22997,-0.0345575,0.574377,1.07338,0.000117229,0.00398597,12
9.13135,0.156005,-0.163304,-0.0282743,0.622192,1.46255,0.000602685,0.00398637,15
9.13535,0.155118,-0.192435,-0.0282743,0.686518,1.58,0.000129141,0.00398597,9
9.13935,0.154453,-0.17787,-0.0251327,0.729081,1.78216,0.000115586,0.0039865,12
9.14335,0.153788,-0.151539,-0.0219912,0.767499,2.00208,0.000114985,0.00398665,12
9.14735,0.153271,-0.135293,-0.0188496,0.788182,2.14277,0.000448277,0.00398641,15
9.15135,0.152753,-0.1028,-0.015708,0.812112,2.3351,0.000144119,0.00398611,12
9.15535,0.152384,-0.081512,-0.015708,0.841472,2.47783,0.00011809,0.00398506,12
9.15935,0.152162,-0.0557419,-0.015708,0.871778,2.63529,0.000115405,0.00398671,12
9.16335,0.152014,-0.0266104,-0.0125664,0.889639,2.80143,0.000224248,0.00398662,15
9.16735,0.15194,-0.00532209,-0.0125664,0.894915,2.87203,0.000116698,0.00398595,12
9.17135,0.152014,0.0193276,-0.0125664,0.878972,2.88749,0.000115666,0.00398627,12
9.17535,0.152162,0.0467784,-0.0125664,0.856045,2.88921,0.000471519,0.00398175,15
9.17935,0.152458,0.0747893,-0.0125664,0.831319,2.88726,0.000119724,0.00398457,12
9.18335,0.152753,0.0960777,-0.0125664,0.791181,2.82142,0.000116798,0.00398597,12
9.18735,0.153197,0.118486,-0.0125664,0.734991,2.71029,0.000115345,0.00398687,12
9.19135,0.153714,0.144817,-0.0125664,0.684688,2.6272,0.000225581,0.00398648,15
9.19535,0.154379,0.172268,-0.0125664,0.609405,2.47183,0.000119503,0.00398602,12
9.19935,0.155118,0.193556,-0.0125664,0.522732,2.26634,0.000114764,0.00398708,12
9.20335,0.156005,0.20364,-0.015708,0.46042,2.06845,0.000502598,0.00398575,15
9.20735,0.156966,0.237813,-0.015708,0.394825,1.96032,0.000113081,0.00398685,12
9.21135,0.157852,0.256861,-0.015708,0.310432,1.75626,0.000113432,0.00398622,12
9.21535,0.158887,0.270306,-0.0188496,0.235482,1.52917,0.00014469,0.0039869,12
9.21935,0.160069,0.291594,-0.0219912,0.187771,1.40491,0.000324515,0.00397742,15
9.22335,0.161326,0.302799,-0.0251327,0.132845,1.23303,0.000132116,0.00398264,12
9.22735,0.162434,0.314003,-0.0251327,0.069139,1.07178,0.000120976,0.0039859,12
9.23135,0.163691,0.319045,-0.0282743,0.0157101,0.888569,0.000681882,0.00396654,15
9.23535,0.165243,0.340334,-0.0282743,-0.0415557,0.773714,0.000119353,0.00398447,12
9.23935,0.166351,0.335292,-0.0345575,-0.0943359,0.528695,0.000118812,0.00398512,12
9.24335,0.167755,0.346496,-0.0345575,-0.146297,0.403581,0.000120134,0.00398623,12
9.24735,0.169085,0.342014,-0.0376991,-0.191634,0.220458,0.000410696,0.00398359,15
9.25135,0.170563,0.346496,-0.0408407,-0.234713,0.0675599,0.000121106,0.00398455,12
9.25535,0.171894,0.348177,-0.0439823,-0.280604,-0.101368,0.000367025,0.00395754,12
9.25935,0.173372,0.346496,-0.0471239,-0.335355,-0.305407,0.000122689,0.00398546,12
9.26335,0.174628,0.345376,-0.0502655,-0.384536,-0.491654,0.000312884,0.00398689,15
9.26735,0.176032,0.33025,-0.0534071,-0.425285,-0.688159,0.000115175,0.00398591,12
9.27135,0.177288,0.327448,-0.0534071,-0.488189,-0.882727,0.00012326,0.00398474,12
9.27535,0.178619,0.314003,-0.0596903,-0.528031,-1.1098,0.000577558,0.00398621,15
9.27935,0.179949,0.301118,-0.0596903,-0.577221,-1.28873,0.000143749,0.00398571,12
9.28335,0.180983,0.284872,-0.0628318,-0.614798,-1.47934,0.000115215,0.00398668,12
9.28735,0.182018,0.25574,-0.0628318,-0.653816,-1.67001,0.000122889,0.00398587,12
9.29135,0.182979,0.226049,-0.0659734,-0.675835,-1.84839,0.000396389,0.00398664,15
9.29535,0.183866,0.198598,-0.0659734,-0.696572,-1.9798,0.000124001,0.00398316,12
9.29935,0.184531,0.168906,-0.0659734,-0.712381,-2.10258,0.000121266,0.00398587,12
9.30336,0.185122,0.134733,-0.069115,-0.710013,-2.21961,0.000114123,0.00398676,12
9.30735,0.185565,0.100559,-0.0722566,-0.698519,-2.30938,0.000183593,0.00398671,15
9.31135,0.185935,0.0630247,-0.0722566,-0.677899,-2.34291,0.000114254,0.00398623,12
9.31536,0.186083,0.0260502,-0.0722566,-0.660843,-2.38626,0.000115876,0.00398637,12
9.31936,0.186083,-0.00980385,-0.0722566,-0.650576,-2.44755,0.000472011,0.00397651,15
9.32336,0.185935,-0.0456579,-0.0722566,-0.631102,-2.48134,0.000114654,0.00398623,12
9.32736,0.185713,-0.0635849,-0.0722566,-0.598975,-2.4309,0.000121898,0.00398403,12
9.33136,0.185418,-0.0966379,-0.069115,-0.563161,-2.37095,0.000115395,0.0039866,12
9.33536,0.1849,-0.124089,-0.0659734,-0.534725,-2.31936,0.000537803,0.00395609,15
9.33936,0.184309,-0.156581,-0.0659734,-0.4828,-2.24739,0.000116517,0.00398184,12
9.34336,0.183718,-0.17955,-0.0659734,-0.431848,-2.15385,0.000114914,0.00398662,12
9.34736,0.182979,-0.199158,-0.0628318,-0.364534,-1.96506,0.000627712,0.00398694,15
9.35136,0.182018,-0.238374,-0.0628318,-0.296829,-1.86353,0.000114153,0.00398631,12
9.35536,0.181205,-0.241175,-0.0596903,-0.233978,-1.6451,0.000116497,0.00398636,12
9.35936,0.180244,-0.257421,-0.0565487,-0.172596,-1.46606,0.000114814,0.00398676,12
9.36336,0.179136,-0.267505,-0.0534071,-0.110138,-1.26822,0.000427598,0.00398505,15
9.36736,0.178027,-0.278709,-0.0502655,-0.0446172,-1.06401,0.000121307,0.00398366,12
9.37136,0.176919,-0.290474,-0.0502655,0.0376581,-0.848084,0.000126316,0.00398236,12
9.37536,0.17581,-0.298317,-0.0471239,0.118473,-0.589002,0.000117109,0.00398658,12
9.37936,0.174554,-0.299998,-0.0408407,0.167762,-0.372163,0.00054637,0.00395646,15
9.38336,0.173224,-0.312883,-0.0376991,0.241302,-0.14853,0.000116557,0.00398576,12
9.38736,0.172189,-0.30504,-0.0376991,0.320317,0.108189,0.000114915,0.00398681,12
9.39136,0.171007,-0.301678,-0.0345575,0.399,0.38952,0.000587667,0.00398616,15
9.39536,0.169677,-0.288793,-0.0314159,0.460677,0.643664,0.000113602,0.00398629,9
9.39936,0.168642,-0.282071,-0.0282743,0.521847,0.881047,0.000118421,0.00398563,12
9.40336,0.167534,-0.270866,-0.0251327,0.566815,1.08085,0.000114855,0.00398684,12
9.40736,0.166499,-0.256301,-0.0251327,0.603727,1.22765,0.000447225,0.00398651,15
9.41136,0.16539,-0.241175,-0.0219912,0.630563,1.38275,0.000141384,0.00398614,12
9.41536,0.164577,-0.223248,-0.0188496,0.657016,1.54456,0.000113833,0.00398693,12
9.41936,0.163765,-0.199158,-0.015708,0.673281,1.69144,0.000116487,0.00398657,12
9.42336,0.163026,-0.17787,-0.0125664,0.682102,1.80878,0.000311161,0.00398709,15
9.42736,0.162287,-0.158262,-0.0125664,0.698914,1.90847,0.000114744,0.00398627,12
9.43136,0.161769,-0.130811,-0.0125664,0.720072,2.04196,0.000133289,0.00398609,12
9.43536,0.161326,-0.104481,-0.0125664,0.744596,2.1829,0.000505283,0.00398673,15
9.43936,0.160956,-0.0753496,-0.0125664,0.752424,2.28077,0.000114103,0.00398643,12
9.44336,0.160735,-0.0540612,-0.0125664,0.736187,2.28603,0.000115966,0.00398674,12
9.44736,0.160587,-0.0232491,-0.00942478,0.698829,2.28963,0.000113752,0.00398677,12
9.45136,0.160587,0.00924363,-0.00942478,0.665596,2.27287,0.000311822,0.00398709,15
9.45536,0.160661,0.0322126,-0.00942478,0.620773,2.19672,0.000115756,0.00398522,12
9.45936,0.160809,0.0501397,-0.0125664,0.594926,2.12762,0.000127147,0.00398689,12
9.46336,0.16103,0.0647054,-0.0125664,0.555364,2.04606,0.000552431,0.00398651,15
9.46736,0.1614,0.0910357,-0.0125664,0.503409,1.95765,0.000116387,0.00398565,12
9.47136,0.161769,0.105601,-0.0125664,0.44052,1.80592,0.000113822,0.00398697,12
9.47536,0.162287,0.123528,-0.015708,0.380147,1.63328,0.000142836,0.00398564,12
9.47936,0.162804,0.141455,-0.015708,0.325434,1.51523,0.000321691,0.00398584,15
9.48336,0.163469,0.156021,-0.0188496,0.281064,1.38263,0.000116949,0.00398575,12
9.48736,0.16406,0.170587,-0.0188496,0.20964,1.20558,0.000114954,0.00398715,12
9.49136,0.164799,0.17731,-0.0219912,0.138563,0.972233,0.000603867,0.00398663,15
9.49536,0.165612,0.196917,-0.0251327,0.084086,0.822391,0.000124733,0.00398591,9
9.49936,0.166351,0.200279,-0.0251327,0.0192656,0.636772,0.000114324,0.00398688,12
9.50336,0.167164,0.200279,-0.0282743,-0.038524,0.42643,0.000124392,0.00398372,12
9.50736,0.167977,0.209802,-0.0282743,-0.105359,0.250752,0.000428489,0.00398665,15
9.51136,0.168864,0.211483,-0.0345575,-0.153418,0.0368272,0.000115776,0.00398618,12
9.51536,0.169677,0.206441,-0.0345575,-0.198917,-0.11188,0.000115195,0.00398675,12
9.51936,0.17049,0.20476,-0.0376991,-0.236751,-0.266245,0.000113562,0.00398695,12
9.52336,0.171229,0.193556,-0.0408407,-0.272129,-0.437871,0.000285182,0.00396358,15
9.52736,0.172041,0.191875,-0.0408407,-0.323088,-0.594425,0.000120505,0.00398421,12
9.53136,0.17278,0.185713,-0.0439823,-0.376882,-0.80872,0.000113622,0.00398595,12
9.53536,0.173519,0.17731,-0.0471239,-0.422021,-1.00263,0.0006053,0.00398702,15
9.53936,0.174258,0.162744,-0.0502655,-0.458588,-1.18651,0.000113772,0.00398605,9
9.54336,0.174776,0.141455,-0.0502655,-0.498371,-1.36042,0.000139701,0.00398686,12
9.54736,0.175293,0.125209,-0.0534071,-0.521113,-1.50733,0.000121667,0.00398453,12
9.55136,0.175737,0.0988788,-0.0534071,-0.540145,-1.63167,0.000394957,0.0039859,15
9.55536,0.176106,0.0747893,-0.0534071,-0.57062,-1.78499,0.000116998,0.0039861,12
9.55936,0.176328,0.0501397,-0.0565487,-0.585757,-1.9312,0.000115956,0.00398639,12
9.56336,0.176476,0.0271707,-0.0565487,-0.604636,-2.04708,0.000116157,0.00398677,12
9.56736,0.176476,-0.00700275,-0.0596903,-0.592964,-2.13728,0.00020357,0.00398693,15
9.57136,0.176402,-0.0294115,-0.0596903,-0.58223,-2.1627,0.000124783,0.00398087,12
9.57536,0.17618,-0.0607838,-0.0596903,-0.572293,-2.21394,0.000114724,0.0039869,12
9.57936,0.175884,-0.0798313,-0.0596903,-0.565116,-2.24194,0.000483252,0.0039867,15
9.58336,0.175441,-0.112884,-0.0596903,-0.543022,-2.26125,0.000113842,0.00398656,12
9.58736,0.174997,-0.132492,-0.0596903,-0.522205,-2.24979,0.000113512,0.00398679,12
9.59136,0.174332,-0.166665,-0.0565487,-0.49908,-2.23188,0.000120936,0.00398414,12
9.59536,0.173667,-0.184592,-0.0565487,-0.471882,-2.1973,0.000307534,0.00398473,15
9.59936,0.17278,-0.213724,-0.0534071,-0.440532,-2.14203,0.00036449,0.00395515,12
9.60336,0.171894,-0.233332,-0.0534071,-0.384748,-2.02587,0.000115085,0.00398645,12
9.60736,0.171007,-0.252939,-0.0502655,-0.33916,-1.90305,0.000611652,0.0039859,15
9.61136,0.169751,-0.270866,-0.0502655,-0.274021,-1.75511,0.000114022,0.00398629,12
9.61536,0.16879,-0.294956,-0.0502655,-0.214217,-1.6385,0.000114424,0.00398675,12
9.61936,0.167607,-0.308401,-0.0471239,-0.142129,-1.42038,0.000118421,0.00398547,12
9.62336,0.166351,-0.316244,-0.0408407,-0.0967265,-1.23116,0.000429662,0.00398619,15
9.62736,0.164947,-0.334171,-0.0408407,-0.0297445,-1.07796,0.000116307,0.00398473,12
9.63136,0.163765,-0.335852,-0.0376991,0.0413025,-0.832688,0.000113242,0.00398694,12
9.63536,0.16236,-0.344255,-0.0376991,0.110889,-0.6471,0.000121366,0.00398401,12
9.63936,0.16103,-0.347056,-0.0345575,0.173629,-0.430138,0.000304088,0.00398655,15
9.64336,0.159552,-0.353779,-0.0314159,0.234171,-0.230239,0.000115776,0.00398564,12
9.64736,0.158222,-0.355459,-0.0282743,0.297723,-0.00793694,0.000115065,0.00398696,12
9.65136,0.156818,-0.345936,-0.0251327,0.348593,0.204729,0.000562429,0.00398681,15
9.65536,0.155266,-0.33249,-0.0251327,0.415967,0.439569,0.000113522,0.00398672,12
9.65936,0.154084,-0.33249,-0.0219912,0.464654,0.621599,0.000113592,0.00398718,12
9.66336,0.152827,-0.321286,-0.0188496,0.492633,0.769737,0.00011816,0.00398604,12
9.66736,0.151571,-0.312883,-0.015708,0.519203,0.906407,0.000376072,0.0039865,15
9.67136,0.150315,-0.293275,-0.0125664,0.531615,1.02914,0.000114644,0.00398638,12
9.67536,0.149206,-0.277029,-0.0125664,0.562842,1.16293,0.000122969,0.00398569,12
9.67936,0.148171,-0.260782,-0.0125664,0.594305,1.29759,0.000628503,0.00398707,12
9.68336,0.147063,-0.242855,-0.00942478,0.609531,1.42482,0.000152715,0.00398638,9
9.68736,0.14625,-0.226609,-0.00942478,0.626056,1.51482,0.000116798,0.00398652,12
9.69136,0.145363,-0.210363,-0.00628319,0.629928,1.6039,0.000115305,0.00398678,12
9.69536,0.144624,-0.184592,-0.00628319,0.641349,1.70316,0.000420826,0.00398684,15
9.69936,0.143885,-0.161623,-0.00628319,0.639416,1.75485,0.000115476,0.00398636,12
9.70336,0.143294,-0.140335,-0.00314159,0.625392,1.80347,0.000114063,0.00398731,12
9.70736,0.142851,-0.120727,-0.00314159,0.600959,1.77916,0.00011774,0.0039862,12
9.71136,0.142407,-0.0977584,-0.00314159,0.580208,1.77463,0.00018224,0.0039837,15
9.71536,0.142112,-0.0719882,-0.00314159,0.545742,1.73618,0.000116637,0.00398613,12
9.71936,0.14189,-0.0428568,-0.00314159,0.514176,1.71532,0.000114193,0.00398691,12
9.72336,0.141742,-0.0266104,-0.00314159,0.492239,1.69054,0.0004071,0.00397808,15
9.72736,0.141668,-0.00532209,-0.00628319,0.479007,1.66773,0.000114113,0.00398629,12
9.73136,0.141668,0.0126049,-0.00628319,0.432038,1.57195,0.000113892,0.00398674,12
9.73536,0.141816,0.0271707,-0.00942478,0.395988,1.46337,0.000115866,0.00398673,12
9.73936,0.14189,0.0389353,-0.00942478,0.339429,1.3229,0.000216054,0.00398702,15
9.74336,0.142112,0.048459,-0.0125664,0.297833,1.18473,0.000115886,0.00398611,12
9.74736,0.142333,0.0602236,-0.0125664,0.242293,1.04766,0.000114964,0.00398677,12
9.75136,0.142629,0.07647,-0.015708,0.188782,0.890957,0.000489624,0.00398698,15
9.75536,0.142924,0.0781507,-0.015708,0.120383,0.689229,0.000114283,0.00398625,12
9.75936,0.143294,0.0826324,-0.015708,0.0406587,0.460652,0.000113973,0.00398652,12
9.76336,0.14359,0.0859937,-0.0188496,-0.0144976,0.265795,0.000121317,0.00398272,12
9.76736,0.143959,0.0927164,-0.0219912,-0.0624239,0.101602,0.000301032,0.00398621,15
9.77137,0.144329,0.0971981,-0.0251327,-0.108329,-0.0622518,0.000377164,0.00395565,12
9.77536,0.144698,0.0859937,-0.0251327,-0.16955,-0.275306,0.000121015,0.00398433,12
9.77936,0.145068,0.0809518,-0.0282743,-0.231938,-0.513492,0.000590091,0.00398575,15
9.78337,0.145437,0.0809518,-0.0282743,-0.29389,-0.699903,0.000114323,0.00398632,12
9.78736,0.145659,0.0697474,-0.0282743,-0.344754,-0.88198,0.000113973,0.00398667,12
9.79137,0.145881,0.058543,-0.0314159,-0.384331,-1.06742,0.000118962,0.00398558,12
9.79537,0.146102,0.0372546,-0.0345575,-0.401273,-1.21043,0.000406498,0.00398652,15
9.79937,0.14625,0.0176469,-0.0376991,-0.417124,-1.34598,0.00036491,0.00395618,12
9.80337,0.14625,0.00476187,-0.0376991,-0.432947,-1.42697,0.000143968,0.00398591,12
9.80737,0.14625,-0.0198878,-0.0376991,-0.441451,-1.51614,0.000115216,0.0039867,12
9.81137,0.146102,-0.0277309,-0.0376991,-0.458492,-1.58816,0.000299108,0.00398595,15
9.81537,0.145954,-0.0445375,-0.0408407,-0.457569,-1.66644,0.000116667,0.00398566,12
9.81937,0.145807,-0.0591032,-0.0408407,-0.45762,-1.70443,0.000368418,0.00395697,12
9.82337,0.145511,-0.0753496,-0.0408407,-0.457524,-1.74661,0.000522174,0.00398602,15
9.82737,0.145142,-0.0915959,-0.0408407,-0.457842,-1.79021,0.000118832,0.00398502,12
9.83137,0.144772,-0.109523,-0.0408407,-0.460817,-1.84617,0.000114914,0.00398675,12
9.83537,0.144255,-0.122408,-0.0408407,-0.44863,-1.84365,0.000113031,0.00398664,12
9.83937,0.143737,-0.145377,-0.0408407,-0.436917,-1.86852,0.00032149,0.003986,15
9.84337,0.143072,-0.159943,-0.0408407,-0.40912,-1.82348,0.000114213,0.00398619,12
9.84737,0.142407,-0.184592,-0.0408407,-0.381995,-1.80643,0.000113291,0.00398655,12
9.85137,0.141668,-0.189074,-0.0408407,-0.339968,-1.69258,0.000622692,0.00398584,15
9.85537,0.140781,-0.215404,-0.0408407,-0.300634,-1.64344,0.000126086,0.00398594,9
9.85937,0.139968,-0.226609,-0.0376991,-0.261108,-1.51714,0.000367526,0.00395729,12
9.86337,0.138934,-0.240054,-0.0376991,-0.219628,-1.42867,0.000125624,0.00398485,12
9.86737,0.138047,-0.25462,-0.0376991,-0.185164,-1.36396,0.000449409,0.00398707,15
9.87137,0.136938,-0.262463,-0.0376991,-0.145926,-1.268,0.000116538,0.00398613,12
9.87537,0.135978,-0.269186,-0.0345575,-0.113122,-1.15079,0.000119473,0.00398535,12
9.87937,0.134869,-0.282071,-0.0345575,-0.0649279,-1.04075,0.000118762,0.00398562,12
9.88337,0.133687,-0.290474,-0.0314159,-0.0335921,-0.93279,0.000308215,0.00398688,15
9.88737,0.132504,-0.301678,-0.0282743,0.00186765,-0.819583,0.000115084,0.00398577,12
9.89137,0.131322,-0.310082,-0.0282743,0.0405512,-0.726899,0.000115175,0.00398698,12
9.89537,0.13014,-0.30504,-0.0251327,0.059817,-0.620796,0.000559303,0.0039848,15
9.89937,0.128809,-0.298317,-0.0251327,0.0906731,-0.51314,0.000113903,0.00398605,12
9.90337,0.127701,-0.298317,-0.0251327,0.1325,-0.389156,0.000116528,0.00398661,12
9.90737,0.126518,-0.30504,-0.0219912,0.174933,-0.243338,0.000114934,0.00398669,12
9.91137,0.125336,-0.296636,-0.0219912,0.220154,-0.0876203,0.000356295,0.00398659,15
9.91537,0.12408,-0.294956,-0.0188496,0.249307,0.0395446,0.000115666,0.00398624,12
9.91937,0.122971,-0.288793,-0.015708,0.264155,0.135342,0.000126065,0.00397402,12
9.92337,0.121789,-0.285432,-0.015708,0.299211,0.247356,0.000630717,0.00398668,12
9.92737,0.120532,-0.278709,-0.015708,0.336458,0.374487,0.000125745,0.00398609,9
9.93137,0.119572,-0.274228,-0.0125664,0.359001,0.489535,0.000115295,0.00398609,12
9.93537,0.118463,-0.272547,-0.0125664,0.382977,0.563899,0.000139651,0.00398667,12
9.93937,0.117429,-0.260782,-0.0125664,0.404038,0.655584,0.000398664,0.00398672,15
9.94337,0.116394,-0.249578,-0.0125664,0.419102,0.727702,0.000120125,0.00398494,12
9.94737,0.115507,-0.236693,-0.0125664,0.426347,0.78084,0.000116818,0.00398658,12
9.95137,0.11462,-0.222127,-0.00942478,0.413222,0.814226,0.000114013,0.00398675,12
9.95537,0.113807,-0.202519,-0.00942478,0.400348,0.824039,0.00038564,0.00395767,15
9.95937,0.112921,-0.189074,-0.00942478,0.388006,0.81943,0.000195215,0.00395505,12
9.96337,0.112256,-0.174508,-0.00942478,0.377878,0.824879,0.000115065,0.00398675,12
9.96737,0.11159,-0.161623,-0.00942478,0.351305,0.776306,0.000425894,0.00398458,15
9.97137,0.110925,-0.147058,-0.00942478,0.3228,0.72622,0.000115075,0.00398625,12
9.97537,0.110408,-0.133612,-0.00942478,0.296147,0.679169,0.000116377,0.00398557,12
9.97937,0.109965,-0.124089,-0.00942478,0.276393,0.643028,0.000115926,0.00398679,12
9.98337,0.109521,-0.112884,-0.00942478,0.248102,0.585419,0.000174235,0.00398687,15
9.98737,0.109078,-0.0915959,-0.00942478,0.228871,0.581154,0.000120455,0.00398379,12
9.99137,0.108708,-0.086554,-0.00942478,0.203687,0.517224,0.000119483,0.00398583,12
9.99537,0.108413,-0.0770302,-0.00942478,0.168682,0.435321,0.000426897,0.00398689,15
9.99937,0.108117,-0.0635849,-0.0125664,0.152742,0.383651,0.000140201,0.00398617,12
10.0034,0.107895,-0.0574225,-0.0125664,0.119952,0.299943,0.000114614,0.00398658,12
10.0074,0.107674,-0.0456579,-0.0125664,0.0886073,0.235031,0.000117229,0.00398634,12
10.0114,0.107526,-0.0394955,-0.0125664,0.0655775,0.180982,0.000201677,0.00398626,15
10.0154,0.107452,-0.0327729,-0.015708,0.0485383,0.109163,0.000115807,0.00398577,12
10.0194,0.107378,-0.0215685,-0.015708,0.0355863,0.0987119,0.000113672,0.00398662,12
10.0234,0.107304,-0.0148458,-0.0188496,0.0250985,0.0466907,0.000489153,0.00398403,15
10.0311,0.10723,-0.00700275,-0.0219912,0.00583871,-0.0289537,0.000580063,0.000729722,36
10.0351,0.107304,0.00476187,-0.0219912,-0.0238159,-0.0881146,0.00043977,0.00394694,0
10.0391,0.107304,0.00476187,-0.0251327,-0.0440269,-0.186668,0.000754197,0.00395344,15
10.0431,0.107304,-0.00532209,-0.0251327,-0.0888868,-0.348199,0.000377805,0.00395375,12
10.0471,0.107304,-0.00196077,-0.0251327,-0.139398,-0.492187,0.000132918,0.00398485,12
10.0511,0.107304,-0.00028011,-0.0282743,-0.177124,-0.639341,0.000125023,0.00398412,12
10.0551,0.107304,-0.00196077,-0.0282743,-0.216096,-0.761443,0.00031052,0.00398422,15
10.0591,0.10723,-0.00868341,-0.0314159,-0.237318,-0.880523,0.000121076,0.00398457,12
10.0631,0.10723,-0.00532209,-0.0345575,-0.264155,-0.990444,0.000123541,0.00398547,12
10.0671,0.10723,-0.0131652,-0.0345575,-0.299211,-1.11658,0.000668468,0.00398321,15
10.0711,0.107156,-0.0215685,-0.0376991,-0.324469,-1.25218,0.000145552,0.00398107,9
10.0751,0.107083,-0.0249298,-0.0376991,-0.354943,-1.35309,0.000120695,0.00398534,12
10.0791,0.106935,-0.0378148,-0.0376991,-0.385167,-1.47793,0.000124172,0.00398491,12
10.0831,0.106713,-0.0456579,-0.0408407,-0.398947,-1.57772,0.000528747,0.00398551,15
10.0871,0.106491,-0.0624645,-0.0408407,-0.413258,-1.66473,0.000119553,0.00398519,12
10.0911,0.10627,-0.0753496,-0.0408407,-0.424736,-1.73308,0.000124062,0.00398514,12
10.0951,0.1059,-0.0915959,-0.0408407,-0.43142,-1.79592,0.00011782,0.00398584,12
10.0991,0.105531,-0.10112,-0.0439823,-0.420759,-1.82651,0.000276455,0.00398459,15
10.1031,0.105013,-0.119047,-0.0439823,-0.413515,-1.8519,0.000133189,0.00398537,12
10.1071,0.10457,-0.133612,-0.0471239,-0.398258,-1.88175,0.000125364,0.00398314,12
10.1111,0.103979,-0.151539,-0.0471239,-0.37527,-1.85973,0.000556218,0.00398571,15
10.1151,0.10324,-0.164985,-0.0471239,-0.356539,-1.83936,0.000130454,0.00398466,12
10.1191,0.102722,-0.172828,-0.0471239,-0.343608,-1.8216,0.000151603,0.00397674,12
10.1231,0.101909,-0.200839,-0.0471239,-0.339559,-1.88326,0.000119903,0.00398566,12
10.1271,0.101097,-0.210363,-0.0471239,-0.327277,-1.87244,0.000365673,0.00395778,15
10.1311,0.100136,-0.226609,-0.0471239,-0.322956,-1.90331,0.000155551,0.0039788,12
10.1351,0.099249,-0.244536,-0.0471239,-0.31046,-1.91365,0.000159888,0.00398331,12
10.1391,0.0982144,-0.259102,-0.0439823,-0.297072,-1.87547,0.000617453,0.00398406,15
10.1431,0.097032,-0.277029,-0.0439823,-0.279207,-1.87022,0.000118902,0.00398446,12
10.1471,0.0959974,-0.298317,-0.0439823,-0.24227,-1.81567,0.000121136,0.00398539,12
10.1511,0.094741,-0.317925,-0.0408407,-0.216408,-1.75327,0.00011807,0.00398594,12
10.1551,0.0934847,-0.337532,-0.0408407,-0.188708,-1.72279,0.000432166,0.00398567,15
10.1591,0.0920067,-0.348737,-0.0408407,-0.146962,-1.62871,0.000118942,0.00398566,12
10.1631,0.0906765,-0.366664,-0.0376991,-0.123417,-1.56914,0.000118641,0.00398617,12
10.1671,0.0891985,-0.38179,-0.0376991,-0.085242,-1.49595,0.00012343,0.00398521,12
10.1711,0.0876466,-0.392994,-0.0376991,-0.031795,-1.36667,0.000257651,0.00398571,15
10.1751,0.0859468,-0.405879,-0.0345575,0.00551699,-1.25332,0.000137738,0.00398139,12
10.1791,0.0843949,-0.414283,-0.0314159,0.0487975,-1.11007,0.000118291,0.00398614,12
10.1831,0.0826952,-0.425487,-0.0282743,0.0865589,-0.991038,0.000577327,0.00398603,15
10.1871,0.0807738,-0.435011,-0.0251327,0.117761,-0.887981,0.000119453,0.00398583,12
10.1911,0.0792218,-0.448456,-0.0251327,0.173694,-0.756959,0.000118251,0.00398612,12
10.1951,0.0774482,-0.456299,-0.0251327,0.232696,-0.60272,0.00012296,0.00398536,12
10.1991,0.0756007,-0.513441,-0.0188496,0.261818,-0.590928,0.000452304,0.00398536,15
10.2031,0.0736793,-0.454618,-0.015708,0.280641,-0.349291,0.000142465,0.0039851,12
10.2071,0.0719795,-0.451817,-0.015708,0.319893,-0.227166,0.00011774,0.00398548,12
10.2111,0.0702059,-0.456299,-0.0125664,0.345924,-0.12643,0.00012317,0.0039851,12
10.2151,0.0684323,-0.446775,-0.0125664,0.391987,0.033426,0.000179495,0.00398584,15
10.2191,0.0665848,-0.450137,-0.00942478,0.427234,0.164735,0.000130243,0.00398124,12
10.2231,0.0648111,-0.443414,-0.00628319,0.454269,0.297357,0.000124052,0.00398429,12
10.2271,0.0630375,-0.438372,-0.00314159,0.475558,0.408283,0.000518007,0.00398495,15
10.2311,0.0611161,-0.428848,-0.00314159,0.505553,0.519261,0.00013932,0.00397982,12
10.2351,0.0595642,-0.427168,-0,0.526938,0.622308,0.000125684,0.00397941,12
10.2391,0.0579384,-0.417084,-0,0.55627,0.733369,0.000548384,0.00398329,15
10.2431,0.0561647,-0.396356,0.00314159,0.578475,0.887456,0.000134982,0.00398414,13
10.2471,0.0547606,-0.391314,0.00314159,0.590751,0.934473,0.000124002,0.00398573,14
10.2511,0.0532087,-0.378428,0.00628319,0.590573,1.00121,0.000124552,0.00398567,14
10.2551,0.0518046,-0.35714,0.00942478,0.585452,1.07497,0.000416568,0.00398566,20
10.2591,0.0502527,-0.335852,0.00942478,0.573567,1.09048,0.000132507,0.00398288,14
10.2631,0.0490702,-0.311202,0.00942478,0.565503,1.12701,0.000163185,0.00398586,14
10.2671,0.0478878,-0.301678,0.00942478,0.562103,1.13868,0.000125434,0.00398364,14
10.2711,0.0467054,-0.285432,0.0125664,0.532719,1.12661,0.000313605,0.00398508,20
10.2751,0.0455969,-0.262463,0.0125664,0.512625,1.12262,0.000121507,0.0039845,14
10.2791,0.0446362,-0.246217,0.0125664,0.505603,1.14114,0.000122889,0.00398514,14
10.2831,0.0436755,-0.231651,0.0125664,0.495941,1.14735,0.000666824,0.00398579,17
10.2871,0.0427148,-0.213724,0.0125664,0.480192,1.14382,0.000200284,0.00398493,13
10.2911,0.0419758,-0.195797,0.0125664,0.455052,1.1124,0.000121807,0.00398552,14
10.2951,0.0412367,-0.184592,0.0125664,0.417216,1.0253,0.000121748,0.0039854,14
10.2991,0.0405716,-0.169466,0.0125664,0.384979,0.96538,0.000547141,0.00397751,17
10.3031,0.0398326,-0.142016,0.0125664,0.366332,0.978103,0.000118561,0.00398556,14
10.3071,0.0393892,-0.12745,0.00942478,0.339452,0.895935,0.000121186,0.00398582,14
10.3111,0.0388719,-0.117366,0.00942478,0.294083,0.783671,0.000119162,0.00398627,14
10.3151,0.0385024,-0.0977584,0.00942478,0.250766,0.702452,0.00051447,0.00398511,20
10.3191,0.038059,-0.0831926,0.00942478,0.19743,0.577812,0.00013385,0.00397451,14
10.3231,0.0377634,-0.0753496,0.00628319,0.166884,0.467577,0.000119974,0.00398531,14
10.3271,0.0375417,-0.0635849,0.00314159,0.139267,0.376453,0.000129752,0.00398588,14
10.3311,0.03732,-0.0523805,0.00314159,0.0954196,0.272314,0.000361084,0.00397361,20
10.3351,0.0370983,-0.0456579,-0,0.0485102,0.109906,0.000136665,0.00397736,13
10.3391,0.0369505,-0.0310922,-0,-0,0.000493871,0.000124693,0.00398507,12
10.3431,0.0368766,-0.0327729,-0,-0.0604992,-0.186821,0.000367005,0.00398479,15
10.3471,0.0367288,-0.0249298,-0.00314159,-0.0994777,-0.322216,0.000122358,0.00398505,12
10.3511,0.0366549,-0.0182071,-0.00314159,-0.149066,-0.45492,0.000118561,0.00398602,12
10.3551,0.036581,-0.0114845,-0.00628319,-0.176034,-0.556745,0.000630276,0.00398531,15
10.3591,0.036581,-0.0114845,-0.00942478,-0.201084,-0.669922,0.000147034,0.00398546,9
10.3631,0.0365071,-0.0114845,-0.0125664,-0.23349,-0.80549,0.000120214,0.0039849,12
10.3671,0.0364332,-0.0198878,-0.0125664,-0.273613,-0.948539,0.00011806,0.00398601,12
10.3712,0.0363593,-0.0232491,-0.015708,-0.301054,-1.07776,0.000514881,0.00398562,15
10.3751,0.0362854,-0.0266104,-0.015708,-0.328304,-1.16892,0.000121757,0.00398484,12
10.3791,0.0361376,-0.0378148,-0.015708,-0.368974,-1.321,0.000125053,0.00398395,12
10.3832,0.0359898,-0.0394955,-0.0188496,-0.394041,-1.43888,0.000129983,0.00398427,12
10.3871,0.035842,-0.0523805,-0.0219912,-0.40765,-1.55098,0.000212727,0.00398579,15
10.3912,0.0356203,-0.0607838,-0.0251327,-0.413528,-1.62834,0.000122548,0.00398508,12
10.3952,0.0353247,-0.0736689,-0.0251327,-0.427108,-1.7032,0.000159268,0.00398533,12
10.3991,0.0350291,-0.086554,-0.0251327,-0.443765,-1.78736,0.000515913,0.00398534,15
10.4032,0.0345857,-0.1028,-0.0282743,-0.448567,-1.88215,0.000132938,0.0039851,12
10.4072,0.0342162,-0.117366,-0.0282743,-0.460171,-1.95553,0.000120074,0.00398578,12
10.4112,0.0336988,-0.130811,-0.0282743,-0.477316,-2.04309,0.000120855,0.00398563,12
10.4152,0.0331076,-0.148738,-0.0282743,-0.478822,-2.09509,0.00032688,0.00398632,15
10.4192,0.0324425,-0.174508,-0.0282743,-0.477096,-2.15768,0.000121367,0.00398547,12
10.4232,0.0317774,-0.189074,-0.0282743,-0.474242,-2.18801,0.000119964,0.00398579,12
10.4272,0.0309645,-0.205321,-0.0282743,-0.474045,-2.23102,0.00061609,0.00398605,15
10.4312,0.0300038,-0.231651,-0.0282743,-0.460229,-2.25916,0.000121958,0.0039846,12
10.4352,0.029117,-0.252939,-0.0282743,-0.428227,-2.21921,0.000118001,0.00398571,12
10.4392,0.0280824,-0.272547,-0.0282743,-0.394794,-2.17092,0.000126266,0.00398406,12
10.4432,0.0269739,-0.296636,-0.0282743,-0.344357,-2.08294,0.00040766,0.00398558,15
10.4472,0.0256436,-0.317925,-0.0282743,-0.29451,-1.99002,0.000120275,0.00398568,12
10.4512,0.0243873,-0.337532,-0.0282743,-0.252122,-1.91516,0.000119623,0.00398602,12
10.4552,0.023131,-0.22829,-0.0282743,-0.203581,-1.48991,0.000131886,0.00398168,12
10.4592,0.0215791,-0.370025,-0.0251327,-0.180294,-1.75041,0.000248403,0.00398392,15
10.4632,0.0200272,-0.38291,-0.0251327,-0.149149,-1.69285,0.000119333,0.00398512,12
10.4672,0.0185491,-0.387952,-0.0251327,-0.109786,-1.5901,0.000125003,0.00398506,12
10.4712,0.0169972,-0.40756,-0.0219912,-0.0727099,-1.49445,0.00051964,0.00398527,15
10.4752,0.0151497,-0.420445,-0.0188496,-0.0489878,-1.4225,0.000128028,0.00398345,12
10.4792,0.0135978,-0.430529,-0.015708,-0.0181982,-1.32132,0.000122368,0.00398091,12
10.4832,0.0118242,-0.450137,-0.015708,0.0181982,-1.26569,0.000120735,0.00398566,12
10.4872,0.0100505,-0.45966,-0.0125664,0.0369989,-1.19979,0.00031075,0.00398505,15
10.4912,0.00812911,-0.468064,-0.0125664,0.0686518,-1.12996,0.000116347,0.00398535,12
10.4952,0.00628158,-0.479268,-0.00942478,0.0999875,-1.03067,0.000121376,0.00398559,12
10.4992,0.00436016,-0.487671,-0.00314159,0.128011,-0.896858,0.000599689,0.00398583,15
10.5032,0.00214313,-0.493834,-0.00314159,0.172581,-0.782867,0.000119743,0.00398523,12
10.5072,0.000443407,-0.500556,-0,0.211058,-0.650131,0.000120294,0.00398561,12
10.5112,-0.00162582,-0.51008,-0,0.275431,-0.484633,0.000119082,0.00398615,12
10.5152,-0.00362115,-0.497195,0.00314159,0.333311,-0.243416,0.000183532,0.00398475,19
10.5192,-0.00569037,-0.513441,0.00628319,0.385481,-0.0946279,0.000119793,0.00397834,14
10.5232,-0.0076857,-0.503918,0.00942478,0.432303,0.104514,0.000125844,0.00398414,14
10.5272,-0.00975493,-0.497195,0.0125664,0.473857,0.280365,0.000586355,0.00398543,17
10.5312,-0.0118981,-0.495514,0.0125664,0.522073,0.425728,0.000122849,0.00398543,13
10.5352,-0.0135978,-0.480949,0.015708,0.556973,0.602472,0.000129381,0.00398573,14
10.5392,-0.0155192,-0.479268,0.0188496,0.58032,0.710641,0.000120164,0.00398577,14
10.5432,-0.0173667,-0.461341,0.0219912,0.594017,0.831644,0.000529788,0.00398489,17
10.5472,-0.0192882,-0.440053,0.0251327,0.600249,0.938579,0.000121657,0.00398466,14
10.5512,-0.020914,-0.438372,0.0251327,0.613608,0.979733,0.000122608,0.00398541,14
10.5552,-0.0225398,-0.410921,0.0251327,0.629328,1.09438,0.000121356,0.00398592,14
10.5592,-0.0241656,-0.392994,0.0282743,0.633038,1.18568,0.000506845,0.00398536,20
10.5632,-0.0258653,-0.376748,0.0314159,0.632669,1.26017,0.000121657,0.00397495,14
10.5672,-0.0271956,-0.368344,0.0345575,0.61511,1.26333,0.000120816,0.0039856,14
10.5712,-0.0285997,-0.344255,0.0345575,0.611849,1.31244,0.000133029,0.00398182,14
10.5752,-0.029856,-0.275348,0.0345575,0.623307,1.52176,0.00038565,0.0039858,20
10.5792,-0.0311862,-0.294956,0.0376991,0.618837,1.49234,0.000127468,0.00398378,14
10.5832,-0.0322208,-0.270866,0.0376991,0.612391,1.53263,0.000120855,0.0039854,14
10.5872,-0.0332554,-0.247897,0.0376991,0.596877,1.54264,0.000132237,0.00398597,14
10.5912,-0.0341422,-0.22829,0.0376991,0.587509,1.56288,0.000381081,0.00398568,20
10.5952,-0.035103,-0.2042,0.0376991,0.568153,1.56433,0.000119653,0.00398574,14
10.5992,-0.0357681,-0.181231,0.0376991,0.556824,1.58778,0.000125264,0.00398539,14
10.6032,-0.0365071,-0.159943,0.0376991,0.540051,1.5903,0.000715345,0.00398562,14
10.6072,-0.0371722,-0.138654,0.0376991,0.494888,1.50719,0.000263912,0.0039851,13
10.6112,-0.0375417,-0.117366,0.0345575,0.464032,1.43048,0.000121296,0.00398556,14
10.6152,-0.0379851,-0.0915959,0.0345575,0.41437,1.34579,0.000122569,0.00398464,14
10.6192,-0.0382807,-0.0719882,0.0345575,0.367985,1.25546,0.000633422,0.00398555,17
10.6232,-0.0385024,-0.0428568,0.0314159,0.326757,1.16792,0.000194473,0.00398525,13
10.6272,-0.0386502,-0.0310922,0.0282743,0.284216,1.03186,0.000121768,0.00398557,14
10.6312,-0.0387241,-0.0148458,0.0282743,0.223025,0.888614,0.000130694,0.00398483,14
10.6352,-0.038798,-0.00028011,0.0251327,0.158595,0.693777,0.000593377,0.00398433,17
10.6392,-0.0387241,0.00924363,0.0251327,0.0950503,0.526432,0.000146263,0.00398404,13
10.6432,-0.0387241,0.0109243,0.0219912,0.0370761,0.318087,0.000120495,0.00398497,14
10.6472,-0.0386502,0.0142856,0.0219912,-0.0319649,0.118264,0.000123991,0.00398535,14
10.6512,-0.0385763,0.0142856,0.0188496,-0.0966607,-0.11456,0.000537944,0.00398585,17
10.6552,-0.0385024,0.0159663,0.015708,-0.163341,-0.349054,0.000153136,0.00398513,14
10.6592,-0.0385024,0.00924363,0.0125664,-0.216874,-0.565616,0.000121006,0.00398589,14
10.6632,-0.0384285,0.0126049,0.0125664,-0.264705,-0.701343,0.000124682,0.00398444,14
10.6672,-0.0384285,0.0109243,0.00942478,-0.302849,-0.858417,0.000499592,0.00398529,17
10.6712,-0.0384285,-0.00980385,0.00942478,-0.349766,-1.05357,0.000120094,0.00398551,14
10.6752,-0.0384285,-0.0114845,0.00942478,-0.404977,-1.22474,0.000124813,0.00398456,14
10.6792,-0.0385024,-0.0148458,0.00628319,-0.437213,-1.36846,0.000118892,0.00398591,14
10.6832,-0.0385763,-0.0215685,0.00314159,-0.44824,-1.45672,0.000390248,0.00398554,20
10.6872,-0.0387241,-0.0327729,0.00314159,-0.472989,-1.56069,0.000122068,0.00398526,14
10.6912,-0.0388719,-0.0456579,-0,-0.482298,-1.6598,0.000120075,0.00398581,12
10.6952,-0.0390936,-0.0591032,-0,-0.49244,-1.72555,0.000513628,0.00398564,15
10.6992,-0.0393892,-0.0703076,-0,-0.499633,-1.77678,0.000117769,0.00398522,12
10.7032,-0.0396848,-0.086554,-0,-0.501772,-1.82573,0.000120445,0.00398557,12
10.7072,-0.0400543,-0.099439,-0.00314159,-0.486449,-1.85088,0.000563972,0.00398336,15
10.7112,-0.0405716,-0.122408,-0.00314159,-0.474845,-1.87608,0.000125624,0.00398416,12
10.7152,-0.041015,-0.136974,-0.00314159,-0.468221,-1.89454,0.000120054,0.00397514,12
10.7192,-0.0415323,-0.147058,-0.00314159,-0.447919,-1.86028,0.000119553,0.00398554,12
10.7232,-0.0421975,-0.166665,-0.00314159,-0.428872,-1.85466,0.000292246,0.00398539,15
10.7272,-0.0429365,-0.186273,-0.00314159,-0.415705,-1.86697,0.000119132,0.00398538,12
10.7312,-0.0436755,-0.194116,-0.00314159,-0.392985,-1.82012,0.0001234,0.00398502,12
10.7352,-0.0444884,-0.207001,-0.00314159,-0.356985,-1.74628,0.00050881,0.00398602,15
10.7392,-0.0454491,-0.231651,-0.00314159,-0.325301,-1.7161,0.000119984,0.00398568,12
10.7432,-0.046262,-0.240054,-0.00314159,-0.2832,-1.61228,0.000120064,0.0039855,12
10.7472,-0.0472966,-0.262463,-0.00314159,-0.249119,-1.56925,0.000119102,0.00398595,12
10.7512,-0.0483312,-0.269186,-0.00314159,-0.209025,-1.46765,0.000239217,0.00398414,15
10.7552,-0.0494397,-0.272547,-0.00314159,-0.181916,-1.3968,0.000118641,0.00398567,12
10.7592,-0.0506222,-0.290474,-0,-0.166168,-1.36047,0.000121487,0.00398525,12
10.7632,-0.0518046,-0.308401,-0,-0.139398,-1.32831,0.000283209,0.00398586,15
10.7672,-0.0530609,-0.321286,-0,-0.0998424,-1.24469,0.000121526,0.00398485,12
10.7712,-0.0543172,-0.329129,0.00314159,-0.0782075,-1.16477,0.000122929,0.00398385,13
10.7752,-0.0556474,-0.335852,0.00314159,-0.0401203,-1.06988,0.000495355,0.00398521,17
10.7792,-0.0571255,-0.340894,0.00628319,-0.0171281,-0.97913,0.000130263,0.00398344,14
10.7832,-0.0583818,-0.352098,0.00942478,-0.00914974,-0.949132,0.000117119,0.00398588,14
10.7872,-0.0597859,-0.347056,0.00942478,0.0156647,-0.864222,0.000149369,0.00398554,14
10.7912,-0.06119,-0.358821,0.0125664,0.0454073,-0.770219,0.000387002,0.00398616,20
10.7952,-0.0627419,-0.362182,0.0125664,0.0804398,-0.676391,0.000131285,0.00398516,14
10.7992,-0.0640721,-0.362182,0.0125664,0.133533,-0.518845,0.000135623,0.0039858,14
10.8032,-0.0655502,-0.366664,0.015708,0.174121,-0.373475,0.000121767,0.00398561,14
10.8072,-0.0670282,-0.364983,0.0188496,0.204107,-0.244275,0.000313325,0.00398481,20
10.8112,-0.0685801,-0.364983,0.0219912,0.224274,-0.14924,0.000119984,0.00398511,14
10.8152,-0.0699103,-0.362182,0.0219912,0.268152,-0.0123272,0.00012294,0.00398545,14
10.8192,-0.0713883,-0.360501,0.0251327,0.304757,0.136872,0.000685529,0.0039858,17
10.8232,-0.0730142,-0.353779,0.0251327,0.348119,0.281678,0.000303647,0.00398484,13
10.8272,-0.0742705,-0.352098,0.0251327,0.391792,0.415244,0.000443648,0.00395412,14
10.8312,-0.0756746,-0.334171,0.0282743,0.4186,0.576832,0.000381441,0.00395107,14
10.8352,-0.0770048,-0.329129,0.0314159,0.432548,0.666544,0.000650654,0.00398061,17
10.8392,-0.078335,-0.321286,0.0345575,0.437223,0.735444,0.000222085,0.00398608,13
10.8432,-0.0794435,-0.303359,0.0345575,0.447919,0.811511,0.000124622,0.00398476,14
10.8472,-0.080626,-0.294956,0.0345575,0.459869,0.866685,0.000202118,0.00398128,14
10.8512,-0.0817345,-0.283751,0.0376991,0.458002,0.924952,0.000600831,0.00398523,17
10.8552,-0.0829169,-0.242855,0.0376991,0.460834,1.03624,0.000127739,0.00398335,13
10.8592,-0.0838037,-0.238374,0.0376991,0.466965,1.06437,0.000117209,0.00398619,14
10.8632,-0.0847644,-0.224928,0.0376991,0.476815,1.12666,0.000126065,0.00398441,14
10.8672,-0.0855773,-0.205321,0.0376991,0.470884,1.15746,0.000495535,0.00398617,17
10.8712,-0.0864641,-0.190755,0.0376991,0.463264,1.17001,0.000129592,0.00398347,14
10.8752,-0.0871292,-0.171147,0.0376991,0.457741,1.20235,0.000136144,0.00398437,14
10.8792,-0.0877205,-0.159943,0.0376991,0.438037,1.17037,0.00011778,0.00398612,14
10.8832,-0.0883116,-0.138654,0.0376991,0.42133,1.17341,0.000502437,0.00397864,20
10.8872,-0.0889029,-0.119047,0.0376991,0.392604,1.1358,0.000118471,0.00398532,14
10.8912,-0.0892724,-0.1028,0.0376991,0.348415,1.04329,0.000126886,0.00398439,14
10.8952,-0.0896419,-0.0882346,0.0376991,0.306499,0.953322,0.000119232,0.00398568,14
10.8992,-0.0900114,-0.0753496,0.0376991,0.252122,0.821369,0.000366234,0.00398414,20
10.9032,-0.0902331,-0.0540612,0.0376991,0.203581,0.729013,0.000218417,0.00398075,14
10.9072,-0.0904548,-0.0378148,0.0376991,0.168305,0.66376,0.000122489,0.00398428,14
10.9112,-0.0905287,-0.0327729,0.0376991,0.133102,0.570201,0.000126686,0.00397537,14
10.9152,-0.0906765,-0.0215685,0.0345575,0.107918,0.485149,0.00031621,0.00398009,20
10.9192,-0.0906765,-0.0114845,0.0345575,0.069809,0.39595,0.000172252,0.00397464,14
10.9232,-0.0906765,-0.00028011,0.0345575,0.0380517,0.328831,0.000124923,0.00398435,14
10.9272,-0.0906765,0.00476187,0.0314159,0.0107433,0.221812,0.00071229,0.00397553,17
10.9312,-0.0906765,-0.00028011,0.0282743,-0.00161034,0.134021,0.000253403,0.00397994,13
10.9352,-0.0906765,-0.00196077,0.0282743,-0.0103785,0.103196,0.000172812,0.00397188,14
10.9392,-0.0906765,-0.00196077,0.0282743,-0.0267904,0.0535997,0.000215291,0.00395735,14
10.9432,-0.0906765,-0.00028011,0.0251327,-0.0399193,-0.0192244,0.000649382,0.00397957,17
10.9472,-0.0906765,-0.00028011,0.0251327,-0.07271,-0.118317,0.000183433,0.00398172,13
10.9512,-0.0906765,-0.00196077,0.0251327,-0.106865,-0.225861,0.000257641,0.00396901,14
10.9552,-0.0906765,-0.00028011,0.0219912,-0.12451,-0.312331,0.000186458,0.00396843,14
10.9592,-0.0906765,0.00140055,0.0219912,-0.161838,-0.420808,0.000556419,0.00398518,17
10.9632,-0.0906765,-0.00532209,0.0219912,-0.202095,-0.559774,0.000123821,0.00398431,14
10.9672,-0.0906765,-0.00364143,0.0219912,-0.241217,-0.673671,0.000125343,0.0039844,14
10.9712,-0.0906765,-0.00700275,0.0188496,-0.263849,-0.788197,0.000130474,0.00398635,14
10.9752,-0.0907504,-0.00868341,0.015708,-0.27526,-0.864646,0.000491277,0.00398478,17
10.9792,-0.0908243,-0.0165265,0.015708,-0.291725,-0.934759,0.00012854,0.0039867,14
10.9832,-0.0908243,-0.0232491,0.015708,-0.308759,-1.00354,0.000150451,0.00398635,14
10.9872,-0.0909721,-0.0266104,0.015708,-0.322856,-1.05512,0.000130875,0.00398516,14
10.9912,-0.0911199,-0.0411762,0.0125664,-0.319506,-1.1203,0.000354031,0.00398678,20
10.9952,-0.0912677,-0.0378148,0.0125664,-0.317085,-1.10465,0.000118431,0.0039849,14
10.9992,-0.0914894,-0.0540612,0.0125664,-0.313352,-1.13569,0.000122499,0.00398639,14
11.0032,-0.0917111,-0.0624645,0.0125664,-0.307184,-1.13917,0.00070759,0.00398608,14
11.0072,-0.0920067,-0.0686269,0.0125664,-0.298582,-1.12969,0.000256679,0.00398637,13
11.0112,-0.0922284,-0.0753496,0.0125664,-0.288668,-1.11752,0.000124002,0.00398589,14
11.0152,-0.092524,-0.0787109,0.0125664,-0.279683,-1.09967,0.000119603,0.00398613,14
11.0192,-0.0928935,-0.0882346,0.00942478,-0.263004,-1.11207,0.000617382,0.00398679,17
11.0232,-0.093263,-0.0949573,0.00942478,-0.241293,-1.06458,0.000140062,0.00398587,13
11.0272,-0.0936325,-0.1028,0.00942478,-0.228501,-1.04692,0.0001288,0.00397382,14
11.0312,-0.0940759,-0.107842,0.00942478,-0.227713,-1.05849,0.000118711,0.0039862,14
11.0352,-0.0945193,-0.117366,0.00942478,-0.221392,-1.06488,0.000498019,0.00398619,17
11.0392,-0.0950366,-0.124089,0.0125664,-0.215137,-1.02694,0.000118542,0.00398589,14
11.0432,-0.09548,-0.12745,0.0125664,-0.203401,-1.0011,0.000116537,0.00398685,14
11.0472,-0.0959974,-0.136974,0.0125664,-0.19109,-0.989544,0.000143097,0.00398619,14
11.0512,-0.0965886,-0.147058,0.0125664,-0.162069,-0.929097,0.00039698,0.00398635,20
11.0552,-0.0971798,-0.151539,0.0125664,-0.132672,-0.853088,0.000132357,0.00398595,14
11.0592,-0.097771,-0.159943,0.0125664,-0.107804,-0.800866,0.00014486,0.0039783,14
11.0632,-0.0984361,-0.164985,0.0125664,-0.0711911,-0.704656,0.000122529,0.00398439,14
11.0672,-0.0990273,-0.164985,0.0125664,-0.0388868,-0.608323,0.000275434,0.00398655,20
11.0712,-0.0997663,-0.169466,0.0125664,-0.0153766,-0.550427,0.000119463,0.00398618,14
11.0752,-0.100358,-0.166665,0.0125664,-0.0055664,-0.514857,0.000116307,0.00398674,14
11.0792,-0.101023,-0.164985,0.015708,-0.00502982,-0.472881,0.000654051,0.00398505,17
11.0832,-0.101762,-0.163304,0.015708,0.0121214,-0.418334,0.000185737,0.00398574,13
11.0872,-0.102353,-0.163304,0.015708,0.0301137,-0.365251,0.000129742,0.00398538,14
11.0912,-0.103018,-0.159943,0.015708,0.0451624,-0.312569,0.000118811,0.00398616,14
11.0952,-0.103609,-0.154901,0.0188496,0.0414939,-0.274485,0.000528797,0.00398632,17
11.0992,-0.104348,-0.158262,0.0188496,0.0569853,-0.237937,0.000117018,0.0039864,14
11.1032,-0.104865,-0.15322,0.0219912,0.0641545,-0.16694,0.000121427,0.00397678,14
11.1072,-0.105457,-0.151539,0.0219912,0.0796971,-0.116932,0.000116818,0.00398624,14
11.1112,-0.106048,-0.147058,0.0219912,0.0989877,-0.0483848,0.000480287,0.00398677,20
11.1152,-0.106713,-0.143696,0.0219912,0.117821,0.0157341,0.000132277,0.00398618,14
11.1192,-0.10723,-0.148738,0.0219912,0.132413,0.0457184,0.000119042,0.00398612,14
11.1232,-0.107748,-0.130811,0.0219912,0.139398,0.111862,0.000130163,0.00398637,14
11.1272,-0.108339,-0.130811,0.0219912,0.157576,0.165506,0.000344142,0.00398505,20
11.1312,-0.108856,-0.124089,0.0251327,0.162407,0.233766,0.000120806,0.00398504,14
11.1352,-0.1093,-0.115685,0.0251327,0.173813,0.288903,0.000121918,0.00398447,14
11.1392,-0.109595,-0.0977584,0.0251327,0.19067,0.385362,0.000705938,0.0039854,14
11.1432,-0.110186,-0.0949573,0.0251327,0.212559,0.457434,0.000254866,0.00398613,13
11.1472,-0.110482,-0.086554,0.0251327,0.218018,0.494924,0.000115515,0.00398634,14
11.1512,-0.110851,-0.0798313,0.0251327,0.218055,0.51154,0.000130834,0.00398611,14
11.1552,-0.111073,-0.0686269,0.0251327,0.212249,0.522362,0.000625007,0.00398675,17
11.1592,-0.111369,-0.0506999,0.0251327,0.20074,0.533101,0.000156562,0.00398653,13
11.1632,-0.111517,-0.0445375,0.0251327,0.18423,0.498753,0.000115776,0.00398678,14
11.1672,-0.111664,-0.0344535,0.0251327,0.163979,0.4632,0.000127238,0.00398635,14
11.1712,-0.111812,-0.0277309,0.0251327,0.141811,0.413196,0.000537664,0.0039867,17
11.1752,-0.111886,-0.0182071,0.0251327,0.120107,0.371971,0.000123851,0.00398273,14
11.1792,-0.111886,-0.00700275,0.0251327,0.101813,0.345535,0.000144049,0.00398655,14
11.1832,-0.11196,-0.00364143,0.0219912,0.10242,0.318387,0.000116557,0.00398657,14
11.1872,-0.111886,0.00308121,0.0219912,0.0843315,0.281197,0.000473965,0.00398663,20
11.1912,-0.111886,0.00308121,0.0219912,0.0638828,0.219402,0.000119563,0.00398523,14
11.1952,-0.111886,0.00476187,0.0219912,0.0456991,0.168779,0.000141053,0.00397313,14
11.1992,-0.111886,-0.00028011,0.0219912,0.0346863,0.122516,0.000131956,0.00398637,14
11.2032,-0.111886,-0.00028011,0.0188496,0.0262779,0.0596295,0.00035335,0.0039859,20
11.2072,-0.111886,0.00308121,0.0188496,0.0160472,0.037368,0.000123791,0.00398613,14
11.2112,-0.111886,0.00644253,0.0188496,-0.0124213,-0.0400075,0.000116227,0.00398663,14
11.2152,-0.111886,0.00140055,0.015708,-0.0317854,-0.148985,0.000720425,0.00398669,14
11.2192,-0.111886,0.00140055,0.015708,-0.0587409,-0.230443,0.000249305,0.00398455,13
11.2232,-0.111886,-0.00028011,0.015708,-0.0885221,-0.324769,0.000116848,0.00398628,14
11.2272,-0.111886,-0.00532209,0.015708,-0.116643,-0.422733,0.000119102,0.0039867,14
11.2312,-0.111886,-0.00028011,0.015708,-0.1389,-0.477009,0.00057322,0.00398659,17
11.2352,-0.111886,-0.00196077,0.015708,-0.151367,-0.51901,0.000117149,0.00398566,14
11.2392,-0.111886,-0.00532209,0.015708,-0.172141,-0.590445,0.000115856,0.00398615,14
11.2432,-0.11196,-0.00196077,0.0125664,-0.175844,-0.630616,0.000150651,0.00398567,14
11.2472,-0.11196,-0.00364143,0.0125664,-0.181413,-0.651774,0.000478733,0.00398655,20
11.2512,-0.11196,-0.00980385,0.0125664,-0.186606,-0.683336,0.000133229,0.00398599,14
11.2552,-0.112034,-0.00868341,0.0125664,-0.189741,-0.690086,0.000126236,0.00398679,14
11.2592,-0.112108,-0.0148458,0.0125664,-0.189697,-0.70598,0.000117158,0.00398688,14
11.2632,-0.112182,-0.0198878,0.0125664,-0.185912,-0.707687,0.000343231,0.00398643,20
11.2672,-0.112256,-0.0215685,0.0125664,-0.178387,-0.689436,0.000136033,0.00398435,14
11.2712,-0.112329,-0.0310922,0.0125664,-0.167683,-0.681772,0.000118441,0.00398655,14
11.2752,-0.112477,-0.0294115,0.0125664,-0.15492,-0.639199,0.000693655,0.00398678,17
11.2792,-0.112625,-0.0344535,0.0125664,-0.141782,-0.6128,0.000224639,0.00398591,13
11.2832,-0.112699,-0.0294115,0.0125664,-0.13051,-0.565916,0.000126887,0.00398662,14
11.2872,-0.112847,-0.0361342,0.0125664,-0.123908,-0.563598,0.000119503,0.00398594,14
11.2912,-0.112995,-0.0344535,0.0125664,-0.103599,-0.498218,0.000566177,0.00398543,17
11.2952,-0.113142,-0.0394955,0.0125664,-0.083533,-0.450885,0.000121937,0.00398349,14
11.2992,-0.11329,-0.0394955,0.0125664,-0.0660937,-0.398506,0.000119173,0.00397968,14
11.3032,-0.113438,-0.0344535,0.0125664,-0.0540843,-0.349554,0.000115636,0.0039863,14
11.3072,-0.113586,-0.0361342,0.0125664,-0.0507288,-0.344063,0.00050895,0.00398372,17
11.3112,-0.113734,-0.0361342,0.0125664,-0.0379297,-0.305707,0.000116408,0.00398601,14
11.3152,-0.113881,-0.0411762,0.0125664,-0.0297784,-0.294379,0.000117289,0.00398644,14
11.3192,-0.114029,-0.0344535,0.0125664,-0.028658,-0.274005,0.000116497,0.00398643,14
11.3232,-0.114177,-0.0327729,0.0125664,-0.0154896,-0.230205,0.000353068,0.00398638,20
11.3272,-0.114325,-0.0344535,0.0125664,-0.00324343,-0.197848,0.000116397,0.00398581,14
11.3312,-0.114399,-0.0344535,0.0125664,0.00695916,-0.167177,0.000114534,0.00398693,14
11.3352,-0.114546,-0.0266104,0.0125664,0.0138566,-0.12646,0.000705847,0.00398543,17
11.3392,-0.114694,-0.0277309,0.0125664,0.0160472,-0.123047,0.000245568,0.00398656,13
11.3432,-0.114768,-0.0232491,0.0125664,0.011989,-0.123932,0.000115856,0.00398611,14
11.3472,-0.114842,-0.0198878,0.0125664,-0,-0.151668,0.000146994,0.00398369,14
11.3512,-0.114916,-0.0182071,0.0125664,-0,-0.147501,0.000586826,0.00398662,17
11.3552,-0.11499,-0.0114845,0.0125664,-0,-0.130352,0.000165879,0.00398603,13
11.3592,-0.11499,-0.00700275,0.0125664,-0,-0.118812,0.000125895,0.0039859,14
11.3632,-0.115064,-0.00532209,0.0125664,-0,-0.114645,0.000117059,0.00398654,14
11.3672,-0.115064,-0.00196077,0.00942478,0.011989,-0.107236,0.000489574,0.00398476,17
11.3712,-0.115064,-0.00196077,0.00942478,0.0160472,-0.0949725,0.00015553,0.00398522,14
11.3752,-0.115064,-0.00028011,0.00942478,0.0138566,-0.0972647,0.000116147,0.00398608,14
11.3792,-0.115064,0.00140055,0.00942478,0.00695918,-0.113781,0.000135924,0.00398422,14
11.3832,-0.115064,0.00140055,0.00942478,-0.00324341,-0.144613,0.000403093,0.00396663,20
11.3872,-0.115064,-0.00028011,0.00942478,-0.0154896,-0.185948,0.000116177,0.00398642,14
11.3912,-0.115064,-0.00196077,0.00942478,-0.028658,-0.23007,0.000116357,0.00398659,14
11.3952,-0.115064,-0.00196077,0.00942478,-0.0417675,-0.269686,0.00071801,0.00398592,14
11.3992,-0.115064,0.00140055,0.00942478,-0.0539769,-0.297928,0.000256388,0.00398638,13
11.4032,-0.115064,-0.00364143,0.00942478,-0.0645855,-0.342969,0.000116868,0.00398563,14
11.4072,-0.115064,-0.00364143,0.00942478,-0.0730325,-0.368496,0.00011772,0.00398599,14
11.4112,-0.115064,-0.00028011,0.00942478,-0.0788975,-0.377564,0.000585723,0.00398646,17
11.4152,-0.115064,0.00308121,0.00942478,-0.0819001,-0.377983,0.000116186,0.00398625,13
11.4192,-0.115064,-0.00028011,0.00942478,-0.0819001,-0.386638,0.000115986,0.0039867,14
11.4232,-0.115064,-0.00196077,0.00942478,-0.0788975,-0.381892,0.000124543,0.00398486,14
11.4272,-0.115064,0.00140055,0.00942478,-0.0730325,-0.355513,0.000467743,0.00397913,17
11.4312,-0.115064,0.00140055,0.00942478,-0.0645855,-0.329986,0.000117629,0.00398582,14
11.4352,-0.115064,0.00140055,0.00942478,-0.0539769,-0.297928,0.00013382,0.0039866,14
11.4392,-0.115064,-0.00196077,0.00628319,-0.0297785,-0.270933,0.000150962,0.00398681,14
11.4432,-0.115064,0.00140055,0.00628319,-0.0126108,-0.210397,0.000366083,0.00398694,20
11.4472,-0.115064,-0.00028011,0.00628319,-0.00163302,-0.18155,0.000116568,0.00398569,14
11.4512,-0.115064,0.00308121,0.00628319,0.00371574,-0.156731,0.000147495,0.00398622,14
11.4552,-0.115064,-0.00196077,0.00628319,0.00371573,-0.169714,0.000711968,0.00398617,14
11.4592,-0.115064,-0.00028011,0.00628319,-0.00163301,-0.18155,0.000252652,0.00398629,13
11.4632,-0.115064,0.00140055,0.00628319,-0.0126109,-0.210397,0.000126656,0.0039858,14
11.4672,-0.115064,0.00140055,0.00628319,-0.0297785,-0.262277,0.000116758,0.00398612,14
11.4712,-0.115064,-0.00196077,0.00628319,-0.0539769,-0.344059,0.00058406,0.00398619,17
11.4752,-0.115064,0.00476187,0.00628319,-0.0645855,-0.358808,0.0001231,0.00398232,14
11.4792,-0.115064,-0.00028011,0.00628319,-0.0730325,-0.397317,0.000115115,0.00398677,14
11.4832,-0.115064,0.00140055,0.00628319,-0.0788975,-0.410713,0.000128059,0.00398633,14
11.4872,-0.115064,-0.00028011,0.00628319,-0.0819001,-0.424115,0.000474957,0.00398599,20
11.4912,-0.115064,-0.00364143,0.00628319,-0.0819001,-0.43277,0.000129382,0.00397768,14
11.4952,-0.115064,-0.00196077,0.00314159,-0.0669085,-0.420615,0.000115435,0.00398668,14
11.4992,-0.115064,0.00140055,0.00314159,-0.0569854,-0.381972,0.000115355,0.00398675,14
11.5032,-0.115064,-0.00028011,0.00314159,-0.0507289,-0.367393,0.000406368,0.00398657,20
11.5072,-0.115064,-0.00196077,0.00314159,-0.0470177,-0.360506,0.000125073,0.00398612,14
11.5112,-0.115064,-0.00196077,0.00314159,-0.0450109,-0.354441,0.000116737,0.00398632,14
11.5152,-0.115064,-0.00196077,0.00314159,-0.0441476,-0.351832,0.000682103,0.00398457,17
11.5192,-0.115064,-0.00028011,0.00314159,-0.0441476,-0.347505,0.000196297,0.00398475,13
11.5232,-0.115064,-0.00028011,0.00314159,-0.0450109,-0.350113,0.000119523,0.00398511,14
11.5272,-0.115064,-0.00196077,0.00314159,-0.0470177,-0.360506,0.000114303,0.0039869,14
11.5312,-0.115064,0.00140055,0.00314159,-0.0507289,-0.363065,0.000547893,0.00398647,17
11.5352,-0.115064,-0.00028011,0.00314159,-0.0569854,-0.3863,0.000119393,0.00398568,14
11.5392,-0.115064,0.00476187,0.00314159,-0.0669085,-0.403304,0.000116417,0.00398631,14
11.5432,-0.115064,-0.00364143,0.00314159,-0.0819001,-0.470246,0.000137086,0.0039861,14
11.5472,-0.115064,-0.00700275,0.00314159,-0.0819001,-0.478902,0.000474686,0.00398623,20
11.5512,-0.115064,0.00140055,0.00314159,-0.0788975,-0.44819,0.000115005,0.00398619,14
11.5552,-0.115064,-0.00028011,0.00314159,-0.0730325,-0.434794,0.000114073,0.00398703,14
11.5592,-0.115064,-0.00196077,0.00314159,-0.0645855,-0.413595,0.000116096,0.00398664,14
11.5632,-0.115064,-0.00196077,0.00314159,-0.0539769,-0.381536,0.000270845,0.00398686,20
11.5672,-0.115064,-0.00028011,0.00314159,-0.0417675,-0.340312,0.000118221,0.00398534,14
11.5712,-0.115064,0.00308121,0.00314159,-0.028658,-0.29204,0.000122669,0.00398576,14
11.5752,-0.115064,-0.00196077,0.00314159,-0.0154896,-0.265229,0.000602634,0.00398631,17
11.5792,-0.115064,0.00140055,0.00314159,-0.00324342,-0.219566,0.000136485,0.00398649,13
11.5832,-0.115064,-0.00700275,0.00314159,0.00695917,-0.210372,0.000129361,0.00398615,14
11.5872,-0.115064,-0.00196077,0.00314159,0.0138566,-0.176546,0.000114724,0.00398684,14
11.5912,-0.115064,-0.00532209,0.00314159,0.0160472,-0.178581,0.000473233,0.003969,17
11.5952,-0.115064,0.00644253,0.00314159,0.011989,-0.160551,0.000115275,0.00398642,14
11.5992,-0.115064,0.00140055,0.00314159,-0,-0.209765,0.000121988,0.00398635,14
11.6032,-0.115064,0.00140055,0.00314159,-0,-0.209765,0.000120785,0.00398585,14
11.6072,-0.115064,-0.00028011,0.00314159,-0,-0.214092,0.000344663,0.0039838,20
11.6112,-0.115064,-0.00028011,0.00314159,-0,-0.214092,0.000120595,0.00398581,14
11.6152,-0.115064,0.00308121,0.00314159,-0,-0.205437,0.000122128,0.00398597,14
11.6192,-0.115064,0.00140055,0.00314159,-0,-0.209765,0.000662356,0.00398659,17
11.6232,-0.115064,-0.00028011,0.00314159,-0,-0.214092,0.000200935,0.00398638,13
11.6272,-0.115064,-0.00364143,0.00314159,-0,-0.222747,0.000117279,0.00398639,14
11.6312,-0.115064,0.00476187,0.00314159,-0,-0.201109,0.000119804,0.00398664,14
11.6352,-0.115064,-0.00028011,0.00314159,-0,-0.214092,0.00057887,0.00398403,17
11.6392,-0.115064,-0.00028011,0.00314159,-0,-0.214092,0.000125234,0.00398538,14
11.6432,-0.115064,0.00308121,0.00314159,-0,-0.205437,0.000121187,0.0039861,14
11.6472,-0.115064,-0.00364143,0.00314159,-0,-0.222747,0.000120965,0.00398654,14
11.6512,-0.115064,-0.00364143,0.00314159,-0,-0.222747,0.000471961,0.00398454,20
11.6552,-0.115064,-0.00364143,0.00314159,-0,-0.222747,0.000136574,0.0039834,14
11.6592,-0.115064,0.00308121,0.00314159,-0,-0.205437,0.000130864,0.00398625,14
11.6632,-0.115064,-0.00196077,0.00314159,-0,-0.21842,0.000133108,0.00398572,14
11.6672,-0.115064,-0.00532209,0.00314159,-0,-0.227075,0.000251189,0.00398044,20
11.6712,-0.115064,-0.00028011,0.00314159,-0,-0.214092,0.000133228,0.00398571,14
11.6752,-0.115064,0.00140055,0.00314159,-0,-0.209765,0.000123711,0.00398567,14
11.6792,-0.115064,-0.00028011,0.00314159,-0,-0.214092,0.000593007,0.00398603,17
11.6832,-0.115064,-0.00196077,0.00314159,-0,-0.21842,0.000131535,0.00398623,14
11.6872,-0.115064,0.00476187,0.00314159,-0,-0.201109,0.000129111,0.00397566,14
11.6912,-0.115064,-0.00364143,0.00314159,-0,-0.222747,0.000127578,0.00398449,14
11.6952,-0.115064,-0.00028011,0.00314159,-0,-0.214092,0.000475026,0.00398558,17
11.6992,-0.115064,0.00140055,0.00314159,-0,-0.209765,0.000145942,0.00398581,14
11.7032,-0.115064,0.00140055,0.00628319,-0.011989,-0.208518,0.000118201,0.00398642,14
11.7072,-0.115064,0.00140055,0.00628319,-0.0160472,-0.220782,0.000118542,0.00398579,14
11.7112,-0.115064,-0.00364143,0.00628319,-0.0138566,-0.227145,0.000354582,0.00398606,20
11.7152,-0.115064,-0.00196077,0.00628319,-0.00695916,-0.201973,0.000116788,0.00398608,14
11.7192,-0.115064,0.00140055,0.00628319,0.00324342,-0.162486,0.00011808,0.00398628,14
11.7232,-0.115064,0.00140055,0.00628319,0.0154896,-0.125479,0.000689797,0.00398634,17
11.7272,-0.115064,0.00140055,0.00628319,0.028658,-0.0856844,0.000218698,0.00398579,13
11.7312,-0.115064,-0.00196077,0.00628319,0.0417675,-0.0547233,0.000119473,0.00398525,14
11.7352,-0.115064,0.00140055,0.00628319,0.0539769,-0.00917163,0.00011814,0.00398637,14
11.7392,-0.115064,-0.00196077,0.00628319,0.0645855,0.0142319,0.000570204,0.00398637,17
11.7432,-0.115064,-0.00028011,0.00628319,0.0730325,0.0440862,0.00011805,0.00398609,14
11.7472,-0.115064,0.00140055,0.00628319,0.0788975,0.0661376,0.000116207,0.00398673,14
11.7512,-0.115064,-0.00196077,0.00628319,0.0819001,0.066556,0.000115696,0.0039752,14
11.7552,-0.115064,-0.00028011,0.00942478,0.0699111,0.07213,0.00046612,0.00398398,17
11.7592,-0.115064,-0.00196077,0.00942478,0.0628503,0.046465,0.000116558,0.0039859,14
11.7632,-0.115064,-0.00196077,0.00942478,0.0591759,0.0353611,0.000462834,0.00395632,14
11.7672,-0.115064,-0.00028011,0.00942478,0.0576263,0.0350058,0.000119844,0.00398502,14
11.7712,-0.115064,-0.00028011,0.00942478,0.0572203,0.0337789,0.000333483,0.00397789,20
11.7752,-0.115064,-0.00028011,0.00942478,0.0572571,0.0338899,0.000115776,0.00398627,14
11.7792,-0.115064,0.00140055,0.00942478,0.057316,0.0383957,0.000121016,0.00398524,14
11.7832,-0.115064,-0.00196077,0.00942478,0.0572571,0.0295623,0.000684277,0.00398685,17
11.7872,-0.115064,-0.00364143,0.00942478,0.0572203,0.0251237,0.000222625,0.003985,13
11.7912,-0.115064,-0.00196077,0.00942478,0.0576263,0.0306782,0.00011763,0.0039858,14
11.7952,-0.115064,0.00140055,0.00942478,0.0591759,0.0440162,0.000116408,0.00398651,14
11.7992,-0.115064,0.00308121,0.00942478,0.0628503,0.0594478,0.000574632,0.00398457,17
11.8032,-0.115064,0.00308121,0.00942478,0.0699111,0.0807851,0.000115335,0.00398582,14
11.8072,-0.115064,-0.00028011,0.00942478,0.0819001,0.10836,0.000115816,0.00398643,14
11.8112,-0.115064,0.00140055,0.00942478,0.0788975,0.103614,0.000120555,0.00398491,14
11.8152,-0.115064,-0.00196077,0.00942478,0.0730325,0.0772352,0.000465749,0.00398646,20
11.8192,-0.115064,-0.00028011,0.00942478,0.0645855,0.0560361,0.000402201,0.00395531,14
11.8232,-0.115064,-0.00196077,0.0125664,0.0419879,0.0208961,0.000117038,0.00398508,14
11.8272,-0.115064,0.00140055,0.0125664,0.0257203,-0.0196089,0.000138989,0.00398691,14
11.8312,-0.115064,-0.00364143,0.0125664,0.0148014,-0.0655882,0.00034866,0.00398677,20
11.8352,-0.115064,-0.00364143,0.0125664,0.00853042,-0.0845389,0.000115626,0.00398616,14
11.8392,-0.115064,-0.00028011,0.0125664,0.00648684,-0.0820593,0.000115786,0.00398691,14
11.8432,-0.115064,-0.00196077,0.0125664,0.00853046,-0.0802112,0.000698273,0.0039867,17
11.8472,-0.115064,0.00140055,0.0125664,0.0148014,-0.0526053,0.000218127,0.00398608,13
11.8512,-0.115064,-0.00028011,0.0125664,0.0257203,-0.0239364,0.000116858,0.00398651,14
11.8552,-0.115064,0.00476187,0.0125664,0.0419879,0.0382066,0.000115396,0.00398686,14
11.8592,-0.115064,-0.00196077,0.0125664,0.0645855,0.0891852,0.000580013,0.00398691,17
11.8632,-0.115064,0.00140055,0.0125664,0.0730326,0.123367,0.000115857,0.0039862,13
11.8672,-0.115064,0.00140055,0.0125664,0.0788975,0.141091,0.000120534,0.00398519,14
11.8712,-0.115064,0.00140055,0.0125664,0.0819001,0.150165,0.000121788,0.00398513,14
11.8752,-0.115064,0.00644253,0.0125664,0.0819001,0.163147,0.000690309,0.00395729,20
11.8792,-0.115064,-0.00364143,0.0125664,0.0788975,0.128108,0.000118862,0.00395292,14
11.8832,-0.115064,0.00308121,0.015708,0.0610436,0.128941,0.000117008,0.00398623,14
11.8872,-0.115064,-0.00196077,0.015708,0.0485383,0.0781678,0.000117329,0.00398624,14
11.8912,-0.115064,-0.00028011,0.015708,0.0401203,0.0570565,0.000405357,0.00398632,20
11.8952,-0.115064,0.00140055,0.015708,0.0348083,0.0453315,0.00015043,0.00398575,14
11.8992,-0.115064,0.00140055,0.015708,0.0319015,0.036547,0.000124031,0.00398633,14
11.9032,-0.115064,-0.00196077,0.015708,0.0309792,0.0251048,0.000692372,0.00398647,17
11.9072,-0.115064,-0.00028011,0.0188496,0.0199124,0.0334656,0.000242042,0.00398447,13
11.9112,-0.115064,-0.00028011,0.0188496,0.0187611,0.0299863,0.000149539,0.00397646,14
11.9152,-0.115064,0.00476187,0.0188496,0.0262636,0.0656416,0.00013965,0.00398112,14
11.9192,-0.115064,0.00308121,0.0188496,0.0415791,0.107597,0.00060578,0.00397522,17
11.9232,-0.115064,-0.00196077,0.0188496,0.0642869,0.163236,0.000137557,0.00398017,14
11.9272,-0.115064,-0.00196077,0.0219912,0.0823981,0.255444,0.00017696,0.00397291,14
11.9312,-0.115064,-0.00028011,0.0219912,0.0945109,0.296376,0.000138017,0.00398168,14
11.9352,-0.115064,0.00140055,0.0219912,0.109811,0.34694,0.000482681,0.00398338,17
11.9392,-0.115064,0.00140055,0.0219912,0.125915,0.395607,0.000300561,0.00394138,14
11.9432,-0.115064,0.00308121,0.0219912,0.140861,0.445101,0.000236552,0.00395484,14
11.9472,-0.115064,0.00140055,0.0219912,0.153108,0.477781,0.000300982,0.00395255,14
11.9512,-0.115064,0.00140055,0.0219912,0.161532,0.50324,0.00063236,0.003946,20
11.9552,-0.115064,0.00140055,0.0251327,0.153446,0.51628,0.000307264,0.00395029,14
11.9592,-0.11499,0.00476187,0.0251327,0.148488,0.510113,0.000245889,0.0039587,14
11.9632,-0.11499,-0.00364143,0.0251327,0.145116,0.478286,0.000249435,0.00395977,14
11.9672,-0.11499,0.00308121,0.0251327,0.142349,0.487235,0.000384327,0.00395541,20
11.9712,-0.11499,0.0142856,0.0251327,0.139767,0.508283,0.000131606,0.00397826,14
11.9752,-0.114916,0.00924363,0.0251327,0.13751,0.48864,0.000116387,0.00398634,14
11.9792,-0.114842,0.0142856,0.0251327,0.136278,0.498062,0.000707059,0.00398669,17
11.9832,-0.114842,0.0159663,0.0251327,0.137334,0.50558,0.000238325,0.00398313,13
11.9872,-0.114768,0.0126049,0.0251327,0.142499,0.512694,0.000129501,0.00398201,14
11.9912,-0.114694,0.0210082,0.0282743,0.120425,0.505264,0.000113832,0.00398629,14
11.9952,-0.11462,0.0176469,0.0282743,0.104003,0.447142,0.000633022,0.00398597,17
11.9992,-0.114546,0.0176469,0.0282743,0.0929518,0.413907,0.000142636,0.00398372,13
12.0032,-0.114473,0.0193276,0.0282743,0.0875518,0.402077,0.000115606,0.00398532,14
12.0072,-0.114399,0.0226889,0.0282743,0.0886442,0.414194,0.000120686,0.0039863,14
12.0112,-0.114325,0.0176469,0.0314159,0.0856416,0.429776,0.000571656,0.00398498,17
12.0152,-0.114251,0.0210082,0.0314159,0.0786842,0.417567,0.000131365,0.00398077,14
12.0192,-0.114177,0.0176469,0.0314159,0.0786398,0.408938,0.000113632,0.00398615,14
12.0232,-0.114103,0.0193276,0.0314159,0.0849475,0.432489,0.000141143,0.00398675,14
12.0272,-0.113955,0.0226889,0.0345575,0.0856184,0.480971,0.000484424,0.0039867,20
12.0312,-0.113881,0.0210082,0.0345575,0.101133,0.523688,0.000121487,0.00398331,14
12.0352,-0.113807,0.0226889,0.0345575,0.109188,0.552521,0.000116949,0.00398457,14
12.0392,-0.113734,0.0260502,0.0345575,0.119952,0.593863,0.000114453,0.00398663,14
12.0432,-0.113586,0.0271707,0.0345575,0.132161,0.633967,0.000359892,0.003986,20
12.0472,-0.113438,0.030532,0.0345575,0.145116,0.682093,0.000116607,0.00398382,14
12.0512,-0.113364,0.0338933,0.0376991,0.146687,0.733134,0.000114885,0.00398635,14
12.0552,-0.113216,0.0372546,0.0376991,0.157214,0.773924,0.000119233,0.0039857,14
12.0592,-0.113068,0.035574,0.0376991,0.175997,0.826681,0.000301433,0.00398647,20
12.0632,-0.112847,0.0501397,0.0376991,0.181294,0.880676,0.000116167,0.00397276,14
12.0672,-0.112699,0.0501397,0.0376991,0.183832,0.888667,0.000112039,0.00398657,14
12.0712,-0.112477,0.0551816,0.0376991,0.182909,0.899346,0.000689798,0.00398587,17
12.0752,-0.112256,0.0568623,0.0376991,0.178387,0.890491,0.000222605,0.00398361,13
12.0792,-0.112034,0.0630247,0.0376991,0.170685,0.883568,0.000122879,0.0039742,14
12.0832,-0.111738,0.0680667,0.0376991,0.160785,0.867278,0.000125154,0.00398623,14
12.0872,-0.111517,0.0731087,0.0376991,0.150229,0.848843,0.000642579,0.0039873,17
12.0912,-0.111147,0.0826324,0.0408407,0.12913,0.847887,0.000184203,0.00398387,13
12.0952,-0.110851,0.0843131,0.0408407,0.120071,0.825483,0.000114684,0.00398372,14
12.0992,-0.110482,0.0893551,0.0408407,0.102852,0.787237,0.000114744,0.00398619,14
12.1032,-0.110186,0.0893551,0.0408407,0.0897424,0.748265,0.000544707,0.00398539,17
12.1072,-0.109595,0.175629,0.0408407,0.0815834,0.947049,0.000125976,0.00398311,14
12.1112,-0.109373,0.0988788,0.0408407,0.0797765,0.744444,0.000113752,0.00398612,14
12.1152,-0.109004,0.103921,0.0408407,0.0862843,0.777899,0.000112049,0.00398687,14
12.1192,-0.108561,0.108963,0.0408407,0.0818877,0.778562,0.000486578,0.00398671,20
12.1232,-0.108043,0.112324,0.0408407,0.0796972,0.781725,0.000114504,0.00398345,14
12.1272,-0.107674,0.112324,0.0408407,0.0812544,0.787236,0.000123471,0.00398449,14
12.1312,-0.10723,0.118486,0.0408407,0.0885221,0.826034,0.000119102,0.00398605,14
12.1352,-0.106713,0.121848,0.0408407,0.0821408,0.816533,0.000486949,0.00398414,20
12.1392,-0.106196,0.12689,0.0408407,0.0749408,0.808885,0.0001178,0.00398163,14
12.1432,-0.105678,0.12857,0.0408407,0.0680434,0.793497,0.000112099,0.00398643,14
12.1472,-0.105161,0.134733,0.0408407,0.0628502,0.794799,0.000166341,0.00398513,14
12.1512,-0.10457,0.144817,0.0408407,0.0610434,0.816593,0.00034285,0.0039861,20
12.1552,-0.103979,0.148178,0.0408407,0.0645855,0.837241,0.000143077,0.00398286,14
12.1592,-0.103387,0.15266,0.0408407,0.0539769,0.818012,0.000114033,0.00398641,14
12.1632,-0.102796,0.146497,0.0408407,0.0417674,0.766536,0.000724121,0.0039867,17
12.1672,-0.102057,0.156021,0.0408407,0.028658,0.753054,0.00025746,0.00398313,13
12.1712,-0.10154,0.161063,0.0408407,0.0154897,0.727371,0.000120064,0.00398295,14
12.1752,-0.100875,0.170587,0.0408407,0.00324361,0.716337,0.00012327,0.00398339,14
12.1792,-0.10021,0.175629,0.0408407,-0.00695904,0.699937,0.000678416,0.00398636,17
12.1832,-0.0993968,0.175629,0.0408407,-0.0138565,0.680866,0.000175407,0.00398382,13
12.1872,-0.0988056,0.175629,0.0408407,-0.0160471,0.675535,0.000147084,0.00398069,14
12.1912,-0.0980666,0.180671,0.0408407,-0.011989,0.702392,0.000118942,0.00398586,14
12.1952,-0.0973276,0.182352,0.0408407,-0,0.744561,0.000576236,0.00398306,17
12.1992,-0.0965147,0.186833,0.0408407,-0,0.757874,0.000116678,0.00398602,14
12.2032,-0.0958496,0.191875,0.0408407,-0,0.772306,0.000125785,0.00398547,14
12.2072,-0.0951106,0.196917,0.0376991,0.0119891,0.785655,0.000113582,0.00398644,14
12.2112,-0.0942976,0.201959,0.0376991,0.0160473,0.812673,0.000507307,0.0039792,17
12.2152,-0.0934108,0.198598,0.0376991,0.0138567,0.799331,0.000119252,0.00398536,14
12.2192,-0.0926718,0.211483,0.0376991,0.0069593,0.813277,0.000148267,0.00398414,14
12.2232,-0.0918589,0.216525,0.0376991,-0.00324328,0.797201,0.000148798,0.00398528,14
12.2272,-0.0909721,0.213164,0.0376991,-0.0154895,0.753471,0.000448557,0.0039861,20
12.2312,-0.0900114,0.219886,0.0376991,-0.0286579,0.733081,0.000124382,0.00398561,14
12.2352,-0.0892724,0.222687,0.0376991,-0.0417673,0.702289,0.000126025,0.00398348,14
12.2392,-0.0883116,0.222687,0.0376991,-0.0539767,0.667487,0.000126496,0.00398491,14
12.2432,-0.0874248,0.22941,0.0376991,-0.0645854,0.654672,0.000460219,0.00398478,20
12.2472,-0.0864641,0.227729,0.0376991,-0.0730323,0.626912,0.000118361,0.00398561,14
12.2512,-0.0856512,0.232771,0.0376991,-0.0788973,0.623944,0.000121658,0.00398544,14
12.2552,-0.0846905,0.242295,0.0345575,-0.0699108,0.640241,0.000168395,0.00398033,14
12.2592,-0.0837298,0.236133,0.0345575,-0.0658526,0.638732,0.000288418,0.00398451,20
12.2632,-0.0827691,0.157702,0.0345575,-0.0650407,0.441324,0.000169426,0.00396899,14
12.2672,-0.0818823,0.234452,0.0345575,-0.0660732,0.637765,0.000127658,0.00398267,14
12.2712,-0.0809955,0.236133,0.0345575,-0.0678288,0.638721,0.000649522,0.00398535,17
12.2752,-0.079887,0.236133,0.0345575,-0.0694664,0.636189,0.000186669,0.00398651,13
12.2792,-0.079074,0.237813,0.0345575,-0.0704254,0.63939,0.000115906,0.00397784,14
12.2832,-0.0781133,0.242295,0.0314159,-0.0584364,0.651779,0.000139831,0.00398671,14
12.2872,-0.0771526,0.245656,0.0314159,-0.0534194,0.67769,0.000566507,0.00398322,17
12.2912,-0.0760441,0.245656,0.0314159,-0.0539722,0.678435,0.000114343,0.00398585,14
12.2952,-0.0752312,0.245656,0.0314159,-0.0591142,0.664669,0.000112941,0.0039868,14
12.2992,-0.0741966,0.249018,0.0314159,-0.0682843,0.647868,0.000112951,0.00398725,14
12.3032,-0.0732359,0.250698,0.0282743,-0.0693536,0.613582,0.000479755,0.00398687,17
12.3072,-0.0721273,0.260222,0.0282743,-0.0825221,0.600727,0.000116147,0.0039828,14
12.3112,-0.0711666,0.252379,0.0282743,-0.106808,0.509234,0.000122318,0.00398448,14
12.3152,-0.070132,0.256861,0.0282743,-0.12005,0.483013,0.000113612,0.00398646,14
12.3192,-0.0690974,0.260222,0.0282743,-0.132414,0.45656,0.000461772,0.00398692,20
12.3232,-0.0679889,0.258541,0.0282743,-0.142499,0.424173,0.000116097,0.00398257,14
12.3272,-0.0671021,0.256861,0.0251327,-0.137334,0.399911,0.000113402,0.003986,14
12.3312,-0.0660675,0.252379,0.0251327,-0.136278,0.393816,0.00011261,0.0039868,14
12.3352,-0.0650328,0.25574,0.0251327,-0.13751,0.401005,0.000325267,0.00398437,20
12.3392,-0.0639243,0.25406,0.0251327,-0.139767,0.392273,0.000114824,0.00398288,14
12.3432,-0.0629636,0.258541,0.0251327,-0.142349,0.398105,0.000112641,0.00398652,14
12.3472,-0.061929,0.25406,0.0251327,-0.145116,0.380459,0.000678015,0.00398677,17
12.3512,-0.0607466,0.25574,0.0251327,-0.148488,0.377175,0.000245839,0.0039833,13
12.3552,-0.0598598,0.25574,0.0251327,-0.153446,0.364125,0.000115095,0.00398376,14
12.3592,-0.0588252,0.260222,0.0251327,-0.161532,0.353484,0.000121507,0.0039853,14
12.3632,-0.0577906,0.260222,0.0219912,-0.141119,0.379953,0.000595391,0.00398682,17
12.3672,-0.0565342,0.367784,0.0219912,-0.124814,0.70893,0.000115335,0.00398366,14
12.3712,-0.0557952,0.249018,0.0219912,-0.112059,0.44327,0.000113072,0.00398633,14
12.3752,-0.0547606,0.252379,0.0219912,-0.102852,0.482004,0.000114093,0.00398662,14
12.3792,-0.0537999,0.249018,0.0219912,-0.0977542,0.490847,0.000500554,0.00398226,17
12.3832,-0.0526914,0.249018,0.0219912,-0.0978876,0.492861,0.000115837,0.00398294,14
12.3872,-0.0517307,0.250698,0.0219912,-0.104934,0.477989,0.000114364,0.00398559,14
12.3912,-0.05077,0.249018,0.0219912,-0.0993938,0.492498,0.000113292,0.00398634,14
12.3952,-0.0497354,0.25574,0.0219912,-0.0940972,0.52807,0.000468654,0.00398682,20
12.3992,-0.0487007,0.247337,0.0219912,-0.0903058,0.520145,0.000119543,0.00398307,14
12.4032,-0.04774,0.252379,0.0219912,-0.0897015,0.537049,0.000124111,0.00398418,14
12.4072,-0.0467054,0.252379,0.0219912,-0.0943871,0.525145,0.000114804,0.00398615,14
12.4112,-0.0457447,0.252379,0.0219912,-0.0851435,0.555173,0.000312203,0.0039863,20
12.4152,-0.0446362,0.25574,0.0219912,-0.0749409,0.597076,0.000142486,0.00398359,14
12.4192,-0.0436755,0.256861,0.0219912,-0.0650408,0.631973,0.000119984,0.00398584,14
12.4232,-0.0426409,0.266945,0.0219912,-0.0569853,0.684538,0.000682053,0.0039868,17
12.4272,-0.0413845,0.260222,0.0188496,-0.0406075,0.681983,0.000240018,0.00397939,13
12.4312,-0.0404977,0.266945,0.0188496,-0.0379297,0.709319,0.000117149,0.00398389,14
12.4352,-0.0394631,0.265264,0.0188496,-0.0279109,0.737524,0.000115025,0.00398615,14
12.4392,-0.0383546,0.273667,0.0188496,-0.0216989,0.780351,0.000578289,0.00398293,17
12.4432,-0.0370983,0.271987,0.0188496,-0.018733,0.787725,0.000116478,0.00398382,14
12.4472,-0.0361376,0.27983,0.0188496,-0.018733,0.810015,0.000116047,0.00398614,14
12.4512,-0.0350291,0.286552,0.0188496,-0.0216988,0.820779,0.000132247,0.0039849,14
12.4552,-0.0338466,0.288233,0.015708,-0.0159219,0.807666,0.000467993,0.00398655,20
12.4592,-0.0325903,0.292715,0.015708,-0.0218825,0.803932,0.000132968,0.00397532,14
12.4632,-0.0315557,0.296076,0.015708,-0.0387399,0.7639,0.000122729,0.00398311,14
12.4672,-0.0303733,0.297757,0.015708,-0.0660734,0.688205,0.000133389,0.00398186,14
12.4712,-0.0291909,0.302799,0.015708,-0.0821409,0.65521,0.000570395,0.00395491,20
12.4752,-0.0277868,0.297757,0.0125664,-0.0854007,0.597961,0.000387443,0.00393021,14
12.4792,-0.0266782,0.304479,0.0125664,-0.094511,0.590157,0.00017657,0.00395677,14
12.4832,-0.0254958,0.304479,0.0125664,-0.106808,0.555572,0.000681212,0.00398702,17
12.4872,-0.0241656,0.307841,0.0125664,-0.12005,0.527111,0.000201656,0.00398273,13
12.4912,-0.0230571,0.307841,0.0125664,-0.132414,0.492164,0.000115345,0.00398395,14
12.4952,-0.0218747,0.307841,0.0125664,-0.142499,0.464266,0.000193742,0.00398503,14
12.4992,-0.0205445,0.322406,0.0125664,-0.149323,0.48405,0.000557721,0.00398558,17
12.5032,-0.0192143,0.315684,0.00942478,-0.140337,0.45932,0.000115626,0.00398361,14
12.5072,-0.0180318,0.315684,0.00942478,-0.135319,0.477059,0.000115866,0.00398607,14
12.5112,-0.0167755,0.317364,0.00942478,-0.13287,0.491528,0.000112961,0.00398679,14
12.5152,-0.0155192,0.320726,0.00942478,-0.132147,0.505107,0.000463936,0.00398587,20
12.5192,-0.0141151,0.322406,0.00942478,-0.13287,0.510311,0.000120786,0.00398333,14
12.5232,-0.0129327,0.322406,0.00942478,-0.135319,0.505486,0.000113112,0.00398608,14
12.5272,-0.0116764,0.325768,0.00942478,-0.140337,0.501719,0.000113101,0.00398667,14
12.5312,-0.0103461,0.322406,0.00628319,-0.137334,0.467561,0.000367246,0.00398546,20
12.5352,-0.00901592,0.33025,0.00628319,-0.126452,0.523542,0.000122809,0.00398338,14
12.5392,-0.0077596,0.325768,0.00628319,-0.118558,0.538596,0.000112971,0.0039865,14
12.5432,-0.00650328,0.325768,0.00314159,-0.101102,0.556608,0.000719623,0.00398556,17
12.5472,-0.00495137,0.328569,0.00314159,-0.0940046,0.588653,0.000269844,0.00398368,13
12.5512,-0.00384285,0.324087,0.00314159,-0.0961439,0.573064,0.000116117,0.00398372,14
12.5552,-0.00258653,0.327448,0.00314159,-0.1071,0.551351,0.000115676,0.00398606,14
12.5592,-0.00125632,0.327448,-0,-0.115163,0.492407,0.000468795,0.00398666,15
12.5632,0.000221703,0.333611,-0,-0.119493,0.498412,0.000114584,0.00398321,12
12.5672,0.00140412,0.328569,-0,-0.130116,0.455905,0.000119413,0.00398466,12
12.5712,0.00273434,0.338653,-0,-0.145771,0.437462,0.000351967,0.00398562,15
12.5752,0.00413845,0.33193,-0,-0.165896,0.362393,0.000112009,0.00398305,12
12.5792,0.00539477,0.338653,-0,-0.190633,0.307689,0.000110857,0.00398583,12
12.5832,0.00672499,0.338653,-0,-0.19908,0.285062,0.000288318,0.0039867,15
12.5872,0.00812911,0.333611,-0.00314159,-0.190817,0.262635,0.00011277,0.0039833,12
12.5912,0.00938542,0.333611,-0.00314159,-0.185903,0.280223,0.000121968,0.00398487,12
12.5952,0.0107156,0.328569,-0.00314159,-0.183358,0.277832,0.000521554,0.00398641,15
12.5992,0.0121937,0.325768,-0.00314159,-0.182901,0.275223,0.000120144,0.00398285,12
12.6032,0.0133761,0.327448,-0.00314159,-0.184952,0.27593,0.00011808,0.00398567,12
12.6072,0.0146324,0.320726,-0.00628319,-0.178644,0.242943,0.000112049,0.00398631,12
12.6112,0.0159626,0.324087,-0.00628319,-0.163977,0.298821,0.000375882,0.00398557,15
12.6152,0.0172928,0.322406,-0.00628319,-0.151819,0.334135,0.000115366,0.00398335,12
12.6192,0.0184752,0.317364,-0.00942478,-0.12976,0.352915,0.000114444,0.00398561,12
12.6232,0.0197316,0.320726,-0.00942478,-0.118,0.399847,0.000561798,0.00398655,15
12.6272,0.0211357,0.312323,-0.00942478,-0.115839,0.387802,0.000115516,0.0039833,12
12.6312,0.0222442,0.314003,-0.00942478,-0.123416,0.371649,0.000111117,0.00398624,12
12.6352,0.0235005,0.258541,-0.00942478,-0.141712,0.176285,0.000141184,0.00397738,12
12.6392,0.0247568,0.307841,-0.00942478,-0.150809,0.278477,0.000314597,0.0039837,15
12.6432,0.026087,0.307841,-0.00942478,-0.163395,0.243341,0.00011223,0.00398301,12
12.6472,0.0271956,0.30616,-0.00942478,-0.180873,0.188613,0.0001125,0.0039865,12
12.6512,0.028378,0.299437,-0.0125664,-0.171614,0.164384,0.000575044,0.00398684,15
12.6552,0.0297082,0.291594,-0.0125664,-0.168368,0.156898,0.000113993,0.00398363,12
12.6592,0.0307428,0.289914,-0.0125664,-0.170854,0.147313,0.000117489,0.00398572,12
12.6632,0.0318513,0.288233,-0.0125664,-0.179494,0.119294,0.000111298,0.00398674,12
12.6672,0.0330337,0.284872,-0.0125664,-0.173666,0.130829,0.000317723,0.00398624,15
12.6712,0.0342162,0.274788,-0.0125664,-0.165219,0.132968,0.00011253,0.00398364,12
12.6752,0.0352508,0.274788,-0.0125664,-0.154573,0.167393,0.000116567,0.00396809,12
12.6792,0.0362854,0.265264,-0.0125664,-0.142711,0.180973,0.000601473,0.00398672,15
12.6832,0.0374678,0.265264,-0.0125664,-0.131173,0.218417,0.000121156,0.00398259,12
12.6872,0.0384285,0.261903,-0.0125664,-0.122063,0.239387,0.000111838,0.0039862,12
12.6912,0.0394631,0.258541,-0.0125664,-0.118043,0.245135,0.000109955,0.00398689,12
12.6952,0.0404977,0.25574,-0.0125664,-0.100596,0.292902,0.000338481,0.00398615,15
12.6992,0.0415323,0.261903,-0.0125664,-0.0835331,0.36259,0.00011251,0.00398378,12
12.7032,0.0424931,0.250698,-0.0125664,-0.0690964,0.379461,0.00011249,0.00398622,12
12.7072,0.0435277,0.250698,-0.0125664,-0.0599494,0.409358,0.00058434,0.0039855,15
12.7112,0.0446362,0.25406,-0.0125664,-0.0591759,0.422767,0.000115235,0.00398303,12
12.7152,0.045523,0.249018,-0.0125664,-0.0485383,0.443864,0.00012284,0.00398614,12
12.7192,0.0465576,0.247337,-0.0125664,-0.0419879,0.461587,0.000109384,0.00398688,12
12.7232,0.0475183,0.249018,-0.0125664,-0.0417675,0.468676,0.00033755,0.0039867,15
12.7272,0.0485529,0.247337,-0.0125664,-0.028658,0.50622,0.000111619,0.00398385,12
12.7312,0.0495876,0.307841,-0.0125664,-0.0154896,0.704064,0.000121587,0.00398437,12
12.7352,0.0504744,0.239494,-0.0125664,-0.00324344,0.567015,0.000598727,0.00398572,15
12.7392,0.051509,0.240614,-0.0125664,0.00695915,0.602988,0.000114123,0.00398219,12
12.7432,0.0523958,0.239494,-0.0125664,0.0138566,0.62288,0.000153717,0.00398637,12
12.7472,0.0533565,0.243976,-0.0125664,0.0160472,0.643134,0.000110917,0.00398677,12
12.7512,0.0543172,0.252379,-0.0125664,0.011989,0.654603,0.000356926,0.00398426,15
12.7552,0.0553518,0.245656,-0.0125664,-0,0.603318,0.000117339,0.0039837,12
12.7592,0.0563125,0.250698,-0.0125664,-0,0.618395,0.000113943,0.0039861,12
12.7632,0.0572733,0.250698,-0.0125664,-0,0.620489,0.000615679,0.00398643,15
12.7672,0.0583818,0.252379,-0.0125664,-0,0.627234,0.000116948,0.00398355,12
12.7712,0.0592686,0.25406,-0.0125664,-0,0.633495,0.000116137,0.00398605,12
12.7752,0.0603032,0.256861,-0.0125664,-0,0.642963,0.000122789,0.00398523,12
12.7792,0.0613378,0.261903,-0.0125664,-0,0.658201,0.000363899,0.00398643,15
12.7832,0.0624463,0.258541,-0.0125664,-0,0.651963,0.00011821,0.00398344,12
12.7872,0.063407,0.263583,-0.0125664,-0,0.66704,0.000120905,0.0039861,12
12.7912,0.0645155,0.266945,-0.0125664,-0,0.678112,0.000611542,0.00398685,15
12.7952,0.065698,0.268625,-0.0125664,-0,0.685017,0.000123771,0.00398209,12
12.7992,0.0665848,0.268625,-0.0125664,-0,0.686951,0.000125223,0.00398379,12
12.8032,0.0676933,0.265264,-0.0125664,-0,0.680712,0.000113813,0.00398615,12
12.8072,0.0688018,0.270306,-0.0125664,-0,0.696112,0.000491938,0.00398461,15
12.8112,0.0699842,0.270306,-0.0125664,-0,0.698689,0.000116918,0.00398335,12
12.8152,0.0709449,0.274788,-0.0125664,-0,0.712324,0.000114463,0.00398618,12
12.8192,0.0720534,0.276468,-0.0125664,-0,0.719068,0.000625568,0.00398486,15
12.8232,0.0733098,0.276468,-0.0125664,-0,0.721807,0.000117148,0.0039825,12
12.8272,0.0742705,0.28151,-0.0125664,-0,0.736884,0.000114323,0.00398621,12
12.8312,0.0754529,0.289914,-0.0125664,-0,0.7611,0.000114534,0.00398629,12
12.8352,0.0765614,0.221567,-0.0125664,-0,0.587527,0.00046611,0.0039868,15
12.8392,0.0778177,0.288233,-0.0125664,-0,0.761928,0.000121136,0.00398254,12
12.8432,0.0789262,0.289914,-0.0125664,-0,0.768672,0.000136004,0.00397987,12
12.8472,0.0800347,0.291594,-0.015708,0.011989,0.77417,0.000673096,0.00398374,15
12.8512,0.0814389,0.294396,-0.015708,0.0160471,0.796708,0.000127708,0.00398236,9
12.8552,0.0823996,0.292715,-0.015708,0.0138566,0.787855,0.00011222,0.00398596,12
12.8592,0.0836559,0.299437,-0.015708,0.00695914,0.78706,0.000109535,0.00398669,12
12.8632,0.0848383,0.302799,-0.015708,-0.00324344,0.767461,0.000465248,0.00398658,15
12.8672,0.0861685,0.309521,-0.015708,-0.0154896,0.750664,0.00011205,0.00398283,12
12.8712,0.0873509,0.310642,-0.015708,-0.028658,0.716333,0.000143848,0.00398552,12
12.8752,0.0886073,0.319045,-0.0188496,-0.0297785,0.699847,0.000660423,0.00398661,15
12.8792,0.0900114,0.322406,-0.0188496,-0.0379297,0.68693,0.000115355,0.00397405,9
12.8832,0.0911199,0.324087,-0.0219912,-0.0387399,0.65375,0.000111458,0.00398586,12
12.8872,0.0924501,0.327448,-0.0219912,-0.0500262,0.631198,0.000111158,0.00398646,12
12.8912,0.0937803,0.335292,-0.0219912,-0.0682843,0.599118,0.000461101,0.00398576,15
12.8952,0.0951844,0.333611,-0.0219912,-0.0904305,0.530927,0.000111588,0.00398332,12
12.8992,0.0963669,0.33193,-0.0251327,-0.101812,0.457304,0.000112941,0.003986,12
12.9032,0.0976971,0.335292,-0.0251327,-0.120107,0.413573,0.000111147,0.00398656,12
12.9072,0.0991012,0.333611,-0.0251327,-0.141811,0.346719,0.000230641,0.00398692,15
12.9112,0.100431,0.335292,-0.0251327,-0.163979,0.286955,0.000117749,0.00398308,12
12.9152,0.101762,0.336972,-0.0282743,-0.172241,0.23174,0.000110637,0.0039866,12
12.9192,0.103092,0.161063,-0.0282743,-0.184693,-0.255947,0.000522625,0.00398618,15
12.9232,0.104496,0.328569,-0.0282743,-0.198392,0.137034,0.000111689,0.00398376,12
12.9272,0.105678,0.319045,-0.0282743,-0.211096,0.0766996,0.000114043,0.00398604,12
12.9312,0.106935,0.315684,-0.0314159,-0.209272,0.0388161,0.000115666,0.00398517,12
12.9352,0.108191,0.312323,-0.0314159,-0.212001,0.0246527,0.000362206,0.00398636,15
12.9392,0.109521,0.304479,-0.0345575,-0.205471,-0.0103859,0.000140372,0.00397075,12
12.9432,0.11063,0.296076,-0.0345575,-0.208621,-0.0391253,0.0001127,0.00398606,12
12.9472,0.111812,0.296076,-0.0345575,-0.219628,-0.0698097,0.000618084,0.00398552,15
12.9512,0.113142,0.292715,-0.0345575,-0.237651,-0.13003,0.00011232,0.00398361,12
12.9552,0.114103,0.286552,-0.0376991,-0.229099,-0.155438,0.000113622,0.00398611,12
12.9592,0.115212,0.27983,-0.0376991,-0.225041,-0.158068,0.000111558,0.00398664,12
12.9632,0.11632,0.268625,-0.0376991,-0.223794,-0.180734,0.000460049,0.00398672,15
12.9672,0.117503,0.263583,-0.0376991,-0.224658,-0.193748,0.000116127,0.00398218,12
12.9712,0.118389,0.25406,-0.0376991,-0.227911,-0.226171,0.00011205,0.00398637,12
12.9752,0.119424,0.245656,-0.0376991,-0.234818,-0.266424,0.00011251,0.0039858,12
12.9792,0.120385,0.243976,-0.0376991,-0.247618,-0.307341,0.000212276,0.00398641,15
12.9832,0.121345,0.234452,-0.0376991,-0.247796,-0.330307,0.000112359,0.00398303,12
12.9872,0.122158,0.214844,-0.0376991,-0.249583,-0.384422,0.000113622,0.00398553,12
12.9912,0.123045,0.208122,-0.0376991,-0.23432,-0.353674,0.000499883,0.00398686,15
12.9952,0.123858,0.193556,-0.0376991,-0.215958,-0.33392,0.000114784,0.00398338,12
12.9992,0.124597,0.186833,-0.0376991,-0.197161,-0.292817,0.000113812,0.00398652,12
13.0032,0.125262,0.175629,-0.0376991,-0.181294,-0.272267,0.000115165,0.0039864,12
13.0072,0.125927,0.170587,-0.0376991,-0.150678,-0.191281,0.000326629,0.00398512,15
13.0112,0.126592,0.157702,-0.0376991,-0.120107,-0.130625,0.000113642,0.00398348,12
13.0152,0.127184,0.148178,-0.0376991,-0.0929449,-0.0717746,0.000113943,0.00398568,12
13.0192,0.127775,0.143136,-0.0376991,-0.073116,-0.0235463,0.000594029,0.00398673,15
13.0232,0.128366,0.133052,-0.0376991,-0.0433637,0.0416872,0.000114033,0.00398364,12
13.0272,0.128809,0.120167,-0.0376991,-0.0187611,0.0838237,0.00011247,0.00398655,12
13.0312,0.129475,0.231091,-0.0345575,-0.0148014,0.420339,0.000112701,0.00398599,12
13.0352,0.129696,0.105601,-0.0345575,-0.0154896,0.0956139,0.000463925,0.00398684,15
13.0392,0.13014,0.0988788,-0.0314159,-0.0171,0.11188,0.000124613,0.00397683,12
13.0432,0.130509,0.0927164,-0.0314159,-0.0160473,0.0999992,0.000114093,0.00398565,12
13.0472,0.130879,0.094397,-0.0314159,0.00324335,0.163428,0.00011294,0.00398647,12
13.0512,0.131248,0.0826324,-0.0282743,0.0125886,0.199658,0.000209241,0.00398612,15
13.0552,0.131618,0.0859937,-0.0282743,0.0278432,0.255217,0.000116628,0.00398288,12
13.0592,0.131913,0.0781507,-0.0282743,0.0434004,0.28268,0.000111247,0.00398648,12
13.0632,0.132283,0.0798313,-0.0251327,0.0636868,0.386594,0.00052501,0.00398552,15
13.0672,0.132578,0.07647,-0.0251327,0.0935492,0.468826,0.000142195,0.00398371,12
13.0712,0.132874,0.07647,-0.0251327,0.128642,0.575521,0.000114043,0.00398492,12
13.0752,0.13317,0.07647,-0.0251327,0.165182,0.686587,0.000112691,0.00398645,12
13.0792,0.133465,0.0781507,-0.0251327,0.199944,0.796607,0.000286455,0.00397684,15
13.0832,0.133835,0.0843131,-0.0219912,0.218275,0.906155,0.000114393,0.00398335,12
13.0872,0.13413,0.0876744,-0.0219912,0.237994,0.975044,0.000110396,0.00398643,12
13.0912,0.1345,0.0910357,-0.0188496,0.243887,1.03979,0.000609547,0.00398657,15
13.0952,0.134943,0.0971981,-0.0188496,0.253351,1.08522,0.000112139,0.00398382,12
13.0992,0.135313,0.108963,-0.0188496,0.262882,1.14512,0.000113532,0.00398561,12
13.1032,0.135756,0.116806,-0.015708,0.257827,1.18849,0.000111288,0.00398653,12
13.1072,0.136273,0.120167,-0.015708,0.256284,1.19361,0.000351516,0.00398671,15
13.1112,0.136791,0.131932,-0.015708,0.25559,1.22293,0.000113392,0.00398295,12
13.1152,0.137308,0.136414,-0.015708,0.254063,1.23099,0.000110727,0.00398657,12
13.1192,0.137899,0.148178,-0.015708,0.251001,1.25332,0.000580473,0.00398543,15
13.1232,0.138564,0.159383,-0.015708,0.246686,1.27058,0.000111919,0.00398326,12
13.1272,0.139156,0.167786,-0.015708,0.242378,1.28048,0.000110726,0.00398635,12
13.1312,0.139821,0.17731,-0.015708,0.240321,1.30024,0.000147816,0.00398657,12
13.1352,0.14056,0.185713,-0.015708,0.243738,1.33382,0.000314277,0.00398528,15
13.1392,0.141373,0.196917,-0.015708,0.235093,1.33831,0.000115295,0.00398203,12
13.1432,0.142112,0.20364,-0.015708,0.229598,1.34063,0.000111969,0.00398627,12
13.1472,0.142924,0.214844,-0.015708,0.209577,1.31075,0.000541311,0.00398565,15
13.1512,0.143959,0.224368,-0.015708,0.189961,1.27825,0.000112249,0.00398324,12
13.1552,0.144772,0.242295,-0.015708,0.174397,1.27915,0.000112881,0.00398583,12
13.1592,0.145733,0.247337,-0.015708,0.145485,1.20686,0.000112961,0.00398664,12
13.1632,0.146767,0.258541,-0.0188496,0.13029,1.15457,0.000300801,0.00398705,15
13.1672,0.147876,0.265264,-0.0188496,0.112534,1.12064,0.000115055,0.003983,12
13.1712,0.14891,0.270306,-0.0219912,0.088353,1.02532,0.000110827,0.00398618,12
13.1752,0.150019,0.284872,-0.0219912,0.0541606,0.961918,0.000561729,0.00398674,15
13.1792,0.151275,0.294396,-0.0219912,0.0162649,0.874661,0.00011213,0.00398359,12
13.1832,0.15231,0.294396,-0.0251327,-0.0068974,0.769444,0.000111498,0.00398642,12
13.1872,0.153492,0.297757,-0.0251327,-0.028658,0.714917,0.000112209,0.00398675,12
13.1912,0.154749,0.30616,-0.0251327,-0.0623487,0.637482,0.000364991,0.00398697,15
13.1952,0.156079,0.239494,-0.0282743,-0.0775434,0.385326,0.000114825,0.00398273,12
13.1992,0.157187,0.302799,-0.0282743,-0.109596,0.453886,0.000120465,0.00398516,12
13.2032,0.158444,0.30616,-0.0282743,-0.140632,0.371493,0.000118932,0.00398552,12
13.2072,0.159626,0.30616,-0.0345575,-0.141204,0.297388,0.00020906,0.00398587,15
13.2112,0.160882,0.30616,-0.0345575,-0.167849,0.219606,0.000116618,0.00398351,12
13.2152,0.162065,0.304479,-0.0376991,-0.190562,0.111742,0.00012348,0.0039865,12
13.2192,0.163321,0.304479,-0.0376991,-0.224076,0.0132038,0.000511615,0.00398666,15
13.2232,0.164651,0.301118,-0.0376991,-0.262363,-0.108254,0.000115185,0.00398318,12
13.2272,0.165686,0.302799,-0.0376991,-0.300377,-0.21655,0.000111047,0.00398648,12
13.2312,0.166868,0.297757,-0.0408407,-0.322065,-0.329972,0.000113351,0.00398648,12
13.2352,0.168051,0.291594,-0.0408407,-0.344263,-0.410342,0.000323083,0.00398651,15
13.2392,0.169233,0.286552,-0.0408407,-0.363185,-0.477929,0.000122669,0.00398041,12
13.2432,0.170268,0.276468,-0.0439823,-0.36418,-0.542122,0.000112991,0.00398633,12
13.2472,0.171376,0.261903,-0.0471239,-0.353636,-0.582826,0.0006428,0.00398682,15
13.2512,0.172485,0.249018,-0.0471239,-0.349371,-0.600699,0.000115185,0.00398362,9
13.2552,0.173298,0.237813,-0.0471239,-0.348862,-0.626238,0.000110346,0.00398639,12
13.2592,0.174258,0.226049,-0.0502655,-0.338997,-0.662104,0.000111097,0.00398679,12
13.2632,0.175071,0.208122,-0.0502655,-0.339979,-0.709458,0.00047713,0.00398676,15
13.2672,0.175958,0.191875,-0.0502655,-0.351805,-0.785098,0.000114564,0.00398274,12
13.2712,0.176623,0.17899,-0.0502655,-0.354277,-0.824296,0.000113762,0.00398614,12
13.2752,0.177288,0.162744,-0.0502655,-0.360505,-0.883499,0.000111959,0.00398654,12
13.2792,0.17788,0.146497,-0.0502655,-0.351269,-0.896133,0.000200374,0.0039864,15
13.2832,0.178471,0.133052,-0.0502655,-0.340521,-0.896986,0.000113802,0.00397485,12
13.2872,0.178914,0.118486,-0.0502655,-0.331485,-0.906219,0.00011819,0.00398463,12
13.2912,0.179358,0.0960777,-0.0502655,-0.306905,-0.888673,0.000442596,0.00398686,15
13.2952,0.179727,0.0876744,-0.0502655,-0.282553,-0.835917,0.000114654,0.00398319,12
13.2992,0.179949,0.066386,-0.0502655,-0.263337,-0.83218,0.000111288,0.00398655,12
13.3032,0.180171,0.048459,-0.0502655,-0.233541,-0.787815,0.000109895,0.00398676,12
13.3072,0.180392,0.0322126,-0.0502655,-0.210342,-0.759057,0.000213088,0.00398492,15
13.3112,0.180466,0.0176469,-0.0502655,-0.199905,-0.764862,0.000113903,0.00398336,12
13.3152,0.180466,-0.00532209,-0.0471239,-0.177885,-0.719987,0.000111849,0.00398639,12
13.3192,0.180466,-0.0148458,-0.0471239,-0.152546,-0.667936,0.000496377,0.00398671,15
13.3232,0.180392,-0.0182071,-0.0439823,-0.120722,-0.543105,0.00011244,0.00398392,12
13.3272,0.180318,-0.0266104,-0.0408407,-0.0916582,-0.439597,0.00013958,0.0039855,12
13.3312,0.180171,-0.0310922,-0.0408407,-0.0527232,-0.333799,0.000123561,0.00398697,12
13.3352,0.180097,-0.0294115,-0.0408407,-0.0131684,-0.2101,0.000330597,0.00398575,15
13.3392,0.179949,-0.0327729,-0.0376991,0.0273674,-0.0591028,0.000113281,0.00398361,12
13.3432,0.179801,-0.0294115,-0.0376991,0.0692461,0.075786,0.00011211,0.00398616,12
13.3472,0.179727,-0.0266104,-0.0376991,0.103216,0.185494,0.000638371,0.00398651,15
13.3512,0.179579,-0.0232491,-0.0376991,0.141908,0.310754,0.00011232,0.00398394,9
13.3552,0.179505,-0.0198878,-0.0345575,0.176078,0.459985,0.000127849,0.00398528,12
13.3592,0.179432,-0.0131652,-0.0345575,0.208891,0.576294,0.000109485,0.003987,12
13.3632,0.179358,-0.0114845,-0.0314159,0.222331,0.65855,0.000453086,0.00398609,15
13.3672,0.179358,-0.00196077,-0.0314159,0.252591,0.77452,0.000113211,0.00398281,12
13.3712,0.179358,0.00308121,-0.0314159,0.283059,0.879574,0.000120696,0.00398425,12
13.3752,0.179432,0.00812319,-0.0282743,0.29796,0.975224,0.000113953,0.00398623,12
13.3792,0.179432,0.0126049,-0.0282743,0.31427,1.03605,0.000245228,0.00398544,15
13.3832,0.179579,0.0243696,-0.0282743,0.328205,1.10878,0.000114233,0.00398296,12
13.3872,0.179653,0.0243696,-0.0282743,0.336962,1.1354,0.000110356,0.00398659,12
13.3912,0.179801,0.0406159,-0.0251327,0.326728,1.18411,0.000571727,0.00398702,15
13.3952,0.180023,0.0467784,-0.0251327,0.316583,1.16981,0.000113753,0.00398363,12
13.3992,0.180171,0.0568623,-0.0251327,0.304986,1.16105,0.000111428,0.00398584,12
13.4032,0.180392,0.0630247,-0.0251327,0.291515,1.13669,0.000121066,0.00398017,12
13.4072,0.180688,0.0781507,-0.0251327,0.276871,1.13203,0.000324155,0.00398589,15
13.4112,0.181057,0.0781507,-0.0251327,0.262877,1.09055,0.000114233,0.00398351,12
13.4152,0.181353,0.0910357,-0.0251327,0.252476,1.09294,0.000113471,0.00398605,12
13.4192,0.181722,0.0960777,-0.0251327,0.249734,1.09844,0.000612473,0.00398644,15
13.4232,0.182166,0.100559,-0.0251327,0.238094,1.07577,0.000111999,0.00398393,12
13.4272,0.182609,0.0159663,-0.0251327,0.23389,0.846209,0.000110266,0.00398584,12
13.4312,0.182979,0.115125,-0.0251327,0.220708,1.06251,0.000121386,0.00398433,12
13.4352,0.183422,0.114005,-0.0251327,0.19314,0.97728,0.000442516,0.0039863,15
13.4392,0.18394,0.123528,-0.0251327,0.166398,0.922117,0.000113643,0.00398338,12
13.4432,0.184383,0.12689,-0.0251327,0.144407,0.865284,0.000110055,0.00398658,12
13.4472,0.184974,0.138094,-0.0282743,0.122041,0.790356,0.000132618,0.00398645,12
13.4512,0.185491,0.138094,-0.0282743,0.0947313,0.708956,0.000193892,0.00398718,15
13.4552,0.186083,0.143136,-0.0282743,0.068086,0.642706,0.000114554,0.0039831,12
13.4592,0.1866,0.144817,-0.0282743,0.0481322,0.587862,0.000140953,0.00398618,12
13.4632,0.187265,0.143136,-0.0282743,0.0195759,0.498688,0.000492519,0.00398688,15
13.4672,0.18793,0.15266,-0.0314159,0.0113008,0.462178,0.000115656,0.00398147,12
13.4712,0.188447,0.149859,-0.0314159,-0.0131684,0.382148,0.000111198,0.00398639,12
13.4752,0.189039,0.15266,-0.0314159,-0.0366564,0.319669,0.000115486,0.00398506,12
13.4792,0.189704,0.146497,-0.0345575,-0.0419879,0.251663,0.000284701,0.00398653,15
13.4832,0.190295,0.149859,-0.0345575,-0.0656383,0.190137,0.000119853,0.00397324,12
13.4872,0.190886,0.149859,-0.0345575,-0.0907126,0.115652,0.000113051,0.00398551,12
13.4912,0.191477,0.146497,-0.0376991,-0.100596,0.0409407,0.000569884,0.0039868,15
13.4952,0.192143,0.141455,-0.0376991,-0.110864,-0.00161996,0.00011765,0.00398229,12
13.4992,0.192586,0.138094,-0.0376991,-0.13751,-0.0898325,0.000109985,0.00398626,12
13.5032,0.193177,0.131932,-0.0376991,-0.165182,-0.188035,0.000111589,0.00398674,12
13.5072,0.193694,0.12857,-0.0376991,-0.191076,-0.273813,0.000462213,0.00398681,15
13.5112,0.194212,0.121848,-0.0408407,-0.200961,-0.357344,0.000113272,0.00398373,12
13.5152,0.194655,0.114005,-0.0408407,-0.213073,-0.413177,0.000122929,0.00398347,12
13.5192,0.195099,0.103921,-0.0408407,-0.224611,-0.473042,0.000110536,0.00398683,12
13.5232,0.195468,0.0988788,-0.0408407,-0.233471,-0.511994,0.000228647,0.00398679,15
13.5272,0.195838,0.0876744,-0.0408407,-0.238251,-0.554485,0.00011279,0.00398336,12
13.5312,0.196133,0.0798313,-0.0408407,-0.238251,-0.574036,0.000112409,0.00398614,12
13.5352,0.196429,0.0630247,-0.0408407,-0.233471,-0.602222,0.0004876,0.00398665,15
13.5392,0.196724,0.0518203,-0.0408407,-0.224611,-0.603654,0.000114053,0.00398378,12
13.5432,0.196872,0.0422966,-0.0408407,-0.213073,-0.592988,0.000113571,0.00398361,12
13.5472,0.19702,0.0322126,-0.0408407,-0.20096,-0.582027,0.000110556,0.00398727,12
13.5512,0.197094,0.0210082,-0.0408407,-0.191076,-0.580846,0.000284401,0.00398671,15
13.5552,0.197094,-0.00028011,-0.0408407,-0.165182,-0.557412,0.00011243,0.00398366,12
13.5592,0.197094,-0.00532209,-0.0408407,-0.13751,-0.486771,0.000113722,0.0039861,12
13.5632,0.197094,-0.0114845,-0.0408407,-0.110864,-0.422115,0.000583238,0.00398692,15
13.5672,0.19702,-0.0131652,-0.0408407,-0.0886074,-0.359346,0.000114173,0.00398291,12
13.5712,0.196946,-0.0148458,-0.0408407,-0.0746655,-0.321703,0.000113953,0.00398461,12
13.5752,0.196946,-0.00980385,-0.0408407,-0.0517816,-0.239566,0.000109935,0.00398677,12
13.5792,0.196872,-0.0182071,-0.0408407,-0.0350287,-0.210738,0.000440643,0.00398683,15
13.5832,0.196798,-0.0148458,-0.0408407,-0.0279108,-0.180734,0.000114714,0.00398227,12
13.5872,0.196724,-0.0131652,-0.0408407,-0.0126108,-0.130332,0.000137026,0.00398492,12
13.5912,0.19665,-0.00868341,-0.0376991,-0.0154896,-0.0901753,0.000116227,0.00398571,12
13.5952,0.19665,-0.00868341,-0.0376991,-0.0192907,-0.101662,0.000196737,0.00398657,15
13.5992,0.196577,-0.0131652,-0.0376991,-0.00689752,-0.0759118,0.000115716,0.0039827,12
13.6032,0.196577,-0.00980385,-0.0376991,0.00689735,-0.025569,0.000110997,0.00398653,12
13.6072,0.196503,-0.00196077,-0.0376991,0.0192905,0.0319172,0.000488982,0.00398678,15
13.6112,0.196503,0.00140055,-0.0376991,0.0274786,0.0653164,0.000114434,0.00398297,12
13.6152,0.196503,0.00308121,-0.0376991,0.0286579,0.0732078,0.000110667,0.00398657,12
13.6192,0.196577,0.00308121,-0.0376991,0.0417673,0.112985,0.000112089,0.00398671,12
13.6232,0.196577,-0.00028011,-0.0376991,0.0539767,0.141226,0.000288358,0.00398684,15
13.6272,0.196503,-0.00364143,-0.0376991,0.0645854,0.164469,0.000114884,0.00398345,12
13.6312,0.196577,-0.00196077,-0.0376991,0.0730323,0.194484,0.000110136,0.00398661,12
13.6352,0.196577,-0.00028011,-0.0376991,0.0788973,0.216535,0.000579351,0.00398304,15
13.6392,0.196577,-0.00196077,-0.0376991,0.0818998,0.221281,0.000113703,0.0039818,12
13.6432,0.196577,-0.00196077,-0.0376991,0.0818998,0.221281,0.000110836,0.0039866,12
13.6472,0.196577,-0.00196077,-0.0376991,0.0788973,0.212208,0.000111678,0.00398625,12
13.6512,0.196577,-0.00028011,-0.0376991,0.0730324,0.198812,0.00043961,0.00398703,15
13.6552,0.196577,-0.00028011,-0.0376991,0.0645854,0.173285,0.000116708,0.00398281,12
13.6592,0.196577,-0.00196077,-0.0376991,0.0539768,0.136899,0.000110376,0.00398664,12
13.6632,0.196577,0.00140055,-0.0376991,0.0417674,0.108658,0.000110997,0.00398632,12
13.6672,0.196577,-0.00196077,-0.0376991,0.0286579,0.0603863,0.000194984,0.00398648,15
13.6712,0.196577,0.00308121,-0.0376991,0.0154896,0.0335749,0.000113011,0.00398267,12
13.6752,0.196577,0.00308121,-0.0376991,0.00324336,-0.00343284,0.000120134,0.00397257,12
13.6792,0.196577,-0.00028011,-0.0376991,-0.00695911,-0.0429196,0.000485486,0.00398661,15
13.6832,0.196577,-0.00532209,-0.0376991,-0.0138566,-0.0767463,0.000120766,0.00398124,12
13.6872,0.196577,-0.00532209,-0.0376991,-0.0160471,-0.0833662,0.000115175,0.00398641,12
13.6912,0.196577,-0.00196077,-0.0376991,-0.0119889,-0.062447,0.000414053,0.0039508,12
13.6952,0.196577,-0.00700275,-0.0376991,-0,-0.0391999,0.000281696,0.00398448,15
13.6992,0.196577,0.00140055,-0.0376991,-0,-0.0175618,0.000115676,0.00398391,12
13.7032,0.196577,-0.00028011,-0.0376991,-0,-0.0218894,0.000114975,0.00398551,12
13.7072,0.196577,-0.00364143,-0.0376991,-0,-0.0305446,0.000571597,0.00398644,15
13.7112,0.196577,0.00140055,-0.0376991,-0,-0.0175618,0.000114664,0.00398357,12
13.7152,0.196577,0.00308121,-0.0376991,-0,-0.0132341,0.000112169,0.00398634,12
13.7192,0.196577,-0.00532209,-0.0376991,-0,-0.0348723,0.000144399,0.00398591,12
13.7232,0.196577,0.00140055,-0.0376991,-0,-0.0175618,0.000440362,0.00398664,15
13.7272,0.196577,-0.00196077,-0.0376991,-0,-0.026217,0.000124402,0.00398362,12
13.7312,0.196577,0.00140055,-0.0408407,0.0119889,-0.0188084,0.000111899,0.0039862,12
13.7352,0.196577,-0.00196077,-0.0408407,0.016047,-0.0151999,0.000112089,0.00398659,12
13.7392,0.196577,-0.00196077,-0.0408407,0.0138565,-0.0218198,0.00017112,0.00398588,15
13.7432,0.196577,-0.00364143,-0.0408407,0.00695904,-0.0469912,0.000115265,0.0039643,12
13.7472,0.196577,-0.00532209,-0.0408407,-0.00324354,-0.0821507,0.000116819,0.00398714,12
13.7512,0.196577,-0.00196077,-0.0408407,-0.0154897,-0.110503,0.000474315,0.0039859,15
13.7552,0.196577,-0.00196077,-0.0408407,-0.0286581,-0.150297,0.000115686,0.00398344,12
13.7592,0.196577,-0.00028011,-0.0408407,-0.0417675,-0.185586,0.000110797,0.0039865,12
13.7632,0.196577,-0.00028011,-0.0408407,-0.0539769,-0.222482,0.000116508,0.00398679,12
13.7672,0.196577,-0.00364143,-0.0408407,-0.0645855,-0.263196,0.000294951,0.00398697,15
13.7712,0.196577,-0.00364143,-0.0408407,-0.0730325,-0.288723,0.000114274,0.00398337,12
13.7752,0.196577,-0.00196077,-0.0439823,-0.0669085,-0.303365,0.000119273,0.00398505,12
13.7792,0.196577,0.00308121,-0.0439823,-0.0658528,-0.287192,0.000580544,0.00398606,15
13.7832,0.196503,-0.00196077,-0.0439823,-0.0680434,-0.306956,0.000134391,0.00398349,12
13.7872,0.196503,0.00308121,-0.0439823,-0.0719384,-0.305744,0.000111909,0.00398661,12
13.7912,0.196503,-0.00028011,-0.0471239,-0.064287,-0.328753,0.00011267,0.00398653,12
13.7952,0.196503,0.00308121,-0.0471239,-0.064028,-0.319315,0.000463334,0.00398545,15
13.7992,0.196503,-0.00028011,-0.0471239,-0.0687784,-0.342326,0.00011757,0.00398295,12
13.8032,0.196503,-0.00028011,-0.0471239,-0.0765758,-0.36589,0.000114173,0.00398633,12
13.8072,0.196503,-0.00196077,-0.0471239,-0.0858783,-0.398329,0.000664871,0.00398536,15
13.8112,0.196503,-0.00028011,-0.0502655,-0.0835758,-0.42452,0.00015043,0.00398397,9
13.8152,0.196503,0.00140055,-0.0502655,-0.088887,-0.436243,0.000127338,0.00398544,12
13.8192,0.196503,0.00644253,-0.0502655,-0.0998493,-0.456388,0.000128049,0.00398609,12
13.8232,0.196503,-0.00028011,-0.0502655,-0.115061,-0.519669,0.000422158,0.00398586,15
13.8272,0.196503,0.00308121,-0.0502655,-0.133682,-0.567284,0.000118642,0.00398434,12
13.8312,0.196503,-0.00364143,-0.0502655,-0.155431,-0.650319,0.000113132,0.00398709,12
13.8352,0.196503,-0.00364143,-0.0502655,-0.180588,-0.726343,0.000977454,0.00395695,12
13.8392,0.196429,-0.0182071,-0.0534071,-0.176264,-0.78842,0.000222696,0.00398385,9
13.8432,0.196355,-0.0182071,-0.0534071,-0.173807,-0.781155,0.00011817,0.00398273,12
13.8472,0.196281,-0.0249298,-0.0534071,-0.171394,-0.791335,0.000140603,0.00398629,12
13.8512,0.196207,-0.0266104,-0.0534071,-0.167764,-0.784854,0.000463084,0.00398675,15
13.8552,0.196059,-0.0445375,-0.0534071,-0.162216,-0.814572,0.000117379,0.00398355,12
13.8592,0.195911,-0.0361342,-0.0534071,-0.15461,-0.770271,0.000116157,0.00398619,12
13.8632,0.19569,-0.0490192,-0.0565487,-0.133377,-0.777245,0.000114384,0.0039855,12
13.8672,0.195542,-0.0490192,-0.0565487,-0.119419,-0.735386,0.000224459,0.00398636,15
13.8712,0.19532,-0.0557419,-0.0565487,-0.112595,-0.732558,0.000114914,0.00397377,12
13.8752,0.195099,-0.0557419,-0.0565487,-0.113466,-0.735673,0.00011268,0.00398584,12
13.8792,0.194877,-0.0624645,-0.0565487,-0.123294,-0.783165,0.000511325,0.00398666,15
13.8832,0.194581,-0.0686269,-0.0596903,-0.110309,-0.797915,0.000114583,0.00398336,12
13.8872,0.194286,-0.0669463,-0.0596903,-0.107122,-0.7846,0.000113591,0.00398594,12
13.8912,0.194064,-0.0686269,-0.0596903,-0.113311,-0.808116,0.000114754,0.00398581,12
13.8952,0.193694,-0.0770302,-0.0596903,-0.129159,-0.878449,0.00032673,0.00398696,15
13.8992,0.193399,-0.0831926,-0.0596903,-0.133902,-0.909297,0.000113572,0.00398276,12
13.9032,0.193029,-0.0882346,-0.0596903,-0.139251,-0.939249,0.000110927,0.00398657,12
13.9072,0.192734,-0.0966379,-0.0596903,-0.145485,-0.980371,0.000606091,0.00398675,15
13.9112,0.19229,-0.10112,-0.0596903,-0.153446,-1.01694,0.000124162,0.00398037,12
13.9152,0.191921,-0.107842,-0.0596903,-0.164535,-1.06856,0.000145191,0.00398549,12
13.9192,0.191477,-0.111204,-0.0596903,-0.158973,-1.06137,0.000114944,0.00398551,12
13.9232,0.19096,-0.119047,-0.0596903,-0.149309,-1.05349,0.000430554,0.00398706,15
13.9272,0.190443,-0.125769,-0.0596903,-0.136524,-1.0333,0.000114353,0.00398259,12
13.9312,0.189999,-0.132492,-0.0596903,-0.122021,-1.00775,0.000119633,0.00398472,12
13.9352,0.189482,-0.136974,-0.0596903,-0.107621,-0.976897,0.000126045,0.00398383,12
13.9392,0.188891,-0.140335,-0.0596903,-0.0955667,-0.950415,0.000221824,0.0039813,15
13.9432,0.1883,-0.147058,-0.0596903,-0.0885222,-0.947726,0.000119503,0.003982,12
13.9472,0.187782,-0.15322,-0.0596903,-0.0678291,-0.902188,0.000114463,0.00398568,12
13.9512,0.187117,-0.158262,-0.0596903,-0.0470177,-0.85373,0.000472221,0.00398718,15
13.9552,0.186452,-0.163304,-0.0596903,-0.0279108,-0.810422,0.00011274,0.00398382,12
13.9592,0.185861,-0.164985,-0.0596903,-0.0126109,-0.769803,0.000116097,0.00398382,12
13.9632,0.185196,-0.168346,-0.0596903,-0.00350057,-0.752377,0.00011802,0.00398666,12
13.9672,0.184531,-0.171147,-0.0596903,-0.00324343,-0.760262,0.000280323,0.00398703,15
13.9712,0.183792,-0.174508,-0.0596903,0.00695921,-0.739697,0.000114464,0.00398318,12
13.9752,0.183127,-0.172828,-0.0596903,0.0138566,-0.715975,0.000111018,0.00398649,12
13.9792,0.182609,-0.0294115,-0.0596903,0.0160471,-0.341194,0.000578289,0.00398688,15
13.9832,0.181649,-0.17787,-0.0596903,0.011989,-0.737824,0.000112751,0.0039831,12
13.9872,0.180983,-0.17955,-0.0596903,-0,-0.779832,0.000116428,0.00398627,12
13.9912,0.180318,-0.174508,-0.0596903,-0,-0.768299,0.000114574,0.00398649,12
13.9952,0.179579,-0.176189,-0.0596903,-0,-0.774238,0.000432267,0.00398655,15
13.9992,0.17884,-0.181231,-0.0596903,-0,-0.788832,0.000116507,0.00398342,12
14.0032,0.178175,-0.181231,-0.0596903,-0,-0.790282,0.00011802,0.00398476,12
14.0072,0.177436,-0.189074,-0.0565487,-0.011989,-0.810842,0.000658759,0.00398663,12
14.0112,0.176549,-0.195797,-0.0565487,-0.0160471,-0.84235,0.000147405,0.00398364,9
14.0152,0.175884,-0.195797,-0.0565487,-0.0138566,-0.83718,0.000114043,0.00398503,12
14.0192,0.175071,-0.199158,-0.0565487,-0.00695917,-0.826764,0.000111668,0.00398651,12
14.0232,0.174258,-0.2042,-0.0565487,0.00324342,-0.810687,0.000446333,0.00398684,15
14.0272,0.173372,-0.213724,-0.0565487,0.0154896,-0.800136,0.000113151,0.00398361,12
14.0312,0.172633,-0.212043,-0.0565487,0.028658,-0.757625,0.000111849,0.00398577,12
14.0352,0.171746,-0.220446,-0.0565487,0.0417675,-0.74158,0.000119523,0.0039842,12
14.0392,0.170859,-0.217085,-0.0534071,0.0419879,-0.696715,0.000249806,0.00398662,15
14.0432,0.169972,-0.222127,-0.0534071,0.0485383,-0.691836,0.000479114,0.00394106,12
14.0472,0.169012,-0.224928,-0.0534071,0.059176,-0.668996,0.000124212,0.00395839,12
14.0512,0.168273,-0.223248,-0.0534071,0.0719383,-0.627713,0.000486558,0.00398591,15
14.0552,0.167238,-0.22997,-0.0534071,0.0851435,-0.607373,0.000112971,0.00398391,12
14.0592,0.166425,-0.226609,-0.0534071,0.0973897,-0.563482,0.000118581,0.00398464,12
14.0632,0.165538,-0.231651,-0.0534071,0.107555,-0.547678,0.000118902,0.00398545,12
14.0672,0.164577,-0.231651,-0.0534071,0.1148,-0.52788,0.000226783,0.0039773,15
14.0712,0.163691,-0.226609,-0.0534071,0.118562,-0.505461,0.000117419,0.0039815,12
14.0752,0.162804,-0.224928,-0.0534071,0.118562,-0.503066,0.000111769,0.00398626,12
14.0792,0.161843,-0.22997,-0.0534071,0.1148,-0.529513,0.000472342,0.00398646,15
14.0832,0.160882,-0.224928,-0.0534071,0.107556,-0.540517,0.000114553,0.00398327,12
14.0872,0.160069,-0.22997,-0.0534071,0.0973897,-0.585993,0.00011228,0.00398646,12
14.0912,0.159109,-0.231651,-0.0534071,0.0851435,-0.629423,0.000118331,0.00398209,12
14.0952,0.158222,-0.22829,-0.0502655,0.0599493,-0.66136,0.000228927,0.00398476,15
14.0992,0.157261,-0.231651,-0.0502655,0.0431287,-0.722941,0.000116327,0.00398066,12
14.1032,0.156374,-0.224928,-0.0502655,0.0346816,-0.733091,0.000111799,0.00398668,12
14.1072,0.155488,-0.260782,-0.0502655,0.0350287,-0.826298,0.000495645,0.00398607,15
14.1112,0.154453,-0.236693,-0.0502655,0.0450109,-0.736358,0.000146614,0.00398355,12
14.1152,0.153566,-0.235012,-0.0502655,0.0441476,-0.736573,0.000112219,0.0039861,12
14.1192,0.152679,-0.231651,-0.0502655,0.0441475,-0.729851,0.000111288,0.00398674,12
14.1232,0.151719,-0.236693,-0.0502655,0.0450108,-0.742319,0.000255848,0.00398674,15
14.1272,0.150758,-0.236693,-0.0502655,0.0470176,-0.73835,0.000115094,0.003982,12
14.1312,0.149797,-0.246217,-0.0502655,0.0507287,-0.753752,0.000111027,0.00398685,12
14.1352,0.148837,-0.240054,-0.0502655,0.0569853,-0.721072,0.000522435,0.00398571,15
14.1392,0.147728,-0.251259,-0.0502655,0.0669084,-0.722352,0.000114143,0.00398288,12
14.1432,0.146841,-0.25462,-0.0502655,0.0818999,-0.687636,0.000113242,0.0039865,12
14.1472,0.145881,-0.256301,-0.0502655,0.0818999,-0.694058,0.000113301,0.00398528,12
14.1512,0.144846,-0.259102,-0.0502655,0.0788974,-0.7126,0.000281305,0.00398709,15
14.1552,0.143811,-0.252939,-0.0502655,0.0730324,-0.716712,0.00011261,0.00398338,12
14.1592,0.142777,-0.25462,-0.0502655,0.0645854,-0.748821,0.000110386,0.00398656,12
14.1632,0.141742,-0.260782,-0.0502655,0.0539768,-0.799004,0.00053079,0.00398665,15
14.1672,0.14056,-0.264144,-0.0502655,0.0417674,-0.847133,0.000136756,0.00398225,12
14.1712,0.139673,-0.265824,-0.0502655,0.028658,-0.89301,0.00011276,0.003986,12
14.1752,0.138564,-0.275348,-0.0502655,0.0154896,-0.959744,0.000138058,0.0039857,12
14.1792,0.137456,-0.275348,-0.0502655,0.00324337,-0.999169,0.000300641,0.00398692,15
14.1832,0.136273,-0.282071,-0.0502655,-0.00695916,-1.04989,0.000113652,0.00398353,12
14.1872,0.135239,-0.292155,-0.0502655,-0.0138566,-1.09895,0.000110636,0.00398653,12
14.1912,0.134056,-0.294956,-0.0502655,-0.0160472,-1.11536,0.000562089,0.00398615,15
14.1952,0.132726,-0.30672,-0.0502655,-0.0119891,-1.13629,0.000112851,0.00398361,12
14.1992,0.131618,-0.312883,-0.0502655,-0,-1.11835,0.000116888,0.00398644,12
14.2032,0.130287,-0.321286,-0.0502655,-0,-1.14289,0.000113712,0.00398659,12
14.2072,0.129031,-0.43221,-0.0502655,-0,-1.43125,0.000327492,0.00398597,15
14.2112,0.127701,-0.33249,-0.0471239,-0.0119891,-1.17613,0.000116087,0.00398211,12
14.2152,0.126445,-0.340894,-0.0471239,-0.0160473,-1.21277,0.000111468,0.00398649,12
14.2192,0.12504,-0.345936,-0.0471239,-0.0138567,-1.22219,0.000602634,0.00398613,15
14.2232,0.123489,-0.353779,-0.0471239,-0.00695924,-1.22493,0.000113412,0.00398357,12
14.2272,0.122232,-0.360501,-0.0439823,-0.00874564,-1.2129,0.000110035,0.00398658,12
14.2312,0.120754,-0.373386,-0.0439823,-0.000557616,-1.22456,0.000112771,0.0039865,12
14.2352,0.119276,-0.38179,-0.0408407,0.00281236,-1.20176,0.000438048,0.00398609,15
14.2392,0.117576,-0.394675,-0.0408407,0.0187611,-1.19044,0.000141113,0.00398189,12
14.2432,0.116172,-0.398036,-0.0408407,0.0433637,-1.12781,0.00011214,0.00398644,12
14.2472,0.114547,-0.40756,-0.0376991,0.0611269,-1.06472,0.000111748,0.00398692,12
14.2512,0.112921,-0.412602,-0.0376991,0.0888867,-0.997362,0.000252882,0.00398657,15
14.2552,0.111147,-0.425487,-0.0376991,0.122298,-0.933439,0.00011261,0.00398351,12
14.2592,0.109521,-0.43221,-0.0376991,0.157576,-0.847685,0.00011287,0.00398628,12
14.2632,0.107822,-0.435011,-0.0345575,0.179508,-0.75485,0.000553823,0.00398694,15
14.2672,0.105826,-0.448456,-0.0314159,0.19336,-0.714481,0.000116207,0.00397421,12
14.2712,0.1042,-0.451817,-0.0314159,0.21527,-0.660472,0.000112921,0.00398622,12
14.2752,0.102427,-0.526326,-0.0282743,0.228481,-0.778796,0.000111748,0.00398639,12
14.2792,0.100579,-0.454618,-0.0282743,0.248988,-0.536206,0.000422168,0.00398704,15
14.2832,0.0986578,-0.451817,-0.0251327,0.260038,-0.462314,0.000119023,0.00398368,12
14.2872,0.0969581,-0.456299,-0.0251327,0.277764,-0.42399,0.000114754,0.0039845,12
14.2912,0.0951106,-0.454618,-0.0251327,0.297683,-0.363499,0.000662477,0.00398665,15
14.2952,0.0930413,-0.461341,-0.0219912,0.304439,-0.327427,0.000183863,0.00398364,9
14.2992,0.0914155,-0.461341,-0.0219912,0.315711,-0.296908,0.000119513,0.00398244,12
14.3032,0.0896419,-0.461341,-0.0188496,0.316705,-0.260292,0.000125124,0.00398604,12
14.3072,0.0878683,-0.454618,-0.015708,0.313812,-0.218115,0.00050361,0.00398484,15
14.3112,0.085799,-0.45798,-0.015708,0.324988,-0.197508,0.000114193,0.00398356,12
14.3152,0.0841732,-0.450137,-0.015708,0.347991,-0.111343,0.000113742,0.0039849,12
14.3192,0.0823996,-0.450137,-0.0125664,0.348388,-0.0765321,0.000110256,0.00398681,12
14.3232,0.080626,-0.450137,-0.0125664,0.356968,-0.0544723,0.00022475,0.00398695,15
14.3272,0.0787784,-0.451817,-0.0125664,0.372328,-0.0164105,0.000129461,0.00398372,12
14.3312,0.0770787,-0.436691,-0.0125664,0.394608,0.0861637,0.00011253,0.00398641,12
14.3352,0.0753051,-0.43221,-0.00942478,0.39176,0.122707,0.000500274,0.00398651,15
14.3392,0.0734576,-0.428848,-0.00628319,0.384965,0.144278,0.000114243,0.00398361,12
14.3432,0.0719056,-0.417084,-0.00628319,0.373382,0.136184,0.000111188,0.00398652,12
14.3472,0.0702798,-0.410921,-0.00628319,0.367879,0.131877,0.000118531,0.00398691,12
14.3512,0.068654,-0.402518,-0.00314159,0.356886,0.154228,0.000259183,0.00398689,15
14.3552,0.0669543,-0.405879,-0.00314159,0.340545,0.0924851,0.000130794,0.00398272,12
14.3592,0.0654763,-0.396356,-0.00314159,0.330704,0.084047,0.000110576,0.00398663,12
14.3632,0.0639243,-0.391314,-0,0.316776,0.0890324,0.000454829,0.00398658,15
14.3672,0.0622246,-0.38291,-0,0.321624,0.121615,0.000111058,0.00398389,12
14.3712,0.0608205,-0.38179,-0,0.32631,0.135599,0.000138368,0.00398549,12
14.3752,0.0593425,-0.373386,-0,0.323603,0.145835,0.000421035,0.00398619,15
14.3792,0.0577167,-0.366664,-0,0.327595,0.171666,0.000114534,0.00398265,12
14.3832,0.0564603,-0.358821,-0,0.320049,0.166319,0.000111298,0.00398617,12
14.3872,0.0549823,-0.355459,-0,0.315897,0.159204,0.000317072,0.00398566,15
14.3912,0.0535782,-0.348737,-0,0.297602,0.118167,0.000115426,0.00398206,12
14.3952,0.052248,-0.340894,-0,0.280658,0.0842572,0.000109704,0.00398649,12
14.3992,0.0509178,-0.342574,-0,0.269689,0.0438837,0.000234077,0.00398653,15
14.4032,0.0496615,-0.224928,-0,0.248702,0.280656,0.000115806,0.00398169,12
14.4072,0.0483312,-0.317925,-0,0.234591,-0.00434876,0.000109765,0.00398647,12
14.4112,0.0470749,-0.30672,-0,0.211502,-0.048013,0.000149899,0.00398441,15
14.4152,0.0458925,-0.298317,-0,0.174586,-0.14051,0.000118732,0.00398595,12
14.4192,0.0447101,-0.296636,-0,0.139618,-0.244431,0.000111578,0.00398562,12
14.4232,0.0435277,-0.294956,-0,0.111084,-0.32891,0.000121867,0.00398686,18
14.4272,0.0424192,-0.285432,-0,0.0724278,-0.423622,0.000109455,0.00398724,12
14.4312,0.0412367,-0.298317,-0,0.0395628,-0.558696,0.000634244,0.00398692,15
14.4352,0.0399804,-0.287113,-0,0.0169747,-0.600844,0.000142626,0.00398319,12
14.4392,0.0389458,-0.287113,-0,0.00970987,-0.625054,0.000113452,0.00398568,12
14.4432,0.0377634,-0.293275,-0,0.00163301,-0.667907,0.000548944,0.00398681,15
14.4472,0.0365071,-0.288793,-0,-0.0128037,-0.702733,0.00012315,0.00398182,12
14.4512,0.0353986,-0.293275,-0,-0.0189482,-0.735258,0.00012318,0.00398654,12
14.4552,0.0342162,-0.303359,-0,-0.0138566,-0.748415,0.000494333,0.00398659,15
14.4592,0.0328859,-0.308401,-0,-0.0160472,-0.770918,0.0001128,0.0039832,12
14.4632,0.0318513,-0.30504,-0,-0.011989,-0.752254,0.000116848,0.00398647,12
14.4672,0.030595,-0.30504,-0,-0,-0.718763,0.000426355,0.00398612,15
14.4712,0.0292648,-0.308401,-0,-0,-0.730318,0.000123901,0.00397394,12
14.4752,0.0281563,-0.310082,-0,-0,-0.737062,0.00011765,0.00398497,12
14.4792,0.0269,-0.316244,-0,-0,-0.755669,0.000418431,0.00398665,15
14.4832,0.0255697,-0.319605,-0,-0,-0.767224,0.000121957,0.00398362,12
14.4872,0.0243873,-0.322967,-0,-0,-0.778458,0.000112701,0.00398661,12
14.4912,0.0232788,-0.174508,-0,-0,-0.398601,0.00028902,0.00398688,15
14.4952,0.0218008,-0.321286,-0,-0,-0.779769,0.00011778,0.00398242,12
14.4992,0.0205445,-0.319605,-0,-0,-0.77818,0.000142777,0.00398622,12
14.5032,0.0192882,-0.322967,-0,-0,-0.789574,0.000224338,0.00398666,15
14.5072,0.0179579,-0.322967,-0,-0,-0.792474,0.000116477,0.00398334,12
14.5112,0.0167016,-0.328009,-0,-0,-0.808196,0.000120154,0.00398608,12
14.5152,0.0153714,-0.33081,-0,-0,-0.818308,0.000125455,0.00398665,18
14.5192,0.0139673,-0.344255,-0,-0,-0.85599,0.000117709,0.00398603,12
14.5232,0.0126371,-0.340894,-0,-0,-0.850235,0.000120264,0.00398385,12
14.5272,0.0112329,-0.353779,-0,-0,-0.886475,0.000117349,0.00398702,18
14.5312,0.00990273,-0.347056,0.00314159,-0.011989,-0.870818,0.000122939,0.00398342,13
14.5352,0.00842471,-0.35714,0.00314159,-0.0160472,-0.912269,0.000115536,0.00398655,14
14.5392,0.00702059,-0.360501,0.00314159,-0.0138566,-0.917366,0.000409304,0.00398725,20
14.5432,0.00546867,-0.368344,0.00314159,-0.00695916,-0.920101,0.000116467,0.00398302,14
14.5472,0.00413845,-0.373386,0.00314159,0.00324342,-0.905152,0.000112349,0.0039864,14
14.5512,0.00258653,-0.375067,0.00628319,0.00350062,-0.874609,0.000726125,0.0039867,17
14.5552,0.000886812,-0.38179,0.00628319,0.0126109,-0.868094,0.000254916,0.00398391,13
14.5592,-0.000517307,-0.391314,0.00942478,0.0159219,-0.848196,0.000114163,0.00398376,14
14.5632,-0.00199533,-0.398036,0.00942478,0.0309706,-0.823252,0.000149329,0.0039849,14
14.5672,-0.00354725,-0.33081,0.00942478,0.0539723,-0.58402,0.000620097,0.00398593,17
14.5712,-0.00539477,-0.398036,0.00942478,0.081563,-0.677774,0.000124602,0.00398085,14
14.5752,-0.00679889,-0.392994,0.0125664,0.09881,-0.578256,0.000114393,0.00398534,14
14.5792,-0.00835081,-0.400837,0.0125664,0.12311,-0.528401,0.000113532,0.00398693,14
14.5832,-0.00990273,-0.394675,0.0125664,0.150678,-0.432606,0.000524409,0.00398698,17
14.5872,-0.0116764,-0.405879,0.0125664,0.178291,-0.381878,0.000114193,0.00398345,14
14.5912,-0.0131544,-0.398036,0.0125664,0.203285,-0.289374,0.000113722,0.00398666,14
14.5952,-0.0147063,-0.398036,0.015708,0.211569,-0.230247,0.000114594,0.00398661,14
14.5992,-0.0163321,-0.400837,0.015708,0.22152,-0.210932,0.000409254,0.00398666,20
14.6032,-0.0179579,-0.391314,0.0188496,0.218487,-0.161643,0.000116798,0.00398364,14
14.6072,-0.019436,-0.391314,0.0188496,0.220426,-0.159005,0.000112139,0.00398641,14
14.6112,-0.0209879,-0.391314,0.0219912,0.212406,-0.14915,0.000115656,0.00398662,14
14.6152,-0.0224659,-0.375067,0.0219912,0.212242,-0.111032,0.000407139,0.00398722,20
14.6192,-0.0240917,-0.375067,0.0219912,0.216993,-0.100221,0.000115987,0.00398316,14
14.6232,-0.0254958,-0.373386,0.0219912,0.224694,-0.07568,0.000114133,0.00398647,14
14.6272,-0.0269739,-0.375067,0.0251327,0.222377,-0.0527557,0.000733669,0.0039854,17
14.6312,-0.0286736,-0.368344,0.0251327,0.229961,-0.0162328,0.000290543,0.00398361,13
14.6352,-0.029856,-0.259102,0.0251327,0.246745,0.313205,0.000115856,0.00398286,14
14.6392,-0.0312601,-0.352098,0.0251327,0.251407,0.0847718,0.000120745,0.00398565,14
14.6432,-0.0326642,-0.342574,0.0251327,0.255517,0.118652,0.00063758,0.00398673,17
14.6472,-0.0341422,-0.335852,0.0251327,0.259634,0.145183,0.000138539,0.00398268,13
14.6512,-0.0353247,-0.328009,0.0251327,0.265301,0.179925,0.000112399,0.00398622,14
14.6552,-0.036581,-0.311202,0.0251327,0.27504,0.249895,0.000116297,0.00398592,14
14.6592,-0.0378373,-0.30672,0.0251327,0.270614,0.245322,0.00054124,0.0039868,17
14.6632,-0.0391675,-0.30672,0.0282743,0.254547,0.231343,0.000117609,0.00398253,14
14.6672,-0.0402021,-0.290474,0.0282743,0.228379,0.191844,0.000115856,0.00398605,14
14.6712,-0.0413845,-0.278709,0.0282743,0.204661,0.147884,0.00011246,0.00398688,14
14.6752,-0.0424931,-0.272547,0.0282743,0.184795,0.101299,0.000494603,0.00398685,17
14.6792,-0.0436755,-0.265824,0.0282743,0.171022,0.0744113,0.000114905,0.00397437,14
14.6832,-0.0446362,-0.25462,0.0282743,0.144685,0.0215786,0.00011248,0.00398617,14
14.6872,-0.0455969,-0.257421,0.0282743,0.119735,-0.0631253,0.000114003,0.00398666,14
14.6912,-0.0466315,-0.241175,0.0282743,0.0988362,-0.0867039,0.000397752,0.00398697,20
14.6952,-0.0476661,-0.244536,0.0282743,0.0853517,-0.138365,0.000144149,0.00398333,14
14.6992,-0.0485529,-0.238374,0.0282743,0.0833466,-0.130489,0.000119654,0.00398649,14
14.7032,-0.0494397,-0.22829,0.0282743,0.075845,-0.129126,0.000114754,0.00398595,14
14.7072,-0.0503266,-0.226609,0.0282743,0.0783399,-0.119193,0.000405317,0.00398644,20
14.7112,-0.0512873,-0.22997,0.0282743,0.0731545,-0.145612,0.000114374,0.00398333,14
14.7152,-0.0521002,-0.215404,0.0251327,0.0869299,-0.105726,0.000113421,0.00398636,14
14.7192,-0.052987,-0.218766,0.0251327,0.081088,-0.133969,0.000727989,0.0039868,17
14.7232,-0.0540216,-0.213724,0.0251327,0.0708419,-0.154205,0.000244657,0.00397244,13
14.7272,-0.0547606,-0.205321,0.0251327,0.0595556,-0.168285,0.000120876,0.00398397,14
14.7312,-0.0554996,-0.2042,0.0251327,0.0507335,-0.193671,0.000115345,0.00398515,14
14.7352,-0.0563125,-0.195797,0.0251327,0.0262778,-0.247709,0.000636869,0.00398671,17
14.7392,-0.0571255,-0.189074,0.0251327,-0,-0.311581,0.000199322,0.00398331,13
14.7432,-0.0577906,-0.184592,0.0251327,-0.0262778,-0.380902,0.00012318,0.00398366,14
14.7472,-0.0585296,-0.17955,0.0251327,-0.0507334,-0.443434,0.000111969,0.00398671,14
14.7512,-0.0592686,-0.182912,0.0219912,-0.0595556,-0.517837,0.000554435,0.00398569,17
14.7552,-0.0600076,-0.17955,0.0219912,-0.0708419,-0.5449,0.000113932,0.00398372,14
14.7592,-0.0606727,-0.181231,0.0219912,-0.0810881,-0.581641,0.000138128,0.00398641,14
14.7632,-0.0613378,-0.181231,0.0219912,-0.0869299,-0.600745,0.000118211,0.00398648,14
14.7672,-0.0620768,-0.182912,0.0219912,-0.0851434,-0.601285,0.000458716,0.00398648,20
14.7712,-0.0628897,-0.182912,0.0188496,-0.0823981,-0.632237,0.000131746,0.00398263,14
14.7752,-0.0635548,-0.187394,0.0188496,-0.0856433,-0.655035,0.000119022,0.00398626,14
14.7792,-0.0642938,-0.184592,0.0188496,-0.0924963,-0.670143,0.000115015,0.00398654,14
14.7832,-0.0650328,-0.192435,0.015708,-0.0890056,-0.718877,0.000403363,0.00398677,20
14.7872,-0.0658458,-0.195797,0.015708,-0.0935492,-0.743035,0.000117559,0.00398335,14
14.7912,-0.0665109,-0.187394,0.015708,-0.103323,-0.752385,0.00011818,0.00398627,14
14.7952,-0.0672499,-0.194116,0.015708,-0.116086,-0.809874,0.000726415,0.00398593,17
14.7992,-0.0681367,-0.192435,0.015708,-0.130154,-0.849994,0.00024121,0.00398297,13
14.8032,-0.0688757,-0.197477,0.015708,-0.144407,-0.90766,0.000118141,0.00398395,14
14.8072,-0.0696147,-0.197477,0.015708,-0.158284,-0.951207,0.000115455,0.00398574,14
14.8112,-0.0704276,-0.202519,0.015708,-0.171785,-1.00676,0.00055741,0.00398697,17
14.8152,-0.0713144,-0.207001,0.015708,-0.185471,-1.06159,0.000116557,0.00398344,14
14.8192,-0.0721273,-0.215404,0.015708,-0.200463,-1.13031,0.000113061,0.00398643,14
14.8232,-0.0730142,-0.226609,0.015708,-0.1967,-1.14972,0.000112841,0.00398662,14
14.8272,-0.073901,-0.233332,0.015708,-0.186453,-1.138,0.000427749,0.00398636,20
14.8312,-0.0749356,-0.241175,0.015708,-0.170422,-1.112,0.000115055,0.00398357,14
14.8352,-0.0758224,-0.246217,0.0125664,-0.13774,-1.06563,0.000116117,0.00398529,14
14.8392,-0.076857,-0.256301,0.0125664,-0.109868,-1.00963,0.000114304,0.00398641,14
14.8432,-0.0778916,-0.262463,0.0125664,-0.0870869,-0.958906,0.000305821,0.00398561,20
14.8472,-0.0790001,-0.270866,0.0125664,-0.0702373,-0.932042,0.000115616,0.00398357,14
14.8512,-0.0800347,-0.278709,0.0125664,-0.060721,-0.925735,0.000112119,0.00398648,14
14.8552,-0.0811433,-0.282071,0.015708,-0.0724895,-0.934894,0.000681301,0.00398685,17
14.8592,-0.0824735,-0.283751,0.015708,-0.066404,-0.923732,0.000214911,0.00398375,13
14.8632,-0.0834342,-0.441733,0.015708,-0.057257,-1.30498,0.000115686,0.00398361,14
14.8672,-0.0845427,-0.292155,0.015708,-0.0481323,-0.894664,0.000114965,0.00398627,14
14.8712,-0.0857251,-0.293275,0.0188496,-0.0543828,-0.881539,0.000559965,0.00397817,17
14.8752,-0.0870553,-0.301678,0.0188496,-0.0597335,-0.922247,0.000116477,0.00398328,14
14.8792,-0.08809,-0.310082,0.0219912,-0.0600379,-0.909584,0.000111669,0.00397939,14
14.8832,-0.0893463,-0.311202,0.0219912,-0.0511499,-0.888349,0.000113352,0.00398662,14
14.8872,-0.0906026,-0.314563,0.0219912,-0.0385364,-0.861625,0.000448096,0.003987,20
14.8912,-0.0920067,-0.316244,0.0219912,-0.0057816,-0.77003,0.000151894,0.00398037,14
14.8952,-0.0931891,-0.33249,0.0251327,0.0199124,-0.699318,0.000112229,0.00398619,14
14.8992,-0.0945193,-0.33081,0.0251327,0.0555219,-0.59028,0.000115125,0.00398572,14
14.9032,-0.0958496,-0.337532,0.0251327,0.0967015,-0.486047,0.000400608,0.00398609,20
14.9072,-0.0973276,-0.334171,0.0251327,0.139526,-0.351199,0.000116548,0.00398315,14
14.9112,-0.0985839,-0.342574,0.0282743,0.168503,-0.250532,0.000121307,0.00398476,14
14.9152,-0.0999141,-0.334171,0.0282743,0.200468,-0.135197,0.000111508,0.00398681,14
14.9192,-0.101244,-0.33249,0.0314159,0.219087,-0.0400271,0.000398294,0.00398631,20
14.9232,-0.102575,-0.321286,0.0314159,0.240495,0.050617,0.000114353,0.00398311,14
14.9272,-0.103831,-0.317925,0.0345575,0.247796,0.116075,0.000113772,0.00398628,14
14.9312,-0.105013,-0.312883,0.0345575,0.256707,0.153407,0.000724031,0.00398419,17
14.9352,-0.106491,-0.310082,0.0376991,0.25005,0.174758,0.000260677,0.0039796,13
14.9392,-0.107526,-0.301678,0.0376991,0.243401,0.174047,0.000132638,0.00397657,14
14.9432,-0.108708,-0.293275,0.0376991,0.253316,0.223069,0.000111999,0.00398659,14
14.9472,-0.109743,-0.275348,0.0376991,0.265562,0.303983,0.000655353,0.00398653,17
14.9512,-0.111073,-0.274228,0.0376991,0.279018,0.344632,0.000183533,0.00398384,13
14.9552,-0.112034,-0.267505,0.0376991,0.293685,0.404171,0.000142385,0.00398389,14
14.9592,-0.113068,-0.25462,0.0408407,0.298694,0.487709,0.000119743,0.00398397,14
14.9632,-0.114029,-0.252939,0.0408407,0.294467,0.477167,0.000599969,0.00398643,17
14.9672,-0.115138,-0.238374,0.0408407,0.292712,0.506951,0.000117389,0.00398289,14
14.9712,-0.115951,-0.22829,0.0408407,0.294269,0.535851,0.00011242,0.00398653,14
14.9752,-0.116837,-0.220446,0.0408407,0.301101,0.574761,0.000114083,0.00398596,14
14.9792,-0.11765,-0.212043,0.0408407,0.294551,0.574831,0.000554585,0.00398656,17
14.9832,-0.118537,-0.194116,0.0408407,0.288849,0.601829,0.000115675,0.00398238,14
14.9872,-0.119202,-0.17787,0.0408407,0.265478,0.571587,0.000113642,0.00398621,14
14.9912,-0.119941,-0.171147,0.0408407,0.23867,0.506271,0.000113352,0.00398648,14
14.9952,-0.120532,-0.159943,0.0408407,0.211507,0.451749,0.000445792,0.00398677,20
14.9992,-0.121198,-0.145377,0.0408407,0.187916,0.416513,0.000115936,0.00398346,14
15.0032,-0.121715,-0.130811,0.0408407,0.150919,0.341088,0.000114023,0.00398601,14
15.0072,-0.122158,-0.119047,0.0408407,0.116151,0.265346,0.000111809,0.00398672,14
15.0112,-0.122676,-0.114565,0.0408407,0.0879559,0.190555,0.000393315,0.00398414,20
15.0152,-0.123119,-0.1028,0.0408407,0.0713808,0.169792,0.000117309,0.00398227,14
15.0192,-0.123489,-0.099439,0.0408407,0.0504302,0.11433,0.000115475,0.00398595,14
15.0232,-0.123858,-0.0949573,0.0408407,0.0415791,0.0983165,0.000141294,0.00398628,14
15.0272,-0.124228,-0.0831926,0.0376991,0.0401203,0.0859193,0.000398023,0.00398696,20
15.0312,-0.124523,-0.0803915,0.0376991,0.0417674,0.0974653,0.000121316,0.003983,14
15.0352,-0.124819,-0.0719882,0.0376991,0.0305255,0.0844863,0.000118942,0.00398572,14
15.0392,-0.12504,-0.0669463,0.0376991,0.0224489,0.0725785,0.000724352,0.00398692,17
15.0432,-0.125336,-0.0523805,0.0345575,0.0119892,0.0403545,0.00027885,0.00398328,13
15.0472,-0.125484,-0.0490192,0.0345575,-0.00640148,-0.00688833,0.000113482,0.00398385,14
15.0512,-0.125706,-0.0394955,0.0345575,-0.0286579,-0.0501066,0.000113542,0.003986,14
15.0552,-0.125853,-0.0394955,0.0345575,-0.0508553,-0.117509,0.000641868,0.00398658,17
15.0592,-0.125927,-0.0232491,0.0314159,-0.0572202,-0.132547,0.000188301,0.00398387,13
15.0632,-0.126075,-0.0215685,0.0282743,-0.0520388,-0.15036,0.000116938,0.00398378,14
15.0672,-0.126149,-0.0198878,0.0282743,-0.0717865,-0.205871,0.000113251,0.00398662,14
15.0712,-0.126223,-0.0198878,0.0282743,-0.099849,-0.290836,0.000571627,0.00397769,17
15.0752,-0.126223,-0.00980385,0.0251327,-0.120172,-0.363762,0.000114543,0.00398347,14
15.0792,-0.126297,-0.00868341,0.0251327,-0.149171,-0.448673,0.000112911,0.00398657,14
15.0832,-0.126297,-0.00980385,0.0251327,-0.182221,-0.551433,0.000115225,0.00398648,14
15.0872,-0.126371,-0.00532209,0.0251327,-0.215396,-0.640308,0.000528276,0.00398685,17
15.0912,-0.126371,-0.00364143,0.0219912,-0.233484,-0.728119,0.000116818,0.00398341,14
15.0952,-0.126371,-0.00532209,0.0219912,-0.253882,-0.794087,0.00011269,0.0039863,14
15.0992,-0.126445,-0.0131652,0.0219912,-0.273084,-0.872473,0.000113883,0.00398671,14
15.1032,-0.126445,-0.00700275,0.0188496,-0.27644,-0.904222,0.000438248,0.00398674,20
15.1072,-0.126518,-0.0215685,0.015708,-0.270057,-0.960076,0.000115235,0.00398326,14
15.1112,-0.126592,-0.0148458,0.015708,-0.271192,-0.946357,0.000113081,0.00398667,14
15.1152,-0.126666,-0.0232491,0.015708,-0.276481,-0.984139,0.000113942,0.00398667,14
15.1192,-0.126814,-0.0294115,0.0125664,-0.271692,-1.02333,0.00039642,0.0039868,20
15.1232,-0.126962,-0.0378148,0.0125664,-0.275623,-1.05718,0.000116607,0.00398365,14
15.1272,-0.12711,-0.0394955,0.0125664,-0.286593,-1.09498,0.00011277,0.0039864,14
15.1312,-0.127257,-0.0473386,0.0125664,-0.304181,-1.16864,0.000686552,0.00398701,17
15.1352,-0.127479,-0.0574225,0.0125664,-0.307487,-1.20508,0.00021972,0.00398403,13
15.1392,-0.127701,-0.0624645,0.0125664,-0.308638,-1.22203,0.000119523,0.00398293,14
15.1432,-0.127923,-0.0624645,0.00942478,-0.296908,-1.22454,0.000115155,0.00398528,14
15.1472,-0.128218,-0.0719882,0.00942478,-0.2946,-1.24273,0.000599659,0.00398515,17
15.1512,-0.128588,-0.081512,0.00942478,-0.281793,-1.22936,0.000138398,0.00398306,14
15.1552,-0.128883,-0.0899153,0.00942478,-0.271598,-1.22083,0.000114794,0.00398618,14
15.1592,-0.129253,-0.0949573,0.00942478,-0.266258,-1.21848,0.00011246,0.00398698,14
15.1632,-0.129622,-0.104481,0.00942478,-0.269137,-1.25251,0.000462643,0.00398695,20
15.1672,-0.13014,-0.115685,0.00942478,-0.262978,-1.26388,0.000119564,0.0039818,14
15.1712,-0.130583,-0.125769,0.00942478,-0.241672,-1.22643,0.000114584,0.00398634,14
15.1752,-0.1311,-0.132492,0.00942478,-0.219873,-1.17899,0.000114553,0.00398596,14
15.1792,-0.131618,-0.140335,0.00942478,-0.201084,-1.14353,0.000388875,0.0039845,20
15.1832,-0.132283,-0.150419,0.00942478,-0.167909,-1.07069,0.000115456,0.00398382,14
15.1872,-0.1328,-0.15322,0.00942478,-0.13556,-0.981276,0.00011298,0.00398653,14
15.1912,-0.133465,-0.158262,0.00942478,-0.107963,-0.912311,0.00069665,0.00398573,17
15.1952,-0.134204,-0.166665,0.00942478,-0.0897423,-0.880498,0.000224599,0.00398307,13
15.1992,-0.134795,-0.171147,0.00942478,-0.0644833,-0.816996,0.000114825,0.00398382,14
15.2032,-0.13546,-0.172828,0.0125664,-0.0602287,-0.77244,0.000113592,0.00398638,14
15.2072,-0.136052,-0.0703076,0.0125664,-0.0616845,-0.514143,0.000594319,0.00398661,17
15.2112,-0.136938,-0.172828,0.0125664,-0.0539769,-0.756769,0.000113161,0.00398399,14
15.2152,-0.13753,-0.17787,0.0125664,-0.0326795,-0.706681,0.000113952,0.00398642,14
15.2192,-0.138195,-0.174508,0.0125664,-0.0134256,-0.641291,0.000138398,0.00398655,14
15.2232,-0.138934,-0.174508,0.0125664,-0,-0.60233,0.000492339,0.0039866,20
15.2272,-0.139673,-0.176189,0.0125664,0.0254146,-0.531467,0.000115165,0.00398349,14
15.2312,-0.140338,-0.182912,0.015708,0.0367376,-0.478533,0.00011293,0.00398658,14
15.2352,-0.141077,-0.181231,0.015708,0.0517864,-0.43034,0.000119153,0.00398682,14
15.2392,-0.141742,-0.176189,0.015708,0.0667761,-0.373509,0.000391551,0.00398596,20
15.2432,-0.142555,-0.17955,0.015708,0.0780624,-0.349829,0.000113712,0.00398346,14
15.2472,-0.143146,-0.17955,0.0188496,0.070152,-0.337546,0.000113031,0.0039864,14
15.2512,-0.143885,-0.174508,0.0188496,0.0813425,-0.292357,0.000715175,0.00398592,14
15.2552,-0.144698,-0.172828,0.0188496,0.0967015,-0.243387,0.000244095,0.00398357,13
15.2592,-0.145289,-0.176189,0.0219912,0.101717,-0.200699,0.00011784,0.00398302,14
15.2632,-0.145954,-0.171147,0.0219912,0.114206,-0.151425,0.000114494,0.00396983,14
15.2672,-0.14662,-0.161623,0.0219912,0.130804,-0.0781925,0.000631759,0.00398455,17
15.2712,-0.147285,-0.158262,0.0219912,0.148708,-0.0168811,0.000130724,0.00398319,13
15.2752,-0.147876,-0.154901,0.0219912,0.165676,0.0417609,0.000113712,0.00398614,14
15.2792,-0.148467,-0.151539,0.0251327,0.168036,0.093735,0.000113311,0.0039867,14
15.2832,-0.149058,-0.147058,0.0251327,0.174586,0.123781,0.000581125,0.00398682,17
15.2872,-0.149649,-0.142016,0.0251327,0.183084,0.161157,0.00011808,0.00398212,14
15.2912,-0.150167,-0.130811,0.0251327,0.191989,0.215788,0.000114173,0.00398637,14
15.2952,-0.150684,-0.129131,0.0251327,0.200458,0.244582,0.000115165,0.00398638,14
15.2992,-0.151127,-0.120727,0.0251327,0.208352,0.289109,0.000453346,0.00398708,20
15.3032,-0.151645,-0.114565,0.0251327,0.216232,0.327661,0.000121978,0.00398374,14
15.3072,-0.152014,-0.109523,0.0251327,0.225358,0.367419,0.000114804,0.00398528,14
15.3112,-0.152384,-0.0949573,0.0251327,0.215952,0.375694,0.000118922,0.00398674,14
15.3152,-0.152753,-0.081512,0.0251327,0.200703,0.363429,0.000385709,0.0039866,20
15.3193,-0.153123,-0.0770302,0.0251327,0.180873,0.314238,0.000114403,0.00398345,14
15.3232,-0.153344,-0.0652656,0.0251327,0.158285,0.275785,0.000119483,0.00398651,14
15.3272,-0.15364,-0.0591032,0.0251327,0.135319,0.221609,0.000716146,0.0039865,17
15.3313,-0.153862,-0.0456579,0.0251327,0.114922,0.194106,0.000241892,0.00398322,13
15.3352,-0.15401,-0.0344535,0.0251327,0.100596,0.179343,0.000115205,0.00398341,14
15.3393,-0.154084,-0.0327729,0.0251327,0.0746655,0.105148,0.000111768,0.00398682,14
15.3433,-0.154231,-0.0198878,0.0251327,0.0517817,0.0688499,0.000613605,0.00398671,17
15.3472,-0.154305,-0.0182071,0.0251327,0.0350288,0.0223895,0.000113792,0.00398378,13
15.3513,-0.154379,-0.00868341,0.0251327,0.0279109,0.0252417,0.000143487,0.00398632,14
15.3553,-0.154379,-0.00700275,0.0251327,0.0126109,-0.0166669,0.000115776,0.00398576,14
15.3593,-0.154379,0.00308121,0.0219912,0.0154896,-0.0194784,0.000543274,0.00398699,17
15.3633,-0.154379,0.00476187,0.0219912,0.0192906,-0.00366439,0.000115005,0.00398359,14
15.3673,-0.154305,-0.00028011,0.0219912,0.00689744,-0.0539378,0.000113322,0.0039865,14
15.3713,-0.154305,-0.00364143,0.0219912,-0.00689744,-0.104281,0.000122559,0.00398666,14
15.3753,-0.154379,0.00308121,0.0219912,-0.0192906,-0.124583,0.000437145,0.00398616,20
15.3793,-0.154379,-0.00532209,0.0219912,-0.0274786,-0.170965,0.000119342,0.00398257,14
15.3833,-0.154379,0.00140055,0.0188496,-0.016669,-0.158465,0.000113692,0.00398637,14
15.3873,-0.154379,0.00308121,0.0188496,-0.0257203,-0.18149,0.000113291,0.00398691,14
15.3913,-0.154379,0.00308121,0.0188496,-0.0401203,-0.225006,0.000389728,0.00398611,20
15.3953,-0.154305,0.00476187,0.015708,-0.0456373,-0.274666,0.000115216,0.0039833,14
15.3993,-0.154379,-0.00364143,0.015708,-0.0602287,-0.34056,0.000113311,0.00398547,14
15.4033,-0.154379,0.00140055,0.015708,-0.0805304,-0.388928,0.000678477,0.00398694,17
15.4073,-0.154379,-0.00196077,0.015708,-0.103599,-0.467296,0.000202368,0.00398329,13
15.4113,-0.154379,-0.00364143,0.015708,-0.126911,-0.542072,0.000114113,0.00398372,14
15.4153,-0.154379,-0.00532209,0.015708,-0.148364,-0.61123,0.000140682,0.00398618,14
15.4193,-0.154379,-0.00196077,0.0125664,-0.154287,-0.65795,0.000564013,0.00398668,17
15.4233,-0.154379,-0.00364143,0.0125664,-0.163338,-0.68963,0.00011807,0.00398316,14
15.4273,-0.154379,-0.00532209,0.0125664,-0.172995,-0.72314,0.00011258,0.00398645,14
15.4313,-0.154379,-0.00196077,0.0125664,-0.181294,-0.739564,0.000113242,0.00398694,14
15.4353,-0.154379,-0.00532209,0.0125664,-0.186834,-0.764962,0.000454117,0.00398676,20
15.4393,-0.154379,-0.00028011,0.0125664,-0.188774,-0.757842,0.000115365,0.00398359,14
15.4433,-0.154453,-0.00700275,0.0125664,-0.186834,-0.76945,0.000118882,0.00398648,14
15.4473,-0.154453,-0.0114845,0.0125664,-0.181294,-0.764248,0.000127849,0.00398485,14
15.4513,-0.154527,-0.0165265,0.0125664,-0.172995,-0.752312,0.000379208,0.00398664,20
15.4553,-0.154527,-0.0232491,0.00942478,-0.151349,-0.741688,0.000115446,0.00398302,14
15.4593,-0.154601,-0.0182071,0.00942478,-0.13824,-0.68925,0.000130003,0.00397319,14
15.4633,-0.154675,-0.0215685,0.00942478,-0.134507,-0.686787,0.000699906,0.00398624,17
15.4673,-0.154823,-0.0232491,0.00942478,-0.119952,-0.64745,0.000258753,0.00398141,13
15.4713,-0.154896,-0.0294115,0.00942478,-0.106842,-0.623863,0.000114023,0.00398364,14
15.4753,-0.15497,-0.0294115,0.00942478,-0.0960201,-0.591319,0.000113712,0.00398554,14
15.4793,-0.155118,-0.0310922,0.00942478,-0.0888868,-0.574413,0.000608275,0.00398684,17
15.4833,-0.155266,-0.0327729,0.00942478,-0.0874047,-0.574584,0.000113422,0.00398366,14
15.4873,-0.15534,-0.0294115,0.00942478,-0.0940972,-0.586314,0.000114974,0.00398632,14
15.4913,-0.155488,-0.0310922,0.00942478,-0.0903058,-0.579506,0.000126286,0.00398709,14
15.4953,-0.155562,-0.0277309,0.00942478,-0.0897015,-0.569186,0.000461151,0.00398644,20
15.4993,-0.155709,-0.0266104,0.00942478,-0.0943871,-0.580783,0.000119113,0.00398374,14
15.5033,-0.155857,-0.0344535,0.00942478,-0.0851435,-0.573367,0.000111739,0.00398664,14
15.5073,-0.156005,-0.0344535,0.00942478,-0.0749409,-0.542857,0.000126046,0.00398433,14
15.5113,-0.156153,-0.0294115,0.00942478,-0.0650409,-0.500279,0.00038052,0.00398666,20
15.5153,-0.156301,-0.0361342,0.00942478,-0.0569854,-0.493568,0.000119764,0.00398015,14
15.5193,-0.156374,-0.0394955,0.00942478,-0.0525965,-0.489122,0.000113231,0.0039865,14
15.5233,-0.156522,-0.0378148,0.00942478,-0.0539769,-0.489288,0.000692983,0.00398658,17
15.5273,-0.156744,-0.0394955,0.00942478,-0.0417675,-0.457202,0.000217686,0.00398393,13
15.5313,-0.156818,-0.0344535,0.00942478,-0.028658,-0.404764,0.000120565,0.00398369,14
15.5353,-0.156966,-0.0327729,0.00942478,-0.0154896,-0.360964,0.00011264,0.00398649,14
15.5393,-0.157113,-0.0361342,0.00942478,-0.00324342,-0.332934,0.000567078,0.00398656,17
15.5433,-0.157261,-0.0310922,0.00942478,0.00695915,-0.289442,0.000141273,0.00398354,14
15.5473,-0.157409,-0.0249298,0.00942478,0.0138566,-0.253052,0.00011239,0.0039867,14
15.5513,-0.157483,-0.0277309,0.00942478,0.0160472,-0.253806,0.000114624,0.00398663,14
15.5553,-0.157557,-0.0232491,0.00942478,0.011989,-0.254691,0.000441263,0.00398665,20
15.5593,-0.157705,-0.0249298,0.00942478,-0,-0.295571,0.000125284,0.00398363,14
15.5633,-0.157779,-0.0148458,0.00942478,-0,-0.269766,0.000116848,0.003986,14
15.5673,-0.157852,-0.0131652,0.00942478,-0,-0.2656,0.000116237,0.0039865,14
15.5713,-0.157926,-0.0182071,0.00942478,-0,-0.278744,0.000383565,0.00398576,20
15.5753,-0.157926,-0.0114845,0.00942478,-0,-0.261433,0.000118421,0.0039833,14
15.5793,-0.158,-0.00868341,0.00942478,-0,-0.254382,0.00012355,0.00398553,14
15.5833,-0.158,-0.00700275,0.00942478,-0,-0.250054,0.000676242,0.00398589,17
15.5873,-0.158074,-0.00196077,0.00942478,-0,-0.237232,0.000204853,0.00398328,13
15.5913,-0.158074,-0.00700275,0.00942478,-0,-0.250215,0.000134661,0.00398381,14
15.5953,-0.158074,0.00308121,0.00942478,-0,-0.224249,0.000134561,0.00398593,14
15.5993,-0.158074,-0.00364143,0.00942478,-0,-0.24156,0.000554895,0.00398568,17
15.6033,-0.158074,-0.00196077,0.00942478,-0,-0.237232,0.000131255,0.00398389,14
15.6073,-0.158074,-0.00196077,0.00628319,0.011989,-0.238479,0.00013957,0.00398497,14
15.6113,-0.158074,0.00308121,0.00628319,0.0160472,-0.213232,0.000115656,0.00398582,14
15.6153,-0.158074,0.00308121,0.00628319,0.0138566,-0.219852,0.000446944,0.00398668,20
15.6193,-0.158074,-0.00028011,0.00628319,0.00695919,-0.249351,0.00011776,0.00398285,14
15.6233,-0.158074,-0.00028011,0.00628319,-0.0032434,-0.280183,0.000112941,0.00398633,14
15.6273,-0.158074,-0.00364143,0.00628319,-0.0154896,-0.325845,0.000113061,0.00398702,14
15.6313,-0.158074,0.00308121,0.00628319,-0.028658,-0.348329,0.000375059,0.00398654,20
15.6353,-0.158074,-0.00196077,0.00628319,-0.0417674,-0.400929,0.000114103,0.00398349,14
15.6393,-0.158074,-0.00364143,0.00628319,-0.0539769,-0.442153,0.000133469,0.00398466,14
15.6433,-0.158074,0.00308121,0.00628319,-0.0645855,-0.456901,0.00066467,0.00398685,17
15.6473,-0.158074,-0.00364143,0.00314159,-0.0610435,-0.500984,0.000219881,0.00398303,13
15.6513,-0.158074,-0.00364143,0.00314159,-0.0628503,-0.506445,0.000113792,0.00398393,14
15.6553,-0.158074,-0.00028011,0.00314159,-0.0680435,-0.513483,0.000117419,0.00397718,14
15.6593,-0.158074,-0.00028011,0.00314159,-0.0749409,-0.534327,0.000529348,0.00397398,17
15.6633,-0.158074,0.00140055,0.00314159,-0.0821409,-0.551757,0.000115956,0.00398347,14
15.6673,-0.158074,-0.00364143,0.00314159,-0.0885221,-0.584024,0.000113973,0.00398106,14
15.6713,-0.158074,-0.00028011,0.00314159,-0.0932435,-0.589636,0.000110836,0.00398698,14
15.6753,-0.158074,0.00140055,0.00314159,-0.0957443,-0.592866,0.000416427,0.00398549,20
15.6793,-0.158074,-0.00028011,0.00314159,-0.0957444,-0.597194,0.000113882,0.00398348,14
15.6833,-0.158074,0.00308121,0.00314159,-0.0932435,-0.580981,0.000113792,0.00398558,14
15.6873,-0.158074,-0.00028011,0.00314159,-0.0885221,-0.575369,0.000760179,0.00398674,14
15.6913,-0.158074,0.00140055,0.00314159,-0.0821409,-0.551757,0.000256309,0.00398349,13
15.6953,-0.158074,-0.00196077,0.00314159,-0.0749409,-0.538654,0.00012859,0.00398233,14
15.6993,-0.158074,0.00140055,0.00314159,-0.0680435,-0.509155,0.000111889,0.00398627,14
15.7033,-0.158074,-0.00196077,0.00314159,-0.0628503,-0.502117,0.00061621,0.00398542,17
15.7073,-0.158074,-0.00028011,0.00314159,-0.0610435,-0.492329,0.000113342,0.00398378,13
15.7113,-0.158074,-0.00028011,0.00314159,-0.0645855,-0.503033,0.000111398,0.00398667,14
15.7153,-0.158074,-0.00028011,0.00314159,-0.0539769,-0.470974,0.000113993,0.0039867,14
15.7193,-0.158074,0.00140055,0.00314159,-0.0417675,-0.42975,0.000478864,0.00398654,20
15.7233,-0.158074,0.00140055,0.00314159,-0.028658,-0.390134,0.000119553,0.00398124,14
15.7273,-0.158074,-0.00196077,0.00314159,-0.0154896,-0.358995,0.000111779,0.00398625,14
15.7313,-0.158074,-0.00028011,0.00314159,-0.00324342,-0.317659,0.00011259,0.00398693,14
15.7353,-0.158074,-0.00028011,0.00314159,0.00695917,-0.286828,0.000385008,0.00398678,20
15.7393,-0.158074,-0.00196077,0.00314159,0.0138566,-0.270311,0.000139199,0.0039836,14
15.7433,-0.158074,-0.00028011,0.00314159,0.0160472,-0.259364,0.000117609,0.00398597,14
15.7473,-0.158074,-0.00532209,0.00314159,0.011989,-0.28461,0.000675491,0.00398686,17
15.7513,-0.158074,0.00140055,0.00314159,-0,-0.30353,0.000199452,0.00398317,13
15.7553,-0.158074,0.00140055,0.00314159,-0,-0.30353,0.000115826,0.00398382,14
15.7593,-0.158074,0.00140055,0.00314159,-0,-0.30353,0.000114985,0.0039863,14
15.7633,-0.158074,0.00140055,0.00314159,-0,-0.30353,0.000531663,0.00398647,17
15.7673,-0.158074,0.00308121,0.00314159,-0,-0.299203,0.000119203,0.00398297,14
15.7713,-0.158074,-0.00196077,0.00314159,-0,-0.312186,0.000115676,0.00398622,14
15.7753,-0.158074,0.00308121,0.00314159,-0,-0.299203,0.000117519,0.00398579,14
15.7793,-0.158074,-0.00028011,0.00314159,-0,-0.307858,0.000403754,0.00398668,20
15.7833,-0.158074,0.00140055,0.00314159,-0,-0.30353,0.000118411,0.00398322,14
15.7873,-0.158074,-0.00364143,0.00314159,-0,-0.316513,0.000116407,0.00398593,14
15.7913,-0.158074,0.00476187,0.00314159,-0,-0.294875,0.000743307,0.00398677,14
15.7953,-0.158074,-0.00364143,0.00314159,-0,-0.316513,0.000259374,0.00398314,13
15.7993,-0.158074,0.00140055,0.00314159,-0,-0.30353,0.00011789,0.00398359,14
15.8033,-0.158074,-0.00028011,0.00314159,-0,-0.307858,0.000141003,0.00398624,14
15.8073,-0.158074,-0.00196077,0.00314159,-0,-0.312186,0.000611411,0.00398639,17
15.8113,-0.158074,-0.00028011,0.00314159,-0,-0.307858,0.00011823,0.00398321,14
15.8153,-0.158074,0.00140055,0.00314159,-0,-0.30353,0.000115435,0.00398609,14
15.8193,-0.158074,0.00308121,0.00314159,-0,-0.299203,0.000114994,0.00398676,14
15.8233,-0.158074,-0.00028011,0.00314159,-0,-0.307858,0.000454508,0.00398639,20
15.8273,-0.158074,0.00308121,0.00314159,-0,-0.299203,0.000117289,0.0039829,14
15.8313,-0.158074,0.00140055,0.00314159,-0,-0.30353,0.000114383,0.00398655,14
15.8353,-0.158074,-0.00196077,0.00314159,-0,-0.312186,0.00011781,0.00398617,14
15.8393,-0.158074,-0.00028011,0.00314159,-0,-0.307858,0.000367285,0.00398645,20
15.8433,-0.158074,-0.00028011,0.00314159,-0,-0.307858,0.000118611,0.00398276,14
15.8473,-0.158074,-0.00028011,0.00314159,-0,-0.307858,0.000113932,0.00398626,14
15.8513,-0.158074,-0.00364143,0.00314159,-0,-0.316513,0.000652177,0.00397799,17
15.8553,-0.158074,-0.00196077,0.00314159,-0,-0.312186,0.000188371,0.00398218,13
15.8593,-0.158074,0.00140055,0.00314159,-0,-0.30353,0.000116598,0.00398372,14
15.8633,-0.158074,0.00476187,0.00314159,-0,-0.294875,0.000127869,0.00398302,14
15.8673,-0.158074,0.00308121,0.00314159,-0,-0.299203,0.000559084,0.00398627,17
15.8713,-0.158074,-0.00700275,0.00314159,-0,-0.325168,0.000125915,0.0039812,14
15.8753,-0.158074,-0.00364143,0.00314159,-0,-0.316513,0.000119473,0.00398591,14
15.8793,-0.158074,-0.00028011,0.00314159,-0,-0.307858,0.000117259,0.00398667,14
15.8833,-0.158074,-0.00028011,0.00314159,-0,-0.307858,0.000676272,0.00395662,20
15.8873,-0.158074,-0.00364143,0.00314159,-0,-0.316513,0.000118742,0.00398287,14
15.8913,-0.158074,-0.00196077,0.00314159,-0,-0.312186,0.000125645,0.00398257,14
15.8953,-0.158074,-0.00196077,0.00314159,-0,-0.312186,0.000729031,0.00398654,17
15.8993,-0.158074,0.00140055,0.00314159,-0,-0.30353,0.000243174,0.00398251,13
15.9033,-0.158074,-0.00028011,0.00314159,-0,-0.307858,0.000119974,0.00398298,14
15.9073,-0.158074,-0.00028011,0.00314159,-0,-0.307858,0.000114473,0.00398618,14
15.9113,-0.158074,0.00140055,0.00314159,-0,-0.30353,0.000597285,0.00398403,17
15.9153,-0.158074,-0.00364143,0.00314159,-0,-0.316513,0.000116437,0.00398306,14
15.9193,-0.158074,-0.00028011,0.00314159,-0,-0.307858,0.000115937,0.0039863,14
15.9233,-0.158074,0.00140055,0.00314159,-0,-0.30353,0.000121868,0.00397252,14
15.9273,-0.158074,-0.00364143,0.00314159,-0,-0.316513,0.000456201,0.00398592,20
15.9313,-0.158074,-0.00196077,0.00314159,-0,-0.312186,0.000407491,0.00394433,14
15.9353,-0.158074,-0.00196077,0.00314159,-0,-0.312186,0.000377855,0.00395511,14
15.9393,-0.158074,0.00140055,0.00314159,-0,-0.30353,0.000374288,0.00395615,14
15.9433,-0.158074,-0.00028011,0.00314159,-0,-0.307858,0.000660372,0.00395714,20
15.9473,-0.158074,0.00140055,0.00314159,-0,-0.30353,0.000124803,0.00397956,14
15.9513,-0.158074,-0.00196077,0.00314159,-0,-0.312186,0.000115666,0.00398603,14
15.9553,-0.158074,0.00140055,0.00314159,-0,-0.30353,0.000643592,0.00398506,17
15.9593,-0.158074,-0.00028011,0.00314159,-0,-0.307858,0.000161532,0.0039822,13
15.9633,-0.158074,0.00308121,0.00314159,-0,-0.299203,0.000117068,0.0039857,14
15.9673,-0.158074,-0.00028011,0.00314159,-0,-0.307858,0.000115966,0.00398644,14
15.9713,-0.158074,-0.00196077,0.00314159,-0,-0.312186,0.000517265,0.0039868,17
15.9753,-0.158074,-0.00196077,0.00314159,-0,-0.312186,0.000118682,0.00398331,14
15.9793,-0.158074,0.00140055,0.00314159,-0,-0.30353,0.000118191,0.00398624,14
15.9833,-0.158074,0.00308121,0.00628319,-0.011989,-0.297956,0.000114734,0.0039856,14
15.9873,-0.158074,0.00140055,0.00628319,-0.0160472,-0.314548,0.000404275,0.00398694,20
15.9913,-0.158074,0.00308121,0.00628319,-0.0138566,-0.3036,0.000121827,0.00398216,14
15.9953,-0.158074,-0.00028011,0.00628319,-0.00695916,-0.291412,0.000124352,0.00398293,14
15.9993,-0.158074,-0.00196077,0.00628319,0.00324342,-0.264907,0.000731465,0.0039868,14
16.0033,-0.158074,0.00140055,0.00628319,0.0154896,-0.219245,0.00026786,0.00398236,13
16.0073,-0.158074,0.00140055,0.00628319,0.028658,-0.17945,0.000115516,0.00398363,14
16.0113,-0.158074,0.00308121,0.00628319,0.0417675,-0.135506,0.000113622,0.00398631,14
16.0153,-0.158074,0.00140055,0.00628319,0.0539769,-0.102937,0.000617192,0.00398622,17
16.0193,-0.158074,-0.00196077,0.00628319,0.0645855,-0.0795338,0.000120996,0.00398242,13
16.0233,-0.158074,-0.00196077,0.00942478,0.0610435,-0.0527609,0.000115716,0.00398591,14
16.0273,-0.158074,-0.00196077,0.00942478,0.0628503,-0.0473008,0.000111368,0.0039872,14
16.0313,-0.158074,0.00140055,0.00942478,0.0680435,-0.022952,0.000509861,0.00398699,17
16.0353,-0.158074,0.00140055,0.00942478,0.0749409,-0.00210821,0.000114254,0.00398344,14
16.0393,-0.158,0.00308121,0.00942478,0.0821409,0.0241387,0.000111658,0.00398654,14
16.0433,-0.158074,-0.00196077,0.00942478,0.0885221,0.0302785,0.000120916,0.00398456,14
16.0473,-0.158,0.00476187,0.00942478,0.0932435,0.0620179,0.000393053,0.00398603,20
16.0513,-0.158074,0.00140055,0.00942478,0.0957444,0.0607591,0.000125555,0.00397285,14
16.0553,-0.158074,-0.00028011,0.00942478,0.0957444,0.0564314,0.0001125,0.00398619,14
16.0593,-0.158074,-0.00196077,0.00942478,0.0932435,0.0445463,0.000770989,0.00398667,14
16.0633,-0.158,0.00140055,0.00942478,0.0885221,0.0390948,0.000268471,0.00398376,13
16.0673,-0.158,-0.00196077,0.00942478,0.0821409,0.0111558,0.000116928,0.00398347,14
16.0713,-0.158,0.00140055,0.00942478,0.0749409,-0.00194716,0.000121267,0.00398494,14
16.0753,-0.158,0.00140055,0.00942478,0.0680435,-0.0227909,0.00061613,0.00398675,17
16.0793,-0.158074,-0.00196077,0.00942478,0.0628503,-0.0473008,0.000131666,0.00398332,13
16.0833,-0.158074,-0.00196077,0.0125664,0.0490546,-0.0515145,0.000125714,0.00398619,14
16.0873,-0.158,0.00140055,0.0125664,0.0485383,-0.0442582,0.000113521,0.00398631,14
16.0913,-0.158,0.00140055,0.0125664,0.0401203,-0.0696972,0.000515302,0.00398692,17
16.0953,-0.158,0.00140055,0.0125664,0.0348083,-0.0857499,0.000116127,0.00398358,14
16.0993,-0.158074,-0.00028011,0.0125664,0.0319014,-0.0990231,0.000114264,0.00398554,14
16.1033,-0.158,-0.00028011,0.0125664,0.0309792,-0.101649,0.000111067,0.00398692,14
16.1073,-0.158074,-0.00028011,0.0125664,0.0319014,-0.099023,0.00040173,0.00398655,20
16.1113,-0.158,0.00140055,0.0125664,0.0348083,-0.0857498,0.000122268,0.00398363,14
16.1153,-0.158074,-0.00028011,0.0125664,0.0401203,-0.0741859,0.000113362,0.00398618,14
16.1193,-0.158074,-0.00028011,0.0125664,0.0485383,-0.048747,0.000115255,0.00398603,14
16.1233,-0.158,0.00140055,0.0125664,0.0610436,-0.00646784,0.00038621,0.00398688,20
16.1273,-0.158,0.00308121,0.0125664,0.0788975,0.0518139,0.000115616,0.00398345,14
16.1313,-0.158,-0.00028011,0.0125664,0.0819001,0.0522323,0.000119252,0.00398652,14
16.1353,-0.158,-0.00028011,0.0125664,0.0819001,0.0522323,0.000650474,0.00398653,17
16.1393,-0.158,-0.00196077,0.015708,0.0669086,0.0400773,0.000205854,0.00398232,13
16.1433,-0.158074,-0.00196077,0.015708,0.0569854,0.00992877,0.00011789,0.00398275,14
16.1473,-0.158,-0.00196077,0.015708,0.0507289,-0.00881699,0.000115936,0.00398558,14
16.1513,-0.158,0.00140055,0.015708,0.0470178,-0.0113767,0.000518898,0.00398686,17
16.1553,-0.158074,-0.00196077,0.015708,0.0450109,-0.0262577,0.000114383,0.00398312,14
16.1593,-0.158,0.00140055,0.015708,0.0441476,-0.0200501,0.00011268,0.00398635,14
16.1633,-0.158,0.00140055,0.0188496,0.0321586,-0.0188038,0.000117389,0.00398627,14
16.1673,-0.158,-0.00196077,0.0188496,0.0289637,-0.0371141,0.000394897,0.00398462,20
16.1713,-0.158,0.00308121,0.0188496,0.0331611,-0.0114468,0.000125925,0.0039823,14
16.1753,-0.158,-0.00196077,0.0188496,0.0437697,0.0076291,0.000115015,0.00398564,14
16.1793,-0.158,0.00140055,0.0219912,0.0482398,0.0672694,0.000736405,0.0039869,14
16.1833,-0.158,-0.00028011,0.0219912,0.0663509,0.117673,0.000271386,0.00398311,13
16.1873,-0.158,0.00140055,0.0219912,0.0967015,0.213719,0.000118681,0.00398364,14
16.1913,-0.158,-0.00196077,0.0219912,0.116708,0.265524,0.000115265,0.00398598,14
16.1953,-0.158,0.00308121,0.0219912,0.136118,0.337161,0.000632631,0.00398509,17
16.1993,-0.158,-0.00196077,0.0219912,0.153108,0.375521,0.000164357,0.00398393,13
16.2033,-0.158,0.00644253,0.0219912,0.166276,0.436954,0.000119583,0.00398463,14
16.2073,-0.158,0.00476187,0.0219912,0.174642,0.457907,0.000131185,0.00398401,14
16.2113,-0.158,0.00644253,0.0251327,0.165656,0.472555,0.000552321,0.00398524,17
16.2153,-0.158,0.00644253,0.0251327,0.159096,0.452734,0.000436114,0.00394524,14
16.2193,-0.158,0.00308121,0.0251327,0.153563,0.427357,0.000373827,0.00395457,14
16.2233,-0.157926,0.00812319,0.0251327,0.148214,0.424337,0.000368788,0.00395731,14
16.2273,-0.157926,0.0109243,0.0251327,0.14277,0.415097,0.000426105,0.00395368,20
16.2313,-0.157852,0.0109243,0.0251327,0.13751,0.399363,0.000114353,0.00398393,14
16.2353,-0.157779,0.0126049,0.0251327,0.133276,0.391056,0.000123571,0.00398424,14
16.2393,-0.157705,0.0193276,0.0251327,0.131469,0.403068,0.000113452,0.00398566,14
16.2433,-0.157631,0.0193276,0.0282743,0.122063,0.412281,0.000389307,0.00398694,20
16.2473,-0.157631,0.0176469,0.0282743,0.105759,0.358682,0.000219569,0.00392059,14
16.2513,-0.157557,0.0142856,0.0282743,0.0939842,0.314606,0.000113411,0.00398589,14
16.2553,-0.157483,0.0159663,0.0282743,0.0867398,0.297202,0.000136545,0.00398697,14
16.2593,-0.157409,0.0193276,0.0314159,0.072597,0.300756,0.00036451,0.00398581,20
16.2633,-0.157335,0.0159663,0.0314159,0.072597,0.292262,0.000119052,0.00398367,14
16.2673,-0.157261,0.0159663,0.0314159,0.0867398,0.335162,0.000119192,0.00398598,14
16.2713,-0.157187,0.0159663,0.0314159,0.0939842,0.357216,0.000677425,0.00398587,17
16.2753,-0.157113,0.0176469,0.0345575,0.0937696,0.398532,0.00023041,0.00398262,13
16.2793,-0.15704,0.0193276,0.0345575,0.106016,0.440029,0.000121116,0.00398317,14
16.2833,-0.156966,0.0176469,0.0345575,0.129601,0.507137,0.000385069,0.00395781,14
16.2873,-0.156892,0.0193276,0.0345575,0.142364,0.550193,0.000900701,0.00395568,17
16.2913,-0.156818,0.0260502,0.0345575,0.15461,0.604672,0.000374989,0.00394849,14
16.2953,-0.15667,0.0243696,0.0345575,0.165219,0.632726,0.000121427,0.00398431,14
16.2993,-0.156596,0.0271707,0.0376991,0.16164,0.666761,0.000113572,0.00398624,14
16.3033,-0.156448,0.030532,0.0376991,0.163794,0.682248,0.000516324,0.00398665,17
16.3073,-0.156301,0.035574,0.0376991,0.170559,0.715996,0.00011794,0.00398072,14
16.3113,-0.156153,0.0422966,0.0376991,0.181514,0.766736,0.000114043,0.00398621,14
16.3153,-0.156005,0.0450977,0.0376991,0.196941,0.82089,0.000112149,0.00398656,14
16.3193,-0.155783,0.0467784,0.0376991,0.196078,0.823092,0.000473704,0.00398692,20
16.3233,-0.155562,0.0602236,0.0376991,0.190633,0.841744,0.000116417,0.00398359,14
16.3273,-0.15534,0.0647054,0.0376991,0.180888,0.824317,0.000115416,0.00398624,14
16.3313,-0.155118,0.0630247,0.0408407,0.155694,0.781814,0.000120475,0.00398515,14
16.3353,-0.154823,0.0697474,0.0408407,0.136372,0.74138,0.000381542,0.00398588,20
16.3393,-0.154527,0.071428,0.0408407,0.123204,0.706557,0.000113973,0.00398385,14
16.3433,-0.154231,0.0798313,0.0408407,0.11717,0.710605,0.000112449,0.00398626,14
16.3473,-0.153936,0.0809518,0.0408407,0.119952,0.722542,0.00011754,0.00398655,14
16.3513,-0.153566,0.0859937,0.0408407,0.112191,0.712878,0.00035912,0.003987,20
16.3553,-0.153197,0.0910357,0.0408407,0.106998,0.710973,0.000122118,0.00398267,14
16.3593,-0.152827,0.0910357,0.0408407,0.106054,0.708926,0.00011809,0.00398623,14
16.3633,-0.152458,0.0960777,0.0408407,0.111603,0.739483,0.00069116,0.00398644,17
16.3673,-0.152014,0.105601,0.0408407,0.104706,0.744129,0.000238475,0.00398382,13
16.3713,-0.151645,0.103921,0.0408407,0.0987528,0.722618,0.000118832,0.00398356,14
16.3753,-0.151201,0.112324,0.0408407,0.0955664,0.735593,0.000120615,0.00398573,14
16.3793,-0.150758,0.115125,0.0408407,0.0973896,0.749282,0.000630967,0.00398653,17
16.3833,-0.150241,0.118486,0.0408407,0.0851434,0.722058,0.000135253,0.00398327,13
16.3873,-0.149797,0.123528,0.0439823,0.0599493,0.697348,0.000119513,0.00398611,14
16.3913,-0.14928,0.125209,0.0439823,0.0431287,0.651972,0.000117629,0.00398553,14
16.3953,-0.148763,0.125209,0.0439823,0.0346816,0.627573,0.00056793,0.00398638,17
16.3993,-0.148171,0.134733,0.0439823,0.0350288,0.654434,0.000117859,0.00398265,14
16.4033,-0.147728,0.141455,0.0439823,0.0450108,0.702877,0.000117058,0.00398598,14
16.4073,-0.147137,0.136414,0.0439823,0.0441476,0.688574,0.000115847,0.00398682,14
16.4113,-0.14662,0.138094,0.0439823,0.0441477,0.69403,0.000490315,0.00398611,20
16.4153,-0.145954,0.144817,0.0439823,0.0450111,0.7154,0.000116127,0.00398331,14
16.4193,-0.145437,0.144817,0.0439823,0.0470179,0.722592,0.000120435,0.00398617,14
16.4233,-0.144846,0.141455,0.0439823,0.050729,0.72644,0.00012313,0.00398421,14
16.4273,-0.144255,0.154341,0.0439823,0.0569855,0.779814,0.000395258,0.00398664,20
16.4313,-0.14359,0.150979,0.0439823,0.0669086,0.802596,0.000389436,0.00394814,14
16.4353,-0.142924,0.161063,0.0439823,0.0819003,0.875317,0.000118522,0.00398483,14
16.4393,-0.142333,0.159383,0.0439823,0.0819003,0.872278,0.000112429,0.00398694,14
16.4433,-0.141668,0.168906,0.0439823,0.0788977,0.889177,0.000351666,0.00398549,20
16.4473,-0.140929,0.17731,0.0439823,0.0730326,0.894702,0.000114464,0.0039838,14
16.4513,-0.140264,0.180671,0.0439823,0.0645855,0.879281,0.000145201,0.00397397,14
16.4553,-0.139599,0.180671,0.0439823,0.053977,0.848672,0.00068534,0.00398496,17
16.4593,-0.138712,0.193556,0.0439823,0.0417676,0.846887,0.000226022,0.00398376,13
16.4633,-0.138047,0.193556,0.0408407,0.040647,0.807474,0.000114123,0.00398397,14
16.4673,-0.137308,0.198598,0.0408407,0.0315367,0.794537,0.000120024,0.00398448,14
16.4713,-0.136495,0.20364,0.0408407,0.0171,0.765665,0.000631038,0.00398694,17
16.4753,-0.135608,0.200279,0.0408407,-0,0.707268,0.000144049,0.00398178,13
16.4793,-0.134869,0.200279,0.0408407,-0.0171001,0.657203,0.000118391,0.00398574,14
16.4833,-0.134056,0.208122,0.0408407,-0.0315368,0.635543,0.000111438,0.00398679,14
16.4873,-0.133243,0.206441,0.0408407,-0.0406471,0.605457,0.000540459,0.00398666,17
16.4913,-0.132357,0.209802,0.0408407,-0.0417676,0.61266,0.000113412,0.00398308,14
16.4953,-0.131618,0.209802,0.0408407,-0.053977,0.577374,0.000112059,0.00398633,14
16.4993,-0.130805,0.211483,0.0408407,-0.0645855,0.551415,0.00011261,0.0039869,14
16.5033,-0.129918,0.214844,0.0376991,-0.0610436,0.535231,0.000482801,0.00398736,17
16.5073,-0.129031,0.211483,0.0376991,-0.0628504,0.523049,0.000116588,0.00398333,14
16.5113,-0.128218,0.218206,0.0376991,-0.0680436,0.526438,0.000111108,0.00398656,14
16.5153,-0.127405,0.213164,0.0376991,-0.074941,0.494383,0.000175808,0.00396388,14
16.5193,-0.126518,0.214844,0.0376991,-0.082141,0.478886,0.000411538,0.003986,20
16.5233,-0.125558,0.221567,0.0376991,-0.0885223,0.479007,0.000119002,0.00398276,14
16.5273,-0.124745,0.221567,0.0376991,-0.0932435,0.466512,0.000113401,0.00398652,14
16.5313,-0.123858,0.214844,0.0376991,-0.0957445,0.443577,0.000114624,0.00398652,14
16.5353,-0.122971,0.219886,0.0376991,-0.0957443,0.458494,0.000357848,0.00397674,20
16.5393,-0.122084,0.218206,0.0376991,-0.0932435,0.463657,0.000121738,0.00398173,14
16.5433,-0.121271,0.222687,0.0376991,-0.0885221,0.491237,0.000133129,0.00398463,14
16.5473,-0.120385,0.219886,0.0376991,-0.0821407,0.505242,0.000743778,0.00398714,14
16.5513,-0.11935,0.221567,0.0376991,-0.0749408,0.533583,0.000344913,0.00398307,13
16.5553,-0.118611,0.222687,0.0376991,-0.0680434,0.558923,0.000118512,0.00398391,14
16.5593,-0.117724,0.224368,0.0376991,-0.0628503,0.580877,0.000114353,0.00398608,14
16.5633,-0.116911,0.222687,0.0376991,-0.0610434,0.583782,0.000651846,0.00398625,17
16.5673,-0.115877,0.219886,0.0376991,-0.0645854,0.568121,0.000193661,0.00398317,13
16.5713,-0.115064,0.22941,0.0376991,-0.0539768,0.626476,0.000121276,0.00398226,14
16.5753,-0.114177,0.227729,0.0376991,-0.0417674,0.660978,0.000113462,0.00398628,14
16.5793,-0.11329,0.232771,0.0376991,-0.0286579,0.71551,0.000576005,0.00398664,17
16.5833,-0.112256,0.238934,0.0376991,-0.0154896,0.773428,0.000121407,0.00398357,14
16.5873,-0.111369,0.231091,0.0376991,-0.00324336,0.792173,0.000114604,0.00398614,14
16.5913,-0.110482,0.236133,0.0376991,0.00695911,0.837921,0.000113282,0.00398701,14
16.5953,-0.109521,0.121848,0.0376991,0.0138566,0.566581,0.000520702,0.00398725,17
16.5993,-0.108413,0.239494,0.0376991,0.0160471,0.878551,0.000467733,0.00394029,14
16.6033,-0.107452,0.243976,0.0376991,0.0119889,0.879922,0.000126035,0.0039856,14
16.6073,-0.106565,0.245656,0.0376991,-0,0.849953,0.000141164,0.00398443,14
16.6113,-0.105604,0.252379,0.0376991,-0,0.869358,0.000409814,0.00397004,20
16.6153,-0.104496,0.25406,0.0376991,-0,0.876102,0.000136335,0.00398578,14
16.6193,-0.103535,0.260222,0.0376991,-0,0.894064,0.000137687,0.00398326,14
16.6233,-0.102501,0.263583,0.0376991,-0,0.904975,0.000121146,0.00398552,14
16.6273,-0.101466,0.268625,0.0376991,-0,0.920213,0.000356916,0.00398617,20
16.6313,-0.100284,0.276468,0.0376991,-0,0.942987,0.000126366,0.00398547,14
16.6353,-0.099249,0.28151,0.0345575,0.0119891,0.956979,0.000127918,0.00398431,14
16.6393,-0.0981405,0.284872,0.0345575,0.0160473,0.980314,0.000780858,0.00398464,14
16.6433,-0.0967364,0.289914,0.0345575,0.0138567,0.989739,0.000421577,0.00396574,13
16.6473,-0.0956279,0.302799,0.0345575,0.00695927,1.00449,0.000166601,0.00398551,14
16.6513,-0.0945193,0.309521,0.0345575,-0.00324331,0.993385,0.000115876,0.00397903,14
16.6553,-0.093263,0.317364,0.0345575,-0.0154895,0.979312,0.000617192,0.00398574,17
16.6593,-0.0918589,0.324087,0.0345575,-0.0286579,0.959889,0.000153015,0.00398617,13
16.6633,-0.0906765,0.327448,0.0345575,-0.0417674,0.931506,0.000114193,0.00398606,14
16.6673,-0.0894202,0.33025,0.0314159,-0.0419878,0.903314,0.000121296,0.00398326,14
16.6713,-0.08809,0.338653,0.0314159,-0.0485382,0.908057,0.00053571,0.00398648,17
16.6753,-0.086538,0.340334,0.0282743,-0.0471869,0.882376,0.000119333,0.00398343,14
16.6793,-0.0852817,0.353219,0.0282743,-0.0558911,0.891989,0.000116357,0.00398693,14
16.6833,-0.0838776,0.35658,0.0282743,-0.0712868,0.85718,0.000113291,0.00398694,14
16.6873,-0.0824735,0.354899,0.0251327,-0.0784415,0.796816,0.000526953,0.00398671,17
16.6913,-0.0809216,0.361622,0.0251327,-0.0947518,0.76822,0.00011785,0.00398376,14
16.6953,-0.0795913,0.366104,0.0251327,-0.116433,0.717141,0.000116538,0.00398609,14
16.6993,-0.0781133,0.369465,0.0251327,-0.140261,0.65701,0.000119142,0.00398285,14
16.7033,-0.0766353,0.367784,0.0219912,-0.151584,0.58421,0.000462664,0.0039871,20
16.7073,-0.0750095,0.374507,0.0219912,-0.168219,0.554794,0.000120595,0.00398393,14
16.7113,-0.0736054,0.38235,0.0219912,-0.186942,0.52147,0.00013433,0.00398657,14
16.7153,-0.0721273,0.379549,0.0219912,-0.205231,0.462214,0.000132327,0.00398511,14
16.7193,-0.0705754,0.379549,0.0188496,-0.209272,0.415907,0.000365863,0.00398624,20
16.7233,-0.0689496,0.387392,0.0188496,-0.217866,0.413676,0.000420394,0.0039446,14
16.7273,-0.0673238,0.390753,0.015708,-0.216921,0.391256,0.000375671,0.00392749,14
16.7313,-0.0657719,0.389073,0.015708,-0.225094,0.365611,0.000988915,0.00395752,17
16.7353,-0.0639982,0.384031,0.015708,-0.240284,0.310592,0.000178643,0.00394529,13
16.7393,-0.0628158,0.387392,0.0125664,-0.24938,0.256862,0.000114363,0.0039855,14
16.7433,-0.0613378,0.385711,0.0125664,-0.250419,0.252616,0.000117359,0.00398695,14
16.7473,-0.0597859,0.379549,0.0125664,-0.252587,0.233578,0.000586995,0.00395445,17
16.7513,-0.0580862,0.379549,0.0125664,-0.254063,0.232826,0.000116407,0.0039834,13
16.7553,-0.056682,0.43445,0.00942478,-0.242015,0.376188,0.000111928,0.0039864,14
16.7593,-0.055204,0.377868,0.00942478,-0.236504,0.250368,0.000115746,0.00398607,14
16.7633,-0.053726,0.372826,0.00942478,-0.236969,0.239202,0.000522195,0.00398694,17
16.7673,-0.0521002,0.371146,0.00942478,-0.243971,0.217259,0.000121076,0.00398276,14
16.7713,-0.05077,0.369465,0.00628319,-0.247202,0.168589,0.000118782,0.00398532,14
16.7753,-0.0492919,0.366104,0.00628319,-0.247645,0.161818,0.000417098,0.00395123,14
16.7793,-0.0476661,0.371146,0.00314159,-0.245579,0.147112,0.000409414,0.00394689,20
16.7833,-0.046262,0.363303,0.00314159,-0.240584,0.145072,0.000115376,0.00398412,14
16.7873,-0.0449318,0.363303,0.00314159,-0.243528,0.139076,0.000112721,0.00398644,14
16.7913,-0.0434538,0.363303,0.00314159,-0.25441,0.109413,0.000125394,0.00398663,14
16.7953,-0.0420497,0.359941,-0,-0.240621,0.108012,0.000258092,0.00398478,17
16.7993,-0.0405716,0.358261,-0,-0.23435,0.125858,0.000115034,0.00398391,12
16.8033,-0.0392414,0.346496,-0,-0.235176,0.0959665,0.000363248,0.00395546,12
16.8073,-0.0377634,0.349857,-0,-0.243801,0.08178,0.000191547,0.00398459,15
16.8113,-0.0364332,0.338653,-0,-0.240305,0.0663957,0.000115956,0.00398366,12
16.8153,-0.0351769,0.335292,-0,-0.237657,0.0684808,0.000111789,0.00398568,12
16.8193,-0.0338466,0.33193,-0,-0.23782,0.0622321,0.000119043,0.00398695,18
16.8233,-0.0325164,0.33025,-0,-0.243738,0.0429202,0.000111238,0.00398656,12
16.8273,-0.0311862,0.324087,-0,-0.237594,0.0485203,0.000649973,0.00397304,15
16.8313,-0.0297821,0.196917,-0,-0.23432,-0.26598,0.000125004,0.0039829,12
16.8353,-0.0286736,0.315684,-0,-0.215958,0.0977427,0.000127858,0.00398506,12
16.8393,-0.0274912,0.297757,-0.00314159,-0.185172,0.109716,0.000670511,0.0039863,12
16.8433,-0.0261609,0.289914,-0.00314159,-0.165247,0.152635,0.000170709,0.00398351,9
16.8473,-0.0251263,0.289914,-0.00314159,-0.136822,0.240789,0.00012296,0.00398572,12
16.8513,-0.0240178,0.286552,-0.00314159,-0.113148,0.306091,0.000122489,0.00398637,12
16.8553,-0.0228354,0.283191,-0.00314159,-0.0961884,0.351266,0.000393214,0.00397685,15
16.8593,-0.021653,0.283191,-0.00314159,-0.0886055,0.376759,0.000124853,0.0039837,12
16.8633,-0.0206184,0.286552,-0.00314159,-0.0720217,0.437785,0.000125905,0.00398444,12
16.8673,-0.0195099,0.274788,-0.00314159,-0.0605286,0.44464,0.000632321,0.00398636,15
16.8713,-0.0181796,0.28151,-0.00314159,-0.0567893,0.476151,0.000126446,0.00398338,12
16.8753,-0.0172189,0.283191,-0,-0.0760169,0.461944,0.000142165,0.00398596,12
16.8793,-0.0161104,0.286552,-0,-0.0803341,0.45997,0.000124342,0.00398583,12
16.8833,-0.0150019,0.283191,-0,-0.0857949,0.437229,0.000130954,0.00398623,15
16.8873,-0.0138195,0.284872,-0,-0.0750027,0.476748,0.000120906,0.00398661,12
16.8913,-0.012711,0.278149,-0,-0.0626095,0.499306,0.000663669,0.00398493,12
16.8953,-0.0114547,0.284872,-0,-0.0514189,0.553173,0.00012326,0.00398318,12
16.8993,-0.0104939,0.283191,-0,-0.0443745,0.572227,0.000124933,0.0039845,12
16.9033,-0.00931152,0.283191,-0,-0.022818,0.639948,0.000594991,0.00398579,15
16.9073,-0.00805521,0.288233,-0,-0,0.724625,0.000169696,0.00398294,12
16.9113,-0.00702059,0.284872,-0,0.022818,0.787181,0.000126526,0.00398476,12
16.9153,-0.00591208,0.294396,-0,0.0443745,0.879264,0.000514541,0.00398602,15
16.9193,-0.00465576,0.296076,-0,0.0634079,0.943848,0.000125844,0.0039829,12
16.9233,-0.00347335,0.407,-0,0.0786567,1.27813,0.000153486,0.00398599,12
16.9273,-0.00236483,0.302799,-0,0.0888592,1.04307,0.000470408,0.00398448,15
16.9313,-0.00103461,0.312323,-0,0.0927541,1.08226,0.00013959,0.00397831,12
16.9353,0.000147803,0.322406,-0,0.0890797,1.0997,0.000129532,0.00398419,12
16.9393,0.00147802,0.33193,-0,0.0765745,1.08933,0.000395087,0.00395837,15
16.9433,0.00288214,0.340334,-0,0.0539769,1.04574,0.000115005,0.00398305,12
16.9473,0.00413845,0.346496,-0,0.0417675,1.02745,0.000115726,0.00398559,12
16.9513,0.00554257,0.351538,-0.00314159,0.040647,1.00263,0.000432027,0.00398427,15
16.9553,0.00709449,0.363303,-0.00314159,0.0315368,1.00878,0.000126756,0.00398265,12
16.9593,0.00842471,0.369465,-0.00314159,0.0171,0.98392,0.000130985,0.00398564,12
16.9633,0.00990273,0.374507,-0.00314159,-0,0.948449,0.000651285,0.00398502,15
16.9673,0.0116764,0.387392,-0.00314159,-0.0171,0.933819,0.000114082,0.0039831,9
16.9713,0.0130066,0.385711,-0.00628319,-0.0195478,0.887517,0.000119362,0.00398429,12
16.9753,0.0145585,0.390753,-0.00628319,-0.0245998,0.888616,0.000146654,0.00398484,12
16.9793,0.0161104,0.394115,-0.00942478,-0.0159219,0.889403,0.000726105,0.00398667,15
16.9833,0.0180318,0.407,-0.00942478,-0.0309706,0.881293,0.000120365,0.00398269,12
16.9873,0.0193621,0.40868,-0.0125664,-0.0419833,0.817764,0.000113773,0.00398624,12
16.9913,0.0210618,0.415403,-0.0125664,-0.0655158,0.767666,0.000113352,0.00398656,12
16.9953,0.0226876,0.423246,-0.0125664,-0.0969424,0.696436,0.000211836,0.00398588,15
16.9993,0.0244612,0.431649,-0.0125664,-0.132198,0.615399,0.000118311,0.00398305,12
17.0033,0.0261609,0.431649,-0.015708,-0.155789,0.510336,0.000113532,0.00398511,12
17.0073,0.0278607,0.43333,-0.015708,-0.184693,0.431023,0.000474916,0.00398536,15
17.0113,0.0297821,0.43445,-0.015708,-0.214843,0.346984,0.00011243,0.00398366,12
17.0153,0.031334,0.436131,-0.0188496,-0.230888,0.268732,0.000113722,0.00398523,12
17.0193,0.0331076,0.436131,-0.0188496,-0.250083,0.214593,0.000111979,0.00398649,12
17.0233,0.0348074,0.43333,-0.0219912,-0.256795,0.153326,0.000336858,0.00398665,15
17.0273,0.0366549,0.431649,-0.0219912,-0.26814,0.118741,0.000118331,0.00398272,12
17.0313,0.0382807,0.428288,-0.0251327,-0.268485,0.0751105,0.00011809,0.00398486,12
17.0353,0.0399804,0.426607,-0.0251327,-0.275087,0.0545383,0.000547612,0.00398616,15
17.0393,0.0418279,0.423246,-0.0251327,-0.284581,0.0212202,0.000138067,0.00398347,12
17.0433,0.043306,0.40868,-0.0282743,-0.282735,-0.0449635,0.000117239,0.00398454,12
17.0473,0.0449318,0.410361,-0.0282743,-0.288349,-0.0540557,0.000120565,0.00398411,12
17.0513,0.0465576,0.403638,-0.0314159,-0.287751,-0.10349,0.000382744,0.00398213,15
17.0553,0.0482573,0.401958,-0.0314159,-0.30044,-0.142458,0.000114715,0.00398372,12
17.0593,0.0498093,0.471985,-0.0345575,-0.291844,0.0297425,0.00011276,0.00397888,12
17.0633,0.0512873,0.390753,-0.0345575,-0.29247,-0.178097,0.000114464,0.00398631,12
17.0673,0.0528392,0.379549,-0.0376991,-0.288508,-0.229066,0.000164227,0.00398703,15
17.0713,0.0543172,0.374507,-0.0376991,-0.299456,-0.271911,0.000118752,0.00398457,12
17.0753,0.0557952,0.364423,-0.0376991,-0.324613,-0.370679,0.000109565,0.00398715,12
17.0793,0.0571994,0.358261,-0.0376991,-0.343079,-0.439289,0.000477762,0.00398701,15
17.0833,0.0587513,0.351538,-0.0376991,-0.367263,-0.5263,0.000114975,0.00398326,12
17.0873,0.0600076,0.346496,-0.0376991,-0.377245,-0.566709,0.000111458,0.00398649,12
17.0913,0.0613378,0.325768,-0.0376991,-0.386276,-0.644474,0.000120305,0.00398463,12
17.0953,0.0625941,0.307841,-0.0376991,-0.375137,-0.654234,0.000336678,0.00398591,15
17.0993,0.0638504,0.292715,-0.0376991,-0.357638,-0.637564,0.000114624,0.00398361,12
17.1033,0.064959,0.283191,-0.0376991,-0.336724,-0.59647,0.000114584,0.00398664,12
17.1073,0.0660675,0.265264,-0.0376991,-0.31646,-0.578978,0.000570655,0.00398666,15
17.1113,0.067176,0.249018,-0.0376991,-0.28029,-0.50909,0.000114925,0.00398387,12
17.1153,0.0680628,0.240614,-0.0376991,-0.244548,-0.420784,0.000122579,0.00398631,12
17.1193,0.0689496,0.224368,-0.0376991,-0.214561,-0.370064,0.000116157,0.00398489,12
17.1233,0.0698364,0.213164,-0.0376991,-0.174895,-0.27711,0.000360833,0.00398699,15
17.1273,0.0706493,0.200279,-0.0376991,-0.142864,-0.21172,0.000113843,0.00398374,12
17.1313,0.0713883,0.195237,-0.0376991,-0.102894,-0.102306,0.000110877,0.00398663,12
17.1353,0.0721273,0.17899,-0.0376991,-0.0720218,-0.0492326,0.000666504,0.00398624,12
17.1393,0.0729403,0.175629,-0.0376991,-0.0342508,0.0580269,0.000157204,0.00398323,9
17.1433,0.0735315,0.170587,-0.0376991,-0.00605586,0.131537,0.000126496,0.00397911,12
17.1473,0.0741966,0.161063,-0.0376991,0.00751665,0.149479,0.000114984,0.00398491,12
17.1513,0.0747878,0.154341,-0.0345575,0.0106131,0.180292,0.000463424,0.00398717,15
17.1553,0.0754529,0.148178,-0.0314159,-0.00502983,0.156078,0.000114013,0.00398316,12
17.1593,0.0760441,0.172268,-0.0314159,-0.00405825,0.222332,0.000113312,0.00398665,12
17.1633,0.0765614,0.133052,-0.0282743,-0.0167576,0.121582,0.000113742,0.00398649,12
17.1673,0.0770787,0.12689,-0.0282743,-0.00777401,0.13399,0.00034277,0.00398562,15
17.1713,0.077596,0.123528,-0.0282743,0.00487635,0.164691,0.000141575,0.00398359,12
17.1753,0.0781133,0.116806,-0.0282743,0.0371884,0.246155,0.000112229,0.00398573,12
17.1793,0.0785567,0.110643,-0.0251327,0.0616799,0.342742,0.000588228,0.00398658,15
17.1833,0.0790001,0.107282,-0.0251327,0.0951868,0.43631,0.000114203,0.00398387,12
17.1873,0.0793696,0.105601,-0.0251327,0.133364,0.548158,0.000112449,0.0039863,12
17.1913,0.079813,0.107282,-0.0251327,0.172426,0.671498,0.000115145,0.0039853,12
17.1953,0.0802564,0.105601,-0.0219912,0.197161,0.780362,0.000408994,0.00398404,15
17.1993,0.0806999,0.110643,-0.0219912,0.224826,0.877911,0.000114273,0.0039832,12
17.2033,0.0811433,0.120167,-0.0188496,0.239645,0.985662,0.000111779,0.00398648,12
17.2073,0.0816606,0.123528,-0.0188496,0.258456,1.05229,0.00011255,0.00398681,12
17.2113,0.082104,0.12689,-0.015708,0.265205,1.11978,0.000161171,0.00398583,15
17.2153,0.0826952,0.139775,-0.015708,0.276587,1.18865,0.000110626,0.00397213,12
17.2193,0.0832125,0.144817,-0.0125664,0.276548,1.24012,0.000110556,0.00398687,12
17.2233,0.0838037,0.149859,-0.0125664,0.281925,1.27064,0.000435754,0.00398714,15
17.2273,0.0844688,0.157702,-0.0125664,0.288933,1.31346,0.000113191,0.00398313,12
17.2313,0.0851339,0.162744,-0.0125664,0.294908,1.34595,0.000110647,0.00398637,12
17.2353,0.085799,0.175629,-0.0125664,0.298309,1.39086,0.000138339,0.00398653,12
17.2393,0.086538,0.185713,-0.0125664,0.298715,1.41966,0.000200063,0.00398626,15
17.2433,0.087277,0.193556,-0.0125664,0.296827,1.43576,0.000141053,0.0039823,12
17.2473,0.08809,0.200279,-0.0125664,0.294467,1.44771,0.0001124,0.00398634,12
17.2513,0.0889029,0.214844,-0.0125664,0.294579,1.48733,0.000444249,0.00398574,15
17.2553,0.0898636,0.224368,-0.0125664,0.301228,1.53404,0.000115736,0.00397492,12
17.2593,0.0907504,0.240614,-0.0125664,0.297858,1.56762,0.000111879,0.00398573,12
17.2633,0.0917111,0.252379,-0.0125664,0.279061,1.54321,0.000110156,0.00398705,12
17.2673,0.0927457,0.265264,-0.0125664,0.260191,1.52162,0.000205103,0.00398637,15
17.2713,0.0938542,0.288233,-0.0125664,0.223711,1.47294,0.000115576,0.00398289,12
17.2753,0.0949627,0.291594,-0.0125664,0.184693,1.3661,0.00011246,0.00398612,12
17.2793,0.0961452,0.307841,-0.0125664,0.146922,1.29636,0.000453377,0.00398591,15
17.2833,0.0975493,0.322406,-0.0125664,0.114883,1.24011,0.000112921,0.00398346,12
17.2873,0.0987317,0.325768,-0.0125664,0.0720217,1.12182,0.00011266,0.00398558,12
17.2913,0.099988,0.333611,-0.0125664,0.0342507,1.03061,0.000111047,0.00398681,12
17.2953,0.101392,0.342014,-0.015708,0.0180448,0.96886,0.000232073,0.0039866,15
17.2993,0.102944,0.467503,-0.015708,0.0085304,1.26662,0.000113342,0.00398297,12
17.3033,0.1042,0.358261,-0.015708,-0.00874561,0.935856,0.000111468,0.00398639,12
17.3073,0.105604,0.359941,-0.0188496,-0.00405818,0.919933,0.000486558,0.00398589,15
17.3113,0.107156,0.363303,-0.0219912,-0.00105285,0.903577,0.000117329,0.0039834,12
17.3153,0.108487,0.367784,-0.0219912,-0.00163298,0.916264,0.000111338,0.00398629,12
17.3193,0.110039,0.379549,-0.0251327,-0.00784223,0.8937,0.000124111,0.00398414,12
17.3233,0.111517,0.38123,-0.0251327,-0.0220045,0.858452,0.000330437,0.00398699,15
17.3273,0.113142,0.397476,-0.0251327,-0.0588533,0.792474,0.000119253,0.00398118,12
17.3313,0.114694,0.399157,-0.0282743,-0.089785,0.669234,0.000110346,0.00398655,12
17.3353,0.116246,0.403638,-0.0282743,-0.130654,0.560652,0.000595421,0.00398653,15
17.3393,0.118094,0.415403,-0.0314159,-0.164286,0.455863,0.00011233,0.00398384,12
17.3433,0.119498,0.412042,-0.0345575,-0.194125,0.322619,0.000110887,0.00398637,12
17.3473,0.121198,0.412042,-0.0345575,-0.234625,0.203935,0.000121316,0.0039866,12
17.3513,0.122823,0.412042,-0.0376991,-0.267489,0.0706885,0.000420155,0.00398687,15
17.3553,0.124597,0.40868,-0.0376991,-0.307311,-0.0544389,0.000116979,0.00398279,12
17.3593,0.126149,0.405319,-0.0376991,-0.348062,-0.18286,0.000110737,0.00398623,12
17.3633,0.127701,0.395795,-0.0408407,-0.372848,-0.31638,0.000111107,0.0039867,12
17.3673,0.129401,0.539212,-0.0439823,-0.385816,-0.0200479,0.000363939,0.00398619,15
17.3713,0.130879,0.387392,-0.0471239,-0.39055,-0.459537,0.000114714,0.00398344,12
17.3753,0.132283,0.372826,-0.0471239,-0.402205,-0.529202,0.000121828,0.00397765,12
17.3793,0.133761,0.35658,-0.0502655,-0.403745,-0.609943,0.000559153,0.00398674,15
17.3833,0.135313,0.348177,-0.0502655,-0.411586,-0.651893,0.000114744,0.00398361,12
17.3873,0.136569,0.340334,-0.0534071,-0.410094,-0.702319,0.000110657,0.00398657,12
17.3913,0.137825,0.322406,-0.0534071,-0.417227,-0.767298,0.000125053,0.00398209,12
17.3953,0.139156,0.314003,-0.0534071,-0.431023,-0.827727,0.000330246,0.00398593,15
17.3993,0.140412,0.299437,-0.0565487,-0.439352,-0.925141,0.000384357,0.0039467,12
17.4033,0.141594,0.283191,-0.0565487,-0.442074,-0.972623,0.000362607,0.00395616,12
17.4073,0.142703,0.270306,-0.0596903,-0.43905,-1.03172,0.0009163,0.00395748,15
17.4113,0.143885,0.245656,-0.0596903,-0.45188,-1.13139,0.000119674,0.00398273,9
17.4153,0.14455,0.22941,-0.0596903,-0.460645,-1.19826,0.000112069,0.00398606,12
17.4193,0.145437,0.211483,-0.0596903,-0.457414,-1.23272,0.000113061,0.00398619,12
17.4233,0.14625,0.184032,-0.0596903,-0.455858,-1.29693,0.000443848,0.00398684,15
17.4273,0.147063,0.172268,-0.0596903,-0.4376,-1.27028,0.000112851,0.00398359,12
17.4313,0.14758,0.150979,-0.0596903,-0.417712,-1.26387,0.00013415,0.00398658,12
17.4353,0.148098,0.121848,-0.0596903,-0.40082,-1.2867,0.000125925,0.00398624,12
17.4393,0.148541,0.100559,-0.0596903,-0.371349,-1.25149,0.000231603,0.00398613,15
17.4433,0.14891,0.071428,-0.0565487,-0.359024,-1.25098,0.000114744,0.00398318,12
17.4473,0.149132,0.0518203,-0.0565487,-0.329333,-1.21126,0.000111838,0.00398631,12
17.4513,0.14928,0.0338933,-0.0534071,-0.292781,-1.10916,0.000549315,0.00398709,15
17.4553,0.149354,0.00924363,-0.0534071,-0.248866,-1.03976,0.000113572,0.003975,12
17.4593,0.149354,-0.00868341,-0.0534071,-0.18594,-0.895763,0.000111518,0.00398618,12
17.4633,0.14928,-0.0165265,-0.0502655,-0.13695,-0.730598,0.000111628,0.00398677,12
17.4673,0.149206,-0.0215685,-0.0502655,-0.0916494,-0.606845,0.000328784,0.00398518,15
17.4713,0.149132,-0.0277309,-0.0471239,-0.0523394,-0.466604,0.000113552,0.00398315,12
17.4753,0.148984,-0.0310922,-0.0471239,-0,-0.317413,0.00011789,0.00398608,12
17.4793,0.148837,-0.0361342,-0.0408407,0.0403503,-0.133828,0.000646467,0.00398658,15
17.4833,0.148689,-0.0394955,-0.0408407,0.0875912,-4.5215e-05,0.000130113,0.00398379,9
17.4873,0.148615,-0.0361342,-0.0376991,0.139141,0.201706,0.000110957,0.00398595,12
17.4913,0.148467,-0.0344535,-0.0376991,0.192837,0.367981,0.000111318,0.00398667,12
17.4953,0.148319,-0.0277309,-0.0345575,0.24708,0.586366,0.000489593,0.00398689,15
17.4993,0.148245,-0.0215685,-0.0345575,0.300969,0.764923,0.000143197,0.00398193,12
17.5033,0.148171,-0.0165265,-0.0314159,0.332703,0.911121,0.000113773,0.00398651,12
17.5073,0.148098,-0.00868341,-0.0314159,0.374973,1.05889,0.000367877,0.0039562,12
17.5113,0.148098,0.00812319,-0.0282743,0.395952,1.20304,0.000331769,0.00398606,15
17.5153,0.148171,0.0126049,-0.0282743,0.430572,1.31937,0.000115676,0.00398202,12
17.5193,0.148245,0.0226889,-0.0282743,0.461519,1.43901,0.000110937,0.00398671,12
17.5233,0.148319,0.030532,-0.0251327,0.472879,1.53118,0.000591644,0.00398478,15
17.5273,0.148541,0.0467784,-0.0251327,0.482048,1.6012,0.000113532,0.00398363,12
17.5313,0.148689,0.0619043,-0.0251327,0.486223,1.65309,0.000110476,0.00398668,12
17.5353,0.148984,0.0731087,-0.0251327,0.484143,1.6763,0.000121186,0.00398371,12
17.5393,0.149354,0.0876744,-0.0251327,0.476088,1.69027,0.000369831,0.00398639,15
17.5433,0.149797,0.105601,-0.0251327,0.463879,1.7005,0.00038067,0.00394679,12
17.5473,0.150241,0.120167,-0.0251327,0.450882,1.6997,0.000359401,0.00395609,12
17.5513,0.150758,0.133052,-0.0219912,0.408271,1.64271,0.000945605,0.00395727,12
17.5553,0.151423,0.156021,-0.0219912,0.37244,1.59502,0.000159347,0.00398391,9
17.5593,0.15194,0.164425,-0.0219912,0.325852,1.477,0.000110406,0.00398536,12
17.5633,0.152606,0.172268,-0.0219912,0.284282,1.37303,0.000134632,0.00398649,12
17.5673,0.153345,0.186833,-0.0219912,0.252916,1.31735,0.000447956,0.00398631,15
17.5713,0.154157,0.196917,-0.0219912,0.216598,1.23534,0.000116327,0.00398254,12
17.5753,0.15497,0.206441,-0.0251327,0.205336,1.19013,0.000111428,0.00398639,12
17.5793,0.155931,0.33193,-0.0251327,0.184756,1.45316,0.000125825,0.00398104,12
17.5833,0.15667,0.213164,-0.0251327,0.175117,1.11982,0.000323273,0.00398556,15
17.5873,0.157557,0.22941,-0.0251327,0.142186,1.06407,0.000371663,0.00394773,12
17.5913,0.158518,0.236133,-0.0282743,0.128238,1.00385,0.000366484,0.00391462,12
17.5953,0.159552,0.242295,-0.0282743,0.0986203,0.932471,0.000557551,0.00398528,15
17.5993,0.160513,0.256861,-0.0282743,0.0727503,0.893893,0.000113362,0.00398378,12
17.6033,0.161474,0.256861,-0.0314159,0.0487247,0.785907,0.000117359,0.00398523,12
17.6073,0.162508,0.265264,-0.0345575,0.0369096,0.736618,0.000114063,0.00398467,12
17.6113,0.163617,0.270306,-0.0345575,0.00391299,0.652304,0.000365573,0.00398676,15
17.6153,0.164725,0.27983,-0.0376991,-0.0181569,0.575072,0.000134441,0.00398273,12
17.6193,0.165834,0.27983,-0.0376991,-0.0629722,0.442059,0.000113071,0.00398605,12
17.6233,0.166942,0.284872,-0.0376991,-0.110975,0.312396,0.000109855,0.00398697,12
17.6273,0.168051,0.286552,-0.0408407,-0.143027,0.184803,0.000205193,0.00398663,15
17.6313,0.169233,0.291594,-0.0408407,-0.194062,0.0461373,0.000113772,0.0039838,12
17.6353,0.170342,0.284872,-0.0408407,-0.246064,-0.125904,0.000111528,0.00398612,12
17.6393,0.17145,0.276468,-0.0471239,-0.269728,-0.291591,0.00056257,0.00398199,15
17.6433,0.172707,0.263583,-0.0471239,-0.300268,-0.414322,0.000114564,0.00398376,12
17.6473,0.173593,0.266945,-0.0502655,-0.318406,-0.496023,0.000115966,0.0039857,12
17.6513,0.174628,0.261903,-0.0502655,-0.337755,-0.565221,0.000113833,0.00398656,12
17.6553,0.175663,0.243976,-0.0502655,-0.351305,-0.650075,0.00032159,0.00398632,15
17.6593,0.176623,0.22941,-0.0534071,-0.362923,-0.758073,0.000116087,0.00397313,12
17.6633,0.17751,0.218206,-0.0534071,-0.377736,-0.829754,0.0001124,0.00398633,12
17.6673,0.178323,0.200279,-0.0565487,-0.380531,-0.920066,0.000585293,0.00398592,15
17.6713,0.179136,0.17899,-0.0565487,-0.389405,-0.999928,0.000114514,0.00398352,12
17.6753,0.179801,0.173948,-0.0596903,-0.390268,-1.05154,0.000116327,0.00398481,12
17.6793,0.180466,0.15266,-0.0596903,-0.402477,-1.14181,0.000111297,0.00398679,12
17.6833,0.180983,0.138094,-0.0596903,-0.403591,-1.18155,0.000394657,0.00398675,15
17.6873,0.181575,0.120167,-0.0596903,-0.404616,-1.22952,0.000134531,0.00398272,12
17.6913,0.181944,0.0859937,-0.0596903,-0.406115,-1.32124,0.000118661,0.00398454,12
17.6953,0.182314,0.136414,-0.0596903,-0.410188,-1.20292,0.000697592,0.00398597,12
17.6993,0.182609,0.00644253,-0.0596903,-0.39874,-1.50234,0.000370061,0.00394773,9
17.7033,0.182609,0.00308121,-0.0596903,-0.386981,-1.47546,0.000118501,0.00398479,12
17.7073,0.182609,-0.00028011,-0.0596903,-0.37954,-1.46163,0.000110116,0.00398663,12
17.7113,0.182609,-0.00532209,-0.0565487,-0.372689,-1.41643,0.000486147,0.00398546,15
17.7153,0.182388,-0.0966379,-0.0565487,-0.342222,-1.55998,0.000114264,0.00398404,12
17.7193,0.182092,-0.0703076,-0.0565487,-0.306577,-1.38511,0.000364691,0.0039553,12
17.7233,0.181722,-0.0753496,-0.0534071,-0.263429,-1.23103,0.000115786,0.00397723,12
17.7273,0.181353,-0.0977584,-0.0534071,-0.211296,-1.13199,0.000314898,0.00398717,15
17.7313,0.180983,-0.106162,-0.0502655,-0.171137,-0.995599,0.000112891,0.00398356,12
17.7353,0.18054,-0.115685,-0.0502655,-0.110962,-0.839243,0.000111659,0.0039862,12
17.7393,0.180023,-0.124089,-0.0502655,-0.0528536,-0.686407,0.000543494,0.00398673,15
17.7433,0.179505,-0.12745,-0.0471239,-0.0193128,-0.557354,0.000115556,0.00398295,12
17.7473,0.179062,-0.129131,-0.0439823,0.0301419,-0.375722,0.000109695,0.00398674,12
17.7513,0.178545,-0.129131,-0.0408407,0.0703519,-0.21786,0.000110416,0.00398698,12
17.7553,0.178027,-0.130811,-0.0408407,0.132186,-0.0364539,0.000400718,0.00398672,15
17.7593,0.177436,-0.129131,-0.0376991,0.181294,0.152463,0.000134801,0.00398314,12
17.7633,0.176993,-0.120727,-0.0376991,0.227642,0.313198,0.000113111,0.00398639,12
17.7673,0.176476,-0.117366,-0.0376991,0.281761,0.484269,0.000113603,0.00398502,12
17.7713,0.176032,-0.114565,-0.0345575,0.310979,0.616289,0.000210172,0.00398693,15
17.7753,0.175589,-0.109523,-0.0314159,0.336982,0.744361,0.000113161,0.00398302,12
17.7793,0.175145,-0.0949573,-0.0314159,0.36069,0.852546,0.000111618,0.00398651,12
17.7833,0.17485,-0.086554,-0.0282743,0.384148,0.981905,0.000513398,0.00398661,15
17.7873,0.17448,-0.0753496,-0.0282743,0.410661,1.09007,0.000115055,0.00398316,12
17.7913,0.174258,-0.0557419,-0.0282743,0.435182,1.21418,0.000113592,0.0039858,12
17.7953,0.174037,-0.0428568,-0.0282743,0.454068,1.30395,0.000111047,0.00398679,12
17.7993,0.173963,-0.0277309,-0.0251327,0.453086,1.37724,0.000328743,0.00398666,15
17.8033,0.173889,-0.00700275,-0.0251327,0.451315,1.4251,0.000112109,0.0039837,12
17.8073,0.173889,0.00476187,-0.0251327,0.447634,1.44427,0.000112801,0.0039861,12
17.8113,0.173963,0.0176469,-0.0251327,0.442463,1.46199,0.000592366,0.00398644,15
17.8153,0.174037,0.030532,-0.0251327,0.437765,1.48113,0.000113772,0.00398267,12
17.8193,0.174185,0.0467784,-0.0251327,0.415301,1.4554,0.000111628,0.00398624,12
17.8233,0.174406,0.0568623,-0.0251327,0.390146,1.40583,0.000109664,0.00398635,12
17.8273,0.174628,0.0647054,-0.0251327,0.366783,1.35591,0.00041239,0.00398701,15
17.8313,0.174924,0.0798313,-0.0251327,0.329359,1.28241,0.000113272,0.00398366,12
17.8353,0.175219,0.0809518,-0.0251327,0.295189,1.18268,0.000111678,0.0039864,12
17.8393,0.175589,0.0971981,-0.0251327,0.249119,1.08609,0.000656976,0.0039864,12
17.8433,0.176106,0.108963,-0.0282743,0.221014,0.995105,0.000148147,0.00398321,9
17.8473,0.176476,0.114005,-0.0282743,0.197963,0.939233,0.000140903,0.00398599,12
17.8513,0.176919,0.116806,-0.0282743,0.168036,0.856974,0.000110516,0.00398623,12
17.8553,0.177436,0.12689,-0.0282743,0.13031,0.770062,0.000477231,0.00398631,15
17.8593,0.178027,0.131932,-0.0314159,0.0947313,0.639339,0.000113933,0.00397404,12
17.8633,0.178471,0.134733,-0.0314159,0.0598168,0.542008,0.000111529,0.00398606,12
17.8673,0.178988,0.133052,-0.0345575,0.0245041,0.394618,0.000112039,0.00398669,12
17.8713,0.179579,0.134733,-0.0345575,-0.011989,0.289954,0.000317012,0.00398672,15
17.8753,0.180097,0.134733,-0.0376991,-0.0285623,0.203521,0.000115456,0.00398353,12
17.8793,0.180614,0.136414,-0.0376991,-0.0576262,0.121146,0.000111187,0.00398682,12
17.8833,0.181131,0.133052,-0.0376991,-0.0998229,-0.0138983,0.000590752,0.00398572,15
17.8873,0.181722,0.131932,-0.0376991,-0.136155,-0.125287,0.00011241,0.00398344,12
17.8913,0.182166,0.125209,-0.0408407,-0.169646,-0.280318,0.000151483,0.00398213,12
17.8953,0.182683,0.0826324,-0.0408407,-0.203743,-0.491862,0.000123981,0.0039867,12
17.8993,0.183127,0.105601,-0.0408407,-0.232697,-0.519251,0.000399506,0.00398628,15
17.9033,0.18357,0.0988788,-0.0439823,-0.239335,-0.59313,0.000121276,0.00398176,12
17.9073,0.183866,0.0910357,-0.0439823,-0.260691,-0.677219,0.000115045,0.00398561,12
17.9113,0.184235,0.07647,-0.0439823,-0.280993,-0.775271,0.000114373,0.00398663,12
17.9153,0.184457,0.0602236,-0.0471239,-0.285307,-0.867136,0.000216544,0.00398696,15
17.9193,0.184679,0.0422966,-0.0471239,-0.291452,-0.931382,0.000115155,0.00398323,12
17.9233,0.184826,0.0288513,-0.0471239,-0.296483,-0.980883,0.000111939,0.00398659,12
17.9273,0.1849,0.0109243,-0.0471239,-0.298437,-1.03279,0.000473885,0.00398666,15
17.9313,0.1849,-0.00980385,-0.0471239,-0.296335,-1.07981,0.000137938,0.00397392,12
17.9353,0.184826,-0.0148458,-0.0471239,-0.290175,-1.07434,0.0001341,0.00398026,12
17.9393,0.184752,-0.0277309,-0.0471239,-0.280939,-1.07977,0.000125283,0.00398098,12
17.9433,0.184605,-0.0361342,-0.0471239,-0.27059,-1.07045,0.000308977,0.00398689,15
17.9473,0.184457,-0.0506999,-0.0471239,-0.26207,-1.08254,0.000118401,0.00398179,12
17.9513,0.184235,-0.0557419,-0.0471239,-0.237563,-1.02194,0.000134741,0.00398557,12
17.9553,0.184013,-0.0624645,-0.0471239,-0.212002,-0.962491,0.00055178,0.00398518,15
17.9593,0.183644,-0.0719882,-0.0471239,-0.18917,-0.918823,0.000116428,0.00398304,12
17.9633,0.183348,-0.081512,-0.0471239,-0.173694,-0.897222,0.00011263,0.00398648,12
17.9673,0.183053,-0.0915959,-0.0471239,-0.149298,-0.850109,0.000114624,0.00398619,12
17.9713,0.182683,-0.0915959,-0.0439823,-0.144306,-0.798352,0.00031117,0.0039869,15
17.9753,0.182388,-0.184592,-0.0439823,-0.122102,-0.971358,0.000120545,0.00398268,12
17.9793,0.181944,-0.104481,-0.0439823,-0.100141,-0.699677,0.000110316,0.00398657,12
17.9833,0.181501,-0.109523,-0.0408407,-0.074558,-0.598839,0.000622662,0.00398701,15
17.9873,0.180983,-0.117366,-0.0408407,-0.0417675,-0.521071,0.000113392,0.0039835,12
17.9913,0.180614,-0.114565,-0.0408407,-0.00807692,-0.412852,0.000110336,0.00398658,12
17.9953,0.180171,-0.114565,-0.0408407,0.0200658,-0.328772,0.000123631,0.00398313,12
17.9993,0.179727,-0.109523,-0.0408407,0.0578147,-0.20268,0.00043946,0.00398651,15
18.0033,0.17921,-0.109523,-0.0376991,0.0764256,-0.11009,0.000113051,0.00398361,12
18.0073,0.17884,-0.106162,-0.0376991,0.0910531,-0.0580364,0.0001122,0.00398476,12
18.0113,0.178397,-0.109523,-0.0376991,0.116991,0.0107244,0.00011249,0.00398471,12
18.0153,0.177954,-0.0966379,-0.0376991,0.137904,0.106136,0.000309387,0.00398567,15
18.0193,0.177584,-0.099439,-0.0376991,0.149729,0.133852,0.000113582,0.0039835,12
18.0233,0.177215,-0.0915959,-0.0376991,0.170422,0.215776,0.000143748,0.00398531,12
18.0273,0.176845,-0.0831926,-0.0376991,0.186453,0.285053,0.000553884,0.0039868,15
18.0313,0.176549,-0.0736689,-0.0376991,0.1967,0.339899,0.000113572,0.00398357,12
18.0353,0.176254,-0.0719882,-0.0376991,0.200462,0.354951,0.000111287,0.00398647,12
18.0393,0.175958,-0.0624645,-0.0345575,0.185471,0.371003,0.000111909,0.00398637,12
18.0433,0.175737,-0.0557419,-0.0345575,0.171785,0.346472,0.000344763,0.00398682,15
18.0473,0.175515,-0.0490192,-0.0345575,0.158285,0.3225,0.000114143,0.00398364,12
18.0513,0.175367,-0.0445375,-0.0345575,0.144407,0.291782,0.000111428,0.00398628,12
18.0553,0.175219,-0.0361342,-0.0345575,0.130154,0.270026,0.000584191,0.00397671,15
18.0593,0.175071,-0.0232491,-0.0345575,0.116086,0.260368,0.000115556,0.00398392,12
18.0633,0.174997,-0.0182071,-0.0345575,0.103323,0.234622,0.000111749,0.00398648,12
18.0673,0.174997,-0.0114845,-0.0345575,0.0935491,0.222395,0.000115656,0.00398631,12
18.0713,0.174924,-0.00532209,-0.0376991,0.100995,0.223125,0.000409685,0.00398488,15
18.0753,0.174924,0.00308121,-0.0376991,0.108544,0.267575,0.000113302,0.00398332,12
18.0793,0.174924,0.00476187,-0.0376991,0.0995,0.244574,0.000110036,0.00398668,12
18.0833,0.174924,-0.00028011,-0.0376991,0.0893573,0.20094,0.00011244,0.00398625,12
18.0873,0.174924,-0.00196077,-0.0376991,0.0819,0.174077,0.000228627,0.00398686,15
18.0913,0.174924,-0.00028011,-0.0376991,0.0594513,0.110565,0.000114153,0.0039672,12
18.0953,0.174924,-0.00364143,-0.0408407,0.0483719,0.0309518,0.000115796,0.00398627,12
18.0993,0.174924,-0.00028011,-0.0408407,0.031265,-0.0120893,0.000515131,0.00398606,15
18.1033,0.174924,0.00140055,-0.0408407,0.0124762,-0.0645408,0.000118662,0.00398372,12
18.1073,0.174924,-0.00196077,-0.0408407,-0.00364946,-0.121927,0.00011746,0.00398624,12
18.1113,0.174924,-0.00196077,-0.0408407,-0.0345085,-0.215182,0.000114344,0.00398673,12
18.1153,0.174924,-0.00196077,-0.0439823,-0.0537401,-0.310776,0.000346286,0.00398663,15
18.1193,0.174924,-0.00028011,-0.0439823,-0.0790213,-0.382847,0.000115736,0.00398295,12
18.1233,0.174924,-0.00364143,-0.0439823,-0.106567,-0.474746,0.000115866,0.00398634,12
18.1273,0.174924,-0.00532209,-0.0471239,-0.120885,-0.559818,0.000636248,0.00398667,15
18.1313,0.174924,-0.00532209,-0.0471239,-0.138671,-0.613565,0.000120695,0.00398391,12
18.1353,0.174924,-0.00980385,-0.0471239,-0.155298,-0.675353,0.00011789,0.00398655,12
18.1393,0.17485,-0.0148458,-0.0471239,-0.166562,-0.722537,0.00013414,0.00397817,12
18.1433,0.17485,-0.00980385,-0.0502655,-0.156689,-0.717195,0.000422188,0.00398624,15
18.1473,0.174776,-0.00980385,-0.0502655,-0.163977,-0.73938,0.000114593,0.00398306,12
18.1513,0.174702,-0.0232491,-0.0502655,-0.173774,-0.803767,0.000142887,0.00398662,12
18.1553,0.174554,-0.0249298,-0.0502655,-0.184117,-0.839672,0.000114273,0.00398606,12
18.1593,0.17448,-0.0294115,-0.0502655,-0.193744,-0.880468,0.000149479,0.00398705,15
18.1633,0.174332,-0.0378148,-0.0534071,-0.190107,-0.928912,0.000120225,0.00398568,12
18.1673,0.174185,-0.0394955,-0.0534071,-0.193264,-0.943103,0.000113692,0.00398631,12
18.1713,0.174037,-0.0456579,-0.0534071,-0.202375,-0.986826,0.000451212,0.00398715,15
18.1753,0.173815,-0.0506999,-0.0534071,-0.21744,-1.04582,0.000121707,0.00398184,12
18.1793,0.173593,-0.0574225,-0.0534071,-0.217558,-1.06397,0.000117459,0.00398652,12
18.1833,0.173372,-0.0652656,-0.0534071,-0.214437,-1.07522,0.00011749,0.00398649,12
18.1873,0.173076,-0.0669463,-0.0534071,-0.208499,-1.06224,0.000199802,0.00398608,15
18.1913,0.17278,-0.0770302,-0.0534071,-0.200864,-1.06578,0.000114133,0.00398363,12
18.1953,0.172411,-0.0848733,-0.0534071,-0.193355,-1.06409,0.000111949,0.00398618,12
18.1993,0.172115,-0.0966379,-0.0534071,-0.188494,-1.08034,0.000441233,0.00398691,15
18.2033,0.171672,-0.10112,-0.0565487,-0.155775,-1.03145,0.000116177,0.00398264,12
18.2073,0.171302,-0.107842,-0.0565487,-0.129069,-0.968857,0.000138559,0.00398641,12
18.2113,0.170859,-0.111204,-0.0565487,-0.109217,-0.918486,0.000113652,0.00398546,12
18.2153,0.170342,-0.120727,-0.0565487,-0.0977601,-0.909516,0.000314968,0.0039869,15
18.2193,0.169824,-0.122408,-0.0565487,-0.0969423,-0.9125,0.000138638,0.0039834,12
18.2233,0.169381,-0.130811,-0.0565487,-0.0879644,-0.907974,0.000111337,0.00398642,12
18.2273,0.168864,-0.138654,-0.0565487,-0.0844978,-0.918822,0.000507327,0.00398673,15
18.2313,0.168273,-0.138654,-0.0565487,-0.0887852,-0.933067,0.000115276,0.00398327,12
18.2353,0.167755,-0.145377,-0.0565487,-0.0818876,-0.930661,0.000119032,0.00398586,12
18.2393,0.167164,-0.147058,-0.0565487,-0.0771963,-0.9221,0.000117901,0.00398623,12
18.2433,0.166573,-0.151539,-0.0565487,-0.0765331,-0.932925,0.000309558,0.00398691,15
18.2473,0.165908,-0.158262,-0.0565487,-0.082141,-0.968633,0.000118881,0.00398376,12
18.2513,0.165316,-0.164985,-0.0565487,-0.074941,-0.965474,0.000112179,0.0039774,12
18.2553,0.164651,-0.168346,-0.0565487,-0.0680436,-0.954735,0.000571186,0.00398645,15
18.2593,0.163912,-0.176189,-0.0565487,-0.0628504,-0.960848,0.00011264,0.00398332,12
18.2633,0.163247,-0.17787,-0.0565487,-0.0610436,-0.961166,0.000111949,0.0039865,12
18.2673,0.162582,-0.17787,-0.0565487,-0.0645855,-0.973319,0.000119183,0.00398626,12
18.2713,0.161843,-0.187394,-0.0565487,-0.0539768,-0.967394,0.000365312,0.00398647,15
18.2753,0.16103,-0.192435,-0.0534071,-0.0537564,-0.944007,0.000119964,0.00398227,12
18.2793,0.160291,-0.197477,-0.0534071,-0.0447052,-0.931248,0.000115175,0.00398498,12
18.2833,0.159478,-0.2042,-0.0534071,-0.0293462,-0.903917,0.000663137,0.00398687,15
18.2873,0.158518,-0.212043,-0.0534071,-0.0102026,-0.868355,0.000115756,0.00398277,12
18.2913,0.157779,-0.217085,-0.0534071,0.0102026,-0.821285,0.000112479,0.00398624,12
18.2953,0.156966,-0.213724,-0.0534071,0.0293463,-0.756551,0.000110285,0.00398694,12
18.2993,0.156079,-0.208682,-0.0534071,0.0447052,-0.699087,0.000363949,0.00398697,15
18.3033,0.155192,-0.212043,-0.0534071,0.0537566,-0.682323,0.00011245,0.00398353,12
18.3073,0.154379,-0.220446,-0.0502655,0.0419879,-0.703821,0.000116177,0.00398443,12
18.3113,0.153492,-0.220446,-0.0502655,0.0485383,-0.68596,0.000633201,0.00398677,15
18.3153,0.152532,-0.218766,-0.0502655,0.0591759,-0.65158,0.000113923,0.00398301,12
18.3193,0.151719,-0.222127,-0.0502655,0.0719383,-0.62344,0.000110847,0.00398629,12
18.3233,0.150832,-0.218766,-0.0502655,0.0851435,-0.576812,0.000109775,0.0039872,12
18.3273,0.149945,-0.22829,-0.0502655,0.0973897,-0.566261,0.000392242,0.00398597,15
18.3313,0.148984,-0.224928,-0.0502655,0.107555,-0.52898,0.000111878,0.00398377,12
18.3353,0.148171,-0.224928,-0.0502655,0.1148,-0.508859,0.000113672,0.00398605,12
18.3393,0.147211,-0.22997,-0.0502655,0.118562,-0.512567,0.000656245,0.00398696,15
18.3433,0.146176,-0.233332,-0.0502655,0.118562,-0.523478,0.000135432,0.00398244,9
18.3473,0.145437,-0.231651,-0.0502655,0.1148,-0.532131,0.000137717,0.00398562,12
18.3513,0.144476,-0.231651,-0.0502655,0.107555,-0.556118,0.00011245,0.00398677,12
18.3553,0.14359,-0.22997,-0.0502655,0.0973895,-0.584445,0.000425985,0.00398645,15
18.3593,0.142555,-0.224928,-0.0502655,0.0851434,-0.610725,0.00011297,0.00398362,12
18.3633,0.141742,-0.224928,-0.0502655,0.0719382,-0.652402,0.000112861,0.0039861,12
18.3673,0.140855,-0.233332,-0.0502655,0.0591758,-0.714541,0.000109725,0.00398717,12
18.3713,0.139895,-0.22829,-0.0471239,0.0365493,-0.734553,0.00020371,0.0039847,15
18.3753,0.138934,-0.231651,-0.0471239,0.0259406,-0.777362,0.000114864,0.00398293,12
18.3793,0.138047,-0.236693,-0.0471239,0.0279108,-0.786324,0.000121787,0.00398616,12
18.3833,0.137086,-0.242855,-0.0471239,0.0216988,-0.823059,0.000474185,0.00398681,15
18.3873,0.136052,-0.238374,-0.0471239,0.018733,-0.822736,0.000114163,0.00398332,12
18.3913,0.135165,-0.246217,-0.0471239,0.018733,-0.844866,0.000115535,0.00398562,12
18.3953,0.13413,-0.256301,-0.0471239,0.0216989,-0.864124,0.000113963,0.00398645,12
18.3993,0.13317,-0.260782,-0.0439823,0.0159219,-0.85774,0.000299689,0.00398676,15
18.4033,0.132061,-0.262463,-0.0439823,0.0218826,-0.846471,0.000114443,0.00398275,12
18.4073,0.1311,-0.259102,-0.0439823,0.0387398,-0.788968,0.000116688,0.00398658,12
18.4113,0.129992,-0.265824,-0.0439823,0.0660732,-0.726095,0.000543704,0.00398628,15
18.4153,0.128809,-0.267505,-0.0439823,0.0821409,-0.684444,0.000141825,0.00398344,12
18.4193,0.127849,-0.269186,-0.0408407,0.0854007,-0.643538,0.000114223,0.00398523,12
18.4233,0.126814,-0.267505,-0.0408407,0.0945109,-0.613936,0.00011211,0.00398654,12
18.4273,0.125779,-0.267505,-0.0408407,0.106808,-0.579029,0.000357087,0.00398641,15
18.4313,0.124597,-0.269186,-0.0408407,0.12005,-0.545918,0.000115515,0.00398319,12
18.4353,0.123636,-0.269186,-0.0408407,0.132414,-0.510648,0.000115816,0.00398625,12
18.4393,0.122528,-0.269186,-0.0408407,0.142499,-0.48259,0.000657787,0.00398663,12
18.4433,0.121345,-0.267505,-0.0408407,0.149323,-0.460218,0.000136966,0.00398374,9
18.4473,0.120385,-0.265824,-0.0408407,0.152325,-0.448911,0.000113332,0.0039776,12
18.4513,0.11935,-0.272547,-0.0408407,0.151367,-0.471375,0.000113933,0.00398661,12
18.4553,0.118242,-0.264144,-0.0408407,0.146727,-0.466175,0.000452946,0.00398686,15
18.4593,0.117059,-0.267505,-0.0376991,0.127117,-0.499191,0.000130784,0.00398245,12
18.4633,0.116098,-0.267505,-0.0376991,0.113579,-0.542196,0.000112119,0.00398615,12
18.4673,0.115064,-0.269186,-0.0376991,0.105973,-0.571764,0.000114454,0.00398579,12
18.4713,0.113955,-0.270866,-0.0376991,0.10472,-0.582297,0.000284531,0.00397536,15
18.4753,0.112847,-0.275348,-0.0376991,0.110799,-0.577882,0.000114634,0.00398239,12
18.4793,0.111812,-0.28039,-0.0376991,0.104012,-0.613631,0.000139911,0.00398664,12
18.4833,0.110704,-0.277029,-0.0376991,0.096487,-0.630133,0.00056242,0.0039867,15
18.4873,0.109521,-0.277029,-0.0376991,0.0887851,-0.655985,0.000116087,0.00398273,12
18.4913,0.108487,-0.275348,-0.0376991,0.0818876,-0.674757,0.000111428,0.00398625,12
18.4953,0.107378,-0.282071,-0.0376991,0.0771963,-0.708661,0.000113872,0.00398644,12
18.4993,0.10627,-0.278709,-0.0376991,0.076533,-0.704427,0.000383445,0.00398702,15
18.5033,0.105087,-0.282071,-0.0376991,0.0821407,-0.698714,0.000114023,0.00398337,12
18.5073,0.103979,-0.290474,-0.0376991,0.0749408,-0.744526,0.000110877,0.00398652,12
18.5113,0.102944,-0.192435,-0.0376991,0.0680434,-0.515181,0.000661755,0.0039866,12
18.5153,0.10154,-0.288793,-0.0376991,0.0628503,-0.782052,0.000159849,0.00397816,9
18.5193,0.100505,-0.294956,-0.0376991,0.0610434,-0.805636,0.00011243,0.00398577,12
18.5233,0.0993968,-0.290474,-0.0376991,0.0645854,-0.785809,0.000111007,0.00398665,12
18.5273,0.0982144,-0.299998,-0.0376991,0.0539768,-0.844968,0.000453035,0.00398694,15
18.5313,0.0968842,-0.299998,-0.0345575,0.0297784,-0.883518,0.000111818,0.00398342,12
18.5353,0.0957757,-0.30504,-0.0345575,0.0126108,-0.950798,0.000114644,0.00398424,12
18.5393,0.0945932,-0.312883,-0.0345575,0.00163299,-1.00675,0.0001122,0.00398626,12
18.5433,0.0933369,-0.321286,-0.0345575,-0.00371583,-1.04729,0.000319276,0.00398637,15
18.5473,0.0919328,-0.328009,-0.0345575,-0.00371571,-1.06766,0.000114463,0.00398378,12
18.5513,0.0907504,-0.334171,-0.0345575,0.00163303,-1.06994,0.0001125,0.00398649,12
18.5553,0.0893463,-0.337532,-0.0345575,0.0126109,-1.04848,0.000512636,0.00398685,15
18.5593,0.0878683,-0.344255,-0.0314159,0.0177896,-1.01589,0.000111969,0.00398301,12
18.5633,0.0866119,-0.353779,-0.0314159,0.0379297,-0.982287,0.000111428,0.00398586,12
18.5673,0.0852078,-0.364983,-0.0314159,0.0507288,-0.97552,0.000113733,0.00398644,12
18.5713,0.0837298,-0.368344,-0.0282743,0.0540843,-0.939781,0.00031088,0.00398629,15
18.5753,0.0821779,-0.368344,-0.0282743,0.0660937,-0.906872,0.000114493,0.00398312,12
18.5793,0.0807738,-0.378428,-0.0282743,0.083533,-0.883198,0.000111628,0.00398609,12
18.5833,0.0792218,-0.389633,-0.0282743,0.103599,-0.854794,0.000598898,0.00398699,15
18.5873,0.0775221,-0.399717,-0.0251327,0.111919,-0.821844,0.000118011,0.00398389,12
18.5913,0.0762658,-0.277029,-0.0251327,0.126452,-0.46475,0.000110526,0.00398645,12
18.5953,0.0745661,-0.399157,-0.0251327,0.143972,-0.729983,0.000116106,0.00398614,12
18.5993,0.0729403,-0.391314,-0.0251327,0.161818,-0.659404,0.000407371,0.00398684,15
18.6033,0.0712405,-0.398036,-0.0219912,0.165896,-0.630618,0.000118601,0.00398351,12
18.6073,0.0697625,-0.399717,-0.0219912,0.174586,-0.611907,0.000110586,0.00398634,12
18.6113,0.0681367,-0.404199,-0.0219912,0.185224,-0.594845,0.000137657,0.00398643,12
18.6153,0.0665109,-0.405879,-0.0188496,0.183858,-0.569369,0.000297105,0.003987,15
18.6193,0.0648111,-0.415963,-0.015708,0.177158,-0.581811,0.000121446,0.00398141,12
18.6233,0.0632592,-0.422126,-0.015708,0.1828,-0.58401,0.000116497,0.0039863,12
18.6273,0.0615595,-0.418764,-0.015708,0.197702,-0.534028,0.000463055,0.0039863,15
18.6313,0.059712,-0.425487,-0.015708,0.21976,-0.488707,0.000112339,0.00397367,12
18.6353,0.0581601,-0.422126,-0.0125664,0.235865,-0.397292,0.00011799,0.00398662,12
18.6393,0.0565342,-0.425487,-0.0125664,0.244052,-0.384748,0.000118451,0.00398573,12
18.6433,0.0548345,-0.423806,-0.0125664,0.25351,-0.355546,0.000285934,0.00397765,15
18.6473,0.0530609,-0.422126,-0.0125664,0.262414,-0.328177,0.000116277,0.00398293,12
18.6513,0.0514351,-0.427168,-0.00942478,0.257935,-0.320762,0.00011781,0.0039865,12
18.6553,0.0498093,-0.373386,-0.00942478,0.260134,-0.179179,0.000491007,0.00398682,15
18.6593,0.0479617,-0.417084,-0.00628319,0.256459,-0.269352,0.000116498,0.00398392,12
18.6633,0.0464837,-0.410921,-0.00314159,0.255404,-0.22242,0.000116989,0.00398688,12
18.6673,0.0448579,-0.414283,-0.00314159,0.255145,-0.235402,0.000113742,0.00398603,12
18.6713,0.0432321,-0.405879,-0.00314159,0.265288,-0.186655,0.000291114,0.00398715,15
18.6753,0.0415323,-0.405879,-0,0.272724,-0.130413,0.000159849,0.00397922,12
18.6793,0.0399804,-0.402518,-0,0.27577,-0.115936,0.000115345,0.00398626,12
18.6833,0.0383546,-0.402518,-0,0.284173,-0.0940878,0.000292546,0.0039871,15
18.6873,0.0367288,-0.404199,-0,0.296951,-0.0633458,0.000116507,0.0039837,12
18.6913,0.0351769,-0.396356,-0,0.314384,0.00614963,0.00011273,0.00398659,12
18.6953,0.0336249,-0.38291,-0,0.316273,0.0430956,0.000295942,0.0039861,15
18.6993,0.0319991,-0.384591,0.00314159,0.303458,0.033975,0.000118832,0.00398331,14
18.7033,0.030595,-0.375067,0.00314159,0.297823,0.0384056,0.000113391,0.0039864,14
18.7073,0.0290431,-0.371706,0.00314159,0.300767,0.0525757,0.000555396,0.00398656,17
18.7113,0.0274912,-0.363863,0.00314159,0.293213,0.0465605,0.000114774,0.00398353,14
18.7153,0.0261609,-0.366664,0.00628319,0.277123,0.0253017,0.000126005,0.00398629,14
18.7193,0.0247568,-0.350417,0.00628319,0.275501,0.0591721,0.000115074,0.00398597,14
18.7233,0.0233527,-0.344255,0.00628319,0.269128,0.0527188,0.000456833,0.00398643,20
18.7273,0.0219486,-0.33249,0.00628319,0.250072,0.0223655,0.000118691,0.00398366,14
18.7313,0.0206923,-0.33081,0.00942478,0.219316,-0.0315144,0.00011284,0.00398642,14
18.7353,0.019436,-0.322967,0.00942478,0.19874,-0.0762356,0.000116096,0.00398659,14
18.7393,0.0181796,-0.312883,0.00942478,0.189608,-0.0806066,0.000373277,0.00398698,20
18.7433,0.0168494,-0.308401,0.00942478,0.172559,-0.123487,0.000125835,0.0039829,14
18.7473,0.015667,-0.30504,0.00942478,0.161125,-0.151963,0.000113171,0.00398664,14
18.7513,0.0144846,-0.301678,0.00942478,0.157828,-0.155848,0.000705897,0.00398681,17
18.7553,0.0130805,-0.301678,0.00942478,0.166174,-0.133689,0.000279692,0.00398387,13
18.7593,0.0120459,-0.293275,0.00942478,0.168905,-0.106054,0.000114304,0.00398387,14
18.7633,0.0109373,-0.293275,0.00942478,0.181514,-0.0703651,0.000113091,0.00398604,14
18.7673,0.00975493,-0.288793,0.00942478,0.186606,-0.046016,0.000584561,0.00398534,17
18.7713,0.00849861,-0.28039,0.00942478,0.17765,-0.0541801,0.000125715,0.00398227,14
18.7753,0.007464,-0.277029,0.00942478,0.168599,-0.075133,0.000115466,0.00398591,14
18.7793,0.00635548,-0.270866,0.00942478,0.161975,-0.0816989,0.000115976,0.00398644,14
18.7833,0.00532087,-0.267505,0.00942478,0.13912,-0.144366,0.000457023,0.00398708,20
18.7873,0.00413845,-0.264144,0.00942478,0.113706,-0.21509,0.000114664,0.00398372,14
18.7913,0.00317774,-0.256301,0.00942478,0.087834,-0.275173,0.000118471,0.00398496,14
18.7953,0.00221703,-0.25462,0.00942478,0.0640279,-0.344881,0.000112489,0.0039865,14
18.7993,0.00118242,-0.251259,0.00942478,0.0452313,-0.395283,0.000342349,0.00398688,20
18.8033,0.000147803,-0.251259,0.00942478,0.0348083,-0.429037,0.000114444,0.00398271,14
18.8073,-0.00081291,-0.249578,0.00942478,0.0148014,-0.487264,0.00013943,0.00398616,14
18.8113,-0.00177362,-0.247897,0.00628319,0.0114314,-0.532691,0.000705055,0.00398703,17
18.8153,-0.00295604,-0.242855,0.00628319,0.00730161,-0.534766,0.000272118,0.00398366,13
18.8193,-0.00376895,-0.340894,0.00628319,0.00689745,-0.790204,0.000114624,0.00398349,14
18.8233,-0.00472966,-0.241175,0.00628319,-0.00689743,-0.577214,0.000119263,0.00398501,14
18.8273,-0.00569037,-0.246217,0.00314159,-0.00730159,-0.63099,0.000596864,0.0039829,17
18.8313,-0.00679889,-0.244536,0.00314159,-0.0114314,-0.641559,0.000387113,0.00394583,14
18.8353,-0.0077596,-0.242855,0.00314159,-0.0148014,-0.64951,0.000403563,0.00394983,14
18.8393,-0.00872031,-0.247897,0.00314159,-0.0348083,-0.725047,0.000381452,0.00393387,14
18.8433,-0.00968103,-0.246217,0.00314159,-0.0572203,-0.790542,0.000729873,0.00395633,20
18.8473,-0.0107895,-0.247897,0.00314159,-0.0800751,-0.866353,0.000373387,0.00394807,14
18.8513,-0.0116764,-0.249578,0.00314159,-0.101691,-0.937935,0.00016615,0.00395169,14
18.8553,-0.0125632,-0.260782,0.00314159,-0.120665,-1.02606,0.00011251,0.00398662,14
18.8593,-0.0135978,-0.25462,0.00314159,-0.135877,-1.05842,0.000313685,0.00398663,20
18.8633,-0.0147063,-0.265824,0.00314159,-0.146486,-1.12174,0.000114283,0.00398286,14
18.8673,-0.0157409,-0.270866,0.00314159,-0.15193,-1.15343,0.000118882,0.00398504,14
18.8713,-0.0168494,-0.28039,0.00314159,-0.15193,-1.18037,0.000689236,0.00398611,17
18.8753,-0.0181057,-0.287113,0.00314159,-0.146486,-1.18397,0.000378336,0.00394717,13
18.8793,-0.0192143,-0.294956,0.00314159,-0.135877,-1.17452,0.000200104,0.00395524,14
18.8833,-0.0203228,-0.303359,0.00314159,-0.120665,-1.15261,0.000114534,0.00398586,14
18.8873,-0.0215052,-0.316244,0.00314159,-0.101691,-1.13102,0.000527796,0.00398721,17
18.8913,-0.0229093,-0.319605,0.00314159,-0.0800751,-1.07742,0.000121507,0.00398234,14
18.8953,-0.0240917,-0.328009,0.00314159,-0.0572203,-1.03257,0.000113351,0.00398613,14
18.8993,-0.025348,-0.33081,0.00314159,-0.0348083,-0.974792,0.000115636,0.00398664,14
18.9033,-0.0267521,-0.340894,0.00314159,-0.0148014,-0.943359,0.000387363,0.0039864,20
18.9073,-0.0282302,-0.347056,0.00314159,0.000557569,-0.916035,0.000123381,0.00398131,14
18.9113,-0.0294865,-0.347056,0.00628319,-0.00324342,-0.892784,0.000119613,0.0039852,14
18.9153,-0.0308906,-0.347056,0.00628319,-0.009088,-0.913507,0.00101305,0.00395659,17
18.9193,-0.0325903,-0.352098,0.00628319,-0,-0.902732,0.000274051,0.00398212,13
18.9233,-0.0337727,-0.355459,0.00942478,-0.00290099,-0.885255,0.000122539,0.00398321,14
18.9273,-0.035103,-0.360501,0.00942478,-0.000814766,-0.894833,0.000114323,0.00398669,14
18.9313,-0.036581,-0.360501,0.00942478,0.00163301,-0.890658,0.000659871,0.00397982,17
18.9353,-0.0382807,-0.375067,0.00942478,0.0216989,-0.871231,0.000183462,0.00398165,13
18.9393,-0.039537,-0.378428,0.0125664,0.0330219,-0.810931,0.000164798,0.00397634,14
18.9433,-0.0410889,-0.38179,0.0125664,0.0534194,-0.761329,0.00012309,0.00398366,14
18.9473,-0.042567,-0.380109,0.0125664,0.0793869,-0.681751,0.000537172,0.00398643,17
18.9513,-0.0442667,-0.387952,0.0125664,0.107841,-0.619665,0.00011774,0.00398293,14
18.9553,-0.0456708,-0.394675,0.0125664,0.136118,-0.554584,0.0001122,0.00398642,14
18.9593,-0.0472227,-0.391314,0.015708,0.149986,-0.469926,0.000121948,0.00398393,14
18.9633,-0.0488485,-0.391314,0.015708,0.167543,-0.420413,0.000437527,0.00398606,20
18.9673,-0.0504744,-0.391314,0.0188496,0.173717,-0.367825,0.000388665,0.00394579,14
18.9713,-0.0521002,-0.399717,0.0219912,0.173914,-0.354935,0.000383536,0.0039518,14
18.9753,-0.0536521,-0.394675,0.0219912,0.184411,-0.313615,0.000368147,0.00395492,14
18.9793,-0.055204,-0.392994,0.0251327,0.188592,-0.262559,0.000698463,0.00395879,20
18.9833,-0.0568298,-0.456299,0.0251327,0.202593,-0.3868,0.000118801,0.00398296,14
18.9873,-0.0580862,-0.38179,0.0251327,0.221788,-0.139675,0.000113211,0.0039863,14
18.9913,-0.0596381,-0.38291,0.0251327,0.242532,-0.0832547,0.000111338,0.00398719,14
18.9953,-0.0611161,-0.380109,0.0282743,0.250174,-0.0186942,0.000316842,0.00398688,20
18.9993,-0.062668,-0.375067,0.0282743,0.262951,0.0295168,0.000115385,0.00398359,14
19.0033,-0.0640721,-0.366664,0.0282743,0.27848,0.0950224,0.000135052,0.00398671,14
19.0073,-0.0655502,-0.364983,0.0314159,0.283511,0.148807,0.00069631,0.00398611,17
19.0113,-0.067176,-0.355459,0.0314159,0.297823,0.213036,0.000269152,0.00398376,13
19.0153,-0.0684323,-0.353779,0.0345575,0.308726,0.285051,0.00011814,0.00398293,14
19.0193,-0.0697625,-0.340894,0.0345575,0.314959,0.334167,0.000112119,0.00398635,14
19.0233,-0.0710927,-0.335852,0.0345575,0.326689,0.379697,0.000607193,0.00398603,17
19.0273,-0.0725707,-0.326328,0.0345575,0.343355,0.451362,0.000128359,0.00398334,13
19.0313,-0.0736793,-0.316244,0.0345575,0.343916,0.476605,0.00011217,0.00398654,14
19.0353,-0.0749356,-0.30672,0.0376991,0.328371,0.488891,0.000115105,0.00397789,14
19.0393,-0.076118,-0.287113,0.0376991,0.317763,0.504743,0.00052497,0.00398691,17
19.0433,-0.0773743,-0.272547,0.0376991,0.312651,0.524062,0.000127088,0.00398085,14
19.0473,-0.078335,-0.270866,0.0376991,0.293116,0.467261,0.000114865,0.00398597,14
19.0513,-0.0793696,-0.262463,0.0376991,0.272268,0.423642,0.000114905,0.00398649,14
19.0553,-0.0804043,-0.251259,0.0376991,0.25235,0.390046,0.00044467,0.00398678,20
19.0593,-0.0814389,-0.242855,0.0376991,0.236726,0.362214,0.000116568,0.00398332,14
19.0633,-0.0823257,-0.22997,0.0376991,0.229882,0.372775,0.000115015,0.00398597,14
19.0673,-0.0830647,-0.104481,0.0376991,0.215682,0.651381,0.000141013,0.00398587,14
19.0713,-0.0840254,-0.202519,0.0376991,0.210881,0.382335,0.000381733,0.0039855,20
19.0753,-0.0848383,-0.194116,0.0376991,0.199484,0.367761,0.000121177,0.00398244,14
19.0793,-0.0855034,-0.184592,0.0376991,0.176505,0.321391,0.000122128,0.00398494,14
19.0833,-0.0862424,-0.172828,0.0376991,0.157576,0.29287,0.00011245,0.00398679,14
19.0873,-0.0869075,-0.163304,0.0376991,0.125301,0.218409,0.000295732,0.00398695,20
19.0913,-0.0875727,-0.156581,0.0376991,0.0947518,0.141952,0.0001178,0.00398215,14
19.0953,-0.08809,-0.150419,0.0345575,0.0815629,0.0793588,0.000114163,0.00398602,14
19.0993,-0.0886812,-0.133612,0.0345575,0.0700194,0.0864621,0.000691751,0.00398663,17
19.1033,-0.0892724,-0.130811,0.0345575,0.0448272,0.016256,0.000269933,0.00398392,13
19.1073,-0.0897158,-0.120727,0.0345575,0.022881,-0.0250655,0.000114473,0.00398401,14
19.1113,-0.0901592,-0.114565,0.0314159,0.0213564,-0.0522483,0.000113382,0.00398641,14
19.1153,-0.0906026,-0.114565,0.0314159,0.0040582,-0.10549,0.000613996,0.00398649,17
19.1193,-0.0911199,-0.104481,0.0282743,0.000430927,-0.12909,0.000144741,0.00398335,13
19.1233,-0.0914894,-0.106162,0.0282743,-0.0257203,-0.213251,0.000113862,0.00398541,14
19.1273,-0.0918589,-0.0932766,0.0282743,-0.0572203,-0.27607,0.000111919,0.00398691,14
19.1313,-0.0922284,-0.0977584,0.0251327,-0.0771741,-0.386192,0.000563772,0.00398717,17
19.1353,-0.0926718,-0.0899153,0.0251327,-0.100876,-0.438589,0.000115416,0.00398355,14
19.1393,-0.0929674,-0.0882346,0.0251327,-0.122298,-0.499643,0.000137176,0.00397907,14
19.1433,-0.0933369,-0.0899153,0.0251327,-0.157576,-0.611385,0.000115145,0.00398593,14
19.1473,-0.0937064,-0.0966379,0.0219912,-0.179507,-0.733254,0.000459568,0.00398571,20
19.1513,-0.0941498,-0.0966379,0.0219912,-0.205349,-0.812314,0.000116347,0.00398331,14
19.1553,-0.0945193,-0.0949573,0.0219912,-0.231317,-0.887265,0.000113743,0.00398628,14
19.1593,-0.0948889,-0.106162,0.0219912,-0.254326,-0.986455,0.00011256,0.00398705,14
19.1633,-0.0953322,-0.107842,0.0188496,-0.260006,-1.04639,0.00037553,0.00398656,20
19.1673,-0.0957757,-0.114565,0.015708,-0.254604,-1.08582,0.000115525,0.00398276,14
19.1713,-0.0962191,-0.114565,0.015708,-0.255377,-1.08912,0.000112199,0.0039863,14
19.1753,-0.0967364,-0.12745,0.015708,-0.258822,-1.13384,0.000725764,0.00398218,17
19.1793,-0.0973276,-0.130811,0.015708,-0.262414,-1.15464,0.000265926,0.00398367,13
19.1833,-0.0978449,-0.135293,0.015708,-0.264612,-1.17395,0.000116808,0.0039827,14
19.1873,-0.0983622,-0.147058,0.0125664,-0.252867,-1.20735,0.000115626,0.00398633,14
19.1913,-0.0989534,-0.15322,0.0125664,-0.247518,-1.20834,0.000606191,0.00398691,17
19.1953,-0.0996924,-0.163304,0.0125664,-0.248286,-1.23824,0.000116718,0.00398349,14
19.1993,-0.100284,-0.168346,0.0125664,-0.256011,-1.27586,0.000138689,0.00398632,14
19.2033,-0.100949,-0.181231,0.0125664,-0.250913,-1.29508,0.000120966,0.00398485,14
19.2073,-0.101688,-0.189074,0.0125664,-0.246104,-1.30235,0.000487219,0.00398611,17
19.2113,-0.102575,-0.195797,0.0125664,-0.243685,-1.31429,0.000118,0.00398168,14
19.2153,-0.103314,-0.212043,0.0125664,-0.246741,-1.36697,0.000127608,0.00398626,14
19.2193,-0.104126,-0.213724,0.0125664,-0.237594,-1.34543,0.000121607,0.00398636,14
19.2233,-0.105013,-0.233332,0.0125664,-0.231317,-1.37888,0.000365502,0.00397354,20
19.2273,-0.106048,-0.238374,0.0125664,-0.210093,-1.32998,0.00012846,0.00398301,14
19.2313,-0.106935,-0.249578,0.0125664,-0.188714,-1.29616,0.000116397,0.00397674,14
19.2353,-0.107969,-0.257421,0.015708,-0.182674,-1.26288,0.000765318,0.00398637,14
19.2393,-0.109226,-0.265824,0.015708,-0.154516,-1.20216,0.000268491,0.0039834,13
19.2433,-0.110186,-0.270866,0.015708,-0.120855,-1.11552,0.000114654,0.00398378,14
19.2473,-0.111221,-0.278709,0.0188496,-0.0987247,-1.03362,0.000114213,0.00398623,14
19.2513,-0.112329,-0.287113,0.0188496,-0.0736735,-0.981967,0.000630176,0.00398655,17
19.2553,-0.11366,-0.293275,0.0219912,-0.0435171,-0.872126,0.000123281,0.00398382,13
19.2593,-0.114694,-0.296636,0.0219912,-0.00621197,-0.770302,0.000113612,0.00398606,14
19.2633,-0.115877,-0.30504,0.0219912,0.0305324,-0.683478,0.000146984,0.00398681,14
19.2673,-0.117133,-0.311202,0.0251327,0.0470177,-0.61479,0.000561708,0.00398635,17
19.2713,-0.118463,-0.310082,0.0251327,0.0771963,-0.523606,0.000116317,0.00398342,14
19.2753,-0.119572,-0.312883,0.0251327,0.123392,-0.393633,0.000125154,0.00398638,14
19.2793,-0.120828,-0.312883,0.0282743,0.156441,-0.259024,0.000113091,0.00398619,14
19.2833,-0.122084,-0.312883,0.0282743,0.191496,-0.155826,0.000495334,0.00398696,17
19.2873,-0.123415,-0.30672,0.0314159,0.210543,-0.0478247,0.000116017,0.00398281,14
19.2913,-0.124523,-0.301678,0.0345575,0.216043,0.0168411,0.000120876,0.00398453,14
19.2953,-0.125706,-0.298317,0.0345575,0.243072,0.104599,0.000123911,0.00398588,14
19.2993,-0.126888,-0.294956,0.0345575,0.274034,0.204242,0.000425034,0.00398671,20
19.3033,-0.128144,-0.283751,0.0376991,0.292313,0.32307,0.000124713,0.00398326,14
19.3073,-0.129179,-0.274228,0.0376991,0.314186,0.411436,0.000118371,0.00398506,14
19.3113,-0.130213,-0.270866,0.0376991,0.335306,0.481661,0.000111337,0.00398709,14
19.3153,-0.131322,-0.260782,0.0376991,0.352451,0.55702,0.000354973,0.00398694,20
19.3193,-0.132357,-0.249578,0.0376991,0.363517,0.617056,0.000114975,0.00398376,14
19.3233,-0.133243,-0.233332,0.0408407,0.355534,0.670309,0.000113171,0.0039863,14
19.3273,-0.13413,-0.223248,0.0408407,0.348562,0.673273,0.000135733,0.0039862,14
19.3313,-0.135017,-0.207001,0.0408407,0.342181,0.693889,0.000303556,0.00398713,20
19.3353,-0.13583,-0.192435,0.0408407,0.337231,0.714666,0.000116237,0.0039833,14
19.3393,-0.136495,-0.247897,0.0439823,0.323827,0.567373,0.000112741,0.00398634,14
19.3433,-0.13716,-0.161623,0.0439823,0.30351,0.726676,0.000697341,0.0039869,17
19.3473,-0.137825,-0.147058,0.0439823,0.28925,0.71964,0.000263381,0.00398334,13
19.3513,-0.138343,-0.132492,0.0439823,0.28329,0.738008,0.000116097,0.00398385,14
19.3553,-0.138786,-0.119047,0.0439823,0.267393,0.72362,0.000115265,0.00398582,14
19.3593,-0.139229,-0.1028,0.0439823,0.25635,0.731116,0.000611371,0.00398674,17
19.3633,-0.139673,-0.0932766,0.0439823,0.232345,0.68213,0.000125694,0.00398387,13
19.3673,-0.139968,-0.0798313,0.0439823,0.21045,0.649942,0.000114664,0.00398577,14
19.3713,-0.140264,-0.0686269,0.0408407,0.206719,0.629398,0.000115896,0.00398623,14
19.3753,-0.14056,-0.0574225,0.0408407,0.184537,0.590571,0.000543204,0.00398678,17
19.3793,-0.140707,-0.0411762,0.0408407,0.16164,0.562887,0.000133379,0.0039824,14
19.3833,-0.140855,-0.0344535,0.0408407,0.144475,0.528003,0.000116408,0.00398607,14
19.3873,-0.141003,-0.0249298,0.0376991,0.130438,0.47231,0.000113673,0.00398679,14
19.3913,-0.141077,-0.0114845,0.0376991,0.117486,0.467629,0.000501626,0.00398469,17
19.3953,-0.141077,-0.00196077,0.0376991,0.0920069,0.415154,0.000151893,0.00398328,14
19.3993,-0.141077,0.00644253,0.0376991,0.050835,0.312372,0.00011252,0.0039864,14
19.4033,-0.141003,0.00644253,0.0345575,0.0228547,0.190501,0.000122899,0.00398489,14
19.4073,-0.141003,0.00812319,0.0345575,-0.00680751,0.105191,0.000426496,0.00398655,20
19.4113,-0.140929,0.00812319,0.0345575,-0.0530256,-0.0343176,0.000115455,0.0039838,14
19.4153,-0.140929,-0.00028011,0.0314159,-0.0869153,-0.195846,0.000115325,0.00398649,14
19.4193,-0.140929,-0.00532209,0.0314159,-0.123631,-0.319781,0.000127197,0.00398562,14
19.4233,-0.140929,-0.00532209,0.0282743,-0.144875,-0.421458,0.000337921,0.00398638,20
19.4273,-0.140929,-0.00868341,0.0282743,-0.164541,-0.489542,0.000116638,0.00397491,14
19.4313,-0.141003,-0.00700275,0.0282743,-0.196941,-0.583288,0.000113411,0.00398643,14
19.4353,-0.141003,-0.00196077,0.0251327,-0.213051,-0.656466,0.000743287,0.00398698,14
19.4393,-0.141003,-0.00196077,0.0251327,-0.228306,-0.702565,0.000282377,0.00398105,13
19.4433,-0.141003,-0.00700275,0.0251327,-0.237098,-0.742117,0.000114484,0.00398401,14
19.4473,-0.141077,-0.00532209,0.0251327,-0.256264,-0.79587,0.000119794,0.00398461,14
19.4513,-0.141077,-0.0114845,0.0251327,-0.271572,-0.857997,0.000638652,0.00398378,17
19.4553,-0.141151,-0.0165265,0.0219912,-0.26963,-0.902751,0.000474616,0.00394729,13
19.4593,-0.141225,-0.0215685,0.0219912,-0.2698,-0.916407,0.000143438,0.00398525,14
19.4633,-0.141299,-0.0294115,0.0219912,-0.270677,-0.939416,0.000112841,0.0039867,14
19.4673,-0.141446,-0.0327729,0.0219912,-0.271843,-0.951916,0.000555697,0.00398644,17
19.4713,-0.141594,-0.0445375,0.0219912,-0.273858,-0.98862,0.000114684,0.00398367,14
19.4753,-0.141742,-0.0428568,0.0188496,-0.266274,-0.999174,0.000114834,0.00398552,14
19.4793,-0.141964,-0.0473386,0.0188496,-0.249793,-0.961391,0.000120255,0.00398477,14
19.4833,-0.142185,-0.0557419,0.0188496,-0.236263,-0.942626,0.000440593,0.00398681,20
19.4873,-0.142407,-0.0624645,0.0188496,-0.226525,-0.930992,0.000117469,0.00398226,14
19.4913,-0.142629,-0.0669463,0.0188496,-0.222402,-0.930556,0.000120215,0.00398506,14
19.4953,-0.142924,-0.0686269,0.015708,-0.192966,-0.88405,0.000115015,0.00398654,14
19.4993,-0.14322,-0.0798313,0.015708,-0.171948,-0.85003,0.000540068,0.00395717,20
19.5033,-0.14359,-0.0787109,0.015708,-0.160329,-0.812839,0.000114384,0.00398612,14
19.5073,-0.143885,-0.0848733,0.015708,-0.160072,-0.828574,0.000111719,0.00398687,14
19.5113,-0.144181,-0.0915959,0.015708,-0.152378,-0.823278,0.000648871,0.00398693,17
19.5153,-0.144624,-0.0977584,0.015708,-0.151199,-0.836548,0.000150721,0.00398289,13
19.5193,-0.144994,-0.0949573,0.0188496,-0.171326,-0.85349,0.00011267,0.00398595,14
19.5233,-0.145363,-0.106162,0.0188496,-0.174744,-0.893472,0.000113101,0.00398634,14
19.5273,-0.145807,-0.109523,0.0188496,-0.177645,-0.911861,0.000520612,0.00398708,17
19.5313,-0.14625,-0.114565,0.0188496,-0.163053,-0.881716,0.000116016,0.00398357,14
19.5353,-0.146693,-0.122408,0.0188496,-0.146322,-0.852318,0.000113632,0.00398573,14
19.5393,-0.147211,-0.125769,0.0188496,-0.131237,-0.816513,0.000111719,0.00398706,14
19.5433,-0.147654,-0.12745,0.0219912,-0.112249,-0.72695,0.000391421,0.00398687,20
19.5473,-0.148245,-0.12745,0.0219912,-0.0840907,-0.643146,0.000115626,0.00398376,14
19.5513,-0.148763,-0.136974,0.0219912,-0.0513881,-0.569971,0.000114624,0.0039862,14
19.5553,-0.14928,-0.140335,0.0219912,-0.0189068,-0.481597,0.000125805,0.00398484,14
19.5593,-0.149797,-0.135293,0.0219912,0.00844704,-0.387079,0.000306582,0.00398687,20
19.5633,-0.150388,-0.130811,0.0219912,0.0473693,-0.259206,0.000126907,0.00398342,14
19.5673,-0.150906,-0.130811,0.0251327,0.0706583,-0.152479,0.00013379,0.00398467,14
19.5713,-0.151423,-0.129131,0.0251327,0.0950095,-0.0756902,0.000695057,0.00398464,17
19.5753,-0.152014,-0.124089,0.0251327,0.115517,-0.00202269,0.000469887,0.00394632,13
19.5793,-0.152458,-0.117366,0.0251327,0.127415,0.0502772,0.000384417,0.00395158,14
19.5833,-0.152901,-0.112884,0.0251327,0.147821,0.122515,0.000378908,0.00395713,14
19.5873,-0.153344,-0.107842,0.0251327,0.162221,0.178047,0.000858632,0.00395718,17
19.5913,-0.153788,-0.099439,0.0282743,0.156384,0.218556,0.000152305,0.00398382,14
19.5953,-0.154084,-0.0977584,0.0282743,0.148267,0.197712,0.000114884,0.00398635,14
19.5993,-0.154453,-0.0899153,0.0282743,0.134507,0.17552,0.000114854,0.00398659,14
19.6033,-0.154823,-0.0770302,0.0282743,0.133902,0.206064,0.000512286,0.0039869,17
19.6073,-0.155192,-0.0719882,0.0282743,0.133902,0.218241,0.000117238,0.00398359,14
19.6113,-0.155414,-0.0669463,0.0282743,0.134507,0.232569,0.000123971,0.00398655,14
19.6153,-0.155709,-0.0635849,0.0282743,0.136278,0.245932,0.0001124,0.00398708,14
19.6193,-0.155931,-0.0523805,0.0282743,0.140337,0.286563,0.000437707,0.00398689,20
19.6233,-0.156079,-0.0428568,0.0282743,0.148364,0.335023,0.00012897,0.00397529,14
19.6273,-0.156227,-0.0327729,0.0282743,0.140861,0.337994,0.00011745,0.00398496,14
19.6313,-0.156374,-0.0249298,0.0282743,0.130659,0.327035,0.000121036,0.00398692,14
19.6353,-0.156448,-0.0182071,0.0282743,0.119018,0.309006,0.000357447,0.00398708,20
19.6393,-0.156448,-0.00196077,0.0282743,0.10762,0.316397,0.000134931,0.00398104,14
19.6433,-0.156448,0.00476187,0.0282743,0.0985691,0.306355,0.000114684,0.00398644,14
19.6473,-0.156448,0.00644253,0.0282743,0.0943871,0.298044,0.000746073,0.0039857,14
19.6513,-0.156448,0.00476187,0.0282743,0.0762759,0.238985,0.000265255,0.00398372,13
19.6553,-0.156374,0.00140055,0.0282743,0.0576263,0.174133,0.000157574,0.00398233,14
19.6593,-0.156374,0.00308121,0.0251327,0.0521093,0.124311,0.000125494,0.00398636,14
19.6633,-0.156374,0.00476187,0.0251327,0.0417674,0.0973865,0.00066946,0.00398703,17
19.6673,-0.156374,0.00308121,0.0251327,0.0305257,0.0590866,0.000260846,0.00398347,13
19.6713,-0.156374,-0.00364143,0.0251327,0.0224488,0.0173681,0.00012851,0.00398385,14
19.6753,-0.156374,0.00308121,0.0251327,-0,-0.0331608,0.000135422,0.00398542,14
19.6793,-0.156374,0.00308121,0.0251327,-0.0224488,-0.101,0.000572989,0.00398657,17
19.6833,-0.156374,-0.00196077,0.0251327,-0.0425146,-0.174621,0.000116277,0.00398336,14
19.6873,-0.156374,0.00476187,0.0251327,-0.0578147,-0.203547,0.000115836,0.00398635,14
19.6913,-0.156374,0.00140055,0.0251327,-0.0659658,-0.236835,0.000113091,0.00398685,14
19.6953,-0.156374,-0.00364143,0.0251327,-0.0645854,-0.245646,0.000495374,0.00398603,17
19.6993,-0.156374,-0.00028011,0.0251327,-0.0730325,-0.262518,0.00011786,0.00398399,14
19.7033,-0.156374,0.00644253,0.0251327,-0.0788974,-0.262931,0.00011796,0.00398572,14
19.7073,-0.156374,-0.00196077,0.0251327,-0.0819,-0.293643,0.000135864,0.00398661,14
19.7113,-0.156374,-0.00364143,0.0251327,-0.0819,-0.29797,0.000374018,0.00398653,20
19.7153,-0.156374,-0.00196077,0.0251327,-0.0788974,-0.284569,0.000117149,0.00398366,14
19.7193,-0.156374,0.00140055,0.0251327,-0.0730325,-0.25819,0.000112169,0.00398579,14
19.7233,-0.156374,-0.00028011,0.0251327,-0.0645854,-0.236991,0.000116828,0.00398658,14
19.7273,-0.156374,-0.00364143,0.0251327,-0.0539768,-0.213587,0.000288479,0.00398709,20
19.7313,-0.156374,0.00476187,0.0251327,-0.0417674,-0.155053,0.000117329,0.00398364,14
19.7353,-0.156374,0.00308121,0.0251327,-0.028658,-0.119764,0.000122068,0.0039845,14
19.7393,-0.156374,-0.00028011,0.0251327,-0.0154896,-0.0886251,0.000657016,0.00398664,17
19.7433,-0.156374,-0.00196077,0.0251327,-0.00324341,-0.0559451,0.000261939,0.00398339,13
19.7473,-0.156374,0.00308121,0.0251327,0.00695918,-0.0121304,0.000126035,0.00398376,14
19.7513,-0.156374,-0.00532209,0.0251327,0.0138566,-0.0129247,0.000113061,0.00398665,14
19.7553,-0.156374,-0.00196077,0.0219912,0.0280361,0.00110395,0.000569463,0.00398711,17
19.7593,-0.156374,-0.00028011,0.0219912,0.0280362,0.00543172,0.000115004,0.00398328,14
19.7633,-0.156374,-0.00028011,0.0219912,0.0138566,-0.0374185,0.000129712,0.00398591,14
19.7673,-0.156374,0.00140055,0.0219912,0.00695921,-0.0539346,0.000115405,0.00398607,14
19.7713,-0.156374,-0.00196077,0.0219912,-0.00324338,-0.0934217,0.00048199,0.00398659,17
19.7753,-0.156374,0.00308121,0.0219912,-0.0154896,-0.117446,0.000115025,0.00398342,14
19.7793,-0.156374,-0.00196077,0.0219912,-0.028658,-0.170224,0.000113522,0.00398606,14
19.7833,-0.156374,0.00140055,0.0219912,-0.0417674,-0.201185,0.0001122,0.00398691,14
19.7873,-0.156374,0.00140055,0.0219912,-0.0539769,-0.238081,0.000394607,0.00398454,20
19.7913,-0.156374,0.00476187,0.0219912,-0.0645855,-0.261485,0.000113592,0.00398374,14
19.7953,-0.156374,-0.00028011,0.0219912,-0.0730325,-0.299994,0.000115125,0.00398626,14
19.7993,-0.156374,0.00140055,0.0219912,-0.0788974,-0.31339,0.000733059,0.00398691,14
19.8033,-0.156374,-0.00028011,0.0219912,-0.0819,-0.326792,0.000280744,0.00398366,13
19.8073,-0.156374,0.00140055,0.0219912,-0.0819,-0.322464,0.000116448,0.00398301,14
19.8113,-0.156374,-0.00028011,0.0219912,-0.0788974,-0.317718,0.000113191,0.00398603,14
19.8153,-0.156374,0.00140055,0.0219912,-0.0730325,-0.295667,0.000650885,0.00397828,17
19.8193,-0.156374,-0.00196077,0.0251327,-0.0765745,-0.277549,0.000238435,0.00397005,13
19.8233,-0.156374,-0.00196077,0.0251327,-0.0700241,-0.257754,0.000113552,0.00398404,14
19.8273,-0.156374,-0.00028011,0.0251327,-0.0556241,-0.20991,0.000113301,0.00398622,14
19.8313,-0.156374,-0.00028011,0.0251327,-0.0356172,-0.14945,0.000565867,0.00398681,17
19.8353,-0.156374,0.00140055,0.0251327,-0.0122462,-0.074496,0.000117018,0.00398306,14
19.8393,-0.156374,-0.00532209,0.0251327,0.0122462,-0.0177913,0.000115145,0.00398628,14
19.8433,-0.156374,-0.00028011,0.0251327,0.0356172,0.0658179,0.000111759,0.00398697,14
19.8473,-0.156374,-0.00196077,0.0251327,0.055624,0.12195,0.000454117,0.00397345,20
19.8513,-0.156374,0.00140055,0.0251327,0.0700241,0.174122,0.000135663,0.00398389,14
19.8553,-0.156374,-0.00028011,0.0251327,0.0765745,0.189589,0.000115015,0.00398603,14
19.8593,-0.156374,0.00644253,0.0251327,0.0730325,0.196196,0.000112319,0.00398699,14
19.8633,-0.156374,0.00140055,0.0251327,0.0788975,0.200937,0.000364921,0.00398706,20
19.8673,-0.156374,0.00308121,0.0251327,0.0819001,0.214338,0.000114063,0.00398372,14
19.8713,-0.156374,0.00308121,0.0251327,0.0819001,0.214338,0.000113251,0.00398643,14
19.8753,-0.156374,-0.00028011,0.0251327,0.0788975,0.196609,0.000741955,0.00398629,14
19.8793,-0.156374,-0.00196077,0.0251327,0.0730325,0.174558,0.000275454,0.0039837,13
19.8833,-0.156374,-0.00028011,0.0251327,0.0645855,0.153359,0.000117078,0.00398372,14
19.8873,-0.156374,0.00140055,0.0251327,0.0539769,0.125628,0.000113291,0.00398667,14
19.8913,-0.156374,0.00140055,0.0251327,0.0417675,0.0887315,0.000665051,0.00398336,17
19.8953,-0.156374,-0.00028011,0.0282743,0.0166691,0.0460339,0.000238665,0.00398385,13
19.8993,-0.156374,-0.00196077,0.0282743,-0.000557542,-0.0103519,0.00011786,0.0039835,14
19.9033,-0.156374,0.00140055,0.0282743,-0.0106132,-0.0320844,0.00012835,0.00398616,14
19.9073,-0.156374,0.00476187,0.0282743,-0.0139183,-0.0334172,0.000578079,0.00398697,17
19.9114,-0.156374,-0.00196077,0.0282743,-0.0106132,-0.0407397,0.000116337,0.00398344,14
19.9153,-0.156374,0.00140055,0.0282743,-0.000557527,-0.00169667,0.000111929,0.00398661,14
19.9193,-0.156374,0.00476187,0.0282743,0.016669,0.0590167,0.000116598,0.00398611,14
19.9233,-0.156374,-0.00028011,0.0314159,0.0297785,0.123127,0.000512316,0.00398686,17
19.9273,-0.156374,0.00140055,0.0314159,0.0379297,0.152087,0.000118541,0.00398194,14
19.9313,-0.156374,-0.00028011,0.0314159,0.0507289,0.186438,0.000123831,0.00398334,14
19.9354,-0.156374,-0.00028011,0.0314159,0.0660734,0.232808,0.000117279,0.00398553,14
19.9394,-0.156374,0.00308121,0.0345575,0.0701519,0.291266,0.000427257,0.00398104,20
19.9433,-0.156374,0.00140055,0.0345575,0.0813425,0.320756,0.000116668,0.00398243,14
19.9473,-0.156374,0.00308121,0.0345575,0.0967014,0.371497,0.000115806,0.00398561,14
19.9513,-0.156374,-0.00028011,0.0345575,0.113706,0.414229,0.000116768,0.00398658,14
19.9554,-0.156374,0.00308121,0.0345575,0.130253,0.472888,0.000312613,0.00398617,20
19.9594,-0.156374,0.00308121,0.0345575,0.144661,0.516428,0.000119413,0.00398341,14
19.9634,-0.156374,-0.00028011,0.0376991,0.143678,0.542282,0.000115456,0.0039862,14
19.9674,-0.156301,0.00644253,0.0376991,0.146385,0.567933,0.000693785,0.00398659,17
19.9713,-0.156301,-0.00028011,0.0376991,0.150678,0.563596,0.000254424,0.00398363,13
19.9754,-0.156301,0.00140055,0.0376991,0.155016,0.581032,0.000119112,0.00398207,14
19.9794,-0.156301,0.00644253,0.0376991,0.158417,0.604292,0.000115295,0.00398585,14
19.9834,-0.156227,0.00812319,0.0376991,0.160461,0.614957,0.000644022,0.00398698,17
19.9874,-0.156153,0.0142856,0.0376991,0.161287,0.633483,0.000145913,0.00398334,13
19.9914,-0.156153,0.0176469,0.0376991,0.161597,0.643076,0.00011283,0.00398614,14
19.9954,-0.156079,0.0193276,0.0408407,0.150664,0.652001,0.00013931,0.00398577,14
19.9994,-0.155931,0.0210082,0.0408407,0.150229,0.655337,0.000550888,0.00398667,17
20.0034,-0.155783,0.0288513,0.0408407,0.139251,0.64268,0.000113833,0.00398387,14
20.0074,-0.155709,0.0406159,0.0408407,0.129159,0.642635,0.000118952,0.00398569,14
20.0114,-0.155562,0.0422966,0.0408407,0.119952,0.619462,0.000113732,0.00397826,14
20.0154,-0.155414,0.0389353,0.0439823,0.100202,0.588923,0.000492168,0.00398605,17
20.0194,-0.155192,0.0422966,0.0439823,0.0909508,0.570104,0.000125955,0.00398308,14
20.0234,-0.155044,0.0467784,0.0439823,0.0921977,0.585735,0.000114133,0.0039864,14
20.0274,-0.154823,0.0467784,0.0439823,0.104644,0.623831,0.000123741,0.00398685,14
20.0314,-0.154601,0.053501,0.0471239,0.0959602,0.652859,0.000430844,0.00398669,20
20.0354,-0.154379,0.0602236,0.0471239,0.0981952,0.677407,0.000114804,0.00398353,14
20.0394,-0.154157,0.0602236,0.0471239,0.110368,0.714676,0.000119032,0.00398639,14
20.0434,-0.153936,0.058543,0.0471239,0.132198,0.776801,0.00011253,0.00398601,14
20.0474,-0.15364,0.0680667,0.0471239,0.142364,0.832689,0.000372916,0.00398711,20
20.0514,-0.153344,0.0680667,0.0471239,0.152013,0.862495,0.000116628,0.00398364,14
20.0554,-0.153049,0.0798313,0.0471239,0.160867,0.920186,0.000113241,0.00398629,14
20.0594,-0.152753,0.0859937,0.0471239,0.169203,0.961892,0.000693885,0.0039863,17
20.0634,-0.152384,0.0910357,0.0471239,0.177865,1.00186,0.000255016,0.00398389,13
20.0674,-0.152014,0.0960777,0.0471239,0.188253,1.04704,0.000131124,0.00398308,14
20.0714,-0.151645,0.10224,0.0502655,0.168599,1.04179,0.000114704,0.00398599,14
20.0754,-0.151201,0.110643,0.0502655,0.151373,1.01234,0.000613865,0.00398688,17
20.0794,-0.150684,0.123528,0.0502655,0.135872,0.999805,0.000126105,0.00398382,14
20.0834,-0.150241,0.123528,0.0502655,0.121959,0.958725,0.000116067,0.00398653,14
20.0874,-0.149723,0.130251,0.0502655,0.110052,0.941181,0.000121967,0.00398635,14
20.0914,-0.149206,0.139775,0.0502655,0.101133,0.93988,0.000500985,0.00398501,17
20.0954,-0.148615,0.143136,0.0502655,0.0967442,0.936561,0.000125975,0.00398389,14
20.0994,-0.148024,0.144817,0.0502655,0.0989879,0.948958,0.000126847,0.00398544,14
20.1034,-0.147432,0.154341,0.0502655,0.0887852,0.943938,0.000113182,0.00398704,14
20.1074,-0.146841,0.166105,0.0502655,0.0793869,0.947118,0.000367055,0.00398685,20
20.1114,-0.146102,0.168906,0.0471239,0.0844639,0.933808,0.000145141,0.00397841,14
20.1154,-0.145511,0.167786,0.0471239,0.086199,0.937455,0.000141564,0.00398633,14
20.1194,-0.144772,0.175629,0.0471239,0.0887975,0.967114,0.000112861,0.00398659,14
20.1234,-0.144033,0.190195,0.0471239,0.0750027,0.964544,0.000295211,0.00398685,20
20.1274,-0.14322,0.188514,0.0471239,0.0596069,0.915463,0.000114974,0.00398387,14
20.1314,-0.142481,0.198598,0.0471239,0.045554,0.900573,0.000125134,0.0039866,14
20.1354,-0.141668,0.206441,0.0471239,0.0359275,0.893449,0.000656285,0.00398627,17
20.1394,-0.140707,0.209802,0.0471239,0.0122095,0.832524,0.000262459,0.00398044,13
20.1434,-0.139968,0.216525,0.0471239,-0.0122093,0.777653,0.000124813,0.00398158,14
20.1474,-0.139156,0.213164,0.0439823,-0.0239384,0.697848,0.00011784,0.00398512,14
20.1514,-0.138269,0.219886,0.0439823,-0.0414956,0.664035,0.000567779,0.003987,17
20.1554,-0.137234,0.227729,0.0439823,-0.0617974,0.625135,0.000116367,0.00398358,14
20.1594,-0.136495,0.227729,0.0408407,-0.0699111,0.56475,0.000124974,0.00398661,14
20.1634,-0.135534,0.221567,0.0408407,-0.082953,0.511564,0.000113673,0.00398674,14
20.1674,-0.134648,0.226049,0.0408407,-0.0965777,0.483864,0.000524429,0.0039864,17
20.1714,-0.133687,0.222687,0.0408407,-0.10672,0.446653,0.000120966,0.00398378,14
20.1754,-0.132874,0.227729,0.0408407,-0.109596,0.452717,0.000114093,0.00398587,14
20.1794,-0.131987,0.222687,0.0376991,-0.111454,0.398576,0.00013929,0.00398698,14
20.1834,-0.1311,0.221567,0.0376991,-0.118964,0.374931,0.000481348,0.00398598,20
20.1874,-0.13014,0.221567,0.0376991,-0.129601,0.344879,0.000128209,0.0039838,14
20.1914,-0.129327,0.222687,0.0376991,-0.141405,0.313866,0.000118751,0.00398637,14
20.1954,-0.12844,0.214844,0.0376991,-0.152973,0.260647,0.000113261,0.00398656,14
20.1994,-0.127553,0.218206,0.0376991,-0.163463,0.239534,0.000394477,0.00398631,20
20.2034,-0.126666,0.222687,0.0376991,-0.172596,0.225406,0.000117619,0.00398326,14
20.2074,-0.125853,0.213164,0.0376991,-0.180653,0.178309,0.000120896,0.00398643,14
20.2114,-0.124967,0.211483,0.0376991,-0.188474,0.152281,0.000121407,0.00397697,14
20.2154,-0.124154,0.213164,0.0376991,-0.19746,0.131224,0.000337921,0.00398675,20
20.2194,-0.123267,0.20476,0.0376991,-0.187833,0.140614,0.000126446,0.00398357,14
20.2234,-0.122528,0.200279,0.0376991,-0.172141,0.178103,0.000113802,0.00398619,14
20.2274,-0.121715,0.200279,0.0376991,-0.151367,0.242655,0.000727958,0.00398697,17
20.2314,-0.120828,0.191875,0.0376991,-0.126911,0.296855,0.000272539,0.00398319,13
20.2354,-0.120163,0.184032,0.0376991,-0.100596,0.357631,0.000127829,0.00398283,14
20.2394,-0.119424,0.186833,0.0376991,-0.0746655,0.444817,0.000119422,0.00398575,14
20.2434,-0.118611,0.193556,0.0376991,-0.0517817,0.533053,0.000652367,0.00398676,17
20.2474,-0.117798,0.195237,0.0376991,-0.0350287,0.58978,0.000243264,0.00398368,13
20.2514,-0.117133,0.190195,0.0376991,-0.0279109,0.599757,0.000116017,0.00398281,14
20.2554,-0.116394,0.191875,0.0376991,-0.0126108,0.651932,0.00011247,0.0039866,14
20.2594,-0.115581,0.195237,0.0376991,-0.00350061,0.68989,0.000584891,0.0039863,17
20.2634,-0.114694,0.198598,0.0376991,-0.00324336,0.701256,0.000120615,0.0039838,14
20.2674,-0.113955,0.20364,0.0376991,0.00695911,0.746682,0.000122379,0.00398582,14
20.2714,-0.113216,0.201959,0.0376991,0.0138566,0.764809,0.000113231,0.00398596,14
20.2754,-0.112403,0.20476,0.0376991,0.0160471,0.780414,0.000508339,0.00398667,17
20.2794,-0.111443,0.208122,0.0376991,0.0119889,0.778899,0.000115134,0.00398332,14
20.2834,-0.110704,0.214844,0.0376991,-0,0.761591,0.000124733,0.00398628,14
20.2874,-0.109817,0.260222,0.0376991,-0,0.88037,0.00011799,0.00398597,14
20.2914,-0.109004,0.218206,0.0376991,-0,0.773952,0.000435272,0.00398674,20
20.2954,-0.108043,0.216525,0.0376991,-0,0.771719,0.000125464,0.00398317,14
20.2994,-0.10723,0.218206,0.0376991,-0,0.777818,0.000115977,0.00398582,14
20.3034,-0.106343,0.226049,0.0376991,-0,0.799947,0.00012343,0.00398651,14
20.3074,-0.105457,0.227729,0.0376991,-0,0.806208,0.000355443,0.00398601,20
20.3114,-0.104496,0.231091,0.0376991,-0,0.816958,0.000157905,0.00398335,14
20.3154,-0.103609,0.237813,0.0376991,-0,0.836202,0.00012349,0.00398609,14
20.3194,-0.102648,0.242295,0.0376991,-0,0.849836,0.000749138,0.0039867,14
20.3234,-0.10154,0.249018,0.0376991,-0,0.869563,0.000281005,0.00398313,13
20.3274,-0.100653,0.25406,0.0376991,-0,0.88448,0.00011793,0.00398329,14
20.3314,-0.0996185,0.25574,0.0376991,-0,0.891063,0.000116768,0.00398615,14
20.3354,-0.0985839,0.261903,0.0376991,-0,0.909186,0.00067517,0.00398617,17
20.3394,-0.0974015,0.276468,0.0376991,-0,0.94927,0.000233687,0.00398349,13
20.3434,-0.0964408,0.273667,0.0376991,-0,0.944152,0.000116057,0.0039837,14
20.3474,-0.0953322,0.276468,0.0376991,-0,0.953781,0.000114854,0.00398629,14
20.3514,-0.0942237,0.291594,0.0376991,-0,0.995146,0.000590722,0.00398642,17
20.3554,-0.0928935,0.288233,0.0376991,-0,0.989391,0.000117549,0.00398333,14
20.3594,-0.0918589,0.296076,0.0376991,-0,1.01184,0.000114704,0.00398632,14
20.3634,-0.0906765,0.302799,0.0376991,-0,1.03173,0.000116368,0.00398657,14
20.3674,-0.0894941,0.309521,0.0345575,0.0119891,1.05037,0.000529478,0.0039868,17
20.3714,-0.08809,0.314003,0.0345575,0.0160473,1.07724,0.000116558,0.00398308,14
20.3754,-0.0869814,0.319045,0.0345575,0.0138567,1.08602,0.000141294,0.00398631,14
20.3794,-0.0856512,0.328569,0.0345575,0.00695927,1.0926,0.00011259,0.00398665,14
20.3834,-0.084321,0.342014,0.0345575,-0.00324331,1.09929,0.000421286,0.0039867,20
20.3874,-0.082843,0.219886,0.0314159,-0.0035005,0.74978,0.000114583,0.0039838,14
20.3914,-0.0815867,0.358261,0.0314159,-0.0126107,1.0813,0.000122378,0.0039838,14
20.3954,-0.0801087,0.354899,0.0282743,-0.0159218,1.02838,0.000112139,0.00398634,14
20.3994,-0.0787045,0.366104,0.0282743,-0.0309705,1.01482,0.000362827,0.00398709,20
20.4034,-0.0771526,0.366104,0.0282743,-0.0539722,0.948688,0.000115215,0.00398353,14
20.4074,-0.0757485,0.38123,0.0282743,-0.0815629,0.90732,0.00011253,0.00398654,14
20.4114,-0.0742705,0.376188,0.0251327,-0.0988099,0.807962,0.000760699,0.00398585,14
20.4154,-0.072423,0.389073,0.0251327,-0.12311,0.771735,0.000282067,0.00398327,13
20.4194,-0.0710927,0.395795,0.0251327,-0.150678,0.708634,0.000116638,0.00397201,14
20.4234,-0.0695408,0.399157,0.0251327,-0.178291,0.637228,0.000114423,0.00398637,14
20.4274,-0.067915,0.40868,0.0219912,-0.191296,0.588518,0.000683596,0.00398714,17
20.4314,-0.0660675,0.40868,0.0219912,-0.207511,0.543546,0.000227986,0.00398366,13
20.4354,-0.0646634,0.413722,0.0188496,-0.211722,0.509388,0.000113973,0.00398374,14
20.4394,-0.0630375,0.413722,0.0188496,-0.221326,0.483908,0.0001395,0.00398531,14
20.4434,-0.0614117,0.419885,0.015708,-0.22083,0.467342,0.000586334,0.00398635,17
20.4474,-0.0595642,0.415403,0.015708,-0.227491,0.439702,0.000115846,0.0039838,14
20.4514,-0.0580862,0.418204,0.0125664,-0.225815,0.417725,0.000113041,0.00398608,14
20.4554,-0.0563864,0.457419,0.0125664,-0.233198,0.500095,0.000112089,0.00398677,14
20.4594,-0.0547606,0.423246,0.0125664,-0.246418,0.375695,0.00049255,0.00398664,17
20.4634,-0.0529131,0.421565,0.00942478,-0.251382,0.322917,0.000114363,0.00398372,14
20.4674,-0.0514351,0.419885,0.00942478,-0.267029,0.274528,0.000117029,0.00398587,14
20.4714,-0.0497354,0.416523,0.00942478,-0.291817,0.194669,0.000111468,0.00398715,14
20.4754,-0.0481095,0.415403,0.00628319,-0.291735,0.1581,0.000408031,0.00398618,20
20.4794,-0.046262,0.419885,0.00628319,-0.29771,0.155611,0.000115476,0.00398349,14
20.4834,-0.044784,0.412042,0.00314159,-0.296212,0.105689,0.000116017,0.00398625,14
20.4874,-0.0431582,0.405319,0.00314159,-0.30688,0.0596857,0.00011273,0.00398678,14
20.4914,-0.0415323,0.407,-0,-0.317023,-0.000572724,0.000264704,0.00398676,17
20.4954,-0.0398326,0.405319,-0,-0.325522,-0.0268762,0.000112921,0.00398275,12
20.4994,-0.0382807,0.398596,-0,-0.342822,-0.0930837,0.000115796,0.00398595,12
20.5034,-0.0367288,0.392434,-0,-0.347041,-0.11832,0.000232645,0.00398643,15
20.5074,-0.035103,0.389073,-0,-0.349469,-0.130766,0.000116728,0.00398249,12
20.5114,-0.0336249,0.38123,-0.00314159,-0.338676,-0.152599,0.000111608,0.00398641,12
20.5154,-0.032073,0.372826,-0.00314159,-0.336404,-0.163989,0.000339633,0.00398497,15
20.5194,-0.0305211,0.371146,-0.00314159,-0.322313,-0.122352,0.00011816,0.00398241,12
20.5234,-0.0291909,0.361622,-0.00314159,-0.309234,-0.104449,0.000119694,0.00398478,12
20.5274,-0.0277868,0.349857,-0.00628319,-0.287279,-0.102811,0.000605751,0.00398661,15
20.5314,-0.0262348,0.343695,-0.00628319,-0.279733,-0.092492,0.000114243,0.00398262,12
20.5354,-0.0250524,0.335292,-0.00628319,-0.267797,-0.0754826,0.000113973,0.00398601,12
20.5394,-0.0237222,0.327448,-0.00628319,-0.265843,-0.086874,0.000110376,0.00398675,12
20.5434,-0.022392,0.319045,-0.00942478,-0.243785,-0.0764296,0.000372735,0.00398672,15
20.5474,-0.0210618,0.319045,-0.00942478,-0.236475,-0.0514383,0.00011206,0.00398392,12
20.5514,-0.0198794,0.307841,-0.00942478,-0.224553,-0.0416853,0.000111398,0.00398661,12
20.5554,-0.0186969,0.30616,-0.00942478,-0.221692,-0.0347879,0.000619807,0.00398638,15
20.5594,-0.0172928,0.301118,-0.00942478,-0.208952,-0.00620924,0.000111549,0.00398372,12
20.5634,-0.0162582,0.291594,-0.00942478,-0.200284,-0.00228404,0.00011251,0.00398632,12
20.5674,-0.0151497,0.289914,-0.00942478,-0.198633,0.000794958,0.000110837,0.00398668,12
20.5714,-0.0140412,0.28151,-0.00942478,-0.186181,0.0192033,0.000405036,0.00398546,15
20.5754,-0.0128588,0.273667,-0.00942478,-0.17786,0.0267297,0.00011241,0.00398316,12
20.5794,-0.0118242,0.271987,-0.00942478,-0.177456,0.025879,0.000113542,0.00398608,12
20.5834,-0.0107895,0.260222,-0.00942478,-0.167852,0.0268649,0.00061626,0.00398427,15
20.5874,-0.00960713,0.25574,-0.00942478,-0.164541,0.0279081,0.000115575,0.00398378,12
20.5914,-0.00872031,0.25406,-0.00942478,-0.149986,0.0694976,0.000111889,0.00398665,12
20.5954,-0.0076857,0.247337,-0.00942478,-0.13912,0.0872787,0.000111258,0.00398651,12
20.5994,-0.00672499,0.243976,-0.00628319,-0.125695,0.158766,0.000373337,0.00398669,15
20.6034,-0.00569037,0.239494,-0.00628319,-0.103881,0.215402,0.000113492,0.00398389,12
20.6074,-0.00480356,0.236133,-0.00628319,-0.0778845,0.287241,0.000110466,0.00398654,12
20.6114,-0.00384285,0.232771,-0.00628319,-0.0521905,0.358326,0.000636438,0.00398637,15
20.6154,-0.00280824,0.231091,-0.00628319,-0.0315649,0.418584,0.00011279,0.00397454,12
20.6194,-0.00199533,0.22941,-0.00314159,-0.0113008,0.514742,0.000114013,0.00398473,12
20.6234,-0.00110851,0.222687,-0.00314159,0.0131684,0.57331,0.000111438,0.00398659,12
20.6274,-0.000221703,0.226049,-0.00314159,0.0366564,0.654879,0.000392923,0.00398696,15
20.6314,0.000739011,0.226049,-0.00314159,0.0539769,0.709315,0.000113242,0.00398338,12
20.6354,0.00162582,0.231091,-0.00314159,0.0816855,0.807966,0.000134731,0.00398629,12
20.6394,0.00251263,0.232771,-0,0.0925803,0.884627,0.000525571,0.00398681,15
20.6434,0.00354725,0.234452,-0,0.103497,0.924201,0.000116338,0.00398244,12
20.6474,0.00443406,0.239494,-0,0.109811,0.958197,0.0001287,0.00397939,12
20.6514,0.00539477,0.247337,-0,0.128918,1.03823,0.000461582,0.0039864,15
20.6554,0.00650328,0.25574,-0,0.146726,1.1161,0.000113612,0.00398161,12
20.6594,0.0073901,0.263583,-0,0.161555,1.18304,0.000110246,0.00398641,12
20.6634,0.00849861,0.266945,-0,0.172141,1.2261,0.000393395,0.0039865,15
20.6674,0.00960713,0.274788,-0,0.177644,1.26534,0.000114523,0.00398254,12
20.6714,0.0106417,0.27983,-0,0.177644,1.28058,0.000113282,0.00398612,12
20.6754,0.0118242,0.289914,-0,0.172141,1.2925,0.000324937,0.00398576,15
20.6794,0.0130805,0.304479,-0,0.161555,1.30075,0.000118061,0.00398225,12
20.6834,0.0142629,0.317364,-0,0.146726,1.29169,0.000113021,0.00398614,12
20.6874,0.0155192,0.320726,-0,0.128918,1.24927,0.000241962,0.00398701,15
20.6914,0.0169233,0.33193,-0,0.109811,1.22344,0.000114093,0.00398318,12
20.6954,0.0182535,0.345376,-0,0.0915084,1.20565,0.00011277,0.00398568,12
20.6994,0.0195838,0.351538,-0,0.0765331,1.17917,0.000253232,0.00398678,15
20.7034,0.0211357,0.364423,-0,0.0678289,1.18943,0.000114063,0.00398341,12
20.7074,0.0225398,0.377868,-0,0.0470177,1.16422,0.000111859,0.00398644,12
20.7114,0.0240178,0.377868,-0.00314159,0.0398999,1.10845,0.000229559,0.00398613,15
20.7154,0.0256436,0.384031,-0.00314159,0.028658,1.09389,0.000113442,0.0039838,12
20.7194,0.0271217,0.390753,-0.00314159,0.0173572,1.08027,0.000111798,0.0039862,12
20.7234,0.0287475,0.405319,-0.00314159,0.0102026,1.0997,0.000406218,0.00398527,15
20.7274,0.0304472,0.410361,-0.00628319,0.00178641,1.05348,0.000113853,0.00398339,12
20.7314,0.0319991,0.418204,-0.00628319,-0.013299,1.03147,0.000111638,0.00398638,12
20.7354,0.0336988,0.428288,-0.00942478,-0.0188596,1.00686,0.000110807,0.00398667,12
20.7394,0.0353986,0.43445,-0.00942478,-0.0307501,0.990505,0.000228787,0.0039863,15
20.7434,0.0372461,0.441173,-0.0125664,-0.0313747,0.972478,0.000113341,0.00398374,12
20.7474,0.0389458,0.454058,-0.0125664,-0.0570688,0.931716,0.000111969,0.00398661,12
20.7514,0.0407933,0.464142,-0.0125664,-0.0910774,0.858937,0.000467703,0.00398693,15
20.7554,0.0427887,0.460781,-0.015708,-0.117206,0.738194,0.000113892,0.00398374,12
20.7594,0.0444884,0.469184,-0.015708,-0.151731,0.659204,0.000111247,0.00398638,12
20.7634,0.0463359,0.471985,-0.0188496,-0.177897,0.553896,0.000111027,0.00398688,12
20.7674,0.0482573,0.473666,-0.0219912,-0.19957,0.459442,0.000290833,0.00398501,15
20.7714,0.0502527,0.423246,-0.0251327,-0.219634,0.235854,0.000114594,0.0039834,12
20.7754,0.0521002,0.48375,-0.0251327,-0.252122,0.297499,0.000111187,0.0039863,12
20.7794,0.0540216,0.477027,-0.0251327,-0.290446,0.168563,0.000558282,0.00398643,15
20.7834,0.0560908,0.475346,-0.0282743,-0.31715,0.0505708,0.000112269,0.00398384,12
20.7874,0.0577906,0.465823,-0.0282743,-0.347809,-0.0628973,0.000119844,0.00398399,12
20.7914,0.0596381,0.469184,-0.0314159,-0.365528,-0.141236,0.000110907,0.00398622,12
20.7954,0.0615595,0.465823,-0.0345575,-0.374593,-0.210573,0.000400066,0.00398697,15
20.7994,0.0634809,0.462461,-0.0345575,-0.390858,-0.264194,0.000114083,0.00398393,12
20.8034,0.0651807,0.454058,-0.0376991,-0.397991,-0.341157,0.000110075,0.00398632,12
20.8074,0.0670282,0.449576,-0.0376991,-0.413106,-0.394348,0.000110325,0.00398687,12
20.8114,0.0687279,0.436131,-0.0408407,-0.421272,-0.487416,0.000228096,0.00398649,15
20.8154,0.0705754,0.43445,-0.0408407,-0.441146,-0.547776,0.000112159,0.00398278,12
20.8194,0.0722012,0.418204,-0.0408407,-0.449726,-0.611992,0.000112119,0.00397772,12
20.8234,0.0738271,0.405319,-0.0439823,-0.445609,-0.666661,0.000528817,0.00398424,15
20.8274,0.0756007,0.392434,-0.0439823,-0.448995,-0.706206,0.000119833,0.00398212,12
20.8314,0.0769309,0.369465,-0.0471239,-0.448176,-0.797453,0.000140221,0.00398603,12
20.8354,0.0784089,0.35658,-0.0471239,-0.443433,-0.813074,0.000113001,0.00398633,12
20.8394,0.0797391,0.336972,-0.0502655,-0.435044,-0.87279,0.000343471,0.00398691,15
20.8434,0.0811433,0.319045,-0.0502655,-0.423292,-0.880376,0.000120304,0.0039835,12
20.8474,0.0823257,0.301118,-0.0502655,-0.420445,-0.915356,0.000111569,0.00398652,12
20.8514,0.0834342,0.28151,-0.0502655,-0.406864,-0.922387,0.000613255,0.00398479,15
20.8554,0.0846905,0.265264,-0.0502655,-0.3965,-0.930162,0.000115616,0.00398325,12
20.8594,0.0855773,0.252379,-0.0502655,-0.392998,-0.950822,0.000110797,0.00398642,12
20.8634,0.086538,0.232771,-0.0502655,-0.379941,-0.959761,0.000113983,0.00398663,12
20.8674,0.0874248,0.216525,-0.0502655,-0.374366,-0.982813,0.000389788,0.00398677,15
20.8714,0.0883117,0.193556,-0.0502655,-0.361119,-0.999991,0.000114514,0.00398351,12
20.8754,0.0889768,0.173948,-0.0502655,-0.336613,-0.974973,0.000112611,0.00398516,12
20.8794,0.0896419,0.162744,-0.0502655,-0.296702,-0.881766,0.00011274,0.00398669,12
20.8834,0.0902331,0.141455,-0.0471239,-0.270271,-0.817944,0.000227294,0.00398716,15
20.8874,0.0907504,0.123528,-0.0471239,-0.243428,-0.781858,0.000124282,0.00398372,12
20.8914,0.0911938,0.110643,-0.0439823,-0.21525,-0.691439,0.000113813,0.00398619,12
20.8954,0.0916372,0.0893551,-0.0408407,-0.197644,-0.654608,0.000507768,0.00398636,15
20.8994,0.0919328,0.0781507,-0.0408407,-0.159322,-0.567006,0.000112951,0.00398336,12
20.9034,0.0922284,0.058543,-0.0376991,-0.113312,-0.440335,0.000118071,0.00398404,12
20.9074,0.0924501,0.048459,-0.0376991,-0.0609361,-0.307538,0.000115015,0.0039864,12
20.9114,0.0925979,0.0372546,-0.0376991,0.00833501,-0.126732,0.000297385,0.00398652,15
20.9154,0.0927457,0.0271707,-0.0345575,0.0611315,0.0446501,0.000115746,0.00398321,12
20.9194,0.0928196,0.0176469,-0.0314159,0.117735,0.228818,0.000112359,0.00398591,12
20.9234,0.0928196,0.0109243,-0.0282743,0.164976,0.391745,0.000622772,0.00398684,15
20.9274,0.0928935,0.00476187,-0.0282743,0.212261,0.518933,0.000113582,0.00398309,12
20.9314,0.0928935,0.00644253,-0.0251327,0.25757,0.697658,0.00011769,0.00398461,12
20.9354,0.0929674,0.00644253,-0.0251327,0.299581,0.824775,0.000136595,0.00398365,12
20.9394,0.0929674,0.0126049,-0.0219912,0.337815,0.993661,0.000468695,0.00398135,15
20.9434,0.0930413,0.00924363,-0.0188496,0.360785,1.09206,0.00013411,0.00398289,12
20.9474,0.0931152,0.0226889,-0.015708,0.390034,1.25271,0.000120976,0.00398397,12
20.9514,0.0931891,0.0260502,-0.015708,0.426763,1.37252,0.000111548,0.00398657,12
20.9554,0.0933369,0.0439773,-0.0125664,0.451977,1.53267,0.000255497,0.00398663,15
20.9594,0.0935586,0.0501397,-0.0125664,0.480128,1.63409,0.000114364,0.00398319,12
20.9634,0.0937803,0.0619043,-0.00942478,0.493619,1.74312,0.000119092,0.00398633,12
20.9674,0.0940759,0.071428,-0.00942478,0.508446,1.81309,0.000518769,0.00398588,15
20.9714,0.0944454,0.0927164,-0.00628319,0.508696,1.90695,0.000114654,0.00398374,12
20.9754,0.0948149,0.103921,-0.00628319,0.512185,1.94714,0.000113673,0.00398564,12
20.9794,0.0952583,0.12689,-0.00314159,0.504961,2.0229,0.000111308,0.00398662,12
20.9834,0.0957757,0.138094,-0.00314159,0.506946,2.05888,0.000299729,0.00398673,15
20.9874,0.0963669,0.156021,-0.00314159,0.518419,2.141,0.000113532,0.00398366,12
20.9914,0.097032,0.170587,-0.00314159,0.520021,2.1848,0.000113471,0.00398614,12
20.9954,0.097771,0.193556,-0.00314159,0.526264,2.26442,0.000544807,0.00398564,15
20.9994,0.0986578,0.211483,-0.00314159,0.519891,2.29325,0.000126466,0.00398347,12
21.0034,0.0994707,0.227729,-0.00314159,0.495635,2.26356,0.000110446,0.00398605,12
21.0074,0.100431,0.245656,-0.00314159,0.469831,2.23384,0.000111288,0.00397573,12
21.0114,0.101466,0.271987,-0.00314159,0.426764,2.17374,0.000268571,0.00398673,15
21.0154,0.102796,0.400277,-0.00314159,0.384169,2.37826,0.000116578,0.00397292,12
21.0194,0.103831,0.304479,-0.00314159,0.349335,2.02858,0.000116137,0.00398643,12
21.0234,0.105087,0.328569,-0.00314159,0.309352,1.97252,0.000511254,0.00398656,15
21.0274,0.106565,0.348177,-0.00628319,0.274866,1.88454,0.000145211,0.00398361,12
21.0314,0.107895,0.367784,-0.00628319,0.224053,1.78437,0.000111729,0.00398638,12
21.0354,0.109373,0.379549,-0.00942478,0.189723,1.67667,0.000113742,0.00398606,12
21.0394,0.110925,0.400277,-0.0125664,0.152013,1.58199,0.000312193,0.00398697,15
21.0434,0.112699,0.415403,-0.0125664,0.113508,1.50844,0.000123381,0.00397902,12
21.0474,0.114325,0.426607,-0.0125664,0.0653589,1.39534,0.000111749,0.0039863,12
21.0514,0.116098,0.447896,-0.015708,0.0212974,1.28339,0.000587667,0.0039872,15
21.0554,0.118094,0.460781,-0.0188496,-0.0264085,1.13928,0.000118381,0.0039837,12
21.0594,0.11972,0.470305,-0.0219912,-0.0637485,1.01703,0.000110086,0.00398654,12
21.0634,0.121641,0.48543,-0.0251327,-0.108761,0.886661,0.000114905,0.00398146,12
21.0674,0.123636,0.488232,-0.0251327,-0.158164,0.748931,0.000402963,0.00398682,15
21.0714,0.125706,0.493274,-0.0282743,-0.209234,0.574616,0.000117198,0.00398166,12
21.0754,0.127553,0.499996,-0.0314159,-0.247961,0.441445,0.000119764,0.0039867,12
21.0794,0.129548,0.503357,-0.0345575,-0.293085,0.280611,0.000116106,0.00398654,12
21.0834,0.131544,0.506159,-0.0376991,-0.330735,0.140919,0.000263662,0.00398722,15
21.0874,0.133613,0.499996,-0.0408407,-0.380212,-0.0574319,0.000117229,0.00398353,12
21.0914,0.135534,0.496635,-0.0408407,-0.440616,-0.244435,0.000152574,0.00398635,12
21.0954,0.13753,0.489912,-0.0471239,-0.478997,-0.448335,0.000600621,0.00398621,15
21.0994,0.139673,0.488232,-0.0502655,-0.515917,-0.59704,0.000112841,0.00398368,12
21.1034,0.141373,0.480388,-0.0502655,-0.562326,-0.753775,0.00011798,0.00398667,12
21.1074,0.143294,0.470305,-0.0534071,-0.597543,-0.919453,0.000114033,0.00398651,12
21.1114,0.145142,0.460781,-0.0565487,-0.622911,-1.05409,0.00041237,0.00398657,15
21.1154,0.147063,0.451257,-0.0596903,-0.640194,-1.16413,0.000123621,0.00398364,12
21.1194,0.148689,0.431649,-0.0628318,-0.651715,-1.28336,0.000110988,0.00398642,12
21.1234,0.150315,0.40868,-0.0628318,-0.672489,-1.40174,0.000109795,0.003987,12
21.1274,0.151866,0.38123,-0.0659734,-0.68646,-1.54874,0.000259445,0.0039865,15
21.1314,0.153418,0.35658,-0.0659734,-0.712148,-1.68646,0.000125544,0.0039838,12
21.1354,0.154749,0.333611,-0.069115,-0.715401,-1.79001,0.000114163,0.00398515,12
21.1394,0.156079,0.252379,-0.0722566,-0.71656,-2.03725,0.000553563,0.00398615,15
21.1434,0.157261,0.268625,-0.0722566,-0.715202,-1.98874,0.000130093,0.00398301,12
21.1474,0.158148,0.237813,-0.0722566,-0.702137,-2.02666,0.000119583,0.00398221,12
21.1514,0.159035,0.211483,-0.0722566,-0.690755,-2.05813,0.000110787,0.00398704,12
21.1554,0.159774,0.173948,-0.0722566,-0.685121,-2.13615,0.000356195,0.00398653,15
21.1594,0.160439,0.138094,-0.0722566,-0.670221,-2.18199,0.000115696,0.00398313,12
21.1634,0.160882,0.103921,-0.0722566,-0.643732,-2.18897,0.000113862,0.00398579,12
21.1674,0.161178,0.0647054,-0.0722566,-0.603889,-2.1689,0.000114524,0.00398542,12
21.1714,0.1614,0.0288513,-0.0722566,-0.549351,-2.09593,0.000228687,0.00398706,15
21.1754,0.1614,-0.00028011,-0.069115,-0.512785,-2.02296,0.000115736,0.00398261,12
21.1794,0.161326,-0.0310922,-0.0659734,-0.475312,-1.95174,0.000117329,0.00398633,12
21.1834,0.161178,-0.0540612,-0.0659734,-0.419876,-1.84368,0.0004717,0.00398575,15
21.1874,0.160882,-0.0787109,-0.0628318,-0.362868,-1.69805,0.00011273,0.00398389,12
21.1914,0.160587,-0.0966379,-0.0628318,-0.288354,-1.51967,0.00011222,0.00398633,12
21.1954,0.160143,-0.114565,-0.0596903,-0.213426,-1.3029,0.0001129,0.00398649,12
21.1994,0.159626,-0.132492,-0.0534071,-0.16815,-1.13841,0.000315769,0.00398689,15
21.2034,0.159035,-0.151539,-0.0534071,-0.085883,-0.940137,0.000114234,0.00398288,12
21.2074,0.158444,-0.156581,-0.0502655,0.00219068,-0.650777,0.00011259,0.00398623,12
21.2114,0.157852,-0.158262,-0.0471239,0.0767331,-0.393652,0.000611171,0.00398579,15
21.2154,0.157113,-0.159943,-0.0439823,0.150317,-0.139746,0.000210703,0.00397436,9
21.2194,0.156522,-0.154901,-0.0408407,0.223805,0.131503,0.000113863,0.00398405,12
21.2234,0.156005,-0.0669463,-0.0376991,0.298621,0.620421,0.000136625,0.00398635,12
21.2274,0.15534,-0.143696,-0.0376991,0.389019,0.694525,0.000473063,0.00398676,15
21.2314,0.154749,-0.136974,-0.0345575,0.456724,0.952624,0.000115495,0.00398357,12
21.2354,0.154305,-0.122408,-0.0314159,0.518233,1.21252,0.00012312,0.003986,12
21.2394,0.153862,-0.106162,-0.0282743,0.557712,1.41017,0.000114424,0.0039865,12
21.2434,0.153418,-0.0915959,-0.0251327,0.592781,1.59016,0.000337831,0.00398678,15
21.2474,0.153123,-0.0686269,-0.0251327,0.642878,1.80005,0.000114603,0.00398338,12
21.2514,0.152901,-0.0523805,-0.0219912,0.675897,1.97866,0.000120876,0.00398122,12
21.2554,0.152753,-0.0294115,-0.0219912,0.705729,2.12763,0.00061106,0.00398636,15
21.2594,0.152679,-0.00364143,-0.0188496,0.71478,2.25865,0.000208129,0.00398318,9
21.2634,0.152753,0.0193276,-0.015708,0.707614,2.33378,0.000112841,0.00398186,12
21.2674,0.152827,0.035574,-0.015708,0.70135,2.35685,0.000113191,0.00398596,12
21.2714,0.152975,0.0518203,-0.015708,0.693884,2.37644,0.000398815,0.00398653,15
21.2754,0.153271,0.0697474,-0.015708,0.685637,2.39833,0.00011789,0.00398203,12
21.2794,0.153566,0.0876744,-0.015708,0.679553,2.42674,0.000114383,0.00398546,12
21.2834,0.153936,0.107282,-0.015708,0.659356,2.417,0.000621741,0.00398686,15
21.2874,0.154527,0.12857,-0.015708,0.62132,2.35817,0.000141624,0.00398296,12
21.2914,0.15497,0.144817,-0.015708,0.583882,2.28783,0.00011257,0.00398657,12
21.2954,0.155635,0.172268,-0.015708,0.533992,2.2092,0.000110085,0.003986,12
21.2994,0.156374,0.196917,-0.015708,0.492608,2.14922,0.000352077,0.0039828,15
21.3034,0.157261,0.211483,-0.015708,0.449063,2.05707,0.00011241,0.0039832,12
21.3074,0.158074,0.237813,-0.015708,0.383074,1.92723,0.000114775,0.00398631,12
21.3114,0.159035,0.25406,-0.0188496,0.339862,1.80309,0.000602885,0.00398676,15
21.3154,0.160217,0.270306,-0.0219912,0.300685,1.69163,0.000115575,0.0039837,12
21.3194,0.161178,0.283191,-0.0219912,0.248207,1.56832,0.000111498,0.00398617,12
21.3234,0.16236,0.299437,-0.0251327,0.198119,1.42389,0.000112309,0.00398672,12
21.3274,0.163617,0.307841,-0.0251327,0.133364,1.25258,0.000415896,0.00398716,15
21.3314,0.165021,0.33025,-0.0282743,0.0694947,1.08285,0.000113441,0.00398364,12
21.3354,0.166203,0.335292,-0.0282743,0.0106349,0.920543,0.000111598,0.0039858,12
21.3394,0.167534,0.345376,-0.0314159,-0.038671,0.762932,0.000109925,0.00398682,12
21.3434,0.168938,0.353219,-0.0345575,-0.0833513,0.61369,0.000264354,0.00398615,15
21.3474,0.170416,0.358261,-0.0376991,-0.128334,0.456482,0.00011293,0.00398368,12
21.3514,0.17182,0.359941,-0.0376991,-0.190817,0.275049,0.000111619,0.00398642,12
21.3554,0.173224,0.359941,-0.0408407,-0.234907,0.107394,0.000586234,0.00398486,15
21.3594,0.17485,0.361622,-0.0471239,-0.266935,-0.0564749,0.000119593,0.0039838,12
21.3634,0.176106,0.354899,-0.0471239,-0.304239,-0.183776,0.000111508,0.00398628,12
21.3674,0.17751,0.353219,-0.0502655,-0.343534,-0.341269,0.000124222,0.00398455,12
21.3714,0.178914,0.348177,-0.0534071,-0.392554,-0.536803,0.000435643,0.00398662,15
21.3754,0.180392,0.342014,-0.0534071,-0.450818,-0.725521,0.000127698,0.00398328,12
21.3794,0.181649,0.333611,-0.0565487,-0.497787,-0.923836,0.000110045,0.00398653,12
21.3834,0.182979,0.320726,-0.0596903,-0.534524,-1.10261,0.00011288,0.00398666,12
21.3874,0.184161,0.302799,-0.0628318,-0.562091,-1.26697,0.00026227,0.00397665,15
21.3914,0.185418,0.28151,-0.0628318,-0.593679,-1.41451,0.000117479,0.0039824,12
21.3954,0.186378,0.261903,-0.0628318,-0.62284,-1.55103,0.000114784,0.00398535,12
21.3994,0.187339,0.232771,-0.0659734,-0.633241,-1.69285,0.00054631,0.00398647,15
21.4034,0.1883,0.20364,-0.0659734,-0.642558,-1.79393,0.0001126,0.00398299,12
21.4074,0.188965,0.172268,-0.0659734,-0.648969,-1.89263,0.000110907,0.00398629,12
21.4114,0.189556,0.144817,-0.069115,-0.640906,-1.97514,0.0001125,0.00398648,12
21.4154,0.190073,0.112324,-0.0722566,-0.628962,-2.05906,0.000361104,0.00398679,15
21.4194,0.190443,0.0798313,-0.0722566,-0.61454,-2.09834,0.000141524,0.00397427,12
21.4234,0.190665,0.048459,-0.0722566,-0.589849,-2.10402,0.00011219,0.00398608,12
21.4274,0.190812,0.0159663,-0.0722566,-0.56926,-2.12515,0.000116317,0.00398701,12
21.4314,0.190812,-0.0182071,-0.0722566,-0.535657,-2.1116,0.000213469,0.00398609,15
21.4354,0.190665,-0.0411762,-0.069115,-0.517925,-2.08,0.000127327,0.00398385,12
21.4394,0.190443,-0.0624645,-0.069115,-0.481409,-2.02495,0.000111368,0.00398628,12
21.4434,0.190147,-0.0848733,-0.0659734,-0.45892,-1.97786,0.000448527,0.0039865,15
21.4474,0.189704,-0.114565,-0.0659734,-0.419448,-1.936,0.000112701,0.00398391,12
21.4514,0.18926,-0.12745,-0.0628318,-0.377423,-1.80567,0.000111147,0.00398662,12
21.4554,0.188669,-0.158262,-0.0628318,-0.314948,-1.6975,0.000120976,0.00398638,12
21.4594,0.188078,-0.169466,-0.0628318,-0.256907,-1.55224,0.000293698,0.00398623,15
21.4634,0.187265,-0.187394,-0.0596903,-0.207564,-1.41358,0.000114794,0.00398374,12
21.4674,0.186526,-0.197477,-0.0565487,-0.14067,-1.20153,0.000112259,0.00398632,12
21.4714,0.185713,-0.210363,-0.0534071,-0.0841863,-1.02832,0.000580363,0.00398695,15
21.4754,0.184679,-0.224928,-0.0502655,-0.0225977,-0.844482,0.000114323,0.00398236,12
21.4794,0.183866,-0.22997,-0.0502655,0.0594717,-0.611226,0.000110646,0.00398659,12
21.4834,0.182979,-0.22997,-0.0471239,0.123886,-0.381024,0.000145552,0.0039862,12
21.4874,0.182092,-0.311202,-0.0439823,0.186302,-0.366032,0.00040701,0.00398664,15
21.4914,0.181131,-0.224928,-0.0408407,0.250805,0.0864277,0.000116628,0.00398364,12
21.4954,0.180244,-0.222127,-0.0376991,0.322184,0.344889,0.000115636,0.00398574,12
21.4994,0.179358,-0.218766,-0.0376991,0.396456,0.576059,0.000118371,0.00398691,12
21.5034,0.178545,-0.205321,-0.0345575,0.449016,0.805218,0.000266327,0.00398685,15
21.5074,0.177732,-0.202519,-0.0314159,0.498042,0.996291,0.00011806,0.00398193,12
21.5114,0.176993,-0.189074,-0.0282743,0.529385,1.16149,0.00011237,0.00398664,12
21.5154,0.176254,-0.174508,-0.0251327,0.540602,1.26876,0.000593358,0.00398179,15
21.5194,0.175515,-0.154901,-0.0251327,0.562842,1.38485,0.000127488,0.00398348,12
21.5234,0.175071,-0.136974,-0.0251327,0.597308,1.5342,0.000111939,0.00398633,12
21.5274,0.174554,-0.117366,-0.0251327,0.627385,1.67445,0.000113332,0.00398615,12
21.5314,0.174111,-0.104481,-0.0219912,0.638561,1.77791,0.000390819,0.00398593,15
21.5354,0.173741,-0.0770302,-0.0219912,0.650335,1.88337,0.000114153,0.00398343,12
21.5394,0.173519,-0.0557419,-0.0219912,0.662708,1.9751,0.000112701,0.0039866,12
21.5434,0.173372,-0.0327729,-0.0188496,0.644191,2.01544,0.000114403,0.0039862,12
21.5474,0.173224,-0.0114845,-0.0188496,0.629216,2.02468,0.000222816,0.00398704,15
21.5514,0.173224,0.0109243,-0.0188496,0.598984,1.99102,0.000151943,0.00398222,12
21.5554,0.173298,0.0226889,-0.0188496,0.568709,1.92998,0.000111629,0.00397905,12
21.5594,0.173446,0.0422966,-0.0188496,0.521975,1.83956,0.00039613,0.00398693,15
21.5634,0.173667,0.0568623,-0.0219912,0.488226,1.73809,0.000117589,0.00397934,12
21.5674,0.173963,0.0747893,-0.0219912,0.454972,1.6844,0.000114093,0.00398605,12
21.5714,0.174258,0.094397,-0.0219912,0.411545,1.6043,0.00011783,0.00398475,12
21.5754,0.174702,0.10224,-0.0219912,0.359124,1.46705,0.000221233,0.00398632,15
21.5794,0.175145,0.123528,-0.0251327,0.310599,1.33872,0.000115225,0.00398237,12
21.5834,0.175663,0.130251,-0.0251327,0.24653,1.16354,0.000111448,0.00398651,12
21.5874,0.17618,0.141455,-0.0251327,0.190259,1.02347,0.000490194,0.00398705,15
21.5914,0.176845,0.150979,-0.0251327,0.13252,0.874957,0.000115986,0.00398355,12
21.5954,0.177362,0.156021,-0.0282743,0.0871826,0.714583,0.000111298,0.00398652,12
21.5994,0.178027,0.164425,-0.0282743,0.0352269,0.580663,0.000115847,0.00398535,12
21.6034,0.178693,0.162744,-0.0314159,-0.00989688,0.403946,0.000298767,0.0039869,15
21.6074,0.179358,0.162744,-0.0314159,-0.0463079,0.295363,0.000114614,0.00398329,12
21.6114,0.179949,0.164425,-0.0345575,-0.0718444,0.186333,0.00011275,0.00398656,12
21.6154,0.180614,0.159383,-0.0376991,-0.093958,0.0704968,0.000629475,0.003987,15
21.6194,0.181353,0.161063,-0.0376991,-0.132229,-0.0392176,0.000113532,0.00398398,12
21.6234,0.18187,0.154341,-0.0408407,-0.174749,-0.221372,0.000115516,0.00397761,12
21.6274,0.182609,0.149859,-0.0408407,-0.222161,-0.374579,0.000111037,0.00398654,12
21.6314,0.183053,0.141455,-0.0408407,-0.266055,-0.527894,0.000421446,0.00398732,15
21.6354,0.18357,0.12857,-0.0439823,-0.28673,-0.659903,0.000112761,0.00398389,12
21.6394,0.184087,0.120167,-0.0471239,-0.306853,-0.778701,0.000110677,0.00398653,12
21.6434,0.184531,0.114005,-0.0471239,-0.328327,-0.858494,0.000116828,0.00397523,12
21.6474,0.1849,0.094397,-0.0502655,-0.332434,-0.958065,0.000269302,0.0039838,15
21.6514,0.18527,0.0747893,-0.0502655,-0.355228,-1.07663,0.000113662,0.0039824,12
21.6554,0.185565,0.0647054,-0.0502655,-0.380517,-1.17838,0.00011204,0.00398614,12
21.6594,0.185713,0.0467784,-0.0502655,-0.405497,-1.2997,0.000537032,0.00398699,15
21.6634,0.185861,0.0210082,-0.0502655,-0.428765,-1.43605,0.00011266,0.00398363,12
21.6674,0.185861,-0.00028011,-0.0502655,-0.450323,-1.55602,0.000118421,0.00398441,12
21.6714,0.185861,-0.0182071,-0.0502655,-0.449829,-1.60068,0.000126185,0.00398648,12
21.6754,0.185713,-0.0327729,-0.0502655,-0.440114,-1.60915,0.000293648,0.00398539,15
21.6794,0.185565,-0.0523805,-0.0502655,-0.423279,-1.60909,0.000160159,0.00398313,12
21.6834,0.18527,-0.0669463,-0.0502655,-0.40269,-1.58502,0.000114464,0.00398587,12
21.6874,0.184974,-0.081512,-0.0502655,-0.361231,-1.49788,0.000542753,0.00398673,15
21.6914,0.184531,-0.099439,-0.0502655,-0.314813,-1.40474,0.00011276,0.00398367,12
21.6954,0.184161,-0.115685,-0.0502655,-0.268485,-1.30738,0.000113993,0.00398586,12
21.6994,0.183644,-0.130811,-0.0502655,-0.228413,-1.22636,0.000113031,0.0039861,12
21.7034,0.183127,-0.138654,-0.0502655,-0.180145,-1.10182,0.000309578,0.00398675,15
21.7074,0.182609,-0.0669463,-0.0502655,-0.142117,-0.803379,0.000118671,0.00398261,12
21.7114,0.181944,-0.154901,-0.0471239,-0.112005,-0.902834,0.000114333,0.00398633,12
21.7154,0.181279,-0.154901,-0.0471239,-0.0883262,-0.832728,0.000919446,0.00394852,15
21.7194,0.18054,-0.15322,-0.0439823,-0.0702991,-0.738058,0.000116387,0.00398349,12
21.7234,0.180023,-0.163304,-0.0439823,-0.0359597,-0.661379,0.000111478,0.00398631,12
21.7274,0.179358,-0.164985,-0.0408407,-0.017276,-0.573218,0.000110676,0.00398689,12
21.7314,0.178693,-0.169466,-0.0408407,0.0191436,-0.47615,0.000422067,0.00398701,15
21.7354,0.177954,-0.168346,-0.0408407,0.0530402,-0.372442,0.000117439,0.00398359,12
21.7394,0.177362,-0.172828,-0.0376991,0.0641545,-0.314207,0.000113522,0.00398503,12
21.7434,0.176697,-0.171147,-0.0376991,0.0858784,-0.245681,0.000126546,0.00398628,12
21.7474,0.175958,-0.164985,-0.0376991,0.119975,-0.128385,0.000264073,0.0039864,15
21.7514,0.175293,-0.164985,-0.0376991,0.148708,-0.0430043,0.000114293,0.00398308,12
21.7554,0.174628,-0.163304,-0.0376991,0.188494,0.0801043,0.000115646,0.00398507,12
21.7594,0.173963,-0.166665,-0.0345575,0.21241,0.17975,0.000550758,0.00398673,15
21.7634,0.173298,-0.161623,-0.0345575,0.237994,0.268596,0.000115686,0.00398275,12
21.7674,0.17278,-0.148738,-0.0345575,0.261741,0.372409,0.000112991,0.00398404,12
21.7714,0.172189,-0.138654,-0.0345575,0.280848,0.454826,0.000111678,0.00398683,12
21.7754,0.171672,-0.133612,-0.0314159,0.281223,0.505292,0.000331408,0.00398663,15
21.7794,0.171081,-0.129131,-0.0314159,0.281384,0.516031,0.000114524,0.00398345,12
21.7834,0.170637,-0.111204,-0.0314159,0.278949,0.553867,0.000117159,0.00398612,12
21.7874,0.170194,-0.104481,-0.0282743,0.260387,0.551592,0.000614717,0.00398562,15
21.7914,0.169751,-0.0899153,-0.0282743,0.244916,0.541379,0.00019844,0.00398337,9
21.7954,0.169455,-0.0831926,-0.0282743,0.230994,0.515975,0.000119223,0.00398368,12
21.7994,0.169159,-0.0719882,-0.0282743,0.218062,0.505099,0.000110606,0.00398651,12
21.8034,0.168938,-0.0635849,-0.0282743,0.206539,0.491431,0.000405627,0.00398641,15
21.8074,0.168716,-0.0540612,-0.0282743,0.197827,0.489144,0.000114414,0.00398299,12
21.8114,0.168494,-0.0378148,-0.0282743,0.194309,0.519863,0.000138098,0.00398643,12
21.8154,0.168346,-0.0361342,-0.0282743,0.199349,0.5391,0.000118581,0.00398649,12
21.8194,0.168273,-0.0249298,-0.0314159,0.20754,0.555066,0.000222595,0.00397304,15
21.8234,0.168199,-0.0182071,-0.0314159,0.214314,0.592687,0.000117018,0.00398387,12
21.8274,0.168125,-0.00364143,-0.0314159,0.203818,0.598312,0.000115065,0.00398613,12
21.8314,0.168125,0.00644253,-0.0345575,0.204654,0.589328,0.000508479,0.0039866,15
21.8354,0.168199,0.0126049,-0.0345575,0.180347,0.531903,0.000114855,0.00398342,12
21.8394,0.168199,0.0126049,-0.0345575,0.148353,0.435218,0.000112009,0.00398584,12
21.8434,0.168273,0.0142856,-0.0376991,0.126408,0.335912,0.000111458,0.00398647,12
21.8474,0.168346,0.0126049,-0.0376991,0.0788771,0.188109,0.000306532,0.00398676,15
21.8514,0.16842,0.0142856,-0.0376991,0.023777,0.0260871,0.00011244,0.00398412,12
21.8554,0.168494,0.0126049,-0.0376991,-0.032865,-0.149249,0.000116247,0.00398504,12
21.8594,0.168568,0.0142856,-0.0408407,-0.0730326,-0.303622,0.000609838,0.00398684,15
21.8634,0.168568,0.00812319,-0.0408407,-0.110618,-0.433072,0.00019272,0.00398359,9
21.8674,0.168568,0.00308121,-0.0408407,-0.159654,-0.59424,0.00011227,0.00398405,12
21.8714,0.168568,-0.00700275,-0.0408407,-0.202545,-0.74982,0.000111238,0.0039861,12
21.8754,0.168568,-0.00700275,-0.0439823,-0.221975,-0.846013,0.00044515,0.00398605,15
21.8794,0.168568,-0.0114845,-0.0471239,-0.220828,-0.891565,0.00011263,0.00398315,12
21.8834,0.168494,-0.0182071,-0.0471239,-0.234319,-0.949807,0.000111838,0.00398601,12
21.8874,0.16842,-0.0277309,-0.0471239,-0.244713,-1.0059,0.000112981,0.00398647,12
21.8914,0.168273,-0.0378148,-0.0502655,-0.234972,-1.04023,0.000231672,0.00398606,15
21.8954,0.168125,-0.0361342,-0.0502655,-0.242415,-1.05871,0.000122689,0.00398213,12
21.8994,0.167977,-0.0445375,-0.0502655,-0.251688,-1.1087,0.000115184,0.00398509,12
21.9034,0.167829,-0.0540612,-0.0502655,-0.260407,-1.15989,0.000491467,0.00398499,15
21.9074,0.167534,-0.0574225,-0.0502655,-0.267172,-1.18964,0.000112159,0.00398343,12
21.9114,0.167312,-0.0635849,-0.0502655,-0.271562,-1.21925,0.00011252,0.00398625,12
21.9154,0.167016,-0.0736689,-0.0502655,-0.274137,-1.25365,0.000111468,0.00398664,12
21.9194,0.166721,-0.0831926,-0.0534071,-0.264451,-1.28702,0.000279191,0.00398674,15
21.9234,0.166351,-0.0949573,-0.0534071,-0.264946,-1.31961,0.000116127,0.00398312,12
21.9274,0.165982,-0.0977584,-0.0534071,-0.255702,-1.2997,0.000111899,0.00398655,12
21.9314,0.165538,-0.112884,-0.0534071,-0.24969,-1.32144,0.000513879,0.00398401,15
21.9354,0.165021,-0.117366,-0.0534071,-0.248872,-1.33164,0.000113622,0.00398207,12
21.9394,0.164577,-0.129131,-0.0534071,-0.23445,-1.31932,0.000129472,0.00397793,12
21.9434,0.16406,-0.136974,-0.0534071,-0.220375,-1.29811,0.00016056,0.00398623,12
21.9474,0.163469,-0.140335,-0.0534071,-0.20945,-1.27504,0.000255767,0.00398416,15
21.9514,0.162878,-0.15322,-0.0534071,-0.183578,-1.23132,0.000123521,0.00398236,12
21.9554,0.162213,-0.164985,-0.0534071,-0.157272,-1.18356,0.000112349,0.00398638,12
21.9594,0.161548,-0.174508,-0.0534071,-0.133753,-1.13847,0.00049876,0.00398661,15
21.9634,0.160809,-0.181231,-0.0534071,-0.116949,-1.10661,0.000113362,0.00398382,12
21.9674,0.160069,-0.186273,-0.0534071,-0.0897422,-1.03898,0.00011274,0.00398585,12
21.9714,0.15933,-0.199158,-0.0534071,-0.0674858,-1.00651,0.000113512,0.00398611,12
21.9754,0.158518,-0.205321,-0.0502655,-0.0660937,-0.982469,0.000242162,0.00398622,15
21.9794,0.157631,-0.208682,-0.0502655,-0.0701315,-1.00526,0.000119923,0.00398309,12
21.9834,0.156818,-0.210363,-0.0502655,-0.0645854,-0.9946,0.000111518,0.00398657,12
21.9874,0.156005,-0.150419,-0.0502655,-0.0448888,-0.782498,0.00049832,0.00398669,15
21.9914,0.155044,-0.220446,-0.0502655,-0.0265349,-0.909445,0.000112611,0.00398407,12
21.9954,0.154231,-0.222127,-0.0502655,-0.0131684,-0.875152,0.000120926,0.00398302,12
21.9994,0.153345,-0.226609,-0.0502655,0.0131684,-0.809036,0.000112359,0.00398669,12
22.0034,0.152384,-0.22829,-0.0502655,0.038524,-0.738835,0.000263592,0.00398708,15
22.0074,0.151423,-0.236693,-0.0471239,0.048947,-0.693592,0.000141414,0.00398356,12
22.0114,0.150536,-0.236693,-0.0471239,0.0623947,-0.654887,0.000111738,0.00398641,12
22.0154,0.149649,-0.235012,-0.0471239,0.0752229,-0.613727,0.000528837,0.00396399,15
22.0194,0.148541,-0.240054,-0.0471239,0.0839272,-0.602822,0.000113482,0.00398364,12
22.0234,0.147728,-0.244536,-0.0439823,0.0731543,-0.611213,0.00011216,0.00398581,12
22.0274,0.146767,-0.247897,-0.0439823,0.0813424,-0.597219,0.000115265,0.00398657,12
22.0314,0.145807,-0.242855,-0.0439823,0.0936989,-0.548989,0.000365562,0.00398704,15
22.0354,0.144698,-0.249578,-0.0408407,0.0958517,-0.524734,0.000116317,0.00398347,12
22.0394,0.143811,-0.247897,-0.0408407,0.105759,-0.492402,0.000111168,0.00398582,12
22.0434,0.142851,-0.246217,-0.0408407,0.120195,-0.446541,0.000110677,0.00398683,12
22.0474,0.14189,-0.242855,-0.0408407,0.136499,-0.390712,0.000197488,0.00398681,15
22.0514,0.140855,-0.246217,-0.0408407,0.152566,-0.353067,0.000112791,0.00398349,12
22.0554,0.139895,-0.241175,-0.0408407,0.166856,-0.298995,0.00011257,0.003986,12
22.0594,0.138934,-0.241175,-0.0376991,0.166398,-0.264997,0.000488943,0.00398695,15
22.0634,0.137899,-0.241175,-0.0376991,0.170691,-0.254279,0.000117189,0.00398234,12
22.0674,0.137012,-0.235012,-0.0376991,0.178194,-0.217672,0.000111899,0.0039862,12
22.0714,0.136126,-0.233332,-0.0376991,0.188065,-0.185448,0.00013929,0.00398572,12
22.0754,0.135165,-0.22829,-0.0376991,0.200164,-0.137996,0.000277457,0.00398616,15
22.0794,0.134278,-0.224928,-0.0376991,0.215052,-0.0862829,0.000114734,0.00398312,12
22.0834,0.133391,-0.224928,-0.0376991,0.212249,-0.0966879,0.000122529,0.00398568,12
22.0874,0.132504,-0.220446,-0.0376991,0.203743,-0.112786,0.000576285,0.00398704,15
22.0914,0.131544,-0.212043,-0.0376991,0.190095,-0.134486,0.000113852,0.00398353,12
22.0954,0.130805,-0.213724,-0.0376991,0.172426,-0.193818,0.000111278,0.00398635,12
22.0994,0.129992,-0.202519,-0.0376991,0.152419,-0.227199,0.000122729,0.00398359,12
22.1034,0.129327,-0.174508,-0.0376991,0.132317,-0.217272,0.000375922,0.00398633,15
22.1074,0.128366,-0.190755,-0.0376991,0.114922,-0.313767,0.00011272,0.00398365,12
22.1114,0.127701,-0.190755,-0.0376991,0.103599,-0.349435,0.00011253,0.00398621,12
22.1154,0.126962,-0.186273,-0.0376991,0.0805304,-0.409217,0.00011798,0.00398501,12
22.1194,0.126223,-0.17787,-0.0376991,0.0602287,-0.450541,0.000167332,0.00398673,15
22.1234,0.125484,-0.181231,-0.0376991,0.0456373,-0.504902,0.000361725,0.00395501,12
22.1274,0.124745,-0.184592,-0.0376991,0.0401203,-0.531841,0.000111819,0.00398665,12
22.1314,0.12408,-0.17787,-0.0376991,0.0257203,-0.559497,0.000475678,0.00398701,15
22.1354,0.123341,-0.174508,-0.0376991,0.0166689,-0.579805,0.000114353,0.00398269,12
22.1394,0.122676,-0.17787,-0.0376991,0.0154896,-0.593475,0.000158997,0.00398485,12
22.1434,0.121937,-0.17787,-0.0376991,0.00324336,-0.632093,0.000111929,0.00398653,12
22.1474,0.121271,-0.181231,-0.0376991,-0.00695911,-0.67303,0.000281466,0.00398456,15
22.1514,0.120532,-0.17955,-0.0408407,-0.00186759,-0.692404,0.000119242,0.00398273,12
22.1554,0.119793,-0.17955,-0.0408407,-0,-0.688371,0.000121497,0.00398458,12
22.1594,0.119054,-0.184592,-0.0408407,0.00186765,-0.697321,0.000591233,0.0039863,15
22.1634,0.118242,-0.187394,-0.0408407,0.00695904,-0.69092,0.000113652,0.00398351,12
22.1674,0.117576,-0.192435,-0.0408407,-0.00324354,-0.736185,0.000113211,0.00398566,12
22.1714,0.116837,-0.190755,-0.0408407,-0.0154897,-0.770476,0.000111438,0.00398664,12
22.1754,0.116025,-0.187394,-0.0408407,-0.0286581,-0.803387,0.000388135,0.00398613,15
22.1794,0.115212,-0.195797,-0.0408407,-0.0417675,-0.866414,0.000118761,0.00398239,12
22.1834,0.114473,-0.197477,-0.0408407,-0.0539769,-0.909249,0.000112911,0.00398602,12
22.1874,0.11366,-0.208682,-0.0408407,-0.0645855,-0.97193,0.000111908,0.00398689,12
22.1914,0.112847,-0.215404,-0.0408407,-0.0730325,-1.01654,0.000167232,0.00398701,15
22.1954,0.11196,-0.218766,-0.0408407,-0.0788975,-1.04485,0.000111138,0.00398586,12
22.1994,0.111073,-0.223248,-0.0408407,-0.0819,-1.0674,0.000110045,0.00398706,12
22.2034,0.110186,-0.226609,-0.0439823,-0.069911,-1.07923,0.000529939,0.00398421,15
22.2074,0.109078,-0.241175,-0.0439823,-0.0628503,-1.09782,0.000115475,0.00398395,12
22.2114,0.108265,-0.249578,-0.0439823,-0.0591759,-1.11013,0.000113592,0.00398604,12
22.2154,0.10723,-0.252939,-0.0439823,-0.0576263,-1.11635,0.00011278,0.00397801,12
22.2194,0.106196,-0.260782,-0.0439823,-0.0572204,-1.13758,0.000281836,0.00398653,15
22.2234,0.105087,-0.272547,-0.0439823,-0.057257,-1.1704,0.000113441,0.00398353,12
22.2274,0.104053,-0.278709,-0.0439823,-0.057316,-1.1887,0.000112079,0.00398625,12
22.2314,0.102944,-0.272547,-0.0439823,-0.0572572,-1.17507,0.000563712,0.00398605,15
22.2354,0.101688,-0.292155,-0.0408407,-0.0692095,-1.22694,0.000113251,0.0039827,12
22.2394,0.100653,-0.293275,-0.0408407,-0.0736737,-1.24557,0.000114313,0.00398545,12
22.2434,0.0993968,-0.301678,-0.0408407,-0.0730327,-1.26801,0.000116818,0.00398676,12
22.2474,0.0982144,-0.314563,-0.0408407,-0.0698096,-1.29403,0.000392282,0.00398691,15
22.2514,0.0968103,-0.326328,-0.0408407,-0.0666678,-1.31789,0.000113993,0.00398295,12
22.2554,0.0956279,-0.33249,-0.0408407,-0.0664107,-1.33556,0.000112039,0.00398611,12
22.2594,0.0942976,-0.347056,-0.0408407,-0.0502396,-1.3271,0.000119483,0.00398431,12
22.2634,0.0928196,-0.358821,-0.0376991,-0.043254,-1.30202,0.000167552,0.00398559,15
22.2674,0.0914155,-0.368344,-0.0376991,-0.0266557,-1.27945,0.000112761,0.00398582,12
22.2714,0.0898636,-0.38291,-0.0376991,-0.00324805,-1.2496,0.000117099,0.00398562,12
22.2754,0.0883856,-0.386272,-0.0376991,0.0243058,-1.17821,0.000486198,0.00398712,15
22.2794,0.0866119,-0.396356,-0.0376991,0.0534829,-1.11987,0.000114253,0.00398283,12
22.2834,0.0851339,-0.415963,-0.0345575,0.0699112,-1.08646,0.000111898,0.00398655,12
22.2874,0.0835081,-0.415963,-0.0345575,0.0912676,-1.02547,0.000135863,0.00398389,12
22.2914,0.0818823,-0.418764,-0.0314159,0.101779,-0.966983,0.000291965,0.00398585,15
22.2954,0.0801087,-0.43389,-0.0282743,0.105871,-0.959955,0.000371013,0.00394731,12
22.2994,0.0782611,-0.445095,-0.0282743,0.118558,-0.954494,0.000372335,0.00395463,12
22.3034,0.0764875,-0.446775,-0.0251327,0.121683,-0.915767,0.000602435,0.00398409,15
22.3074,0.07464,-0.451817,-0.0251327,0.12956,-0.908974,0.000169947,0.00398178,9
22.3114,0.0730142,-0.454618,-0.0251327,0.157202,-0.836199,0.000113982,0.00398573,12
22.3154,0.0712405,-0.466383,-0.0219912,0.176566,-0.774364,0.000109875,0.00398669,12
22.3194,0.069393,-0.466383,-0.0188496,0.192359,-0.693189,0.000424852,0.00398535,15
22.3234,0.0673238,-0.472545,-0.015708,0.208447,-0.627474,0.000114283,0.00398382,12
22.3274,0.0655502,-0.479268,-0.015708,0.239984,-0.553348,0.000111578,0.00398649,12
22.3314,0.0636287,-0.482629,-0.015708,0.281643,-0.4403,0.000119664,0.00398624,12
22.3354,0.0617073,-0.485991,-0.0125664,0.31737,-0.3077,0.000196547,0.00397931,15
22.3394,0.0597859,-0.48431,-0.0125664,0.364283,-0.165795,0.00011248,0.00398619,12
22.3434,0.0578645,-0.477587,-0.00942478,0.385424,-0.0513065,0.000111689,0.00398653,12
22.3474,0.055943,-0.477587,-0.00628319,0.396931,0.0167541,0.000489484,0.00398689,15
22.3514,0.0538738,-0.475907,-0.00628319,0.414517,0.0697161,0.000112009,0.00398374,12
22.3554,0.0521741,-0.474226,-0.00314159,0.421709,0.129547,0.00011258,0.00398642,12
22.3594,0.0503266,-0.463022,-0.00314159,0.435481,0.19599,0.000112079,0.00398673,12
22.3634,0.048479,-0.454618,-0,0.440763,0.267036,0.000214711,0.00398685,15
22.3674,0.0466315,-0.446775,-0,0.45607,0.329464,0.000129171,0.0039811,12
22.3714,0.0449318,-0.438372,-0,0.458261,0.354016,0.000124633,0.00398568,12
22.3754,0.0432321,-0.428848,0.00314159,0.445792,0.374631,0.000324967,0.00398597,20
22.3794,0.0414584,-0.425487,0.00628319,0.426736,0.359308,0.000122048,0.00398357,14
22.3834,0.0398326,-0.414283,0.00628319,0.421151,0.367738,0.00011254,0.00398607,14
22.3874,0.0382068,-0.405879,0.00942478,0.41733,0.41176,0.000117139,0.00398691,14
22.3914,0.036581,-0.402518,0.00942478,0.415692,0.411922,0.000243424,0.00398657,20
22.3954,0.0349552,-0.391314,0.00942478,0.428788,0.476804,0.000125675,0.00398309,14
22.3994,0.0334771,-0.380109,0.00942478,0.437398,0.528453,0.000151463,0.00398372,14
22.4034,0.0319991,-0.375067,0.0125664,0.422304,0.530076,0.000592275,0.00398565,17
22.4074,0.0303733,-0.35714,0.0125664,0.417798,0.559073,0.000156432,0.00398387,13
22.4114,0.0291909,-0.345936,0.0125664,0.404519,0.545219,0.000124202,0.00397472,14
22.4154,0.0278607,-0.33249,0.0125664,0.3967,0.553312,0.000124312,0.00398678,14
22.4194,0.0265304,-0.322967,0.0125664,0.398266,0.579667,0.000490866,0.00398697,17
22.4234,0.0252002,-0.311202,0.0125664,0.393082,0.591393,0.000127889,0.00398368,14
22.4274,0.0240917,-0.290474,0.0125664,0.37672,0.592907,0.000111809,0.00398676,14
22.4314,0.0230571,-0.241175,0.0125664,0.344335,0.619727,0.000113943,0.00398663,14
22.4354,0.0219486,-0.259102,0.0125664,0.312259,0.474219,0.000377986,0.00398636,20
22.4394,0.0208401,-0.242855,0.0125664,0.286101,0.434587,0.00011766,0.00398268,14
22.4434,0.0199533,-0.22997,0.0125664,0.250987,0.359717,0.000111989,0.0039868,14
22.4474,0.0190665,-0.223248,0.0125664,0.225072,0.296781,0.000128721,0.0039867,14
22.4514,0.0181796,-0.217085,0.0125664,0.193905,0.216529,0.000260958,0.00398675,20
22.4554,0.0172928,-0.210363,0.0125664,0.154179,0.111856,0.000132327,0.00398248,14
22.4594,0.0165538,-0.199158,0.0125664,0.123351,0.0459344,0.000117961,0.0039854,14
22.4634,0.0158148,-0.195797,0.00942478,0.0979748,-0.0611835,0.000619146,0.00398682,17
22.4674,0.014928,-0.187394,0.00942478,0.0753065,-0.109982,0.000178884,0.00398361,13
22.4714,0.0143368,-0.176189,0.00942478,0.0411732,-0.185569,0.000126797,0.00398598,14
22.4754,0.0135978,-0.172828,0.00942478,0.0137313,-0.261454,0.000115265,0.00398603,14
22.4794,0.0129327,-0.169466,0.00628319,0.011558,-0.298293,0.000536261,0.00398661,17
22.4834,0.0121937,-0.168346,0.00628319,-0,-0.331947,0.000132047,0.00398345,14
22.4874,0.0116025,-0.164985,0.00314159,-0.011558,-0.396985,0.000120815,0.00398389,14
22.4914,0.0109373,-0.168346,0.00314159,-0.0257203,-0.449888,0.00012321,0.00398645,14
22.4954,0.0102722,-0.166665,-0,-0.0452313,-0.543449,0.000308416,0.00398645,16
22.4994,0.00960713,-0.163304,-0,-0.0731159,-0.62051,0.000126577,0.00398349,12
22.5034,0.00901592,-0.159943,-0,-0.103066,-0.703652,0.000114483,0.00398589,12
22.5074,0.00835081,-0.156581,-0,-0.129195,-0.775408,0.000259945,0.00398615,15
22.5114,0.0076857,-0.166665,-0,-0.167778,-0.91942,0.000118221,0.00398353,12
22.5154,0.00709449,-0.169466,-0.00314159,-0.191754,-1.03785,0.000117149,0.00398434,12
22.5194,0.00635548,-0.17955,-0.00314159,-0.218518,-1.14631,0.00040691,0.00398657,15
22.5234,0.00561647,-0.17787,-0.00314159,-0.244426,-1.22189,0.000113632,0.00398348,12
22.5274,0.00495137,-0.189074,-0.00314159,-0.266536,-1.319,0.000124653,0.00398583,12
22.5314,0.00421235,-0.195797,-0.00628319,-0.270614,-1.38772,0.000152735,0.00398671,12
22.5354,0.00339944,-0.210363,-0.00628319,-0.27504,-1.44038,0.000162493,0.00398649,15
22.5394,0.00258653,-0.212043,-0.00942478,-0.265301,-1.45452,0.000111468,0.00398657,12
22.5434,0.00169972,-0.22829,-0.00942478,-0.259634,-1.48116,0.000113141,0.00398691,12
22.5474,0.000739011,-0.236693,-0.00942478,-0.255517,-1.49245,0.000436124,0.00398695,15
22.5514,-0.000295604,-0.247897,-0.00942478,-0.251407,-1.51114,0.000122048,0.00398262,12
22.5554,-0.00125632,-0.267505,-0.00942478,-0.246745,-1.54964,0.000111198,0.00398647,12
22.5594,-0.00236483,-0.272547,-0.00942478,-0.24195,-1.55054,0.000113763,0.00398692,12
22.5634,-0.00332554,-0.130811,-0.00942478,-0.238424,-1.17702,0.000178914,0.00398382,15
22.5674,-0.00458186,-0.293275,-0.00942478,-0.238551,-1.59848,0.000112871,0.00398603,12
22.5714,-0.00576427,-0.299998,-0.00942478,-0.223952,-1.57425,0.000111689,0.00398586,12
22.5754,-0.00694669,-0.30504,-0.00942478,-0.208999,-1.54462,0.000452624,0.00398592,15
22.5794,-0.00835081,-0.321286,-0.00942478,-0.196916,-1.553,0.000114975,0.00398366,12
22.5834,-0.00953322,-0.334171,-0.00942478,-0.191768,-1.5732,0.000399796,0.00395554,12
22.5874,-0.0110112,-0.340894,-0.00942478,-0.176719,-1.54826,0.00011813,0.00398543,12
22.5914,-0.0122676,-0.352098,-0.00628319,-0.179532,-1.55087,0.000220281,0.00398702,15
22.5954,-0.0137456,-0.373386,-0.00628319,-0.163031,-1.55904,0.000111989,0.0039838,12
22.5994,-0.0152975,-0.386272,-0.00314159,-0.156098,-1.53718,0.000114754,0.00398615,12
22.6034,-0.0168494,-0.400837,-0.00314159,-0.1224,-1.47623,0.000468234,0.00398651,15
22.6074,-0.018623,-0.415963,-0.00314159,-0.0793915,-1.38908,0.000114003,0.00397509,12
22.6114,-0.020175,-0.425487,-0,-0.0446684,-1.27458,0.000110707,0.00398604,12
22.6154,-0.0218747,-0.43389,-0,-0.00405816,-1.1772,0.000526082,0.0039863,15
22.6194,-0.0237961,-0.446775,-0,0.03487,-1.09693,0.000120605,0.00398133,12
22.6234,-0.0254219,-0.463022,0.00314159,0.0743,-0.985671,0.000114543,0.00398604,14
22.6274,-0.0272695,-0.468064,0.00314159,0.116556,-0.874987,0.000113833,0.00398606,14
22.6314,-0.0291909,-0.470865,0.00942478,0.13051,-0.769265,0.000320989,0.0039867,20
22.6354,-0.0311123,-0.474226,0.00942478,0.149135,-0.725826,0.000114634,0.00398357,14
22.6394,-0.0329598,-0.477587,0.0125664,0.17223,-0.631239,0.000113502,0.00398634,14
22.6434,-0.0348074,-0.479268,0.0125664,0.200299,-0.554773,0.000125534,0.00398648,14
22.6474,-0.0367288,-0.470865,0.015708,0.234682,-0.39594,0.000258162,0.00398584,20
22.6514,-0.0387241,-0.480949,0.0188496,0.265717,-0.294995,0.000123711,0.00398262,14
22.6554,-0.0405716,-0.479268,0.0219912,0.295024,-0.168652,0.000114153,0.00398578,14
22.6594,-0.0424931,-0.482629,0.0219912,0.335657,-0.0587066,0.000634164,0.00398709,17
22.6634,-0.0446362,-0.475907,0.0251327,0.368336,0.0901648,0.000238716,0.00398363,13
22.6674,-0.0463359,-0.464702,0.0251327,0.407095,0.232438,0.000133288,0.00398189,14
22.6714,-0.0481095,-0.466383,0.0282743,0.433777,0.342353,0.000125464,0.00398643,14
22.6754,-0.0499571,-0.461341,0.0282743,0.463676,0.441662,0.00058429,0.00398643,17
22.6794,-0.0519524,-0.446775,0.0314159,0.480038,0.561739,0.000156923,0.00398376,13
22.6834,-0.0535043,-0.443414,0.0345575,0.487709,0.627668,0.000113271,0.0039861,14
22.6874,-0.0552779,-0.438372,0.0345575,0.503525,0.684581,0.000118802,0.00398702,14
22.6914,-0.0569037,-0.531368,0.0376991,0.512554,0.506337,0.000532143,0.0039868,17
22.6954,-0.0586774,-0.391314,0.0376991,0.533734,0.927111,0.000116147,0.00398303,14
22.6994,-0.0600815,-0.38291,0.0376991,0.544623,0.978594,0.00011235,0.00398661,14
22.7034,-0.0615595,-0.370025,0.0408407,0.54466,1.04614,0.000114253,0.00398656,14
22.7074,-0.0629636,-0.345936,0.0408407,0.533424,1.07115,0.000488362,0.00398682,17
22.7114,-0.0644416,-0.334171,0.0439823,0.510635,1.06683,0.000116718,0.0039836,14
22.7154,-0.0656241,-0.322967,0.0439823,0.497895,1.0546,0.00013928,0.00398623,14
22.7194,-0.0668065,-0.298317,0.0439823,0.475424,1.04759,0.00011249,0.00398682,14
22.7234,-0.0679889,-0.287113,0.0471239,0.445325,1.02038,0.000438579,0.00398521,17
22.7274,-0.0691713,-0.267505,0.0471239,0.431582,1.02676,0.000140052,0.0039834,14
22.7314,-0.070132,-0.25462,0.0471239,0.416799,1.01317,0.000113161,0.00398653,14
22.7354,-0.0710927,-0.236693,0.0471239,0.41745,1.05921,0.000126095,0.00398607,14
22.7394,-0.0719795,-0.218766,0.0471239,0.3965,1.04013,0.000356225,0.00398692,20
22.7434,-0.0728664,-0.202519,0.0471239,0.382411,1.03745,0.000136595,0.00398357,14
22.7474,-0.0736054,-0.184592,0.0471239,0.35961,1.01309,0.0001124,0.0039867,14
22.7514,-0.0742705,-0.168346,0.0471239,0.345971,1.01226,0.000113401,0.00398672,14
22.7554,-0.0749356,-0.150419,0.0439823,0.339172,0.998953,0.000274412,0.0039866,20
22.7594,-0.0754529,-0.133612,0.0439823,0.316548,0.972733,0.000117539,0.00398349,14
22.7634,-0.0759702,-0.122408,0.0408407,0.288466,0.878114,0.000116428,0.00398036,14
22.7674,-0.0764136,-0.0977584,0.0408407,0.254282,0.837317,0.000666685,0.00398682,17
22.7714,-0.0767831,-0.0831926,0.0376991,0.214197,0.715405,0.000233075,0.0039832,13
22.7754,-0.0770787,-0.0719882,0.0376991,0.169109,0.607359,0.000123781,0.00398404,14
22.7794,-0.0773004,-0.0591032,0.0376991,0.108492,0.456871,0.000113632,0.00398657,14
22.7834,-0.0775221,-0.0456579,0.0345575,0.0661352,0.32553,0.000625998,0.0039866,17
22.7874,-0.0776699,-0.0310922,0.0345575,0.0106087,0.194915,0.000136024,0.00398376,13
22.7914,-0.0777438,-0.0215685,0.0345575,-0.0574676,0.0135528,0.000114704,0.00397393,14
22.7954,-0.0778177,-0.0148458,0.0314159,-0.105565,-0.152123,0.000114804,0.00398679,14
22.7994,-0.0778916,-0.00868341,0.0282743,-0.154806,-0.322698,0.000573631,0.00398686,17
22.8034,-0.0778916,-0.00980385,0.0251327,-0.192862,-0.478064,0.000146534,0.00398369,13
22.8074,-0.0779655,-0.00196077,0.0251327,-0.229982,-0.570204,0.000118351,0.00396374,14
22.8114,-0.0779655,-0.00980385,0.0219912,-0.264984,-0.733652,0.000114513,0.00398637,14
22.8154,-0.0779655,-0.00980385,0.0219912,-0.29739,-0.831582,0.000518047,0.00398691,17
22.8194,-0.0780394,-0.0131652,0.0188496,-0.327561,-0.96905,0.000117168,0.00398366,14
22.8234,-0.0781133,-0.0165265,0.015708,-0.344851,-1.06759,0.000110756,0.0039867,14
22.8274,-0.0781872,-0.0198878,0.015708,-0.36189,-1.1279,0.000125524,0.00398639,14
22.8314,-0.0782611,-0.0344535,0.0125664,-0.380582,-1.25953,0.000463805,0.00398682,17
22.8354,-0.0784089,-0.0378148,0.0125664,-0.404233,-1.33998,0.000115476,0.0039834,14
22.8394,-0.0786306,-0.0456579,0.0125664,-0.427935,-1.43229,0.000113432,0.00398625,14
22.8434,-0.0788523,-0.0624645,0.00942478,-0.436337,-1.53891,0.000124733,0.0039869,14
22.8474,-0.079074,-0.0719882,0.00942478,-0.447535,-1.59776,0.000372685,0.00398682,20
22.8514,-0.0794435,-0.081512,0.00942478,-0.459568,-1.65945,0.000126816,0.00398403,14
22.8554,-0.0797391,-0.0977584,0.00628319,-0.460165,-1.74121,0.000115636,0.00398514,14
22.8594,-0.0801826,-0.114565,0.00628319,-0.470649,-1.81713,0.000138659,0.00398703,14
22.8634,-0.0806999,-0.129131,0.00314159,-0.45869,-1.85711,0.000288038,0.00398662,20
22.8674,-0.0812172,-0.143696,0.00314159,-0.457458,-1.89202,0.000115045,0.0039833,14
22.8714,-0.0818084,-0.161623,0.00314159,-0.446474,-1.90627,0.000116498,0.00398631,14
22.8754,-0.0824735,-0.172828,0.00314159,-0.438846,-1.91352,0.000631889,0.0039856,17
22.8794,-0.0832864,-0.352098,0.00314159,-0.415638,-2.30677,0.000137627,0.00398323,13
22.8834,-0.0840254,-0.207001,0.00314159,-0.39136,-1.8614,0.000114964,0.00398597,14
22.8874,-0.0849122,-0.22829,0.00314159,-0.370078,-1.85384,0.000112249,0.00398683,14
22.8914,-0.0858729,-0.249578,0.00314159,-0.335657,-1.80673,0.000489714,0.00398526,17
22.8954,-0.0869814,-0.259102,0.00314159,-0.305271,-1.74184,0.000127999,0.00397076,14
22.8994,-0.0879422,-0.272547,0.00314159,-0.28551,-1.71884,0.000118501,0.00398448,14
22.9034,-0.0890507,-0.293275,0.00628319,-0.274609,-1.70421,0.000129251,0.0039859,14
22.9074,-0.090307,-0.30504,0.00942478,-0.262314,-1.66261,0.000393695,0.0039869,20
22.9114,-0.0916372,-0.33081,0.00942478,-0.227363,-1.62625,0.00011784,0.00398266,14
22.9154,-0.0928196,-0.337532,0.00942478,-0.190855,-1.53581,0.000125304,0.00398605,14
22.9194,-0.0942237,-0.352098,0.0125664,-0.15285,-1.42405,0.00011248,0.00398647,14
22.9234,-0.0957018,-0.364983,0.0125664,-0.113968,-1.34295,0.000330487,0.00398624,20
22.9274,-0.0972537,-0.378428,0.015708,-0.0752472,-1.22647,0.000119222,0.00398351,14
22.9314,-0.0986578,-0.387952,0.015708,-0.0162676,-1.07582,0.00012316,0.00398315,14
22.9354,-0.100284,-0.396356,0.0188496,0.0297417,-0.924484,0.000126947,0.00398512,14
22.9394,-0.101909,-0.405879,0.0219912,0.0832024,-0.753518,0.00025168,0.00398046,20
22.9434,-0.103535,-0.410921,0.0251327,0.131085,-0.587869,0.000131295,0.00398298,14
22.9474,-0.105161,-0.414283,0.0251327,0.182937,-0.443373,0.000125134,0.00398368,14
22.9514,-0.106787,-0.423806,0.0282743,0.236878,-0.270959,0.000635807,0.00398587,17
22.9554,-0.108708,-0.418764,0.0314159,0.279736,-0.0951703,0.000163325,0.00398295,13
22.9594,-0.110186,-0.533049,0.0345575,0.309353,-0.265695,0.000115155,0.00398585,14
22.9634,-0.111738,-0.40756,0.0345575,0.356454,0.19639,0.00011269,0.00398676,14
22.9674,-0.113364,-0.394675,0.0376991,0.387392,0.356993,0.000581946,0.00398542,17
22.9714,-0.115138,-0.396356,0.0376991,0.435417,0.493928,0.000114995,0.00397083,13
22.9754,-0.116468,-0.384591,0.0408407,0.469682,0.662348,0.000115335,0.00398524,14
22.9794,-0.11802,-0.38291,0.0439823,0.492793,0.77061,0.000117069,0.00398709,14
22.9834,-0.119498,-0.363863,0.0471239,0.507214,0.897488,0.000561478,0.00398685,17
22.9874,-0.12105,-0.352098,0.0471239,0.527397,0.98539,0.000125414,0.00398384,13
22.9914,-0.122306,-0.339213,0.0502655,0.536027,1.07939,0.000115095,0.00398637,14
22.9954,-0.123562,-0.321286,0.0502655,0.549659,1.164,0.000115175,0.00398634,14
22.9994,-0.124819,-0.30672,0.0502655,0.56521,1.24577,0.000473564,0.00398704,17
23.0034,-0.126075,-0.278709,0.0534071,0.56971,1.36623,0.000117138,0.00397478,14
23.0074,-0.12711,-0.262463,0.0534071,0.5842,1.4496,0.000114143,0.00398605,14
23.0114,-0.12807,-0.242855,0.0534071,0.58848,1.51092,0.000113782,0.00398562,14
23.0154,-0.128957,-0.220446,0.0565487,0.562629,1.52605,0.000395839,0.00398119,20
23.0194,-0.129844,-0.194116,0.0565487,0.54052,1.5251,0.000115685,0.00398292,14
23.0234,-0.130509,-0.172828,0.0565487,0.524394,1.52974,0.000115396,0.00398614,14
23.0274,-0.131174,-0.15322,0.0565487,0.496856,1.49556,0.000125524,0.00398673,14
23.0314,-0.131692,-0.130811,0.0565487,0.474379,1.4842,0.000311882,0.00398468,20
23.0354,-0.132209,-0.106162,0.0565487,0.441669,1.4477,0.000116828,0.00398349,14
23.0394,-0.132504,-0.0848733,0.0565487,0.417164,1.42782,0.000112891,0.00398622,14
23.0434,-0.1328,-0.0686269,0.0565487,0.387392,1.37904,0.000674829,0.0039848,14
23.0474,-0.133022,-0.0378148,0.0565487,0.350728,1.3471,0.000216744,0.00398349,13
23.0514,-0.133096,-0.0165265,0.0534071,0.31726,1.26314,0.000115676,0.00398366,14
23.0554,-0.13317,0.00140055,0.0534071,0.286485,1.21614,0.000148607,0.00398631,14
23.0594,-0.133096,0.0109243,0.0502655,0.259163,1.12078,0.000588067,0.00398646,17
23.0634,-0.133022,0.0243696,0.0502655,0.215433,1.02341,0.00011803,0.00398245,13
23.0674,-0.132948,0.030532,0.0502655,0.156195,0.860425,0.000113031,0.00398634,14
23.0714,-0.132726,0.0406159,0.0502655,0.102971,0.726031,0.000136676,0.00398307,14
23.0754,-0.132578,0.0450977,0.0471239,0.0562381,0.559193,0.000512367,0.0039867,17
23.0794,-0.132357,0.0518203,0.0471239,0.0170382,0.458526,0.000115916,0.00398293,14
23.0834,-0.132135,0.0602236,0.0439823,-0.0131684,0.351887,0.000112861,0.00398649,14
23.0874,-0.131913,0.0568623,0.0408407,-0.0423939,0.21792,0.000113682,0.00398684,14
23.0914,-0.131692,0.0619043,0.0408407,-0.0906391,0.0855912,0.000445431,0.00398609,17
23.0954,-0.131396,0.0602236,0.0376991,-0.124535,-0.0580001,0.000114053,0.00398351,14
23.0994,-0.131248,0.058543,0.0376991,-0.176631,-0.21944,0.000114884,0.0039858,14
23.1034,-0.131026,0.0467784,0.0376991,-0.22639,-0.399617,0.000111879,0.00398694,14
23.1074,-0.130805,0.0518203,0.0345575,-0.25383,-0.506553,0.000408061,0.00398572,20
23.1114,-0.130583,0.0467784,0.0345575,-0.293187,-0.637986,0.000116217,0.003983,14
23.1154,-0.130435,0.0372546,0.0345575,-0.325882,-0.76099,0.000113322,0.00398622,14
23.1194,-0.130361,0.0210082,0.0314159,-0.334179,-0.865213,0.00013951,0.00398629,14
23.1234,-0.130287,0.0109243,0.0282743,-0.342846,-0.954685,0.000342409,0.00398675,20
23.1274,-0.130287,-0.00532209,0.0282743,-0.356028,-1.03635,0.000117369,0.00398351,14
23.1314,-0.130287,-0.0148458,0.0282743,-0.36938,-1.10123,0.000113161,0.0039865,14
23.1354,-0.130361,-0.0182071,0.0282743,-0.379818,-1.14159,0.000113923,0.00398643,14
23.1394,-0.130509,-0.0266104,0.0251327,-0.373532,-1.18203,0.000270926,0.00398675,20
23.1434,-0.130657,-0.0411762,0.0251327,-0.36988,-1.20882,0.000120404,0.00398211,14
23.1474,-0.130805,-0.0490192,0.0251327,-0.367881,-1.2233,0.000131005,0.00398153,14
23.1514,-0.131026,-0.0624645,0.0251327,-0.367955,-1.25862,0.000632531,0.00398619,17
23.1554,-0.131322,-0.0686269,0.0251327,-0.371925,-1.28713,0.00016604,0.00397866,13
23.1594,-0.131618,-0.0753496,0.0251327,-0.361273,-1.2729,0.000113932,0.003985,14
23.1634,-0.131913,-0.0915959,0.0251327,-0.350651,-1.28328,0.000113011,0.00398667,14
23.1674,-0.132283,-0.106162,0.0251327,-0.322242,-1.23574,0.000543765,0.00398413,17
23.1714,-0.1328,-0.111204,0.0251327,-0.291258,-1.15621,0.000113983,0.00398378,13
23.1754,-0.13317,-0.117366,0.0251327,-0.262045,-1.08461,0.000113832,0.00398545,14
23.1794,-0.133687,-0.125769,0.0251327,-0.24007,-1.04097,0.000113281,0.00398646,14
23.1834,-0.134204,-0.135293,0.0251327,-0.210178,-0.976286,0.000448907,0.00398688,17
23.1874,-0.134795,-0.140335,0.0282743,-0.202095,-0.928656,0.000150541,0.00398317,14
23.1914,-0.135313,-0.142016,0.0282743,-0.180888,-0.870022,0.000114373,0.00398625,14
23.1954,-0.13583,-0.142016,0.0282743,-0.144231,-0.760376,0.00011246,0.00398685,14
23.1994,-0.136421,-0.269186,0.0282743,-0.110283,-0.986529,0.00038069,0.00398703,20
23.2034,-0.137012,-0.148738,0.0314159,-0.0760169,-0.536645,0.000116277,0.00397431,14
23.2074,-0.137604,-0.148738,0.0314159,-0.0388296,-0.425556,0.000114143,0.00398641,14
23.2114,-0.138195,-0.147058,0.0345575,-0.0181392,-0.322515,0.000114504,0.00398615,14
23.2154,-0.138786,-0.145377,0.0345575,0.0200069,-0.2042,0.000295451,0.00398653,20
23.2194,-0.139377,-0.142016,0.0345575,0.0559102,-0.0883346,0.000120545,0.00398271,14
23.2234,-0.139968,-0.143696,0.0376991,0.0698724,-0.0142811,0.000117249,0.00398465,14
23.2274,-0.140486,-0.136974,0.0376991,0.0958459,0.0803925,0.000114834,0.00398618,14
23.2314,-0.141077,-0.133612,0.0376991,0.136155,0.20957,0.000230801,0.00398642,20
23.2354,-0.141594,-0.129131,0.0376991,0.173623,0.333211,0.000114523,0.00398247,14
23.2394,-0.142038,-0.120727,0.0376991,0.203485,0.444126,0.000114023,0.00398632,14
23.2434,-0.142555,-0.114565,0.0376991,0.221397,0.512993,0.000624525,0.00398467,17
23.2474,-0.142998,-0.107842,0.0408407,0.233185,0.602436,0.000142686,0.00398395,13
23.2514,-0.143368,-0.0932766,0.0408407,0.245238,0.675563,0.000151142,0.003984,14
23.2554,-0.143737,-0.0899153,0.0408407,0.254895,0.712594,0.000114343,0.00398623,14
23.2594,-0.144033,-0.0719882,0.0408407,0.260191,0.774117,0.000542672,0.00398717,17
23.2634,-0.144329,-0.0607838,0.0408407,0.259867,0.801341,0.000129491,0.00398255,13
23.2674,-0.144476,-0.0456579,0.0408407,0.25336,0.820304,0.000119352,0.0039845,14
23.2714,-0.144624,-0.0310922,0.0408407,0.240811,0.819566,0.000131836,0.00398593,14
23.2754,-0.144772,-0.0198878,0.0439823,0.211072,0.795702,0.000481659,0.00398641,17
23.2794,-0.144772,-0.00700275,0.0439823,0.185605,0.751921,0.000115445,0.00398346,14
23.2834,-0.144772,0.00812319,0.0439823,0.164971,0.728513,0.000112921,0.00398664,14
23.2874,-0.144772,0.0142856,0.0439823,0.150571,0.700865,0.000122529,0.00398389,14
23.2914,-0.144698,0.0126049,0.0439823,0.144648,0.678799,0.000421407,0.00398613,17
23.2954,-0.144624,0.0159663,0.0408407,0.140533,0.637703,0.000114785,0.00398368,14
23.2994,-0.14455,0.0243696,0.0408407,0.132257,0.634492,0.000115075,0.0039863,14
23.3034,-0.144476,0.0288513,0.0408407,0.124166,0.621742,0.000113622,0.0039868,14
23.3074,-0.144329,0.0322126,0.0408407,0.121165,0.62165,0.000336257,0.00398614,20
23.3114,-0.144181,0.030532,0.0408407,0.106979,0.574778,0.000114685,0.00398397,14
23.3154,-0.144033,0.035574,0.0408407,0.0976633,0.55993,0.000139259,0.00398597,14
23.3194,-0.143885,0.0422966,0.0376991,0.0879488,0.510729,0.000737806,0.00398503,14
23.3234,-0.143737,0.0439773,0.0376991,0.0728488,0.469747,0.000283449,0.00398351,13
23.3274,-0.14359,0.0450977,0.0376991,0.0572695,0.425875,0.000114414,0.00398389,14
23.3314,-0.143368,0.0406159,0.0376991,0.0245148,0.315834,0.000113241,0.00398637,14
23.3354,-0.14322,0.0450977,0.0376991,-0.0102026,0.222782,0.000671984,0.00398642,14
23.3394,-0.142998,0.048459,0.0376991,-0.0436583,0.130818,0.000192058,0.00398397,13
23.3434,-0.142851,0.0439773,0.0376991,-0.0726284,0.0320536,0.000116667,0.00398334,14
23.3474,-0.142629,0.0439773,0.0376991,-0.0938889,-0.0317116,0.000113382,0.00398634,14
23.3514,-0.142481,0.0389353,0.0376991,-0.104216,-0.0755818,0.000604758,0.00398702,17
23.3554,-0.142333,0.0322126,0.0376991,-0.122129,-0.1467,0.000120876,0.0039818,13
23.3594,-0.142259,0.0260502,0.0376991,-0.134375,-0.199413,0.0001124,0.00398643,14
23.3634,-0.142112,0.0159663,0.0376991,-0.139834,-0.241554,0.000115246,0.00398664,14
23.3674,-0.142038,0.0142856,0.0376991,-0.137524,-0.238742,0.000524169,0.00397896,17
23.3714,-0.142038,0.0142856,0.0376991,-0.126605,-0.205745,0.000115646,0.00398332,13
23.3754,-0.141964,0.00308121,0.0376991,-0.106376,-0.173302,0.000113272,0.00398654,14
23.3794,-0.142038,-0.00364143,0.0376991,-0.0762759,-0.0998125,0.000111859,0.00398687,14
23.3834,-0.142038,-0.00196077,0.0376991,-0.0576263,-0.0391265,0.000468585,0.0039867,17
23.3874,-0.142038,-0.00364143,0.0376991,-0.0401203,0.0094484,0.000114444,0.00398334,14
23.3914,-0.142038,-0.00028011,0.0376991,-0.0257203,0.0616199,0.000114654,0.00398615,14
23.3954,-0.142038,-0.00028011,0.0376991,-0.0166689,0.0889727,0.00011227,0.00398662,14
23.3994,-0.142038,0.00140055,0.0376991,-0.0154896,0.0968642,0.000382544,0.00397809,20
23.4034,-0.142038,-0.00028011,0.0376991,-0.00324336,0.129544,0.000116307,0.00398191,14
23.4074,-0.142038,-0.00364143,0.0376991,0.00695911,0.151721,0.000113181,0.0039862,14
23.4114,-0.142038,0.00140055,0.0376991,0.0138566,0.185547,0.000116407,0.00398464,14
23.4154,-0.142038,0.00140055,0.0376991,0.0160471,0.192167,0.000323925,0.00398607,20
23.4194,-0.142038,0.00308121,0.0376991,0.0119889,0.184231,0.000116337,0.00398309,14
23.4234,-0.142038,-0.00196077,0.0376991,-0,0.135018,0.00013944,0.00398654,14
23.4274,-0.142038,0.00476187,0.0376991,-0,0.152329,0.000699816,0.00398658,14
23.4314,-0.142038,0.00308121,0.0376991,-0,0.148001,0.00025171,0.00398342,13
23.4354,-0.142038,0.00644253,0.0376991,-0,0.156656,0.000124552,0.00398312,14
23.4394,-0.142038,0.00140055,0.0408407,-0.0119889,0.14492,0.000115005,0.00398602,14
23.4434,-0.142038,-0.00196077,0.0408407,-0.016047,0.124001,0.000648982,0.00398678,17
23.4474,-0.142038,0.00308121,0.0408407,-0.0138565,0.143604,0.000187851,0.00398359,13
23.4514,-0.142038,-0.00028011,0.0408407,-0.00695904,0.155792,0.000113843,0.00398576,14
23.4554,-0.142038,-0.00700275,0.0408407,0.00324354,0.169314,0.000113021,0.00398655,14
23.4594,-0.142038,0.00812319,0.0408407,0.0154897,0.24527,0.000608065,0.00398652,17
23.4634,-0.142038,-0.00196077,0.0439823,0.0166691,0.260345,0.000115125,0.0039837,13
23.4674,-0.142038,-0.00028011,0.0439823,0.0257203,0.292025,0.000115074,0.00398599,14
23.4714,-0.142038,-0.00028011,0.0439823,0.0401203,0.335541,0.000114012,0.00398682,14
23.4754,-0.142038,0.00308121,0.0471239,0.0456373,0.398345,0.000529408,0.00398588,17
23.4794,-0.142038,-0.00196077,0.0471239,0.0602288,0.429457,0.000118421,0.00398122,14
23.4834,-0.142038,0.00140055,0.0471239,0.0805305,0.499464,0.000113592,0.00398629,14
23.4874,-0.141964,0.00140055,0.0471239,0.103599,0.569336,0.00011244,0.00398665,14
23.4914,-0.141964,0.00308121,0.0471239,0.126911,0.644112,0.000421197,0.00398687,17
23.4954,-0.141964,-0.00196077,0.0471239,0.148364,0.69596,0.000115675,0.00398344,14
23.4994,-0.141964,0.00308121,0.0502655,0.154287,0.764319,0.00011784,0.00398656,14
23.5034,-0.141964,0.00308121,0.0502655,0.163338,0.791671,0.000115005,0.00398662,14
23.5074,-0.14189,0.0159663,0.0502655,0.172995,0.854192,0.000334735,0.00398706,20
23.5114,-0.141816,0.0210082,0.0502655,0.181294,0.892416,0.000138048,0.00398359,14
23.5154,-0.141742,0.0226889,0.0502655,0.186834,0.913647,0.000115125,0.00398596,14
23.5194,-0.141594,0.030532,0.0502655,0.188774,0.940028,0.000677394,0.00398685,14
23.5234,-0.141446,0.0372546,0.0534071,0.174845,0.953044,0.000229028,0.00398363,13
23.5274,-0.141299,0.0406159,0.0534071,0.165247,0.933015,0.000116748,0.00398355,14
23.5314,-0.141151,0.0551816,0.0534071,0.159138,0.952383,0.000114734,0.00398656,14
23.5354,-0.140929,0.0551816,0.0534071,0.156379,0.944529,0.000569934,0.00398634,17
23.5394,-0.140634,0.0619043,0.0534071,0.157531,0.965963,0.000115937,0.00398382,13
23.5434,-0.140412,0.0680667,0.0565487,0.151865,1.00267,0.000113652,0.00398667,14
23.5474,-0.140116,0.0697474,0.0565487,0.139522,0.970342,0.000114724,0.00398699,14
23.5514,-0.139821,0.07647,0.0565487,0.13151,0.964085,0.000473854,0.00398568,17
23.5554,-0.139451,0.0843131,0.0565487,0.127548,0.973114,0.000115866,0.00398364,14
23.5594,-0.139156,0.0876744,0.0565487,0.128058,0.983953,0.000113,0.00398632,14
23.5634,-0.138786,0.100559,0.0565487,0.134159,1.03638,0.000120164,0.00398442,14
23.5674,-0.138343,0.103921,0.0565487,0.147676,1.08684,0.000387834,0.00398549,20
23.5714,-0.137899,0.114005,0.0565487,0.149388,1.11895,0.000120324,0.00398096,14
23.5754,-0.137456,0.118486,0.0565487,0.152546,1.141,0.000138599,0.00398646,14
23.5794,-0.137012,0.12689,0.0565487,0.158973,1.18303,0.00011798,0.00398577,14
23.5834,-0.136495,0.134733,0.0565487,0.149308,1.17515,0.000314006,0.00398693,20
23.5874,-0.135904,0.141455,0.0565487,0.136524,1.15511,0.000116237,0.00398342,14
23.5914,-0.135313,0.146497,0.0565487,0.12202,1.12555,0.00011273,0.0039866,14
23.5954,-0.134721,0.156021,0.0565487,0.10762,1.10785,0.00069651,0.00398619,14
23.5994,-0.133982,0.162744,0.0565487,0.0955666,1.09034,0.000206335,0.00397428,13
23.6034,-0.133391,0.173948,0.0565487,0.0885221,1.0992,0.000115015,0.00398376,14
23.6074,-0.132726,0.173948,0.0565487,0.067829,1.03811,0.000124813,0.00397912,14
23.6114,-0.131987,0.184032,0.0565487,0.0470176,1.0028,0.000604509,0.0039864,17
23.6154,-0.131174,0.191875,0.0565487,0.027911,0.967025,0.000113862,0.00398374,14
23.6194,-0.130509,0.196917,0.0534071,0.0245999,0.933976,0.000114714,0.00398537,14
23.6234,-0.129696,0.200279,0.0534071,0.0195479,0.929136,0.000113101,0.0039867,14
23.6274,-0.128883,0.20476,0.0534071,0.0171001,0.935051,0.000513989,0.00398687,17
23.6314,-0.127923,0.214844,0.0534071,-0,0.911436,0.000126466,0.00398201,14
23.6354,-0.127184,0.222687,0.0534071,-0.0171,0.881566,0.000114304,0.00398597,14
23.6394,-0.126223,0.226049,0.0502655,-0.0195479,0.847442,0.000117048,0.00398643,14
23.6434,-0.125336,0.231091,0.0502655,-0.0246,0.847091,0.00042864,0.00398686,17
23.6474,-0.124301,0.237813,0.0502655,-0.0279109,0.856652,0.000116979,0.00398366,14
23.6514,-0.123415,0.242295,0.0502655,-0.0470177,0.812385,0.000115055,0.00398554,14
23.6554,-0.122454,0.247337,0.0502655,-0.0678288,0.764572,0.000117208,0.00398579,14
23.6594,-0.121493,0.25406,0.0502655,-0.0885221,0.721443,0.000294239,0.00398682,20
23.6634,-0.120385,0.256861,0.0471239,-0.0955664,0.672308,0.000117138,0.00398323,14
23.6674,-0.119424,0.260222,0.0471239,-0.10762,0.646631,0.000119924,0.00398402,14
23.6714,-0.118315,0.266945,0.0471239,-0.12202,0.622842,0.000678376,0.00398697,14
23.6754,-0.117133,0.270306,0.0471239,-0.136524,0.590246,0.000202778,0.00398247,13
23.6794,-0.116172,0.263583,0.0471239,-0.149308,0.536395,0.000113802,0.0039838,14
23.6834,-0.115138,0.273667,0.0439823,-0.146983,0.534165,0.000115645,0.00398542,14
23.6874,-0.114029,0.268625,0.0408407,-0.136499,0.517807,0.000607324,0.00398591,17
23.6914,-0.112847,0.270306,0.0408407,-0.135531,0.527637,0.000115516,0.00398372,13
23.6954,-0.111886,0.274788,0.0408407,-0.140717,0.525601,0.000113652,0.0039862,14
23.6994,-0.110778,0.273667,0.0408407,-0.149392,0.498916,0.000113272,0.00398674,14
23.7034,-0.109521,0.444534,0.0376991,-0.147605,0.909552,0.000551449,0.00398572,17
23.7074,-0.108487,0.270306,0.0376991,-0.154016,0.443806,0.000146704,0.00398235,14
23.7114,-0.107526,0.276468,0.0376991,-0.16638,0.424404,0.000115596,0.00398594,14
23.7154,-0.106417,0.278149,0.0376991,-0.183296,0.380027,0.000116367,0.00398623,14
23.7194,-0.105309,0.274788,0.0376991,-0.204204,0.310606,0.000474826,0.00398656,20
23.7234,-0.104053,0.276468,0.0376991,-0.229384,0.241581,0.000117279,0.00398366,14
23.7274,-0.103092,0.276468,0.0376991,-0.238214,0.216989,0.000113031,0.00398655,14
23.7314,-0.101983,0.268625,0.0345575,-0.230696,0.184452,0.000112801,0.00398676,14
23.7354,-0.100875,0.273667,0.0345575,-0.22745,0.209662,0.000418841,0.00398361,20
23.7394,-0.0997663,0.260222,0.0345575,-0.228196,0.175205,0.000114143,0.00398376,14
23.7434,-0.0987317,0.266945,0.0345575,-0.233493,0.178762,0.000113942,0.00398639,14
23.7474,-0.0976971,0.260222,0.0345575,-0.223002,0.19541,0.000118912,0.00398557,14
23.7514,-0.0966625,0.25574,0.0345575,-0.208993,0.228461,0.000299519,0.00398596,20
23.7554,-0.0956279,0.256861,0.0345575,-0.192446,0.283607,0.000114404,0.00398381,14
23.7594,-0.0946671,0.252379,0.0314159,-0.163054,0.325504,0.000115115,0.00398559,14
23.7634,-0.0936325,0.247337,0.0314159,-0.143121,0.375015,0.000677064,0.00398664,17
23.7674,-0.092524,0.250698,0.0314159,-0.134047,0.413507,0.000215152,0.00398337,13
23.7714,-0.0916372,0.247337,0.0314159,-0.116334,0.460313,0.000122208,0.0039834,14
23.7754,-0.0906765,0.245656,0.0314159,-0.103093,0.498096,0.000115015,0.00398616,14
23.7794,-0.0897158,0.247337,0.0314159,-0.0961439,0.525517,0.000581495,0.00398695,17
23.7834,-0.0886073,0.252379,0.0314159,-0.0980116,0.535272,0.000114934,0.00398381,14
23.7874,-0.0877205,0.250698,0.0314159,-0.111919,0.490849,0.000114894,0.00398568,14
23.7914,-0.0867597,0.249018,0.0314159,-0.12005,0.464044,0.000115005,0.00398672,14
23.7954,-0.0857251,0.247337,0.0314159,-0.115314,0.476284,0.000473524,0.00398676,20
23.7994,-0.0846905,0.245656,0.0314159,-0.110962,0.487363,0.000118662,0.00396289,14
23.8034,-0.0837298,0.249018,0.0314159,-0.108676,0.505022,0.0001124,0.0039866,14
23.8074,-0.0827691,0.154341,0.0314159,-0.110558,0.25764,0.000114434,0.00398602,14
23.8114,-0.0818084,0.237813,0.0314159,-0.0973898,0.514467,0.000357948,0.00398664,20
23.8154,-0.0808477,0.243976,0.0314159,-0.082141,0.578511,0.000115917,0.00398351,14
23.8194,-0.0799609,0.236133,0.0282743,-0.0540845,0.607558,0.000115847,0.00397566,14
23.8234,-0.0790001,0.236133,0.0282743,-0.0346818,0.668286,0.00011244,0.00398689,14
23.8274,-0.0780394,0.242295,0.0282743,-0.0240732,0.718307,0.000298878,0.00398703,20
23.8314,-0.0770048,0.243976,0.0282743,-0.0228194,0.72868,0.000114524,0.00398347,14
23.8354,-0.076118,0.247337,0.0282743,-0.0319015,0.711822,0.00011273,0.00398641,14
23.8394,-0.0751573,0.247337,0.0282743,-0.0309792,0.716704,0.000706178,0.0039863,17
23.8434,-0.0739749,0.263583,0.0282743,-0.0319014,0.758328,0.000213278,0.00398284,13
23.8474,-0.0730881,0.258541,0.0282743,-0.0348083,0.738494,0.000121887,0.00398253,14
23.8514,-0.0720534,0.260222,0.0282743,-0.0401202,0.729025,0.000115695,0.00398634,14
23.8554,-0.0710188,0.260222,0.0282743,-0.0485382,0.705842,0.000602174,0.00398673,17
23.8594,-0.0697625,0.273667,0.0282743,-0.0610435,0.705411,0.000119893,0.00398347,14
23.8634,-0.0688757,0.266945,0.0282743,-0.0788975,0.63608,0.000116417,0.00398628,14
23.8674,-0.0677672,0.271987,0.0282743,-0.0819,0.642406,0.000409304,0.00395652,14
23.8714,-0.0665848,0.271987,0.0282743,-0.0819,0.644984,0.000516504,0.00398502,17
23.8754,-0.0654763,0.278149,0.0282743,-0.0788975,0.672342,0.000118762,0.00398199,14
23.8794,-0.0645155,0.27983,0.0282743,-0.0730325,0.696487,0.000113993,0.00398626,14
23.8834,-0.063407,0.276468,0.0282743,-0.0645854,0.715775,0.000114143,0.00398685,14
23.8874,-0.0622985,0.283191,0.0282743,-0.0539769,0.767561,0.000446493,0.0039871,20
23.8914,-0.0610422,0.288233,0.0282743,-0.0417675,0.820179,0.000116738,0.00398306,14
23.8954,-0.0600076,0.288233,0.0282743,-0.028658,0.862051,0.000111739,0.0039864,14
23.8994,-0.0588252,0.296076,0.0282743,-0.0154896,0.924619,0.000119072,0.00398453,14
23.9034,-0.0576428,0.304479,0.0282743,-0.00324343,0.985842,0.000426717,0.00398374,20
23.9074,-0.0563125,0.157702,0.0251327,0.0189481,0.640383,0.000115986,0.00398323,14
23.9114,-0.055204,0.314003,0.0251327,0.0299037,1.07837,0.000114604,0.00398548,14
23.9154,-0.0539477,0.315684,0.0251327,0.0299037,1.08544,0.000769697,0.00398424,14
23.9194,-0.0523958,0.328569,0.0251327,0.0189482,1.0889,0.000285032,0.00398129,13
23.9234,-0.0512873,0.325768,0.0251327,-0.00324342,1.01704,0.000118471,0.00398313,14
23.9274,-0.050031,0.333611,0.0251327,-0.0154896,1.00296,0.000115596,0.00398616,14
23.9314,-0.0486268,0.342014,0.0251327,-0.028658,0.987869,0.00064816,0.00398457,17
23.9354,-0.0470749,0.35658,0.0251327,-0.0417674,0.989142,0.000186648,0.00398087,13
23.9394,-0.0458186,0.359941,0.0251327,-0.0539768,0.96364,0.000124222,0.0039818,14
23.9434,-0.0443406,0.367784,0.0251327,-0.0645854,0.954999,0.000114043,0.00398671,14
23.9474,-0.0429365,0.372826,0.0219912,-0.0610435,0.94427,0.000574482,0.00398587,17
23.9514,-0.0412367,0.379549,0.0219912,-0.0628503,0.959826,0.000118331,0.00398299,14
23.9554,-0.0399065,0.385711,0.0219912,-0.0680434,0.9629,0.000117188,0.0039865,14
23.9594,-0.0383546,0.389073,0.0219912,-0.0749409,0.954095,0.000116317,0.00398619,14
23.9634,-0.0367288,0.400277,0.0188496,-0.0701519,0.963486,0.000457684,0.00398702,20
23.9674,-0.0350291,0.40868,0.015708,-0.0604859,0.980563,0.000118011,0.00398177,14
23.9714,-0.0334771,0.413722,0.015708,-0.0633397,0.988305,0.000120666,0.00398628,14
23.9754,-0.0318513,0.423246,0.0125664,-0.0629396,0.980105,0.000118461,0.00398669,14
23.9794,-0.0300777,0.511201,0.0125664,-0.0759815,1.17104,0.000383857,0.00398647,20
23.9834,-0.0283041,0.442854,0.0125664,-0.0981199,0.932014,0.000117129,0.00398374,14
23.9874,-0.0266044,0.444534,0.0125664,-0.125711,0.856669,0.000115315,0.00398624,14
23.9914,-0.0248307,0.452377,0.00942478,-0.143821,0.788526,0.000745011,0.00398684,14
23.9954,-0.0227615,0.452377,0.00942478,-0.170128,0.713538,0.000279422,0.00397074,13
23.9994,-0.0211357,0.464142,0.00942478,-0.201407,0.65285,0.000114774,0.00398347,14
24.0034,-0.0193621,0.470305,0.00628319,-0.223288,0.568986,0.000119703,0.00398675,14
24.0074,-0.0174406,0.469184,0.00314159,-0.242158,0.475789,0.000115426,0.00398665,14
24.0114,-0.0155931,0.470305,-0,-0.263565,0.380532,0.000120866,0.00398667,17
24.0154,-0.0136717,0.473666,-0,-0.282605,0.33584,0.000115606,0.00398376,12
24.0194,-0.0118242,0.471985,-0,-0.305658,0.265875,0.000119042,0.00398638,12
24.0234,-0.00990273,0.469184,-0.00314159,-0.31625,0.193365,0.000222395,0.0039871,15
24.0274,-0.0079813,0.475346,-0.00628319,-0.318948,0.167791,0.000128109,0.00398252,12
24.0314,-0.00613378,0.467503,-0.00942478,-0.317758,0.117743,0.000119283,0.00398602,12
24.0354,-0.00428626,0.477027,-0.00942478,-0.328255,0.114573,0.000552381,0.00398334,15
24.0394,-0.00221703,0.470305,-0.0125664,-0.333823,0.0474703,0.000122368,0.0039835,12
24.0434,-0.000517307,0.465823,-0.0125664,-0.351299,-0.0131767,0.000113401,0.00398571,12
24.0474,0.00133022,0.462461,-0.0125664,-0.377459,-0.0968586,0.000111027,0.00398631,12
24.0514,0.00310384,0.452377,-0.015708,-0.398772,-0.220841,0.000300831,0.00398628,15
24.0554,0.00502527,0.449576,-0.015708,-0.413556,-0.268541,0.00011745,0.00398373,12
24.0594,0.00672499,0.449576,-0.015708,-0.431977,-0.320504,0.000111808,0.00398603,12
24.0634,0.00849861,0.437812,-0.0188496,-0.441907,-0.414416,0.000556158,0.00398428,15
24.0674,0.01042,0.436131,-0.0219912,-0.452818,-0.485004,0.000113462,0.00398382,12
24.0714,0.011972,0.423246,-0.0219912,-0.46443,-0.54989,0.000116347,0.00398569,12
24.0754,0.0135978,0.412042,-0.0219912,-0.46671,-0.582086,0.000114994,0.00398614,12
24.0794,0.0152236,0.407,-0.0251327,-0.459236,-0.606415,0.000372255,0.00398696,15
24.0834,0.0169233,0.38235,-0.0251327,-0.441449,-0.612429,0.000136084,0.00397833,12
24.0874,0.0183274,0.369465,-0.0251327,-0.424636,-0.591738,0.000118571,0.00398385,12
24.0914,0.0197316,0.353219,-0.0251327,-0.409779,-0.585613,0.000639594,0.00398624,15
24.0954,0.0212835,0.336972,-0.0251327,-0.39954,-0.593123,0.00020885,0.00398387,9
24.0994,0.0225398,0.335292,-0.0282743,-0.364535,-0.526404,0.000524078,0.00390338,12
24.1034,0.02387,0.30616,-0.0282743,-0.340737,-0.526598,0.000458095,0.00395114,12
24.1074,0.0250524,0.297757,-0.0282743,-0.33207,-0.519469,0.000577328,0.00396974,15
24.1114,0.0262348,0.27983,-0.0282743,-0.3224,-0.53383,0.000129121,0.00398207,12
24.1154,0.0271956,0.273667,-0.0282743,-0.3073,-0.501972,0.000116848,0.00398597,12
24.1194,0.0282302,0.260222,-0.0282743,-0.281923,-0.457649,0.000121196,0.00398598,12
24.1234,0.0292648,0.242295,-0.0282743,-0.262604,-0.443171,0.000223477,0.00398614,15
24.1274,0.0302255,0.232771,-0.0282743,-0.254948,-0.442465,0.000122538,0.00398565,12
24.1314,0.0311123,0.224368,-0.0251327,-0.256072,-0.428091,0.000126185,0.00398585,12
24.1354,0.0319252,0.213164,-0.0251327,-0.242471,-0.414066,0.000522335,0.00398616,15
24.1394,0.032812,0.195237,-0.0251327,-0.211399,-0.364396,0.000137166,0.0039845,12
24.1434,0.033551,0.184032,-0.0251327,-0.180733,-0.298965,0.000118241,0.00398622,12
24.1474,0.0342162,0.170587,-0.0251327,-0.135319,-0.194897,0.000125074,0.00398623,12
24.1514,0.0348813,0.161063,-0.0219912,-0.104462,-0.0872438,0.000349913,0.00398524,15
24.1554,0.0355464,0.150979,-0.0219912,-0.0741289,-0.0200934,0.000126997,0.00398058,12
24.1594,0.0360637,0.144817,-0.0188496,-0.0426965,0.0976307,0.000129682,0.00398631,12
24.1634,0.0366549,0.131932,-0.015708,-0.0208111,0.169355,0.000651185,0.00398634,15
24.1674,0.0372461,0.12689,-0.015708,0.00289636,0.229304,0.000121637,0.00398432,12
24.1714,0.0376895,0.12689,-0.015708,0.0397955,0.341778,0.00011766,0.00398579,12
24.1754,0.0381329,0.123528,-0.015708,0.0912289,0.48952,0.000134271,0.00398235,12
24.1794,0.0386502,0.118486,-0.0125664,0.126911,0.622971,0.000358399,0.00398648,15
24.1834,0.0391675,0.116806,-0.0125664,0.160734,0.721983,0.000120766,0.00398454,12
24.1874,0.0396109,0.125209,-0.0125664,0.207011,0.884436,0.000116357,0.00398598,12
24.1914,0.0401282,0.130251,-0.00942478,0.236718,1.0258,0.000751202,0.00396755,15
24.1954,0.0407933,0.138094,-0.00628319,0.2533,1.13503,0.000169476,0.00397712,9
24.1994,0.0412367,0.136414,-0.00628319,0.27107,1.18537,0.000116478,0.00398542,12
24.2034,0.0418279,0.149859,-0.00314159,0.271451,1.25991,0.000123831,0.00398385,12
24.2074,0.0424192,0.156021,-0.00314159,0.290358,1.3342,0.000404415,0.00398639,15
24.2114,0.0430843,0.166105,-0,0.299187,1.42577,0.000114273,0.003986,12
24.2154,0.0437494,0.17731,-0,0.314353,1.5019,0.000116177,0.00398238,12
24.2194,0.0444145,0.180671,-0,0.331793,1.56471,0.000380941,0.00398622,15
24.2234,0.0452274,0.190195,-0,0.348701,1.6421,0.000118251,0.0039846,12
24.2274,0.0459664,0.20364,-0,0.363537,1.72317,0.00011271,0.00398661,12
24.2314,0.0468532,0.213164,0.00314159,0.364031,1.7886,0.000415977,0.00398664,18
24.2354,0.0478139,0.224368,0.00314159,0.371084,1.84085,0.000116959,0.00398622,14
24.2394,0.0487007,0.242295,0.00314159,0.363515,1.86607,0.000122288,0.0039817,14
24.2434,0.0498093,0.387392,0.00314159,0.353312,2.21128,0.000731075,0.00398655,14
24.2474,0.0509178,0.270306,0.00314159,0.341738,1.87723,0.000242663,0.00398608,13
24.2514,0.0518785,0.292715,0.00314159,0.331315,1.90552,0.000117288,0.00398602,14
24.2554,0.0530609,0.310642,0.00314159,0.325828,1.93768,0.000115836,0.00398671,14
24.2594,0.0543172,0.324087,0.00314159,0.308581,1.92292,0.000584752,0.00398681,17
24.2634,0.0557952,0.348177,-0,0.307897,1.94863,0.00011799,0.00398229,13
24.2674,0.0570515,0.359941,-0,0.287582,1.92027,0.000115245,0.00398635,12
24.2714,0.0585296,0.38235,-0,0.24419,1.85006,0.000601423,0.00397826,15
24.2754,0.0603032,0.397476,-0,0.194896,1.74391,0.000114353,0.00398618,12
24.2794,0.0617073,0.412042,-0,0.145587,1.63547,0.000392171,0.00395406,12
24.2834,0.0636287,0.431649,-0.00314159,0.114841,1.55976,0.000580433,0.00398589,15
24.2874,0.0654024,0.446215,-0.00314159,0.0682843,1.46044,0.00011814,0.00398544,12
24.2914,0.0670282,0.4591,-0.00314159,0.0256159,1.36822,0.00011781,0.00398569,12
24.2954,0.0688757,0.470305,-0.00628319,0.00695457,1.30723,0.000150321,0.00398517,12
24.2994,0.0707971,0.487111,-0.00942478,-0.00882217,1.26954,0.000334634,0.00398634,15
24.3034,0.0728664,0.498315,-0.0125664,-0.0307075,1.19929,0.000113212,0.00398646,12
24.3074,0.0747139,0.505038,-0.0125664,-0.0580817,1.1379,0.000119683,0.00398531,12
24.3114,0.0767831,0.387392,-0.015708,-0.0906056,0.703718,0.00063219,0.00398664,12
24.3154,0.079074,0.521285,-0.0188496,-0.116371,0.93814,0.000145661,0.00398531,9
24.3194,0.0809216,0.524086,-0.0219912,-0.15594,0.792327,0.000116097,0.00398589,12
24.3234,0.0830647,0.530808,-0.0251327,-0.196985,0.652798,0.000113883,0.00398683,12
24.3274,0.0851339,0.539212,-0.0251327,-0.250313,0.517792,0.000443508,0.00398533,15
24.3314,0.0874987,0.539212,-0.0282743,-0.294124,0.353075,0.000114584,0.00398623,12
24.3354,0.0894941,0.545374,-0.0314159,-0.327658,0.234477,0.000116728,0.00398576,12
24.3394,0.0916372,0.552097,-0.0345575,-0.371337,0.086988,0.000246309,0.00397612,12
24.3434,0.0939281,0.550416,-0.0376991,-0.413392,-0.0769117,0.00030539,0.0039831,15
24.3474,0.0961452,0.542013,-0.0376991,-0.465895,-0.252378,0.00015583,0.00398333,12
24.3514,0.0982144,0.542013,-0.0408407,-0.509006,-0.415624,0.000119653,0.00398502,12
24.3554,0.100284,0.53585,-0.0439823,-0.544629,-0.572109,0.000644483,0.00398503,15
24.3594,0.102796,0.63669,-0.0471239,-0.574808,-0.435649,0.000165739,0.00398267,9
24.3634,0.104496,0.522965,-0.0502655,-0.601866,-0.844024,0.000125154,0.00398392,12
24.3674,0.106491,0.498315,-0.0502655,-0.640537,-1.02001,0.000120104,0.00398565,12
24.3714,0.108413,0.482069,-0.0534071,-0.652464,-1.13117,0.000474175,0.00398251,15
24.3754,0.110482,0.457419,-0.0534071,-0.665351,-1.22908,0.000130784,0.00397918,12
24.3794,0.112108,0.446215,-0.0596903,-0.651576,-1.28771,0.000125895,0.0039848,12
24.3834,0.113807,0.418204,-0.0596903,-0.649716,-1.35051,0.000118722,0.00398571,12
24.3874,0.115433,0.397476,-0.0628318,-0.64554,-1.4252,0.000313565,0.00398613,15
24.3914,0.117059,0.371146,-0.0628318,-0.637646,-1.4656,0.000121186,0.00398251,12
24.3954,0.118463,0.348177,-0.0628318,-0.637462,-1.52112,0.000125575,0.00398547,12
24.3994,0.119793,0.324087,-0.0659734,-0.635102,-1.6106,0.000585933,0.00397543,15
24.4034,0.121198,0.304479,-0.0659734,-0.63351,-1.65321,0.000132057,0.00398033,12
24.4074,0.122158,0.271987,-0.0659734,-0.626717,-1.71426,0.000118491,0.00398523,12
24.4114,0.123193,0.243976,-0.0659734,-0.609455,-1.73197,0.000132808,0.0039816,12
24.4154,0.124154,0.222687,-0.0659734,-0.598761,-1.75237,0.000376412,0.00398588,15
24.4194,0.124967,0.191875,-0.0659734,-0.58032,-1.77421,0.000123932,0.00398219,12
24.4234,0.125632,0.161063,-0.0659734,-0.552229,-1.76721,0.000125023,0.0039854,12
24.4274,0.126223,0.12857,-0.0659734,-0.512866,-1.73063,0.000651886,0.00398602,15
24.4314,0.12674,0.0988788,-0.0628318,-0.472736,-1.64721,0.000124002,0.00398185,9
24.4354,0.126962,0.0697474,-0.0628318,-0.432179,-1.59918,0.000120034,0.00398524,12
24.4394,0.127184,0.0439773,-0.0628318,-0.381227,-1.51108,0.000121938,0.00398532,12
24.4434,0.127331,0.0126049,-0.0596903,-0.33361,-1.41016,0.000422619,0.00398626,15
24.4474,0.127257,-0.0114845,-0.0565487,-0.282718,-1.28108,0.000122699,0.0039826,12
24.4514,0.127184,-0.0294115,-0.0534071,-0.223061,-1.10965,0.00012323,0.00397623,12
24.4554,0.127036,-0.0394955,-0.0534071,-0.159746,-0.944601,0.000127227,0.00398532,12
24.4594,0.126888,-0.0490192,-0.0502655,-0.0985778,-0.747122,0.000263381,0.00398015,15
24.4634,0.126666,-0.0574225,-0.0502655,-0.0241811,-0.544419,0.000126375,0.00398128,12
24.4674,0.126445,-0.0669463,-0.0471239,0.0466299,-0.317961,0.000129792,0.00398281,12
24.4714,0.126149,-0.0635849,-0.0408407,0.106655,-0.0536039,0.00059996,0.00398376,15
24.4754,0.125853,-0.0635849,-0.0408407,0.170988,0.140164,0.000127138,0.00398075,12
24.4794,0.125632,-0.0635849,-0.0376991,0.233403,0.365774,0.000121978,0.00398512,12
24.4834,0.12541,-0.0635849,-0.0376991,0.288235,0.53099,0.000121406,0.00398564,12
24.4874,0.125188,-0.0557419,-0.0314159,0.34027,0.782906,0.000436675,0.00398578,15
24.4914,0.124967,-0.0456579,-0.0282743,0.383291,0.975871,0.000161411,0.00398093,12
24.4954,0.124819,-0.0361342,-0.0282743,0.446482,1.19103,0.00012305,0.0039849,12
24.4994,0.124671,-0.0249298,-0.0251327,0.494934,1.40346,0.000121948,0.00398574,12
24.5034,0.124671,-0.00980385,-0.0251327,0.539173,1.5761,0.000246149,0.00398525,15
24.5074,0.124671,0.0126049,-0.0219912,0.579422,1.7929,0.000137987,0.0039785,12
24.5114,0.124745,0.0260502,-0.0219912,0.617723,1.94343,0.000120856,0.00398506,12
24.5154,0.124819,0.035574,-0.0188496,0.636342,2.06186,0.000534378,0.00398055,15
24.5194,0.12504,0.0568623,-0.015708,0.639424,2.16395,0.000128049,0.00398219,12
24.5234,0.125262,0.0680667,-0.015708,0.643385,2.20525,0.000126326,0.00398503,12
24.5274,0.125632,0.0893551,-0.015708,0.64514,2.26618,0.000119864,0.00398574,12
24.5314,0.126001,0.112324,-0.015708,0.64385,2.32223,0.000267189,0.00398372,15
24.5354,0.126518,0.131932,-0.015708,0.640915,2.36498,0.000122138,0.00398247,12
24.5394,0.127036,0.144817,-0.0125664,0.606249,2.332,0.000122489,0.00398558,12
24.5434,0.127701,0.170587,-0.0125664,0.575686,2.30745,0.000521233,0.0039856,15
24.5474,0.128514,0.195237,-0.0125664,0.55357,2.30586,0.0001282,0.00398281,12
24.5514,0.129327,0.319045,-0.0125664,0.524749,2.53933,0.000122148,0.00398515,12
24.5554,0.130066,0.227729,-0.0125664,0.486337,2.18973,0.000118341,0.00398598,12
24.5594,0.1311,0.250698,-0.0125664,0.43559,2.09777,0.00027891,0.00398579,15
24.5634,0.132135,0.271987,-0.0125664,0.391505,2.02162,0.00012309,0.00398189,12
24.5674,0.133243,0.288233,-0.015708,0.353161,1.91252,0.000126456,0.00398516,12
24.5714,0.134426,0.302799,-0.015708,0.321316,1.85637,0.000531471,0.00398328,15
24.5754,0.13583,0.317364,-0.015708,0.286285,1.79108,0.000123932,0.00398254,12
24.5794,0.137012,0.33193,-0.0188496,0.240194,1.6544,0.000132708,0.00398368,12
24.5834,0.138417,0.354899,-0.0219912,0.208203,1.58245,0.00012311,0.00398539,12
24.5874,0.139821,0.367784,-0.0251327,0.172553,1.47348,0.000340706,0.00398622,15
24.5914,0.141446,0.38235,-0.0251327,0.137928,1.4099,0.000124532,0.00398217,12
24.5954,0.142924,0.401958,-0.0282743,0.0878327,1.27474,0.000118501,0.00398528,12
24.5994,0.14455,0.416523,-0.0314159,0.0282053,1.09813,0.000658529,0.00398605,15
24.6034,0.146472,0.424927,-0.0345575,-0.0252612,0.924903,0.000126646,0.00396816,9
24.6074,0.14795,0.437812,-0.0376991,-0.0889236,0.731442,0.00011747,0.00398547,12
24.6114,0.149723,0.439492,-0.0376991,-0.157817,0.531444,0.000121797,0.00398515,12
24.6154,0.151497,0.455739,-0.0408407,-0.227536,0.328977,0.000494413,0.00398615,15
24.6194,0.153492,0.454058,-0.0439823,-0.28239,0.125757,0.00013383,0.00397803,12
24.6234,0.155118,0.460781,-0.0471239,-0.339435,-0.0632539,0.000145331,0.00398545,12
24.6274,0.156892,0.452377,-0.0502655,-0.404862,-0.316219,0.000119183,0.00398598,12
24.6314,0.158739,0.449576,-0.0502655,-0.476508,-0.535916,0.00035884,0.00398555,15
24.6354,0.160587,0.437812,-0.0534071,-0.532012,-0.76739,0.000120504,0.00397642,12
24.6394,0.162213,0.426607,-0.0565487,-0.570475,-0.946405,0.000128721,0.00398489,12
24.6434,0.163912,0.413722,-0.0596903,-0.590855,-1.07494,0.000662577,0.00398586,12
24.6474,0.16576,0.399157,-0.0628318,-0.613855,-1.2154,0.000154388,0.00398238,9
24.6514,0.16709,0.379549,-0.0628318,-0.640537,-1.34362,0.000125244,0.00398359,12
24.6554,0.168568,0.358261,-0.0659734,-0.652464,-1.46874,0.000122248,0.00398416,12
24.6594,0.169972,0.340334,-0.069115,-0.653362,-1.55203,0.000472943,0.00398596,15
24.6634,0.171376,0.312323,-0.0722566,-0.647518,-1.64091,0.000124383,0.00398226,12
24.6674,0.172411,0.284872,-0.0722566,-0.651907,-1.7226,0.000124723,0.00398418,12
24.6714,0.173519,0.266945,-0.0753982,-0.652437,-1.80543,0.000118601,0.0039861,12
24.6754,0.17448,0.238934,-0.0753982,-0.647848,-1.86159,0.000296253,0.00398557,15
24.6794,0.175441,0.198598,-0.0753982,-0.649708,-1.96898,0.000124322,0.00398245,12
24.6834,0.176106,0.173948,-0.0753982,-0.66026,-2.06289,0.000118872,0.0039857,12
24.6874,0.176771,0.144817,-0.0785398,-0.650678,-2.14497,0.000645675,0.00398507,15
24.6914,0.177288,0.108963,-0.0785398,-0.636736,-2.19403,0.000127909,0.00398285,12
24.6954,0.177658,0.07647,-0.0785398,-0.613166,-2.20567,0.000120325,0.00398527,12
24.6994,0.17788,0.0422966,-0.0753982,-0.608994,-2.2431,0.000125364,0.00398561,12
24.7034,0.177954,0.00644253,-0.0753982,-0.589986,-2.27781,0.000402692,0.00398609,15
24.7074,0.17788,-0.0266104,-0.0753982,-0.55592,-2.26014,0.000126656,0.00398237,12
24.7114,0.177732,-0.0490192,-0.0753982,-0.506716,-2.16947,0.000130313,0.0039833,12
24.7154,0.177436,-0.0798313,-0.0722566,-0.454281,-2.05352,0.000120605,0.0039854,12
24.7194,0.177067,-0.106162,-0.069115,-0.412205,-1.9575,0.000226453,0.00398552,15
24.7234,0.176549,-0.132492,-0.0659734,-0.363711,-1.8424,0.000130974,0.00398,12
24.7274,0.175958,-0.151539,-0.0659734,-0.293284,-1.67991,0.000127979,0.00398528,12
24.7314,0.175367,-0.169466,-0.0628318,-0.218297,-1.46327,0.000522836,0.00398619,15
24.7354,0.174554,-0.189074,-0.0628318,-0.123237,-1.22827,0.00012276,0.0039827,12
24.7394,0.173815,-0.202519,-0.0596903,-0.0467973,-0.996024,0.000118962,0.00398517,12
24.7434,0.173002,-0.213724,-0.0534071,0.0134257,-0.769702,0.000120595,0.00398478,12
24.7474,0.172115,-0.215404,-0.0502655,0.079477,-0.538881,0.000374459,0.00398411,15
24.7514,0.171229,-0.218766,-0.0502655,0.163788,-0.294685,0.000152274,0.00398157,12
24.7554,0.170416,-0.217085,-0.0471239,0.247303,-0.00227495,0.000136375,0.00397248,12
24.7594,0.169529,-0.222127,-0.0439823,0.311525,0.214362,0.000124713,0.00398451,12
24.7634,0.168642,-0.213724,-0.0376991,0.358579,0.451217,0.000238395,0.003986,15
24.7674,0.167829,-0.205321,-0.0376991,0.423481,0.667214,0.000126346,0.00398198,12
24.7715,0.167016,-0.200839,-0.0345575,0.488995,0.91244,0.000122008,0.00398521,12
24.7754,0.166277,-0.187394,-0.0314159,0.53943,1.13534,0.000552932,0.00398555,15
24.7794,0.165464,-0.169466,-0.0282743,0.592684,1.37814,0.00012318,0.00398189,12
24.7834,0.164873,-0.156581,-0.0251327,0.634887,1.57504,0.000124082,0.00398565,12
24.7874,0.164282,-0.142016,-0.0251327,0.676426,1.73678,0.000126596,0.00398575,12
24.7915,0.163838,-0.112884,-0.0251327,0.708191,1.90682,0.000383586,0.00398607,15
24.7955,0.163395,-0.0899153,-0.0219912,0.733066,2.07765,0.000124904,0.0039823,12
24.7994,0.163099,-0.0719882,-0.0219912,0.756319,2.19343,0.000119833,0.00398515,12
24.8034,0.162878,-0.0445375,-0.0188496,0.763999,2.32432,0.000661865,0.00397694,12
24.8074,0.162804,-0.00980385,-0.0188496,0.754843,2.38593,0.000153878,0.00398228,9
24.8115,0.162804,0.0126049,-0.015708,0.728291,2.40087,0.000164778,0.00398493,12
24.8155,0.162878,0.0322126,-0.015708,0.706226,2.38484,0.000130544,0.00398431,12
24.8195,0.163099,0.053501,-0.015708,0.691451,2.39549,0.000426696,0.00398584,15
24.8235,0.163395,0.07647,-0.015708,0.667691,2.38347,0.000130704,0.00398243,12
24.8274,0.163691,0.0960777,-0.015708,0.631359,2.32481,0.000133099,0.00398197,12
24.8315,0.164134,0.120167,-0.015708,0.579432,2.23089,0.000638472,0.00398562,15
24.8355,0.164725,0.146497,-0.0188496,0.543035,2.15251,0.000132558,0.00398223,9
24.8395,0.165316,0.154341,-0.0188496,0.489899,2.01342,0.000130754,0.00398518,12
24.8435,0.165982,0.17899,-0.0219912,0.455356,1.93648,0.000126206,0.0039854,12
24.8475,0.166721,0.196917,-0.0219912,0.411059,1.85039,0.000424823,0.00398492,15
24.8515,0.167607,0.221567,-0.0219912,0.340513,1.7026,0.000129502,0.00398245,12
24.8555,0.168494,0.234452,-0.0251327,0.270698,1.48926,0.000122829,0.00398476,12
24.8595,0.169455,0.249018,-0.0251327,0.205877,1.33297,0.000124202,0.00398579,12
24.8635,0.170416,0.258541,-0.0282743,0.151437,1.1576,0.000257119,0.00398555,15
24.8675,0.171524,0.271987,-0.0282743,0.0920024,1.01503,0.000123631,0.00398234,12
24.8715,0.172633,0.278149,-0.0314159,0.0230648,0.787507,0.000130022,0.00396966,12
24.8755,0.173741,0.286552,-0.0345575,-0.0275539,0.621117,0.000573941,0.00398539,15
24.8795,0.175071,0.292715,-0.0376991,-0.0756495,0.457065,0.000124582,0.00398272,12
24.8835,0.176106,0.294396,-0.0376991,-0.137018,0.278196,0.000152906,0.00398531,12
24.8875,0.177215,0.291594,-0.0408407,-0.195826,0.0582056,0.000123511,0.00398587,12
24.8915,0.178397,0.294396,-0.0439823,-0.258405,-0.158591,0.000414373,0.00398582,15
24.8955,0.179653,0.284872,-0.0471239,-0.310043,-0.373899,0.000132397,0.00398181,12
24.8995,0.180762,0.286552,-0.0502655,-0.347036,-0.516422,0.000127287,0.00398488,12
24.9035,0.18187,0.278149,-0.0502655,-0.398571,-0.691381,0.000130684,0.00398201,12
24.9075,0.182905,0.263583,-0.0534071,-0.429456,-0.857442,0.000242112,0.00398608,15
24.9115,0.184013,0.256861,-0.0565487,-0.459412,-1.00034,0.000122649,0.00398148,12
24.9155,0.1849,0.237813,-0.0596903,-0.475971,-1.13497,0.000122309,0.00398535,12
24.9195,0.185861,0.218206,-0.0628318,-0.500255,-1.29422,0.000571497,0.00398257,15
24.9235,0.186748,0.195237,-0.0628318,-0.533606,-1.45222,0.000128951,0.00398245,12
24.9275,0.187339,0.17731,-0.0628318,-0.569717,-1.60622,0.000126877,0.0039851,12
24.9315,0.188004,0.149859,-0.0628318,-0.604383,-1.78021,0.000131135,0.00398222,12
24.9355,0.188521,0.116806,-0.0659734,-0.623512,-1.95948,0.000376262,0.00398226,15
24.9395,0.188965,0.0910357,-0.0659734,-0.647024,-2.09592,0.000130634,0.00397735,12
24.9435,0.18926,0.0619043,-0.0659734,-0.653598,-2.19016,0.000118912,0.00398466,12
24.9475,0.189408,0.0226889,-0.0659734,-0.655923,-2.29784,0.000620678,0.00398438,15
24.9515,0.189408,-0.0215685,-0.0659734,-0.63506,-2.34875,0.000124803,0.0039817,12
24.9555,0.18926,-0.0327729,-0.0659734,-0.605943,-2.28993,0.000121858,0.00398462,12
24.9595,0.189039,-0.0624645,-0.0659734,-0.573477,-2.26876,0.000120585,0.00398556,12
24.9635,0.188743,-0.0915959,-0.0659734,-0.522789,-2.19124,0.000382203,0.00398566,15
24.9675,0.1883,-0.119047,-0.0659734,-0.472736,-2.11163,0.000126636,0.00397959,12
24.9715,0.187782,-0.142016,-0.0628318,-0.422256,-1.98188,0.000120706,0.003985,12
24.9755,0.187117,-0.168346,-0.0628318,-0.371968,-1.89916,0.000119152,0.00398507,12
24.9795,0.186452,-0.190755,-0.0628318,-0.312045,-1.77723,0.000212486,0.00398589,15
24.9835,0.185639,-0.205321,-0.0596903,-0.256217,-1.61032,0.000119012,0.00398237,12
24.9875,0.184752,-0.224928,-0.0596903,-0.185744,-1.44977,0.000120114,0.00398504,12
24.9915,0.183866,-0.233332,-0.0534071,-0.148508,-1.28587,0.000501015,0.00398565,15
24.9955,0.182831,-0.242855,-0.0534071,-0.0958237,-1.15343,0.000120324,0.00398205,12
24.9995,0.181944,-0.246217,-0.0502655,-0.045205,-0.973578,0.000119754,0.00398535,12
25.0035,0.18091,-0.259102,-0.0502655,0.0191436,-0.814553,0.000119313,0.00397667,12
25.0075,0.179875,-0.259102,-0.0471239,0.0809691,-0.592497,0.000297786,0.00398507,15
25.0115,0.178766,-0.265824,-0.0408407,0.112029,-0.443408,0.000122248,0.00398251,12
25.0155,0.177732,-0.265824,-0.0408407,0.160029,-0.300609,0.000163575,0.0039828,12
25.0195,0.176697,-0.265824,-0.0376991,0.207594,-0.121649,0.000618314,0.0039858,15
25.0235,0.175515,-0.274228,-0.0376991,0.271782,0.048107,0.000124402,0.00398224,12
25.0275,0.174554,-0.265824,-0.0345575,0.338721,0.307416,0.000127398,0.00398547,12
25.0315,0.173519,-0.25462,-0.0314159,0.395664,0.543566,0.000121998,0.003986,12
25.0355,0.172485,-0.251259,-0.0282743,0.441289,0.725322,0.000467803,0.00398093,15
25.0395,0.17145,-0.247897,-0.0282743,0.485846,0.866369,0.000125033,0.00398262,12
25.0435,0.170563,-0.238374,-0.0251327,0.529134,1.05725,0.000125604,0.00398469,12
25.0475,0.169677,-0.220446,-0.0251327,0.572636,1.23294,0.000123861,0.00398538,12
25.0515,0.168864,-0.202519,-0.0219912,0.597916,1.3912,0.00028389,0.00398621,15
25.0555,0.168051,-0.17955,-0.0219912,0.620269,1.51612,0.000130263,0.00398202,12
25.0595,0.167386,-0.161623,-0.0219912,0.635207,1.60598,0.000126496,0.00398483,12
25.0635,0.166794,-0.140335,-0.0188496,0.62822,1.67587,0.000583359,0.00398516,15
25.0675,0.166277,-0.115685,-0.015708,0.606677,1.71059,0.000123381,0.00398251,12
25.0715,0.165908,-0.0932766,-0.015708,0.590218,1.71774,0.000121877,0.00398491,12
25.0755,0.165612,-0.0719882,-0.015708,0.578983,1.73796,0.000119894,0.00398545,12
25.0795,0.16539,-0.0490192,-0.015708,0.553613,1.71996,0.000332661,0.00398505,15
25.0835,0.165243,-0.0277309,-0.015708,0.52876,1.69935,0.000124383,0.00398082,12
25.0875,0.165169,-0.00532209,-0.015708,0.50919,1.69775,0.000119022,0.00398532,12
25.0915,0.165243,0.0109243,-0.015708,0.480029,1.65162,0.000544075,0.00398572,15
25.0955,0.165316,0.030532,-0.015708,0.460275,1.64257,0.000128851,0.00398263,12
25.0995,0.165464,0.0406159,-0.015708,0.415416,1.5333,0.000120965,0.00398541,12
25.1035,0.165612,0.0568623,-0.0188496,0.388425,1.45641,0.000120074,0.00398564,12
25.1075,0.165834,0.0630247,-0.0219912,0.358322,1.34431,0.000329755,0.00398551,15
25.1115,0.166203,0.0781507,-0.0219912,0.327267,1.29022,0.00012347,0.00398179,12
25.1155,0.166499,0.0843131,-0.0219912,0.286696,1.18413,0.0001177,0.00398564,12
25.1195,0.166868,0.10224,-0.0251327,0.229576,1.02101,0.000624335,0.00398549,15
25.1235,0.167386,0.112324,-0.0251327,0.169638,0.86697,0.000120835,0.00398263,12
25.1275,0.167829,0.120167,-0.0251327,0.0973357,0.669636,0.000120024,0.00398398,12
25.1315,0.168346,0.130251,-0.0282743,0.0475794,0.508891,0.000119734,0.00398535,12
25.1355,0.168864,0.136414,-0.0282743,-0.00979844,0.352493,0.000414353,0.00398597,15
25.1395,0.169455,0.134733,-0.0314159,-0.0607873,0.157891,0.000124953,0.00398205,12
25.1435,0.169898,0.136414,-0.0345575,-0.112979,-0.0320114,0.00011783,0.00398535,12
25.1475,0.170416,0.133052,-0.0345575,-0.164351,-0.194785,0.000122829,0.00398493,12
25.1515,0.170933,0.12857,-0.0376991,-0.213164,-0.390185,0.000298647,0.00398376,15
25.1555,0.17145,0.115125,-0.0376991,-0.258097,-0.559462,0.000404536,0.00393743,12
25.1595,0.171968,0.110643,-0.0408407,-0.298389,-0.729113,0.000388405,0.00395343,12
25.1635,0.172337,0.0927164,-0.0408407,-0.333982,-0.88203,0.000554044,0.00398528,15
25.1675,0.172707,0.0826324,-0.0439823,-0.343916,-0.974687,0.000115165,0.00398304,12
25.1715,0.173002,0.0731087,-0.0471239,-0.349734,-1.05362,0.000115887,0.00398656,12
25.1755,0.173224,0.0619043,-0.0471239,-0.374099,-1.15562,0.000124993,0.00398334,12
25.1795,0.173446,0.0389353,-0.0502655,-0.387428,-1.29204,0.000365563,0.00398677,15
25.1835,0.173519,0.0193276,-0.0502655,-0.405435,-1.39678,0.000121556,0.00398322,12
25.1875,0.173593,-0.00196077,-0.0502655,-0.423634,-1.50644,0.000111478,0.00398607,12
25.1915,0.173519,-0.0165265,-0.0502655,-0.439082,-1.59079,0.000629856,0.00398672,15
25.1955,0.173372,-0.0361342,-0.0502655,-0.450377,-1.67573,0.000114103,0.00398328,12
25.1995,0.173224,-0.0490192,-0.0502655,-0.457659,-1.73124,0.000124712,0.0039852,12
25.2035,0.173002,-0.0652656,-0.0502655,-0.462611,-1.78852,0.000114073,0.00397766,12
25.2075,0.172707,-0.0848733,-0.0502655,-0.468455,-1.85731,0.000388034,0.00398614,15
25.2115,0.172263,-0.1028,-0.0502655,-0.458217,-1.8735,0.000141123,0.00398345,12
25.2155,0.171894,-0.120727,-0.0502655,-0.426488,-1.82458,0.000111949,0.00398615,12
25.2195,0.171376,-0.142016,-0.0502655,-0.389042,-1.76737,0.000648991,0.00398694,15
25.2235,0.170637,-0.169466,-0.0502655,-0.350925,-1.72447,0.000135292,0.00398313,9
25.2275,0.170046,-0.17787,-0.0502655,-0.296702,-1.58354,0.000117018,0.00398601,12
25.2315,0.169307,-0.192435,-0.0502655,-0.243971,-1.46331,0.000113111,0.00398635,12
25.2355,0.168494,-0.210363,-0.0502655,-0.199458,-1.37672,0.000421216,0.00398657,15
25.2395,0.167534,-0.215404,-0.0471239,-0.16126,-1.23889,0.000121367,0.00398359,12
25.2435,0.166721,-0.22829,-0.0471239,-0.128456,-1.17471,0.000119433,0.00398459,12
25.2475,0.165834,-0.235012,-0.0471239,-0.0889749,-1.07464,0.000110496,0.0039866,12
25.2515,0.164799,-0.247897,-0.0439823,-0.0536031,-0.965708,0.00023587,0.00398446,15
25.2555,0.163838,-0.247897,-0.0408407,-0.033688,-0.870143,0.000116538,0.00398398,12
25.2595,0.162878,-0.25462,-0.0408407,0.00290087,-0.778978,0.00011257,0.00398617,12
25.2635,0.161843,-0.257421,-0.0376991,0.0225137,-0.691701,0.000557991,0.003987,15
25.2675,0.160661,-0.260782,-0.0376991,0.057,-0.598717,0.000124562,0.00398315,12
25.2715,0.159774,-0.267505,-0.0376991,0.084699,-0.534256,0.000116267,0.00398543,12
25.2755,0.158665,-0.265824,-0.0345575,0.105832,-0.431004,0.000141003,0.00398685,12
25.2795,0.157631,-0.262463,-0.0314159,0.130654,-0.312116,0.000378235,0.00398673,15
25.2835,0.156522,-0.265824,-0.0314159,0.160228,-0.233818,0.00011778,0.00398385,12
25.2875,0.155562,-0.384591,-0.0282743,0.196316,-0.395197,0.000116187,0.00398503,12
25.2915,0.154527,-0.257421,-0.0282743,0.241523,0.0666168,0.000121307,0.00398463,12
25.2955,0.153492,-0.256301,-0.0251327,0.277692,0.214025,0.000207126,0.00398696,15
25.2995,0.152458,-0.251259,-0.0251327,0.319557,0.351267,0.000113983,0.00398374,12
25.3035,0.151497,-0.241175,-0.0251327,0.361231,0.501075,0.000117379,0.00398661,12
25.3075,0.15061,-0.22997,-0.0251327,0.397947,0.638947,0.000477361,0.00398634,15
25.3115,0.149649,-0.223248,-0.0251327,0.426061,0.739124,0.000116468,0.00398378,12
25.3155,0.148837,-0.210363,-0.0219912,0.431062,0.82312,0.000125444,0.00398487,12
25.3195,0.148024,-0.194116,-0.0219912,0.431467,0.864406,0.000110947,0.00398668,12
25.3235,0.147285,-0.182912,-0.0219912,0.425314,0.873051,0.000283619,0.00398679,15
25.3275,0.14662,-0.161623,-0.0219912,0.411902,0.885887,0.000113803,0.0039833,12
25.3315,0.146028,-0.147058,-0.0188496,0.379803,0.862577,0.000117379,0.00398627,12
25.3355,0.145437,-0.135293,-0.0188496,0.350758,0.80381,0.000546921,0.00398675,15
25.3395,0.14492,-0.117366,-0.0188496,0.32617,0.774539,0.000122619,0.00398378,12
25.3435,0.144476,-0.106162,-0.0188496,0.308842,0.750059,0.000121818,0.00398623,12
25.3475,0.144107,-0.10112,-0.0188496,0.281237,0.678814,0.000112179,0.0039869,12
25.3515,0.143737,-0.081512,-0.0188496,0.258988,0.661262,0.000271737,0.00398418,15
25.3555,0.143442,-0.0703076,-0.0188496,0.247002,0.653246,0.000117619,0.00398276,12
25.3595,0.14322,-0.0624645,-0.0188496,0.229704,0.620684,0.000118421,0.00398643,12
25.3635,0.142998,-0.0506999,-0.0219912,0.214796,0.567967,0.000520021,0.00398598,15
25.3675,0.142777,-0.0344535,-0.0219912,0.198974,0.561503,0.00011815,0.00398122,12
25.3715,0.142703,-0.0249298,-0.0251327,0.179773,0.490365,0.000114925,0.00398602,12
25.3755,0.142555,-0.0182071,-0.0251327,0.155431,0.433791,0.000111628,0.00398602,12
25.3795,0.142555,-0.00364143,-0.0251327,0.134497,0.408035,0.000328022,0.00398679,15
25.3835,0.142555,0.00308121,-0.0251327,0.10434,0.334214,0.000113311,0.0039834,12
25.3875,0.142555,0.0142856,-0.0282743,0.0749069,0.236641,0.000116357,0.00398664,12
25.3915,0.142629,0.00924363,-0.0282743,0.0444334,0.13173,0.000626068,0.0039867,15
25.3955,0.142629,0.00812319,-0.0314159,0.0112967,-0.00876978,0.000112551,0.00398401,9
25.3995,0.142703,0.00308121,-0.0314159,-0.0261264,-0.134683,0.000118341,0.00398638,12
25.4035,0.142703,0.00812319,-0.0345575,-0.069599,-0.290549,0.00013367,0.00396967,12
25.4075,0.142703,0.00308121,-0.0345575,-0.121165,-0.459362,0.000459407,0.0039855,15
25.4115,0.142703,-0.00532209,-0.0376991,-0.161546,-0.640507,0.000114944,0.00398256,12
25.4155,0.142703,-0.00532209,-0.0376991,-0.203794,-0.768179,0.000117258,0.00398632,12
25.4195,0.142629,-0.00196077,-0.0376991,-0.239778,-0.868429,0.00011281,0.00398651,12
25.4235,0.142629,-0.00364143,-0.0408407,-0.271684,-1.00665,0.000285273,0.00398709,15
25.4275,0.142629,-0.0131652,-0.0408407,-0.302394,-1.12398,0.000114994,0.00398351,12
25.4315,0.142555,-0.0182071,-0.0408407,-0.325882,-1.2081,0.000116327,0.00398338,12
25.4355,0.142481,-0.0266104,-0.0439823,-0.324972,-1.26463,0.000577257,0.0039864,15
25.4395,0.142333,-0.0327729,-0.0439823,-0.336982,-1.31711,0.000113692,0.00398363,12
25.4435,0.142185,-0.0411762,-0.0471239,-0.334708,-1.36968,0.000114284,0.00398645,12
25.4475,0.141964,-0.0523805,-0.0471239,-0.335969,-1.40282,0.000113432,0.00398668,12
25.4515,0.141742,-0.0624645,-0.0502655,-0.326111,-1.43696,0.00038544,0.00398723,15
25.4555,0.141373,-0.081512,-0.0502655,-0.323654,-1.47938,0.000114323,0.00398286,12
25.4595,0.141077,-0.0882346,-0.0502655,-0.326774,-1.50677,0.000110306,0.00398656,12
25.4635,0.140707,-0.0977584,-0.0502655,-0.335052,-1.55711,0.00064295,0.00398696,15
25.4675,0.14019,-0.115685,-0.0502655,-0.349469,-1.64797,0.000113692,0.00398315,9
25.4715,0.139821,-0.122408,-0.0502655,-0.350665,-1.6697,0.000139851,0.00398664,12
25.4755,0.139303,-0.136974,-0.0502655,-0.352451,-1.71373,0.00012291,0.00398502,12
25.4795,0.138712,-0.151539,-0.0502655,-0.33617,-1.70332,0.000410426,0.00398659,15
25.4835,0.138047,-0.168346,-0.0502655,-0.316193,-1.68768,0.000117269,0.0039833,12
25.4875,0.137382,-0.17955,-0.0502655,-0.296025,-1.65703,0.000111217,0.00398627,12
25.4915,0.136643,-0.190755,-0.0502655,-0.280291,-1.63995,0.000119073,0.00398667,12
25.4955,0.13583,-0.205321,-0.0502655,-0.252995,-1.59674,0.000155009,0.00398693,15
25.4995,0.134943,-0.215404,-0.0502655,-0.231035,-1.55828,0.000113011,0.00398628,12
25.5035,0.134056,-0.236693,-0.0502655,-0.198554,-1.51687,0.00011237,0.00398692,12
25.5075,0.133096,-0.247897,-0.0502655,-0.172447,-1.46892,0.000430353,0.00398666,15
25.5115,0.131987,-0.262463,-0.0502655,-0.136719,-1.40087,0.000119904,0.00398374,12
25.5155,0.131026,-0.272547,-0.0502655,-0.107986,-1.3421,0.000112971,0.00398578,12
25.5195,0.129918,-0.275348,-0.0502655,-0.0698312,-1.23643,0.000113321,0.00398581,12
25.5235,0.128735,-0.283751,-0.0471239,-0.0502979,-1.16414,0.000236271,0.0039857,15
25.5275,0.127553,-0.296636,-0.0471239,-0.0340921,-1.15092,0.000121186,0.00398344,12
25.5315,0.126371,-0.30504,-0.0471239,-0.00633995,-1.09127,0.000110997,0.00398642,12
25.5355,0.125188,-0.30504,-0.0439823,0.00365394,-1.02617,0.000529769,0.00398609,15
25.5395,0.123784,-0.314563,-0.0408407,-0.00178641,-1.03272,0.000120645,0.00398385,12
25.5435,0.122676,-0.317925,-0.0408407,0.0114314,-1.00385,0.000111478,0.00398637,12
25.5475,0.121345,-0.326328,-0.0408407,0.0238894,-0.99074,0.000117399,0.00398593,12
25.5515,0.120015,-0.335852,-0.0376991,0.0380517,-0.937889,0.00034812,0.00398647,15
25.5555,0.118611,-0.344255,-0.0376991,0.0566628,-0.906346,0.000125704,0.00398332,12
25.5595,0.117281,-0.345936,-0.0376991,0.0948765,-0.798093,0.000114805,0.00398602,12
25.5635,0.115951,-0.355459,-0.0345575,0.12451,-0.698489,0.000656836,0.00398564,12
25.5675,0.114325,-0.355459,-0.0345575,0.161838,-0.589228,0.000121076,0.00398353,9
25.5715,0.113068,-0.358821,-0.0314159,0.190107,-0.477719,0.000118932,0.0039834,12
25.5755,0.111664,-0.370025,-0.0314159,0.22517,-0.403671,0.000113652,0.0039862,12
25.5795,0.11026,-0.353779,-0.0282743,0.249993,-0.252408,0.000464627,0.00398661,15
25.5835,0.108634,-0.353779,-0.0282743,0.28029,-0.164395,0.000114393,0.00398305,12
25.5875,0.107378,-0.353779,-0.0251327,0.299027,-0.0730349,0.000111598,0.00398649,12
25.5915,0.105974,-0.352098,-0.0251327,0.322058,-0.00217061,0.000115496,0.00398663,12
25.5955,0.10457,-0.350417,-0.0251327,0.344617,0.0672688,0.000277428,0.00398652,15
25.5995,0.103092,-0.339213,-0.0219912,0.351071,0.149878,0.000114864,0.00397462,12
25.6035,0.101836,-0.33249,-0.0219912,0.358816,0.187855,0.000140121,0.00398602,12
25.6075,0.100505,-0.329129,-0.0188496,0.35278,0.212846,0.000571968,0.00398632,15
25.6115,0.0990273,-0.322967,-0.0188496,0.35106,0.220294,0.000116537,0.00398323,12
25.6155,0.0979188,-0.314563,-0.015708,0.339425,0.241831,0.00011264,0.0039866,12
25.6195,0.0967364,-0.30504,-0.015708,0.336953,0.256307,0.000114163,0.00398648,12
25.6235,0.095554,-0.296636,-0.015708,0.342523,0.2922,0.000307403,0.00398704,15
25.6275,0.0942976,-0.299998,-0.015708,0.356556,0.323212,0.000119253,0.00398222,12
25.6315,0.0931891,-0.282071,-0.015708,0.359271,0.375163,0.0001178,0.00398538,12
25.6355,0.0920806,-0.28039,-0.0125664,0.352211,0.393216,0.000557881,0.00398648,15
25.6395,0.0908982,-0.272547,-0.0125664,0.35824,0.429051,0.00011756,0.00398074,12
25.6435,0.0899375,-0.262463,-0.0125664,0.358277,0.453036,0.000112169,0.00398623,12
25.6475,0.0889768,-0.247897,-0.0125664,0.344814,0.447762,0.00011259,0.00398654,12
25.6515,0.0880161,-0.238374,-0.0125664,0.331521,0.430019,0.0003163,0.00398625,15
25.6555,0.0870553,-0.22997,-0.0125664,0.321341,0.418801,0.000117349,0.00398108,12
25.6595,0.0861685,-0.213724,-0.0125664,0.296739,0.384353,0.000113522,0.00398631,12
25.6635,0.0853556,-0.2042,-0.0125664,0.273206,0.33599,0.000571567,0.00398664,15
25.6675,0.0844688,-0.197477,-0.0125664,0.25537,0.297465,0.000144921,0.00398256,12
25.6715,0.0838037,-0.186273,-0.0125664,0.227234,0.23984,0.000117048,0.00398639,12
25.6755,0.0830647,-0.174508,-0.0125664,0.205694,0.203429,0.000114474,0.00398563,12
25.6795,0.0823996,-0.166665,-0.015708,0.186883,0.127854,0.000347288,0.00398708,15
25.6835,0.0817345,-0.159943,-0.015708,0.167778,0.0859796,0.000122218,0.00398264,12
25.6875,0.0811433,-0.151539,-0.015708,0.134066,0.00444984,0.000114854,0.00398376,12
25.6915,0.0805521,-0.143696,-0.015708,0.103901,-0.0677983,0.000592376,0.00398675,15
25.6955,0.0798869,-0.136974,-0.015708,0.0622724,-0.177739,0.000113612,0.00398348,12
25.6995,0.0794435,-0.136974,-0.015708,0.0264937,-0.286828,0.000118531,0.00398636,12
25.7035,0.0789262,-0.129131,-0.0188496,0.0143015,-0.342081,0.000120895,0.00398638,12
25.7075,0.0784089,-0.129131,-0.0219912,0.00219055,-0.417285,0.000355283,0.00398652,15
25.7115,0.0778177,-0.129131,-0.0219912,-0.0114623,-0.459832,0.000113993,0.00398307,12
25.7155,0.0773743,-0.124089,-0.0219912,-0.0402691,-0.534869,0.000110426,0.00398634,12
25.7195,0.076857,-0.129131,-0.0251327,-0.0540843,-0.628205,0.000650694,0.00398606,12
25.7235,0.0764136,-0.0669463,-0.0251327,-0.0885425,-0.573181,0.000121296,0.00398342,9
25.7275,0.0758963,-0.151539,-0.0251327,-0.126048,-0.905472,0.00011257,0.00398622,12
25.7315,0.075379,-0.130811,-0.0251327,-0.161414,-0.9601,0.000133048,0.00398669,12
25.7355,0.0748617,-0.130811,-0.0282743,-0.177885,-1.04848,0.000465248,0.00398662,15
25.7395,0.0742705,-0.135293,-0.0282743,-0.191037,-1.10106,0.000113411,0.00398399,12
25.7435,0.0738271,-0.142016,-0.0282743,-0.217005,-1.19781,0.000111809,0.00398666,12
25.7475,0.0732359,-0.151539,-0.0282743,-0.240715,-1.29527,0.000120865,0.00398619,12
25.7515,0.0726447,-0.15322,-0.0314159,-0.247796,-1.35976,0.000272008,0.00398668,15
25.7555,0.0719795,-0.163304,-0.0314159,-0.256486,-1.41344,0.000113341,0.00398327,12
25.7595,0.0712405,-0.184592,-0.0314159,-0.264121,-1.49294,0.000110957,0.00398661,12
25.7635,0.0705015,-0.192435,-0.0345575,-0.25689,-1.53037,0.000536542,0.00398688,15
25.7675,0.0696886,-0.202519,-0.0345575,-0.253732,-1.54856,0.000120575,0.00398334,12
25.7715,0.0688757,-0.217085,-0.0345575,-0.252824,-1.5851,0.000115756,0.00398569,12
25.7755,0.0679889,-0.231651,-0.0345575,-0.253326,-1.62605,0.000113632,0.00398631,12
25.7795,0.0670282,-0.247897,-0.0345575,-0.255377,-1.67618,0.000302234,0.00398538,15
25.7835,0.0659936,-0.260782,-0.0345575,-0.2601,-1.72589,0.000114744,0.00398336,12
25.7875,0.064959,-0.277029,-0.0345575,-0.247854,-1.73297,0.00011262,0.00398595,12
25.7915,0.0638504,-0.292155,-0.0345575,-0.231749,-1.72567,0.00056261,0.00398692,15
25.7955,0.0625202,-0.30672,-0.0345575,-0.213749,-1.71168,0.000117219,0.00398364,12
25.7995,0.0614117,-0.314563,-0.0345575,-0.196657,-1.68264,0.000147435,0.00397766,12
25.8035,0.0601554,-0.33081,-0.0345575,-0.184117,-1.68931,0.00011256,0.00398598,12
25.8075,0.0587513,-0.353779,-0.0314159,-0.192603,-1.73969,0.000340245,0.00398664,15
25.8115,0.0572733,-0.363863,-0.0314159,-0.185781,-1.74826,0.000119113,0.00398316,12
25.8155,0.0558691,-0.38179,-0.0282743,-0.171774,-1.71767,0.000119573,0.00398614,12
25.8195,0.0543172,-0.399717,-0.0282743,-0.147135,-1.69276,0.000635697,0.0039866,15
25.8235,0.0524697,-0.417084,-0.0251327,-0.130443,-1.65359,0.000125605,0.00396976,9
25.8275,0.0509178,-0.440053,-0.0251327,-0.0869037,-1.58454,0.000112379,0.00397587,12
25.8315,0.0491441,-0.608119,-0.0251327,-0.0353745,-1.86545,0.000116557,0.00398647,12
25.8355,0.0473705,-0.463022,-0.0219912,0.00528699,-1.33535,0.000445521,0.00398662,15
25.8395,0.0453013,-0.477587,-0.0219912,0.0481323,-1.24789,0.000114814,0.00398352,12
25.8435,0.0435277,-0.493834,-0.0188496,0.094364,-1.1164,0.000111318,0.00398639,12
25.8475,0.0415323,-0.503918,-0.015708,0.133476,-0.991044,0.000111578,0.00398656,12
25.8515,0.039537,-0.513441,-0.0125664,0.165549,-0.885515,0.000228095,0.00398683,15
25.8555,0.0373939,-0.515122,-0.0125664,0.201393,-0.786198,0.000115054,0.00398334,12
25.8595,0.0353986,-0.521845,-0.00942478,0.240527,-0.652119,0.000117048,0.00398631,12
25.8635,0.0333293,-0.523525,-0.00628319,0.271324,-0.530413,0.000556439,0.00398683,15
25.8675,0.0309645,-0.523525,-0.00314159,0.293305,-0.431666,0.000120014,0.00398326,12
25.8715,0.029117,-0.528007,-0,0.327032,-0.307837,0.000120495,0.00398605,12
25.8755,0.0269739,-0.529688,-0,0.372725,-0.178754,0.00063735,0.00398539,15
25.8795,0.024609,-0.531368,0.00314159,0.410406,-0.0368893,0.00016101,0.00398322,13
25.8835,0.0227615,-0.526326,0.00628319,0.441558,0.103683,0.000114223,0.00398602,14
25.8875,0.0206923,-0.515122,0.00942478,0.467524,0.243967,0.000117199,0.00398648,14
25.8915,0.018623,-0.511761,0.0125664,0.489646,0.35244,0.000582797,0.0039861,17
25.8955,0.016406,-0.502237,0.0125664,0.521397,0.468079,0.000130433,0.00398267,14
25.8995,0.0146324,-0.503918,0.0125664,0.556608,0.566291,0.000122068,0.00398642,14
25.9035,0.012711,-0.482629,0.015708,0.579226,0.722746,0.000146423,0.00397928,14
25.9075,0.0107895,-0.474226,0.0188496,0.595219,0.826003,0.000486408,0.00398622,17
25.9115,0.00879422,-0.461341,0.0219912,0.610976,0.939926,0.000116197,0.00398282,14
25.9155,0.00716839,-0.440053,0.0219912,0.623694,1.02963,0.000117369,0.00398653,14
25.9195,0.00539477,-0.43389,0.0251327,0.63113,1.10158,0.000116317,0.00398491,14
25.9235,0.00376895,-0.40756,0.0251327,0.631602,1.16726,0.00042318,0.00398677,20
25.9275,0.00206923,-0.389633,0.0282743,0.623988,1.22418,0.000148878,0.00398334,14
25.9315,0.000665109,-0.375067,0.0282743,0.607728,1.20949,0.00012336,0.00398363,14
25.9355,-0.00081291,-0.355459,0.0282743,0.594811,1.21772,0.000134692,0.00398442,14
25.9395,-0.00214313,-0.342574,0.0314159,0.575631,1.22752,0.00039069,0.00398296,20
25.9435,-0.00339944,-0.176189,0.0314159,0.553131,1.58522,0.000124933,0.0039818,14
25.9475,-0.00458186,-0.288793,0.0345575,0.530815,1.26273,0.000115696,0.00398536,14
25.9515,-0.00569037,-0.265824,0.0345575,0.512749,1.26486,0.000727267,0.00398562,17
25.9555,-0.00687279,-0.242855,0.0345575,0.493806,1.26418,0.000264563,0.00398346,13
25.9595,-0.0076857,-0.224928,0.0345575,0.469278,1.23445,0.000117149,0.00398355,14
25.9635,-0.00849861,-0.207001,0.0345575,0.45648,1.24016,0.000113642,0.00398637,14
25.9675,-0.00931152,-0.189074,0.0314159,0.45309,1.23683,0.000646016,0.00398533,17
25.9715,-0.0100505,-0.163304,0.0314159,0.437003,1.25296,0.000204632,0.00398361,13
25.9755,-0.0106417,-0.147058,0.0282743,0.419706,1.20376,0.000115766,0.00398328,14
25.9795,-0.011159,-0.133612,0.0282743,0.380499,1.11877,0.000117189,0.00398584,14
25.9835,-0.0116025,-0.112884,0.0282743,0.341601,1.05363,0.000592907,0.00398683,17
25.9875,-0.0121198,-0.0932766,0.0251327,0.304755,0.954168,0.000118622,0.00398229,14
25.9915,-0.0123415,-0.0753496,0.0251327,0.251081,0.837644,0.00011757,0.00398637,14
25.9955,-0.0126371,-0.0624645,0.0251327,0.18246,0.662807,0.000119223,0.00397663,14
25.9995,-0.0128588,-0.0490192,0.0219912,0.11164,0.445453,0.000522115,0.00398624,17
26.0035,-0.0130066,-0.0327729,0.0219912,0.0399424,0.270297,0.000121587,0.00398353,14
26.0075,-0.0130805,-0.0249298,0.0188496,-0.00914975,0.1045,0.000114784,0.00398604,14
26.0115,-0.0131544,-0.0148458,0.015708,-0.0533949,-0.040879,0.000112711,0.00398658,14
26.0155,-0.0132283,-0.00364143,0.0125664,-0.0984221,-0.185737,0.000470989,0.00398609,20
26.0195,-0.0132283,-0.00196077,0.0125664,-0.16199,-0.373508,0.000114604,0.00398359,14
26.0235,-0.0132283,-0.00196077,0.00942478,-0.208625,-0.551916,0.000114073,0.00398605,14
26.0275,-0.0132283,-0.00028011,0.00942478,-0.268918,-0.72979,0.000119713,0.00398673,14
26.0315,-0.0132283,-0.00532209,0.00628319,-0.308516,-0.899914,0.000400087,0.0039871,20
26.0355,-0.0132283,-0.00364143,0.00314159,-0.347421,-1.05063,0.000120064,0.00398217,14
26.0395,-0.0133022,-0.0131652,-0,-0.372884,-1.18974,0.000117108,0.00398636,12
26.0435,-0.0133761,-0.0131652,-0,-0.395434,-1.25805,0.000462985,0.00398617,15
26.0475,-0.01345,-0.0294115,-0.00314159,-0.41487,-1.39625,0.000113782,0.00398384,12
26.0515,-0.0135239,-0.0361342,-0.00314159,-0.432397,-1.46669,0.000117029,0.00398676,12
26.0555,-0.0137456,-0.0445375,-0.00628319,-0.450757,-1.58177,0.000116618,0.0039864,12
26.0595,-0.0139673,-0.0523805,-0.00942478,-0.46239,-1.67508,0.000287096,0.00398695,15
26.0635,-0.014189,-0.0719882,-0.00942478,-0.483709,-1.79048,0.000115385,0.0039832,12
26.0675,-0.0144846,-0.086554,-0.0125664,-0.499363,-1.91341,0.000112129,0.00398613,12
26.0715,-0.0148541,-0.099439,-0.0125664,-0.527869,-2.03354,0.000541511,0.00398519,15
26.0755,-0.0153714,-0.120727,-0.0125664,-0.546364,-2.14538,0.000113462,0.00398355,12
26.0795,-0.0158148,-0.132492,-0.0125664,-0.565856,-2.23554,0.000124222,0.00398458,12
26.0835,-0.016406,-0.156581,-0.015708,-0.553594,-2.29928,0.000115054,0.00398553,12
26.0875,-0.017145,-0.17787,-0.015708,-0.54247,-2.32209,0.000307313,0.00398688,15
26.0915,-0.017884,-0.195797,-0.015708,-0.533603,-2.34307,0.000114543,0.00398301,12
26.0955,-0.0186969,-0.222127,-0.015708,-0.508336,-2.33628,0.000115365,0.00398644,12
26.0995,-0.0196577,-0.242855,-0.015708,-0.481742,-2.31139,0.000534738,0.00398595,15
26.1035,-0.0207662,-0.269186,-0.015708,-0.458727,-2.31205,0.000122879,0.00398107,12
26.1075,-0.0218008,-0.292155,-0.015708,-0.424276,-2.26934,0.000114374,0.00398603,12
26.1115,-0.0229832,-0.308401,-0.015708,-0.396968,-2.23123,0.000110756,0.0039867,12
26.1155,-0.0243134,-0.339213,-0.015708,-0.363329,-2.21181,0.00026838,0.00398702,15
26.1195,-0.0257914,-0.35714,-0.015708,-0.321598,-2.13509,0.000114755,0.00398328,12
26.1235,-0.0271956,-0.38179,-0.0125664,-0.281578,-2.0432,0.000134742,0.0039864,12
26.1275,-0.0287475,-0.40756,-0.0125664,-0.242348,-1.99439,0.000526843,0.00398592,15
26.1315,-0.030595,-0.470865,-0.0125664,-0.192118,-2.00963,0.000121857,0.00398355,12
26.1355,-0.032073,-0.430529,-0.00942478,-0.163977,-1.78648,0.000116568,0.0039863,12
26.1395,-0.0338466,-0.450137,-0.00628319,-0.138345,-1.7259,0.0001125,0.0039863,12
26.1435,-0.0356942,-0.463022,-0.00314159,-0.108331,-1.63492,0.00032711,0.00398683,15
26.1475,-0.0376895,-0.479268,-0,-0.0674642,-1.52013,0.000114384,0.00398347,12
26.1515,-0.039537,-0.500556,-0,-0.0191686,-1.43303,0.000114875,0.00398372,12
26.1555,-0.0416062,-0.511761,0.00314159,0.033133,-1.27086,0.000473924,0.00398485,19
26.1595,-0.0438233,-0.528007,0.00942478,0.0621798,-1.1548,0.00011746,0.00398271,14
26.1635,-0.0457447,-0.53473,0.00942478,0.116798,-1.01124,0.00011251,0.00398648,14
26.1675,-0.0478878,-0.547615,0.0125664,0.180874,-0.81798,0.000115956,0.00398587,14
26.1715,-0.0501049,-0.550976,0.015708,0.239136,-0.617925,0.000438147,0.00398684,20
26.1755,-0.0524697,-0.552657,0.0188496,0.309203,-0.378193,0.000120715,0.00398105,14
26.1795,-0.0545389,-0.562181,0.0219912,0.376222,-0.167219,0.000120024,0.00398637,14
26.1835,-0.0567559,-0.556018,0.0251327,0.436912,0.0646939,0.000119653,0.00398679,14
26.1875,-0.058973,-0.550976,0.0282743,0.487709,0.263826,0.000399255,0.00398674,20
26.1915,-0.0613378,-0.547615,0.0345575,0.534662,0.484169,0.000118291,0.00397503,14
26.1955,-0.0633331,-0.533049,0.0345575,0.59595,0.702535,0.000116317,0.00398557,14
26.1995,-0.0654024,-0.526326,0.0376991,0.64851,0.911648,0.000117199,0.00398669,14
26.2035,-0.0674716,-0.513441,0.0408407,0.691444,1.10753,0.000378206,0.0039864,20
26.2075,-0.0696147,-0.493834,0.0439823,0.72441,1.29045,0.000120284,0.00398344,14
26.2115,-0.0714622,-0.482629,0.0471239,0.747772,1.42335,0.000121948,0.00398618,14
26.2155,-0.0733098,-0.45966,0.0502655,0.76273,1.56115,0.000112279,0.00398674,14
26.2195,-0.0750834,-0.438372,0.0502655,0.78346,1.67474,0.000322401,0.00398676,20
26.2235,-0.076857,-0.415963,0.0534071,0.793344,1.79592,0.000114925,0.00398281,14
26.2275,-0.0784089,-0.387952,0.0565487,0.798633,1.91812,0.000119303,0.00398657,14
26.2315,-0.079887,-0.368344,0.0596903,0.785094,1.96195,0.000747385,0.00398655,14
26.2355,-0.0815128,-0.345936,0.0596903,0.783656,2.01176,0.000288889,0.00398217,13
26.2395,-0.0826952,-0.311202,0.0596903,0.794738,2.13211,0.000123089,0.00398334,14
26.2435,-0.0838037,-0.28039,0.0596903,0.800243,2.22567,0.000115024,0.00398529,14
26.2475,-0.0848383,-0.256301,0.0628318,0.783336,2.27183,0.000674509,0.00398683,17
26.2515,-0.0858729,-0.226609,0.0628318,0.760209,2.27614,0.000206094,0.00398349,13
26.2555,-0.0866119,-0.197477,0.0628318,0.726438,2.24749,0.000139871,0.00398384,14
26.2595,-0.0873509,-0.168346,0.0628318,0.700317,2.24195,0.000114724,0.00398596,14
26.2635,-0.0879422,-0.142016,0.0628318,0.669217,2.21448,0.000572138,0.00398663,17
26.2675,-0.0884595,-0.111204,0.0596903,0.623584,2.11731,0.000123841,0.0039827,14
26.2715,-0.088829,-0.086554,0.0596903,0.576166,2.03668,0.000114273,0.00398612,14
26.2755,-0.0890507,-0.0607838,0.0596903,0.517977,1.92671,0.00011785,0.00398655,14
26.2795,-0.0892724,-0.0361342,0.0596903,0.4523,1.79123,0.000497859,0.00398658,17
26.2835,-0.0893463,-0.0131652,0.0565487,0.394547,1.63821,0.000129812,0.00398372,14
26.2875,-0.0893463,0.00644253,0.0534071,0.340211,1.48701,0.000133179,0.00398575,14
26.2915,-0.0892724,0.0210082,0.0534071,0.274336,1.32561,0.000114013,0.00398585,14
26.2955,-0.0891246,0.0288513,0.0502655,0.215137,1.12976,0.000463425,0.00398678,20
26.2995,-0.0889768,0.0467784,0.0502655,0.12648,0.90832,0.000115365,0.00398272,14
26.3035,-0.0887551,0.048459,0.0471239,0.0584877,0.670184,0.000126866,0.00398428,14
26.3075,-0.0885334,0.0551816,0.0471239,-0.015643,0.463958,0.000116969,0.00398398,14
26.3115,-0.0883116,0.0630247,0.0408407,-0.0664086,0.256271,0.000387524,0.0039869,20
26.3155,-0.0880161,0.0602236,0.0408407,-0.129665,0.0585451,0.000119773,0.00398331,14
26.3195,-0.0877944,0.0551816,0.0376991,-0.187757,-0.166984,0.000138739,0.00398638,14
26.3235,-0.0874987,0.0647054,0.0376991,-0.257042,-0.351192,0.000117068,0.00398669,14
26.3275,-0.087277,0.0602236,0.0345575,-0.300785,-0.531917,0.000367846,0.00398667,20
26.3315,-0.0870553,0.0501397,0.0345575,-0.348454,-0.701453,0.00011798,0.00398376,14
26.3355,-0.0869075,0.0406159,0.0314159,-0.386459,-0.877982,0.000118411,0.00398521,14
26.3395,-0.0867597,0.030532,0.0282743,-0.423934,-1.05435,0.000123651,0.00398626,14
26.3435,-0.0866858,0.0159663,0.0282743,-0.461519,-1.20527,0.00032157,0.00397463,20
26.3475,-0.0866858,-0.00532209,0.0251327,-0.479517,-1.35196,0.000124182,0.00398129,14
26.3515,-0.0867597,-0.0165265,0.0251327,-0.491541,-1.4173,0.000120345,0.00398663,14
26.3555,-0.0868336,-0.0327729,0.0251327,-0.512742,-1.52337,0.000686141,0.00398592,17
26.3595,-0.0869814,-0.0445375,0.0219912,-0.516061,-1.60149,0.00023567,0.00398363,13
26.3635,-0.0872031,-0.0591032,0.0219912,-0.520015,-1.65143,0.000117028,0.00398374,14
26.3675,-0.0874248,-0.0736689,0.0219912,-0.523202,-1.69905,0.000127027,0.00398611,14
26.3715,-0.0877944,-0.0915959,0.0219912,-0.526043,-1.7546,0.000605931,0.00398676,17
26.3755,-0.0882378,-0.107842,0.0219912,-0.509039,-1.74601,0.000117209,0.00398273,14
26.3795,-0.0886812,-0.120727,0.0219912,-0.486281,-1.71139,0.000117419,0.00398628,14
26.3835,-0.0891985,-0.145377,0.0219912,-0.461553,-1.70126,0.000117018,0.00398522,14
26.3875,-0.0897897,-0.151539,0.0219912,-0.440324,-1.65426,0.000511174,0.00398656,17
26.3915,-0.0905287,-0.169466,0.0219912,-0.407998,-1.60435,0.000123441,0.00397476,14
26.3955,-0.0911199,-0.190755,0.0219912,-0.361692,-1.52052,0.000112971,0.00398585,14
26.3995,-0.0919328,-0.197477,0.0219912,-0.319842,-1.41313,0.000117098,0.00398685,14
26.4035,-0.0927457,-0.207001,0.0219912,-0.268557,-1.28444,0.000409484,0.00398221,20
26.4075,-0.0937064,-0.215404,0.0251327,-0.239102,-1.18169,0.000117419,0.00398333,14
26.4115,-0.0945193,-0.22997,0.0251327,-0.198367,-1.09787,0.000116718,0.0039861,14
26.4155,-0.09548,-0.240054,0.0251327,-0.167872,-1.03377,0.000118602,0.00398655,14
26.4195,-0.0964408,-0.246217,0.0251327,-0.114647,-0.890888,0.000344684,0.00398687,20
26.4235,-0.0974754,-0.251259,0.0282743,-0.0822261,-0.770677,0.000116498,0.00398345,14
26.4275,-0.0984361,-0.256301,0.0282743,-0.0372193,-0.649745,0.000114804,0.00398575,14
26.4315,-0.0994707,-0.257421,0.0314159,-0.0122946,-0.542088,0.000114444,0.00398639,14
26.4355,-0.100505,-0.259102,0.0345575,0.0131094,-0.434424,0.000297906,0.00398683,20
26.4395,-0.10154,-0.262463,0.0345575,0.0376725,-0.371106,0.000116217,0.00398319,14
26.4435,-0.102575,-0.257421,0.0345575,0.072063,-0.256452,0.00012844,0.0039866,14
26.4475,-0.103609,-0.259102,0.0376991,0.104934,-0.126223,0.000687343,0.00398651,17
26.4515,-0.104718,-0.257421,0.0376991,0.137207,-0.0267834,0.000288629,0.00397668,13
26.4555,-0.105678,-0.251259,0.0376991,0.182215,0.123002,0.000115125,0.00398374,14
26.4595,-0.106639,-0.249578,0.0408407,0.209952,0.246531,0.000115235,0.00398613,14
26.4635,-0.1076,-0.244536,0.0408407,0.234871,0.332723,0.000644323,0.00398665,17
26.4675,-0.108634,-0.231651,0.0439823,0.260136,0.477475,0.000190846,0.00398326,13
26.4715,-0.109447,-0.222127,0.0439823,0.289755,0.589733,0.000114694,0.00398406,14
26.4755,-0.110334,-0.2042,0.0471239,0.306972,0.723467,0.000118411,0.003984,14
26.4795,-0.111073,-0.197477,0.0471239,0.327923,0.802478,0.000569874,0.00398611,17
26.4835,-0.11196,-0.184592,0.0471239,0.348121,0.894761,0.000114694,0.00398406,14
26.4875,-0.112551,-0.169466,0.0502655,0.352214,0.982266,0.000114303,0.00398633,14
26.4915,-0.113216,-0.148738,0.0502655,0.357879,1.05131,0.00011252,0.00398707,14
26.4955,-0.113734,-0.138654,0.0502655,0.362312,1.08955,0.000476569,0.00398632,20
26.4995,-0.114325,-0.122408,0.0502655,0.363972,1.13511,0.000120434,0.00398296,14
26.5035,-0.114694,-0.104481,0.0502655,0.362578,1.17625,0.000111769,0.00398657,14
26.5075,-0.115138,-0.0932766,0.0502655,0.359112,1.19366,0.000114714,0.00398638,14
26.5115,-0.115433,-0.0736689,0.0502655,0.355815,1.23354,0.000361625,0.00398684,20
26.5155,-0.115655,-0.0574225,0.0502655,0.334451,1.21033,0.000121597,0.00398129,14
26.5195,-0.115877,-0.0378148,0.0502655,0.309812,1.18587,0.000119824,0.00398627,14
26.5235,-0.115951,-0.0249298,0.0502655,0.285822,1.1464,0.000745171,0.00398344,17
26.5275,-0.116025,-0.00700275,0.0502655,0.267528,1.13711,0.00026265,0.00398147,13
26.5315,-0.116025,0.00924363,0.0502655,0.239355,1.09381,0.000118671,0.00398378,14
26.5355,-0.115951,0.0142856,0.0502655,0.21862,1.04429,0.000116688,0.00398601,14
26.5395,-0.115877,0.0243696,0.0471239,0.201875,0.98234,0.000639714,0.00398675,17
26.5435,-0.115729,0.030532,0.0471239,0.164776,0.886417,0.000139801,0.00398023,13
26.5475,-0.115581,0.0389353,0.0471239,0.125198,0.788774,0.00011273,0.00398657,14
26.5515,-0.115433,0.048459,0.0471239,0.0895895,0.706012,0.000114554,0.00398665,14
26.5555,-0.115286,0.0501397,0.0439823,0.0552058,0.569279,0.000556658,0.00398695,17
26.5595,-0.11499,0.0602236,0.0439823,0.0197229,0.488661,0.000120345,0.00398253,14
26.5635,-0.114768,0.058543,0.0408407,0.00283924,0.396318,0.000116017,0.00398592,14
26.5675,-0.114546,0.058543,0.0408407,-0.0291171,0.300231,0.000113352,0.00398576,14
26.5715,-0.114325,0.0630247,0.0408407,-0.0561675,0.230509,0.000490376,0.00398643,17
26.5755,-0.114029,0.0630247,0.0376991,-0.0800751,0.121429,0.000114604,0.00398329,14
26.5795,-0.113807,0.0630247,0.0376991,-0.102743,0.0534098,0.000112971,0.00398668,14
26.5835,-0.113586,0.0568623,0.0376991,-0.138345,-0.0695625,0.000154278,0.00398332,14
26.5875,-0.113364,0.053501,0.0376991,-0.169565,-0.172079,0.00042322,0.00397789,20
26.5915,-0.113142,0.0467784,0.0376991,-0.191497,-0.255183,0.00011827,0.00398294,14
26.5955,-0.112995,0.0450977,0.0376991,-0.221397,-0.349545,0.000114394,0.00398618,14
26.5995,-0.112847,0.0338933,0.0345575,-0.233184,-0.451173,0.000121137,0.00398481,14
26.6035,-0.112699,0.0288513,0.0345575,-0.245238,-0.50026,0.000355414,0.00398617,20
26.6075,-0.112625,0.0126049,0.0345575,-0.254895,-0.571114,0.000388455,0.0039463,14
26.6115,-0.112551,0.00812319,0.0345575,-0.260191,-0.598499,0.000387073,0.00395037,14
26.6155,-0.112551,-0.00196077,0.0345575,-0.259867,-0.623484,0.000988875,0.00395656,17
26.6195,-0.112551,-0.00868341,0.0345575,-0.25336,-0.621131,0.000459498,0.00394653,13
26.6235,-0.112625,-0.00532209,0.0345575,-0.240811,-0.574714,0.000116327,0.0039858,14
26.6275,-0.112625,-0.0131652,0.0345575,-0.223061,-0.541271,0.000115405,0.00398658,14
26.6315,-0.112699,-0.0148458,0.0345575,-0.201653,-0.481064,0.000625006,0.00398701,17
26.6355,-0.112773,-0.0232491,0.0345575,-0.178828,-0.433887,0.000116958,0.00398376,13
26.6395,-0.112847,-0.0249298,0.0345575,-0.15753,-0.374016,0.000120044,0.0039854,14
26.6435,-0.112921,-0.0198878,0.0345575,-0.141405,-0.312463,0.000113572,0.0039864,14
26.6475,-0.112995,-0.0198878,0.0345575,-0.113054,-0.22695,0.000524589,0.00398647,17
26.6515,-0.113068,-0.0232491,0.0345575,-0.0875517,-0.158698,0.000116207,0.00398334,14
26.6555,-0.113142,-0.0215685,0.0345575,-0.0685415,-0.0970836,0.000127007,0.00398202,14
26.6595,-0.113216,-0.0232491,0.0345575,-0.0602288,-0.0764516,0.000114423,0.00398654,14
26.6635,-0.11329,-0.0114845,0.0345575,-0.0456373,-0.00222452,0.000403362,0.00398659,20
26.6675,-0.113364,-0.0198878,0.0345575,-0.0401203,-0.00735153,0.000117209,0.00398205,14
26.6715,-0.113438,-0.0165265,0.0345575,-0.0257203,0.0446589,0.000111468,0.00398661,14
26.6755,-0.113512,-0.00700275,0.0345575,-0.016669,0.0963736,0.000114674,0.00398621,14
26.6795,-0.113512,-0.00364143,0.0345575,-0.0154896,0.108593,0.000281987,0.00398651,20
26.6835,-0.113512,-0.00196077,0.0345575,-0.0032434,0.149928,0.000117149,0.00398288,14
26.6875,-0.113512,0.00140055,0.0345575,0.00695919,0.189415,0.000114664,0.00398664,14
26.6915,-0.113512,-0.00028011,0.0345575,0.0138566,0.205932,0.000643661,0.003987,17
26.6955,-0.113512,0.00308121,0.0345575,0.0160472,0.221206,0.000156301,0.00398372,13
26.6995,-0.113512,0.00140055,0.0345575,0.011989,0.204615,0.000117409,0.00398633,14
26.7035,-0.113438,-0.00028011,0.0345575,-0,0.164218,0.000124722,0.00398671,14
26.7075,-0.113438,0.00140055,0.0345575,-0,0.168546,0.000542162,0.00398617,17
26.7115,-0.113438,-0.00364143,0.0345575,-0,0.155563,0.000145512,0.00398338,14
26.7155,-0.113438,-0.00196077,0.0345575,-0,0.159891,0.000116497,0.00398618,14
26.7195,-0.113438,-0.00028011,0.0345575,-0,0.164218,0.00011783,0.00398669,14
26.7235,-0.113438,-0.00028011,0.0345575,-0,0.164218,0.000430914,0.0039854,20
26.7275,-0.113438,-0.00028011,0.0345575,-0,0.164218,0.000119222,0.0039836,14
26.7315,-0.113438,0.00308121,0.0345575,-0,0.172874,0.000127097,0.00398559,14
26.7355,-0.113438,0.00140055,0.0345575,-0,0.168546,0.000115506,0.00398677,14
26.7395,-0.113438,0.00140055,0.0345575,-0,0.168546,0.000342129,0.00398707,20
26.7435,-0.113438,0.00308121,0.0345575,-0,0.172874,0.000116488,0.00398378,14
26.7475,-0.113438,-0.00364143,0.0376991,-0.011989,0.156809,0.000119674,0.00398633,14
26.7515,-0.113438,0.00308121,0.0376991,-0.0160472,0.161856,0.000720224,0.0039867,17
26.7555,-0.113438,-0.00028011,0.0376991,-0.0138566,0.159821,0.000265535,0.00398374,13
26.7595,-0.113438,-0.00028011,0.0376991,-0.00695919,0.180665,0.000115886,0.00398332,14
26.7635,-0.113438,-0.00196077,0.0376991,0.00324339,0.207169,0.000113091,0.0039865,14
26.7675,-0.113438,-0.00532209,0.0376991,0.0154896,0.235521,0.000641608,0.00398677,17
26.7715,-0.113438,0.00308121,0.0376991,0.028658,0.296954,0.000190655,0.00398328,13
26.7755,-0.113438,-0.00028011,0.0376991,0.0417674,0.327915,0.000120705,0.00398395,14
26.7795,-0.113438,-0.00196077,0.0376991,0.0539768,0.360484,0.000117349,0.0039859,14
26.7835,-0.113438,0.00140055,0.0376991,0.0645854,0.401198,0.0005462,0.00397488,17
26.7875,-0.113438,-0.00028011,0.0376991,0.0730324,0.422396,0.000122599,0.0039759,14
26.7915,-0.113438,-0.00196077,0.0376991,0.0788974,0.435793,0.000114063,0.00398645,14
26.7955,-0.113438,-0.00196077,0.0376991,0.0819,0.444866,0.000119833,0.0039867,14
26.7995,-0.113438,0.00476187,0.0408407,0.0699111,0.463423,0.000510513,0.00398606,17
26.8035,-0.113438,-0.00196077,0.0408407,0.0628503,0.424775,0.000114574,0.00398366,14
26.8075,-0.113438,-0.00364143,0.0408407,0.0591758,0.409344,0.000114423,0.00398613,14
26.8115,-0.113438,-0.00028011,0.0408407,0.0576264,0.413316,0.000119943,0.00398671,14
26.8155,-0.113438,-0.00196077,0.0408407,0.0572204,0.407762,0.000446594,0.00398682,20
26.8195,-0.113438,-0.00364143,0.0439823,0.045268,0.404791,0.000116387,0.00398361,14
26.8235,-0.113438,0.00308121,0.0439823,0.0412688,0.410016,0.000115776,0.00398623,14
26.8275,-0.113438,0.00308121,0.0439823,0.0434004,0.416458,0.000115586,0.0039861,14
26.8315,-0.113438,-0.00364143,0.0471239,0.0382721,0.421127,0.000395378,0.003987,20
26.8355,-0.113438,-0.00364143,0.0471239,0.0448226,0.440922,0.000116047,0.00398292,14
26.8395,-0.113438,-0.00028011,0.0471239,0.0608089,0.497887,0.00011253,0.00398646,14
26.8435,-0.113438,-0.00028011,0.0471239,0.0845492,0.569629,0.000136034,0.00398681,14
26.8475,-0.113438,-0.00364143,0.0471239,0.114922,0.65276,0.000294891,0.00398648,20
26.8515,-0.113438,0.00140055,0.0502655,0.139378,0.777123,0.00011821,0.00398366,14
26.8555,-0.113438,0.00308121,0.0502655,0.156094,0.831967,0.000114785,0.00398632,14
26.8595,-0.113364,0.00924363,0.0502655,0.173976,0.902035,0.000652338,0.00398676,17
26.8635,-0.113364,0.0159663,0.0502655,0.190501,0.969283,0.000167041,0.00398319,13
26.8675,-0.11329,0.0142856,0.0502655,0.203706,1.00502,0.000116307,0.00398519,14
26.8715,-0.113216,0.0271707,0.0502655,0.21219,1.064,0.000119172,0.00398442,14
26.8755,-0.113068,0.0338933,0.0502655,0.215111,1.09046,0.000545137,0.00398495,17
26.8795,-0.112921,0.0439773,0.0534071,0.200201,1.10917,0.000114795,0.00398377,14
26.8835,-0.112773,0.0422966,0.0534071,0.187659,1.06726,0.000116507,0.00398451,14
26.8875,-0.112551,0.058543,0.0534071,0.176644,1.07629,0.00011262,0.00398692,14
26.8915,-0.112329,0.0619043,0.0534071,0.167017,1.05634,0.000426156,0.00398682,20
26.8955,-0.112034,0.0647054,0.0534071,0.159337,1.04099,0.000115375,0.00398344,14
26.8995,-0.111738,0.07647,0.0534071,0.154867,1.05842,0.000115085,0.00398542,14
26.9035,-0.111369,0.0826324,0.0565487,0.14358,1.07846,0.000115165,0.00398538,14
26.9075,-0.110999,0.0893551,0.0565487,0.126317,1.0444,0.000362436,0.00398622,20
26.9115,-0.11063,0.0971981,0.0565487,0.114786,1.03056,0.000120385,0.0039827,14
26.9155,-0.110186,0.103921,0.0565487,0.109408,1.03258,0.00011272,0.00398597,14
26.9195,-0.109669,0.206441,0.0565487,0.111305,1.30343,0.000717179,0.00398584,17
26.9235,-0.109226,0.120167,0.0565487,0.122298,1.11546,0.000239998,0.00398295,13
26.9275,-0.108782,0.130251,0.0565487,0.123169,1.14503,0.000115786,0.00398376,14
26.9315,-0.108265,0.138094,0.0565487,0.127168,1.17844,0.000129973,0.00398154,14
26.9355,-0.107748,0.146497,0.0565487,0.136118,1.22825,0.00065349,0.00398136,17
26.9395,-0.107009,0.157702,0.0565487,0.130659,1.24221,0.000129061,0.00397581,13
26.9435,-0.106491,0.162744,0.0565487,0.123761,1.23548,0.000113592,0.00398612,14
26.9475,-0.105826,0.170587,0.0565487,0.116827,1.23617,0.000117059,0.00398562,14
26.9515,-0.105087,0.184032,0.0565487,0.111679,1.25684,0.000540258,0.00398638,17
26.9555,-0.104274,0.190195,0.0534071,0.122547,1.26985,0.000116888,0.00398321,14
26.9595,-0.103535,0.20364,0.0534071,0.110434,1.26948,0.000113472,0.00398606,14
26.9635,-0.102722,0.211483,0.0534071,0.0901326,1.2301,0.000114424,0.00398634,14
26.9675,-0.101909,0.213164,0.0534071,0.0645855,1.15899,0.000450591,0.0039855,20
26.9715,-0.100875,0.231091,0.0534071,0.036877,1.12368,0.000115275,0.00398314,14
26.9755,-0.100062,0.239494,0.0502655,0.0222198,1.06532,0.000146564,0.00398531,14
26.9795,-0.0990273,0.247337,0.0502655,0.0040582,1.03288,0.000115386,0.0039863,14
26.9835,-0.0980666,0.25406,0.0502655,-0.0124213,1.00249,0.000338652,0.0039867,20
26.9875,-0.0969581,0.261903,0.0502655,-0.0437743,0.930353,0.000119823,0.00397448,14
26.9915,-0.0959974,0.265264,0.0502655,-0.074788,0.84738,0.000112299,0.00398626,14
26.9955,-0.0948889,0.270306,0.0471239,-0.0903897,0.778155,0.00071806,0.00398623,17
26.9995,-0.0936325,0.278149,0.0471239,-0.107555,0.749215,0.000232624,0.00398368,13
27.0035,-0.0926718,0.28151,0.0471239,-0.1218,0.716918,0.000116347,0.00398386,14
27.0075,-0.0914894,0.288233,0.0439823,-0.116929,0.714051,0.000112911,0.00398634,14
27.0115,-0.090307,0.292715,0.0408407,-0.11869,0.685369,0.000651346,0.00398672,17
27.0155,-0.0889768,0.299437,0.0408407,-0.131651,0.666413,0.000186709,0.00398221,13
27.0195,-0.0879422,0.292715,0.0408407,-0.151325,0.591903,0.000131325,0.00398386,14
27.0235,-0.0867597,0.297757,0.0376991,-0.16194,0.53791,0.000114984,0.00398621,14
27.0275,-0.0855773,0.302799,0.0376991,-0.18033,0.497895,0.000591414,0.00398683,17
27.0315,-0.0842471,0.30616,0.0376991,-0.202432,0.44266,0.000115876,0.00398349,14
27.0355,-0.0829908,0.471985,0.0376991,-0.225021,0.804127,0.000112831,0.00398596,14
27.0395,-0.0819562,0.301118,0.0345575,-0.233725,0.302627,0.000135924,0.00398703,14
27.0435,-0.0806999,0.304479,0.0345575,-0.246923,0.274139,0.000511705,0.00398535,17
27.0475,-0.0793696,0.301118,0.0345575,-0.26223,0.222125,0.000114755,0.00398385,14
27.0515,-0.078335,0.299437,0.0314159,-0.266258,0.170406,0.000114483,0.00398628,14
27.0555,-0.0771526,0.294396,0.0314159,-0.278504,0.122993,0.000118211,0.00398521,14
27.0595,-0.0759702,0.289914,0.0282743,-0.285859,0.0543282,0.000441604,0.00398691,20
27.0635,-0.0747139,0.288233,0.0282743,-0.2865,0.0508023,0.000124793,0.00398307,14
27.0675,-0.0736793,0.289914,0.0251327,-0.277904,0.0458849,0.000121888,0.00398273,14
27.0715,-0.0725707,0.278149,0.0251327,-0.278589,0.015937,0.0001179,0.00398527,14
27.0755,-0.0714622,0.274788,0.0251327,-0.286594,-0.0144904,0.000370101,0.00398693,20
27.0795,-0.0702798,0.274788,0.0251327,-0.301216,-0.0561007,0.000117349,0.00398293,14
27.0835,-0.0692452,0.270306,0.0251327,-0.301275,-0.0655634,0.000116017,0.00398619,14
27.0875,-0.0682106,0.261903,0.0251327,-0.298619,-0.0769207,0.000735473,0.00398688,17
27.0915,-0.0670282,0.256861,0.0251327,-0.29423,-0.0740628,0.000277178,0.00398351,13
27.0955,-0.0661414,0.249018,0.0251327,-0.290211,-0.080178,0.000118321,0.00398393,14
27.0995,-0.0651807,0.240614,0.0251327,-0.289784,-0.098433,0.000114805,0.00398585,14
27.1035,-0.0642199,0.238934,0.0219912,-0.263565,-0.0589106,0.000658308,0.00397524,17
27.1075,-0.0631853,0.226049,0.0219912,-0.246967,-0.0396739,0.000197008,0.0039837,13
27.1115,-0.0623724,0.221567,0.0219912,-0.242793,-0.0368274,0.000115816,0.00398344,14
27.1155,-0.0615595,0.216525,0.0219912,-0.233225,-0.0191256,0.000119072,0.00398641,14
27.1195,-0.0606727,0.208122,0.0219912,-0.211595,0.0265346,0.000558151,0.00398607,17
27.1235,-0.0597859,0.201959,0.0219912,-0.191994,0.0718336,0.000114083,0.00398344,14
27.1275,-0.0590469,0.20364,0.0219912,-0.177366,0.121978,0.000118581,0.00398532,14
27.1315,-0.058234,0.195237,0.0219912,-0.149753,0.185557,0.000125304,0.00398672,14
27.1355,-0.057495,0.193556,0.0219912,-0.123808,0.261247,0.000464297,0.0039869,20
27.1395,-0.0566081,0.270306,0.0219912,-0.102894,0.524008,0.000124332,0.00397369,14
27.1435,-0.0560169,0.182352,0.0219912,-0.0910773,0.334529,0.00011768,0.00398625,14
27.1475,-0.0552779,0.180671,0.0219912,-0.0713807,0.391335,0.000129442,0.00398368,14
27.1515,-0.0545389,0.17731,0.0219912,-0.0592979,0.420805,0.000354832,0.00398695,20
27.1555,-0.0537999,0.17899,0.0251327,-0.0708828,0.429211,0.000120165,0.00396934,14
27.1595,-0.0531348,0.17731,0.0251327,-0.0690991,0.431724,0.000113802,0.00398565,14
27.1635,-0.0524697,0.175629,0.0251327,-0.0708419,0.423579,0.000112641,0.00398674,14
27.1675,-0.0517307,0.173948,0.0251327,-0.0595556,0.45497,0.000285934,0.0039863,20
27.1715,-0.0509917,0.175629,0.0251327,-0.0507335,0.487568,0.000142826,0.00398338,14
27.1755,-0.0503266,0.17731,0.0251327,-0.0262779,0.56725,0.000116687,0.00398467,14
27.1795,-0.0495876,0.175629,0.0251327,-0,0.643944,0.000673257,0.00398664,17
27.1835,-0.0487746,0.172268,0.0251327,0.0262779,0.716472,0.000183392,0.0039747,13
27.1875,-0.0481834,0.184032,0.0251327,0.0507335,0.821958,0.000115506,0.00398395,14
27.1915,-0.0474444,0.184032,0.0251327,0.0715447,0.88646,0.00011213,0.00398646,14
27.1955,-0.0467054,0.185713,0.0251327,0.0868891,0.938769,0.000569002,0.00398531,17
27.1995,-0.0458925,0.193556,0.0282743,0.0829557,0.986327,0.0001182,0.00398389,14
27.2035,-0.0451535,0.201959,0.0282743,0.0778419,0.994122,0.00011232,0.0039867,14
27.2075,-0.0443406,0.208122,0.0282743,0.0680435,0.982152,0.000129682,0.00398645,14
27.2115,-0.0435277,0.213164,0.0282743,0.0719384,1.00868,0.000501386,0.0039866,17
27.2155,-0.042567,0.221567,0.0282743,0.076276,1.04552,0.000117078,0.00398306,14
27.2195,-0.041754,0.226049,0.0282743,0.0800751,1.07031,0.000117098,0.00398643,14
27.2235,-0.0407933,0.236133,0.0282743,0.0826349,1.10611,0.00011242,0.00398682,14
27.2275,-0.0399065,0.237813,0.0282743,0.083535,1.11509,0.000411157,0.00398678,20
27.2315,-0.038798,0.25406,0.0282743,0.082635,1.15662,0.000115094,0.00398357,14
27.2355,-0.0379112,0.256861,0.0282743,0.0800751,1.15803,0.000147946,0.00398529,14
27.2395,-0.0368027,0.265264,0.0282743,0.0762759,1.1706,0.000120455,0.00398648,14
27.2435,-0.0357681,0.268625,0.0282743,0.0719383,1.1684,0.000334554,0.00398527,20
27.2475,-0.0345857,0.27983,0.0282743,0.0680434,1.18806,0.000117069,0.003983,14
27.2515,-0.033551,0.286552,0.0282743,0.0658529,1.20101,0.000116417,0.00398525,14
27.2555,-0.0323686,0.294396,0.0282743,0.0669085,1.22697,0.000709774,0.0039866,17
27.2595,-0.0310384,0.304479,0.0282743,0.0730325,1.27435,0.00024656,0.00398314,13
27.2635,-0.029856,0.376188,0.0282743,0.0645855,1.43604,0.000116247,0.00398295,14
27.2675,-0.0286736,0.317364,0.0251327,0.0659659,1.25385,0.000112399,0.00398633,14
27.2715,-0.0274173,0.328569,0.0251327,0.0578146,1.2608,0.000645394,0.00398578,17
27.2755,-0.0258653,0.345376,0.0251327,0.0425147,1.26123,0.000189764,0.00398352,13
27.2795,-0.024609,0.353219,0.0251327,0.0224488,1.22352,0.000116247,0.00398353,14
27.2835,-0.0232049,0.361622,0.0251327,-0,1.18038,0.000122909,0.00398645,14
27.2875,-0.0218008,0.367784,0.0219912,-0.0104598,1.13023,0.000568361,0.003985,17
27.2915,-0.0201011,0.384031,0.0219912,-0.0264675,1.12739,0.000127087,0.00398327,14
27.2955,-0.0186969,0.395795,0.0219912,-0.0439581,1.10789,0.000115956,0.00398614,14
27.2995,-0.017145,0.401958,0.0219912,-0.0590067,1.08166,0.000160449,0.0039862,14
27.3035,-0.0154453,0.412042,0.0188496,-0.0558398,1.08343,0.000489273,0.00398663,17
27.3075,-0.0136717,0.416523,0.015708,-0.0604859,1.04732,0.000121367,0.00398223,14
27.3115,-0.0121198,0.431649,0.015708,-0.0776517,1.03778,0.000120064,0.00398564,14
27.3155,-0.01042,0.437812,0.0125664,-0.0908628,0.97995,0.000119583,0.00398663,14
27.3195,-0.00864641,0.442854,0.0125664,-0.116114,0.920491,0.000397642,0.00398688,20
27.3235,-0.00672499,0.452377,0.00942478,-0.13637,0.850513,0.000116027,0.00398382,14
27.3275,-0.00509917,0.454058,0.00942478,-0.167206,0.765199,0.00011248,0.0039864,14
27.3315,-0.00325164,0.464142,0.00628319,-0.191306,0.684887,0.000116537,0.0039866,14
27.3355,-0.00133022,0.478708,0.00314159,-0.212116,0.62622,0.000335086,0.00398498,20
27.3395,0.000665109,0.470305,0.00314159,-0.244228,0.511891,0.000117049,0.00398353,14
27.3435,0.00243873,0.477027,-0,-0.269626,0.418838,0.000110216,0.00398667,12
27.3475,0.00436016,0.477027,-0,-0.303324,0.321192,0.000396049,0.00397529,15
27.3515,0.00635548,0.487111,-0.00314159,-0.327867,0.239864,0.000117981,0.00397061,12
27.3555,0.00820301,0.489912,-0.00314159,-0.358969,0.157116,0.000114464,0.00398504,12
27.3595,0.0100505,0.48375,-0.00628319,-0.380015,0.0441986,0.000119343,0.00398613,12
27.3635,0.011972,0.482069,-0.00942478,-0.395712,-0.0408537,0.000207177,0.00398652,15
27.3675,0.0139673,0.475346,-0.0125664,-0.410487,-0.135941,0.000130864,0.00398129,12
27.3715,0.0158148,0.467503,-0.0125664,-0.440616,-0.243155,0.000112099,0.00398624,12
27.3755,0.0176623,0.465823,-0.015708,-0.448722,-0.305427,0.000494904,0.00398676,15
27.3795,0.0196577,0.457419,-0.015708,-0.462929,-0.365651,0.000119743,0.0039704,12
27.3835,0.0213574,0.449576,-0.015708,-0.479454,-0.432078,0.000112581,0.0039707,12
27.3875,0.0232788,0.609239,-0.0188496,-0.484344,-0.0690214,0.000113341,0.00398643,12
27.3915,0.0248307,0.436131,-0.0219912,-0.485391,-0.552023,0.000280754,0.00398701,15
27.3955,0.0266044,0.415403,-0.0251327,-0.468784,-0.588819,0.000115285,0.00398371,12
27.3995,0.0281563,0.403638,-0.0251327,-0.464748,-0.603532,0.00011767,0.00398648,12
27.4035,0.0297082,0.399157,-0.0251327,-0.471882,-0.633249,0.000571256,0.00398634,15
27.4075,0.0314079,0.377868,-0.0251327,-0.490887,-0.741793,0.000121357,0.00398121,12
27.4115,0.0327381,0.369465,-0.0282743,-0.490836,-0.797853,0.00011217,0.00398646,12
27.4155,0.0342162,0.35658,-0.0282743,-0.484838,-0.809685,0.000117409,0.00398659,12
27.4195,0.0356203,0.338653,-0.0282743,-0.486145,-0.856734,0.000385259,0.00398629,15
27.4235,0.0370244,0.324087,-0.0282743,-0.476239,-0.861241,0.000113702,0.00398335,12
27.4275,0.0381329,0.310642,-0.0282743,-0.470331,-0.875593,0.000114835,0.00398641,12
27.4315,0.0393153,0.288233,-0.0282743,-0.451727,-0.874495,0.000138548,0.00398685,12
27.4355,0.0404238,0.270306,-0.0282743,-0.437321,-0.874706,0.000164347,0.00398657,15
27.4395,0.0415323,0.256861,-0.0282743,-0.411959,-0.830269,0.000114423,0.00398593,12
27.4435,0.0424192,0.236133,-0.0282743,-0.372197,-0.761549,0.000115956,0.00398702,12
27.4475,0.0433799,0.218206,-0.0282743,-0.33591,-0.695957,0.000459788,0.0039872,15
27.4515,0.0442667,0.201959,-0.0282743,-0.288645,-0.593024,0.000120485,0.00398108,12
27.4555,0.0449318,0.188514,-0.0282743,-0.249119,-0.50675,0.000115185,0.00398631,12
27.4595,0.0456708,0.172268,-0.0282743,-0.203581,-0.409357,0.000110236,0.00398671,12
27.4635,0.0463359,0.162744,-0.0282743,-0.171307,-0.3349,0.000253884,0.00398678,15
27.4675,0.0469271,0.146497,-0.0282743,-0.138967,-0.277715,0.000115005,0.00398332,12
27.4715,0.0475183,0.143136,-0.0251327,-0.116365,-0.179303,0.000118461,0.00398612,12
27.4755,0.0480356,0.12689,-0.0251327,-0.0804175,-0.111376,0.000560346,0.00398429,15
27.4795,0.0485529,0.120167,-0.0251327,-0.0502611,-0.0364267,0.000118211,0.00398293,12
27.4835,0.0489963,0.116806,-0.0219912,-0.0238527,0.0731667,0.000110226,0.00398648,12
27.4875,0.0493658,0.10224,-0.0219912,0.000430994,0.109851,0.000110376,0.00398716,12
27.4915,0.0498093,0.0142856,-0.0188496,0.00219055,-0.0728674,0.00036433,0.00398689,15
27.4955,0.0501788,0.0859937,-0.015708,0.00240821,0.150718,0.00016611,0.00398317,12
27.4995,0.0504744,0.0781507,-0.015708,0.0220662,0.190572,0.000119183,0.00398601,12
27.5035,0.05077,0.0731087,-0.0125664,0.0505184,0.301692,0.00063776,0.0039868,15
27.5075,0.0510656,0.066386,-0.0125664,0.0895278,0.402911,0.000115606,0.00398317,12
27.5115,0.0512873,0.0619043,-0.0125664,0.131665,0.519192,0.000116066,0.0039864,12
27.5155,0.051509,0.058543,-0.00942478,0.158074,0.628303,0.000136906,0.00398611,12
27.5195,0.0517307,0.0602236,-0.00628319,0.192118,0.773471,0.000430483,0.00398675,15
27.5235,0.0520263,0.058543,-0.00628319,0.236263,0.903191,0.000118361,0.00398347,12
27.5275,0.052248,0.0619043,-0.00314159,0.272211,1.05844,0.000121086,0.00398654,12
27.5315,0.0525436,0.0680667,-0.00314159,0.314555,1.20292,0.000116918,0.00398681,12
27.5355,0.0528392,0.0747893,-0,0.34528,1.3512,0.000117689,0.00398635,18
27.5395,0.0532087,0.0893551,-0,0.379399,1.49261,0.000116438,0.00398691,12
27.5435,0.0535782,0.0988788,-0,0.411445,1.61478,0.000644132,0.0039863,15
27.5475,0.0540216,0.112324,0.00314159,0.425225,1.72949,0.000159587,0.00398339,13
27.5515,0.054465,0.125209,0.00314159,0.437713,1.80138,0.000119543,0.00398594,14
27.5555,0.0549823,0.143136,0.00628319,0.433559,1.87359,0.000117028,0.00398669,14
27.5595,0.0555735,0.157702,0.00942478,0.418728,1.90504,0.000593778,0.00398712,17
27.5635,0.0563125,0.172268,0.00942478,0.4109,1.9205,0.000127428,0.00398357,14
27.5675,0.0569776,0.191875,0.00942478,0.407691,1.96274,0.000113722,0.00398622,14
27.5715,0.0577906,0.208122,0.00942478,0.408399,2.00849,0.000116948,0.0039856,14
27.5755,0.0586774,0.222687,0.00942478,0.414007,2.06487,0.000448868,0.00398671,20
27.5795,0.0596381,0.236133,0.0125664,0.393446,2.07693,0.000116317,0.00398257,14
27.5835,0.0605988,0.256861,0.0125664,0.381009,2.09482,0.000123351,0.00397801,14
27.5875,0.0616334,0.273667,0.0125664,0.378937,2.13409,0.000119793,0.00398669,14
27.5915,0.0628158,0.288233,0.0125664,0.369414,2.14539,0.000357577,0.00398612,20
27.5955,0.0640721,0.312323,0.0125664,0.368073,2.20611,0.000115005,0.00398325,14
27.5995,0.0653285,0.328569,0.00942478,0.370348,2.22008,0.000114303,0.00398633,14
27.6035,0.0666587,0.346496,0.00942478,0.35133,2.21167,0.000736475,0.00398691,17
27.6075,0.0683584,0.371146,0.00942478,0.328898,2.21106,0.000258482,0.00398376,13
27.6115,0.0696886,0.385711,0.00942478,0.288317,2.12883,0.000119514,0.00398304,14
27.6155,0.0712405,0.410361,0.00628319,0.259732,2.07182,0.000116267,0.00398629,14
27.6195,0.0729403,0.429969,0.00314159,0.242362,2.03605,0.000628864,0.00398538,17
27.6235,0.0748617,0.452377,-0,0.216346,1.98184,0.000115215,0.00398372,13
27.6275,0.0764875,0.412042,-0,0.162384,1.71845,0.000114353,0.00398614,12
27.6315,0.0784089,0.491593,-0,0.103117,1.74838,0.000115124,0.00398678,12
27.6355,0.0804043,0.503357,-0.00314159,0.0397266,1.55398,0.000201967,0.00398624,15
27.6395,0.0824735,0.516243,-0.00628319,-0.0144785,1.39039,0.000114394,0.00398344,12
27.6435,0.0845427,0.529128,-0.00942478,-0.0780973,1.19835,0.000114944,0.00398636,12
27.6475,0.0866858,0.543693,-0.0125664,-0.136278,1.02723,0.000507417,0.00398668,15
27.6515,0.0891246,0.557139,-0.015708,-0.184758,0.883188,0.000120826,0.00398378,12
27.6555,0.0911199,0.571704,-0.0188496,-0.239752,0.721378,0.000126186,0.00398482,12
27.6595,0.0934108,0.568343,-0.0219912,-0.284587,0.544751,0.000133278,0.00398537,12
27.6635,0.0957018,0.575066,-0.0251327,-0.335479,0.375785,0.000349923,0.00398681,15
27.6675,0.0981405,0.579547,-0.0282743,-0.397917,0.166478,0.000115926,0.00398272,12
27.6715,0.100358,0.579547,-0.0282743,-0.46918,-0.0440412,0.000109996,0.00398671,12
27.6755,0.102722,0.646774,-0.0345575,-0.514495,-0.0776754,0.000111598,0.00398641,12
27.6795,0.104939,0.576186,-0.0376991,-0.552603,-0.407238,0.000211064,0.00398667,15
27.6835,0.10723,0.566662,-0.0408407,-0.58064,-0.548972,0.000115416,0.00398164,12
27.6875,0.109447,0.555458,-0.0439823,-0.617767,-0.722663,0.000118842,0.00398604,12
27.6915,0.11159,0.545374,-0.0471239,-0.651796,-0.884268,0.000551509,0.0039869,15
27.6955,0.114029,0.530808,-0.0502655,-0.683229,-1.04892,0.000115195,0.00398305,12
27.6995,0.115877,0.522965,-0.0534071,-0.713407,-1.19376,0.000111388,0.00398631,12
27.7035,0.117872,0.501677,-0.0534071,-0.756645,-1.37489,0.000114654,0.00398634,12
27.7075,0.119867,0.480388,-0.0596903,-0.762736,-1.51872,0.000359812,0.00398587,15
27.7115,0.121863,0.464142,-0.0596903,-0.780006,-1.60839,0.000112049,0.00398378,12
27.7155,0.123562,0.441173,-0.0628318,-0.792399,-1.73876,0.000110747,0.00398627,12
27.7195,0.125188,0.40868,-0.0628318,-0.818855,-1.89883,0.000648651,0.00398644,15
27.7235,0.126962,0.371146,-0.0659734,-0.826062,-2.05087,0.000154929,0.00398347,9
27.7275,0.128218,0.353219,-0.0659734,-0.825871,-2.09372,0.000123651,0.00398491,12
27.7315,0.129548,0.209802,-0.0659734,-0.809648,-2.41108,0.000111969,0.00398632,12
27.7355,0.130657,0.274788,-0.069115,-0.779638,-2.18812,0.000480657,0.00398583,15
27.7395,0.131765,0.231091,-0.069115,-0.760946,-2.24173,0.000111689,0.00398369,12
27.7435,0.132504,0.198598,-0.069115,-0.738278,-2.25529,0.000110676,0.00398665,12
27.7475,0.13317,0.162744,-0.069115,-0.709449,-2.25904,0.000112149,0.0039864,12
27.7515,0.133761,0.121848,-0.069115,-0.673259,-2.25369,0.000234949,0.00398607,15
27.7555,0.13413,0.0843131,-0.069115,-0.629344,-2.21683,0.000146503,0.00398354,12
27.7595,0.134426,0.0518203,-0.0659734,-0.590034,-2.14358,0.000111498,0.00398637,12
27.7635,0.1345,0.0142856,-0.0659734,-0.536309,-2.07771,0.000511594,0.00398667,15
27.7675,0.1345,-0.0215685,-0.0628318,-0.483159,-1.97194,0.000113983,0.00398342,12
27.7715,0.134352,-0.0456579,-0.0628318,-0.413809,-1.82472,0.00011251,0.00398623,12
27.7755,0.13413,-0.0669463,-0.0596903,-0.345071,-1.63482,0.00011291,0.00398621,12
27.7795,0.133761,-0.0915959,-0.0565487,-0.295302,-1.51122,0.000367676,0.00398688,15
27.7835,0.133391,-0.1028,-0.0534071,-0.230608,-1.3079,0.000113071,0.00398364,12
27.7875,0.132948,-0.119047,-0.0502655,-0.161975,-1.10581,0.000113852,0.00397672,12
27.7915,0.132431,-0.138654,-0.0502655,-0.0771112,-0.900973,0.000110957,0.00398655,12
27.7955,0.131839,-0.142016,-0.0439823,-0.00804296,-0.627242,0.000198851,0.00398656,15
27.7995,0.131248,-0.150419,-0.0408407,0.0665732,-0.387205,0.000116177,0.00398162,12
27.8035,0.130657,-0.151539,-0.0376991,0.146479,-0.11243,0.000111558,0.00398613,12
27.8075,0.130066,-0.151539,-0.0345575,0.231837,0.181707,0.000531703,0.00398655,15
27.8115,0.129475,-0.081512,-0.0314159,0.301769,0.609542,0.000113462,0.00398364,12
27.8155,0.128957,-0.133612,-0.0282743,0.389887,0.778025,0.00011259,0.00398607,12
27.8195,0.128366,-0.129131,-0.0251327,0.465426,1.05403,0.000113272,0.00398673,12
27.8235,0.127923,-0.117366,-0.0251327,0.55491,1.35377,0.000373327,0.00398601,15
27.8275,0.127479,-0.099439,-0.0219912,0.620904,1.63588,0.000113322,0.00398285,12
27.8315,0.12711,-0.0848733,-0.015708,0.669317,1.89383,0.000111889,0.00398619,12
27.8355,0.126888,-0.0591032,-0.015708,0.718189,2.1074,0.00066417,0.00398651,12
27.8395,0.126666,-0.0378148,-0.0125664,0.744316,2.27816,0.000170318,0.00398343,9
27.8435,0.126592,-0.0148458,-0.0125664,0.78039,2.44616,0.000120855,0.00398595,12
27.8475,0.126592,0.0109243,-0.0125664,0.807973,2.59587,0.000114393,0.00398572,12
27.8515,0.126666,0.035574,-0.00942478,0.811151,2.70658,0.000446493,0.00398696,15
27.8555,0.126888,0.0467784,-0.00628319,0.796455,2.72898,0.00011277,0.0039833,12
27.8595,0.12711,0.0680667,-0.00628319,0.783242,2.74435,0.000112459,0.00398604,12
27.8635,0.127479,0.0893551,-0.00628319,0.771933,2.7658,0.000115736,0.0039857,12
27.8675,0.127849,0.115125,-0.00628319,0.744011,2.74858,0.000287477,0.00398537,15
27.8715,0.12844,0.144817,-0.00314159,0.70354,2.7415,0.000121326,0.00398237,12
27.8755,0.129031,0.162744,-0.00314159,0.655426,2.64355,0.000119233,0.0039846,12
27.8795,0.12977,0.195237,-0.00314159,0.617406,2.61393,0.000469767,0.00398683,15
27.8835,0.130657,0.216525,-0.00314159,0.576147,2.546,0.000115245,0.00398324,12
27.8875,0.13147,0.239494,-0.00314159,0.531007,2.47051,0.000136394,0.00398658,12
27.8915,0.132504,0.256861,-0.00314159,0.481907,2.3691,0.00011784,0.00398366,12
27.8955,0.133613,0.284872,-0.00628319,0.441172,2.28307,0.000212116,0.00398574,15
27.8995,0.134795,0.310642,-0.00942478,0.423236,2.26033,0.000113873,0.0039828,12
27.9035,0.136052,0.33025,-0.00942478,0.378851,2.17942,0.000119022,0.00398548,12
27.9075,0.137456,0.345376,-0.0125664,0.336118,2.05482,0.000501276,0.00398531,15
27.9115,0.139008,0.377868,-0.0125664,0.278823,1.96873,0.00012298,0.00398098,12
27.9155,0.140412,0.397476,-0.0125664,0.211789,1.8197,0.000113783,0.00398616,12
27.9195,0.142038,0.40868,-0.015708,0.150989,1.63088,0.000113632,0.00398568,12
27.9235,0.143737,0.424927,-0.0188496,0.0914948,1.45916,0.000291744,0.00398628,15
27.9275,0.145511,0.439492,-0.0219912,0.0289393,1.27401,0.00011235,0.0039833,12
27.9315,0.147285,0.4591,-0.0251327,-0.0190229,1.14595,0.000122879,0.00398225,12
27.9355,0.149132,0.464142,-0.0282743,-0.0665056,0.981995,0.000630197,0.00398129,15
27.9395,0.151275,0.480388,-0.0314159,-0.137516,0.776434,0.000132668,0.0039746,12
27.9435,0.152975,0.480388,-0.0345575,-0.202971,0.544861,0.000123511,0.0039841,12
27.9475,0.154896,0.494954,-0.0376991,-0.278385,0.32118,0.000119974,0.00398579,12
27.9515,0.156892,0.496635,-0.0408407,-0.346525,0.0864632,0.000509321,0.00398577,15
27.9555,0.159035,0.498315,-0.0471239,-0.389456,-0.109225,0.000113522,0.00398323,12
27.9595,0.160809,0.491593,-0.0502655,-0.442332,-0.319934,0.000111468,0.00398641,12
27.9635,0.162804,0.489912,-0.0502655,-0.520248,-0.555372,0.000110486,0.0039867,12
27.9675,0.164725,0.482069,-0.0534071,-0.586611,-0.809403,0.000318985,0.00398643,15
27.9715,0.166721,0.480388,-0.0596903,-0.62671,-1.00551,0.00011276,0.0039831,12
27.9755,0.168494,0.464142,-0.0628318,-0.658023,-1.17558,0.000113121,0.00398594,12
27.9795,0.170342,0.454058,-0.0628318,-0.710577,-1.35633,0.00011259,0.00398686,12
27.9835,0.172115,0.43333,-0.0659734,-0.751423,-1.56675,0.000132787,0.00398618,15
27.9875,0.173741,0.415403,-0.069115,-0.782184,-1.73981,0.000113712,0.00397723,12
27.9915,0.175367,0.38235,-0.0722566,-0.805466,-1.92921,0.000111378,0.00398649,12
27.9955,0.176771,0.354899,-0.0753982,-0.824992,-2.09331,0.000512307,0.00398591,15
27.9995,0.178249,0.324087,-0.0753982,-0.85774,-2.26839,0.000114193,0.00398293,12
28.0035,0.179358,0.288233,-0.0785398,-0.868437,-2.4281,0.000111548,0.00398675,12
28.0075,0.180392,0.252379,-0.0785398,-0.866968,-2.51373,0.000113362,0.00398564,12
28.0115,0.181279,0.211483,-0.0785398,-0.864483,-2.60959,0.000311061,0.00398666,15
28.0155,0.182092,0.170587,-0.0816814,-0.829492,-2.64486,0.00012324,0.00397909,12
28.0195,0.182609,0.053501,-0.0816814,-0.797269,-2.84785,0.000115857,0.00398424,12
28.0235,0.182979,0.0747893,-0.0816814,-0.772439,-2.71719,0.000604639,0.00398631,15
28.0275,0.183201,0.0243696,-0.0816814,-0.74097,-2.75144,0.000117399,0.00398334,12
28.0315,0.183201,-0.00532209,-0.0816814,-0.701939,-2.70994,0.000119372,0.00398574,12
28.0355,0.183053,-0.0411762,-0.0816814,-0.655406,-2.66196,0.000111337,0.00398602,12
28.0395,0.182831,-0.0770302,-0.0785398,-0.614259,-2.59295,0.000400457,0.00398699,15
28.0435,0.182535,-0.0182071,-0.0785398,-0.560179,-2.2787,0.000113521,0.0039838,12
28.0475,0.181944,-0.138654,-0.0753982,-0.509,-2.398,0.000115456,0.00398645,12
28.0515,0.181353,-0.156581,-0.0753982,-0.444925,-2.25181,0.00011212,0.0039864,12
28.0555,0.180614,-0.186273,-0.0722566,-0.385889,-2.114,0.000241711,0.00398544,15
28.0595,0.179801,-0.200839,-0.0659734,-0.341757,-1.94496,0.000122218,0.00398342,12
28.0635,0.178988,-0.226609,-0.0659734,-0.258155,-1.76044,0.000110747,0.00398631,12
28.0675,0.178027,-0.241175,-0.0628318,-0.167108,-1.48743,0.000566608,0.00398691,15
28.0715,0.176919,-0.262463,-0.0596903,-0.0893575,-1.27222,0.000115666,0.0039828,12
28.0755,0.175958,-0.267505,-0.0534071,-0.0262806,-1.02173,0.00012327,0.00398655,12
28.0795,0.174776,-0.285432,-0.0502655,0.0621234,-0.765841,0.000115425,0.0039863,12
28.0835,0.173667,-0.292155,-0.0471239,0.162487,-0.444795,0.000470818,0.00398683,15
28.0875,0.172337,-0.299998,-0.0439823,0.252248,-0.15916,0.00012342,0.00397982,12
28.0915,0.171229,-0.301678,-0.0408407,0.341456,0.141157,0.00011283,0.00398617,12
28.0955,0.170046,-0.301678,-0.0376991,0.429153,0.441072,0.000110787,0.00398688,12
28.0995,0.168864,-0.298317,-0.0345575,0.51564,0.745988,0.000298657,0.00398536,15
28.1035,0.167755,-0.278709,-0.0314159,0.602762,1.09482,0.000126326,0.00398325,12
28.1075,0.166721,-0.265824,-0.0282743,0.672445,1.37379,0.000110556,0.00398616,12
28.1115,0.165612,-0.25462,-0.0251327,0.740482,1.64331,0.000607694,0.00398642,15
28.1155,0.164577,-0.223248,-0.0219912,0.791183,1.91253,0.000116437,0.00398368,12
28.1195,0.163838,-0.207001,-0.0188496,0.821404,2.08156,0.00011267,0.00398634,12
28.1235,0.163099,-0.17955,-0.015708,0.850446,2.27587,0.000120795,0.00398681,12
28.1275,0.162434,-0.15322,-0.0125664,0.866681,2.42876,0.000427668,0.00398642,15
28.1315,0.161843,-0.120727,-0.0125664,0.883581,2.56221,0.000121296,0.00398329,12
28.1355,0.161474,-0.0899153,-0.0125664,0.89596,2.67815,0.000111528,0.00398641,12
28.1395,0.161178,-0.0635849,-0.0125664,0.901714,2.76269,0.00011267,0.00398652,12
28.1435,0.16103,-0.0277309,-0.00942478,0.889837,2.85628,0.00020888,0.00398688,15
28.1475,0.16103,0.00476187,-0.00942478,0.862571,2.85755,0.000138017,0.00398281,12
28.1515,0.161104,0.0288513,-0.00942478,0.83541,2.83766,0.0001125,0.0039863,12
28.1555,0.161252,0.0568623,-0.00942478,0.793199,2.78255,0.000456111,0.00398679,15
28.1595,0.161548,0.0893551,-0.00942478,0.755637,2.75335,0.000119533,0.00398229,12
28.1635,0.161917,0.103921,-0.00942478,0.711634,2.65869,0.00011747,0.00398465,12
28.1675,0.162434,0.130251,-0.00942478,0.641331,2.51516,0.000115626,0.00398566,12
28.1715,0.163026,0.157702,-0.00942478,0.579217,2.39943,0.000212787,0.00398618,15
28.1755,0.163691,0.17899,-0.0125664,0.528576,2.26518,0.000117119,0.00398259,12
28.1795,0.16443,0.20364,-0.0125664,0.473332,2.16332,0.000119844,0.00398657,12
28.1835,0.165316,0.22941,-0.0125664,0.397688,2.00301,0.000473424,0.00398701,15
28.1875,0.166351,0.243976,-0.015708,0.329747,1.79998,0.000113632,0.00397498,12
28.1915,0.167312,0.261903,-0.015708,0.253573,1.61804,0.000110326,0.00398625,12
28.1955,0.168346,0.276468,-0.0188496,0.18654,1.41776,0.000113953,0.00398522,12
28.1995,0.169529,0.294396,-0.0219912,0.125541,1.24468,0.000293919,0.00398698,15
28.2035,0.170785,0.309521,-0.0251327,0.0684535,1.07638,0.000119573,0.00398128,12
28.2075,0.171968,0.317364,-0.0282743,0.013852,0.896671,0.000123711,0.00398648,12
28.2115,0.173224,0.325768,-0.0282743,-0.0512556,0.724295,0.000598496,0.00398607,15
28.2155,0.174702,0.336972,-0.0345575,-0.0958238,0.546731,0.000152053,0.00398311,12
28.2195,0.175884,0.335292,-0.0376991,-0.142458,0.366579,0.000111679,0.00398662,12
28.2235,0.177215,0.338653,-0.0376991,-0.20443,0.190855,0.000113021,0.00398648,12
28.2275,0.178619,0.335292,-0.0408407,-0.263806,-0.0316482,0.000468374,0.0039869,15
28.2315,0.180097,0.335292,-0.0439823,-0.325234,-0.251534,0.000113983,0.00398366,12
28.2355,0.181279,0.335292,-0.0471239,-0.394481,-0.495697,0.000111699,0.00398556,12
28.2395,0.182609,0.263583,-0.0502655,-0.456979,-0.903784,0.00011256,0.0039861,12
28.2435,0.183866,0.317364,-0.0534071,-0.509863,-0.959853,0.000296854,0.00398705,15
28.2475,0.185196,0.302799,-0.0534071,-0.562122,-1.15238,0.0001125,0.00398361,12
28.2515,0.186304,0.284872,-0.0596903,-0.600584,-1.38731,0.000110486,0.00398642,12
28.2555,0.187339,0.258541,-0.0628318,-0.633963,-1.5912,0.000605249,0.00398423,15
28.2595,0.188447,0.236133,-0.0628318,-0.673629,-1.76636,0.000112359,0.00398382,12
28.2635,0.18926,0.209802,-0.0628318,-0.711592,-1.9471,0.000112069,0.00398617,12
28.2675,0.189999,0.185713,-0.0659734,-0.730255,-2.1014,0.000112981,0.0039865,12
28.2715,0.190665,0.149859,-0.0659734,-0.746315,-2.2408,0.000410466,0.00398639,15
28.2755,0.191182,0.112324,-0.069115,-0.745259,-2.37061,0.000119884,0.00398324,12
28.2795,0.191551,0.0809518,-0.069115,-0.747008,-2.45587,0.000137827,0.00398636,12
28.2835,0.191773,0.0467784,-0.0722566,-0.718671,-2.49523,0.000174465,0.00397911,12
28.2875,0.191847,0.00140055,-0.0722566,-0.693699,-2.53645,0.000474906,0.00394725,15
28.2915,0.191773,-0.0327729,-0.0722566,-0.674475,-2.56651,0.000492519,0.00392479,12
28.2955,0.191551,-0.0652656,-0.0722566,-0.644303,-2.55948,0.000121066,0.00398497,12
28.2995,0.191256,-0.0915959,-0.0722566,-0.62092,-2.55726,0.000507397,0.00398597,15
28.3035,0.190812,-0.117366,-0.069115,-0.602841,-2.53248,0.000117018,0.00398602,12
28.3075,0.190295,-0.145377,-0.069115,-0.569226,-2.50415,0.000121516,0.00398535,12
28.3115,0.18963,-0.174508,-0.0659734,-0.533243,-2.43439,0.000119032,0.00398553,12
28.3155,0.188891,-0.2042,-0.0659734,-0.476294,-2.34036,0.00032688,0.00398579,15
28.3195,0.188004,-0.231651,-0.0628318,-0.435111,-2.25105,0.000119723,0.00398517,12
28.3235,0.187043,-0.252939,-0.0628318,-0.360729,-2.08318,0.000114474,0.00398671,12
28.3275,0.186009,-0.28039,-0.0596903,-0.281249,-1.87846,0.000623875,0.00398609,12
28.3315,0.184679,-0.303359,-0.0565487,-0.213907,-1.69952,0.000155329,0.00398587,9
28.3355,0.18357,-0.316244,-0.0534071,-0.145008,-1.48943,0.000120104,0.00398553,12
28.3395,0.182314,-0.25462,-0.0502655,-0.0735488,-1.08006,0.00011783,0.00398387,12
28.3435,0.180983,-0.339213,-0.0471239,0.00105278,-1.03787,0.000489033,0.00398584,15
28.3475,0.179432,-0.345936,-0.0439823,0.07924,-0.784806,0.000125885,0.00398543,12
28.3515,0.178249,-0.342574,-0.0408407,0.161595,-0.492377,0.000124983,0.00398598,12
28.3555,0.176845,-0.352098,-0.0376991,0.227381,-0.283683,0.000122168,0.00398498,12
28.3595,0.175441,-0.350417,-0.0345575,0.310069,0.00493991,0.000338041,0.00398652,15
28.3635,0.173889,-0.355459,-0.0314159,0.400216,0.298471,0.000118221,0.00398571,12
28.3675,0.172633,-0.345936,-0.0282743,0.479887,0.598496,0.000138939,0.00398592,12
28.3715,0.171229,-0.342574,-0.0251327,0.542715,0.831431,0.000130343,0.00398643,12
28.3755,0.169898,-0.335852,-0.0251327,0.615784,1.06665,0.00022509,0.00398515,15
28.3795,0.168568,-0.316244,-0.0219912,0.662361,1.29247,0.000136515,0.00398522,12
28.3835,0.167386,-0.299998,-0.0188496,0.701185,1.48653,0.000128149,0.00398549,12
28.3875,0.166203,-0.282071,-0.015708,0.719367,1.62253,0.000486578,0.00398603,15
28.3915,0.165095,-0.260782,-0.0125664,0.738169,1.76923,0.000136745,0.00397655,12
28.3955,0.164134,-0.236693,-0.0125664,0.759636,1.89404,0.000118962,0.00398572,12
28.3995,0.163321,-0.208682,-0.00942478,0.766732,2.02331,0.000121948,0.00398644,12
28.4035,0.162508,-0.187394,-0.00942478,0.776993,2.10737,0.000284932,0.00398544,15
28.4075,0.161843,-0.154901,-0.00628319,0.77703,2.22717,0.000114363,0.00398626,12
28.4115,0.161252,-0.12745,-0.00628319,0.766421,2.26451,0.000139531,0.00398078,12
28.4155,0.160809,-0.099439,-0.00314159,0.745728,2.31061,0.000553182,0.00398203,15
28.4195,0.160513,-0.0669463,-0.00314159,0.716492,2.30528,0.000119804,0.00398511,12
28.4235,0.160291,-0.0445375,-0.00314159,0.693225,2.29219,0.000115746,0.00398658,12
28.4275,0.160217,-0.0131652,-0.00314159,0.659513,2.27093,0.00011822,0.00398659,12
28.4315,0.160217,0.0109243,-0.00314159,0.63351,2.25438,0.000296113,0.00398476,15
28.4355,0.160365,0.0372546,-0.00628319,0.614296,2.22696,0.0001228,0.00398601,12
28.4395,0.160513,0.053501,-0.00628319,0.581728,2.1707,0.000249827,0.00397159,12
28.4435,0.160809,0.0747893,-0.00942478,0.549818,2.09225,0.000577147,0.0039852,15
28.4475,0.161178,0.0960777,-0.00942478,0.500947,2.00019,0.00012863,0.00397399,12
28.4515,0.161621,0.115125,-0.0125664,0.451229,1.86248,0.000115085,0.00398672,12
28.4555,0.162139,0.133052,-0.0125664,0.384726,1.7088,0.000141895,0.00398678,12
28.4595,0.16273,0.154341,-0.015708,0.318814,1.52825,0.000371082,0.00398548,15
28.4635,0.163395,0.167786,-0.015708,0.238398,1.3213,0.000121437,0.00398614,12
28.4675,0.16406,0.180671,-0.0188496,0.161272,1.08538,0.000255958,0.00397021,12
28.4715,0.164799,0.188514,-0.0219912,0.0843315,0.837199,0.000132838,0.00398485,12
28.4755,0.165612,0.201959,-0.0251327,0.00502986,0.596469,0.00022492,0.00398574,15
28.4795,0.166425,0.208122,-0.0251327,-0.0908865,0.324253,0.000115365,0.00398556,12
28.4835,0.167238,0.213164,-0.0282743,-0.164021,0.0805228,0.000114835,0.00398626,12
28.4875,0.168125,0.211483,-0.0314159,-0.228627,-0.154585,0.00049271,0.00398664,15
28.4915,0.169012,0.20476,-0.0345575,-0.287249,-0.384595,0.000127749,0.00398645,12
28.4955,0.169751,0.20476,-0.0376991,-0.342995,-0.588923,0.000118201,0.00398558,12
28.4995,0.170563,0.196917,-0.0376991,-0.411801,-0.815273,0.000116708,0.00398655,12
28.5035,0.171302,0.185713,-0.0408407,-0.457072,-1.0168,0.000330016,0.00398677,15
28.5075,0.172041,0.172268,-0.0439823,-0.496987,-1.20791,0.000116107,0.00398632,12
28.5115,0.172633,0.156021,-0.0471239,-0.517396,-1.3476,0.000119062,0.00398636,12
28.5155,0.173224,0.134733,-0.0502655,-0.537599,-1.49966,0.000138578,0.00398249,12
28.5195,0.173741,0.112324,-0.0502655,-0.556977,-1.61479,0.000195575,0.00398618,15
28.5235,0.174111,0.0927164,-0.0534071,-0.576872,-1.76207,0.000114885,0.00398524,12
28.5275,0.174406,0.0647054,-0.0534071,-0.600729,-1.90565,0.000128409,0.00398646,12
28.5315,0.174628,0.0406159,-0.0534071,-0.624484,-2.03898,0.000432948,0.00398495,15
28.5355,0.174702,0.00308121,-0.0565487,-0.634325,-2.20269,0.000115155,0.00398584,12
28.5395,0.174628,-0.0215685,-0.0565487,-0.650593,-2.31548,0.000138939,0.00398694,12
28.5435,0.17448,-0.0456579,-0.0565487,-0.652526,-2.38368,0.000121106,0.00398489,12
28.5475,0.174258,-0.0753496,-0.0565487,-0.653516,-2.46361,0.000244506,0.00398649,15
28.5515,0.173889,-0.10112,-0.0565487,-0.635464,-2.47622,0.000115987,0.00398572,12
28.5555,0.173372,-0.12745,-0.0565487,-0.614286,-2.48114,0.000115847,0.00398666,12
28.5595,0.17278,-0.159943,-0.0565487,-0.574265,-2.44516,0.000511675,0.00398552,15
28.5635,0.172041,-0.184592,-0.0565487,-0.533559,-2.38723,0.000121426,0.00398577,12
28.5675,0.171302,-0.215404,-0.0534071,-0.490545,-2.30072,0.000114233,0.00398627,12
28.5715,0.170342,-0.236693,-0.0534071,-0.445421,-2.22126,0.000118852,0.0039854,12
28.5755,0.169381,-0.264144,-0.0502655,-0.400069,-2.11951,0.000279322,0.00398612,15
28.5795,0.168199,-0.283751,-0.0502655,-0.33617,-1.97948,0.000115746,0.00398598,12
28.5835,0.16709,-0.30504,-0.0502655,-0.256586,-1.79621,0.000115085,0.00398674,12
28.5875,0.165834,-0.319605,-0.0471239,-0.19721,-1.61955,0.000578931,0.00398589,15
28.5915,0.164356,-0.339213,-0.0439823,-0.141405,-1.46714,0.000116618,0.00397414,12
28.5955,0.163173,-0.350417,-0.0408407,-0.0853639,-1.29174,0.000113612,0.00398652,12
28.5995,0.161695,-0.360501,-0.0408407,-0.0138521,-1.10482,0.000116076,0.00398625,12
28.6035,0.160291,-0.370025,-0.0376991,0.0561771,-0.883304,0.000439591,0.00398693,15
28.6075,0.158591,-0.386272,-0.0345575,0.107629,-0.735881,0.000119173,0.0039864,12
28.6115,0.157187,-0.387952,-0.0314159,0.155319,-0.561677,0.000120394,0.00398509,12
28.6155,0.155635,-0.378428,-0.0282743,0.202352,-0.360928,0.000128029,0.00398644,12
28.6195,0.154157,-0.384591,-0.0251327,0.252395,-0.191312,0.000295001,0.00398573,15
28.6235,0.152532,-0.378428,-0.0251327,0.321946,0.0311903,0.000128119,0.00398604,12
28.6275,0.151054,-0.380109,-0.0219912,0.37497,0.221356,0.000114914,0.00398659,12
28.6315,0.149576,-0.370025,-0.015708,0.41822,0.449751,0.000597696,0.00398657,15
28.6355,0.14795,-0.366664,-0.015708,0.470013,0.611379,0.000118161,0.00398604,12
28.6395,0.146693,-0.363863,-0.0125664,0.506867,0.7647,0.000115065,0.00398671,12
28.6435,0.145289,-0.347056,-0.0125664,0.560631,0.967389,0.00012335,0.00398615,12
28.6475,0.143885,-0.340894,-0.00942478,0.599478,1.13507,0.000384608,0.00398677,15
28.6515,0.142481,-0.319605,-0.00628319,0.625451,1.30279,0.000130584,0.00398432,12
28.6555,0.141373,-0.298317,-0.00628319,0.652864,1.43803,0.000120295,0.00398619,12
28.6595,0.14019,-0.28039,-0.00314159,0.664541,1.55438,0.000229499,0.00397722,12
28.6635,0.139082,-0.262463,-0.00314159,0.677458,1.63716,0.000181008,0.00398316,15
28.6675,0.138121,-0.236693,-0,0.677244,1.73825,0.00011797,0.00398485,12
28.6715,0.137234,-0.217085,-0,0.683817,1.80667,0.000146634,0.0039864,12
28.6755,0.136495,-0.187394,-0,0.676138,1.8583,0.000132107,0.00398596,15
28.6795,0.135756,-0.159943,-0,0.667456,1.90114,0.000132487,0.00398663,12
28.6835,0.135165,-0.136974,-0,0.639674,1.87504,0.000116818,0.00398608,12
28.6875,0.134721,-0.107842,-0,0.608845,1.85592,0.0001336,0.00398672,18
28.6915,0.134352,-0.0882346,-0,0.581279,1.8223,0.00011267,0.00398676,12
28.6955,0.134056,-0.0652656,-0,0.543782,1.76749,0.000588779,0.00398629,15
28.6995,0.133835,-0.0361342,-0,0.495434,1.69591,0.000113201,0.00398671,12
28.7035,0.133761,-0.0131652,-0,0.435451,1.57362,0.000116948,0.00398573,12
28.7075,0.133835,0.0142856,-0,0.384793,1.49139,0.000521864,0.00398664,15
28.7115,0.133909,0.0176469,-0.00314159,0.344502,1.34097,0.000117409,0.00398609,12
28.7155,0.133982,0.030532,-0.00314159,0.295557,1.2264,0.000113312,0.00398669,12
28.7195,0.13413,0.0439773,-0.00314159,0.240259,1.09423,0.000122178,0.00398653,12
28.7235,0.134352,0.0568623,-0.00942478,0.204329,0.944359,0.000266908,0.00398605,15
28.7275,0.134648,0.0647054,-0.00942478,0.148965,0.797893,0.000120145,0.00398572,12
28.7315,0.134869,0.0731087,-0.0125664,0.111464,0.66921,0.000113341,0.00398709,12
28.7355,0.135239,0.0809518,-0.0125664,0.0641795,0.547319,0.00056244,0.0039862,15
28.7395,0.135608,0.0859937,-0.015708,0.0020436,0.335858,0.000114554,0.00398605,12
28.7435,0.135904,0.0910357,-0.015708,-0.0599521,0.162137,0.000114183,0.00398666,12
28.7475,0.136273,0.0859937,-0.0188496,-0.118805,-0.0653689,0.000114975,0.00398645,12
28.7515,0.136643,0.0927164,-0.0219912,-0.159664,-0.208203,0.000335807,0.0039847,15
28.7555,0.137012,0.0798313,-0.0219912,-0.211855,-0.398297,0.000114083,0.00398601,12
28.7595,0.137308,0.0798313,-0.0251327,-0.261369,-0.584758,0.000112971,0.00398652,12
28.7635,0.137604,0.0697474,-0.0251327,-0.306884,-0.747625,0.000619185,0.00398686,15
28.7675,0.137899,0.0602236,-0.0282743,-0.347922,-0.932994,0.000152425,0.00398648,9
28.7715,0.138121,0.0467784,-0.0282743,-0.384983,-1.07913,0.000118331,0.00398479,12
28.7755,0.138269,0.035574,-0.0314159,-0.419692,-1.25002,0.000119082,0.00398587,12
28.7795,0.138343,0.0126049,-0.0345575,-0.442943,-1.41675,0.000459948,0.00398677,15
28.7835,0.138343,-0.0131652,-0.0345575,-0.46919,-1.56242,0.000113702,0.00398629,12
28.7875,0.138269,-0.0249298,-0.0376991,-0.480697,-1.66513,0.000113551,0.0039869,12
28.7915,0.138121,-0.0361342,-0.0376991,-0.493178,-1.73202,0.000113893,0.00398693,12
28.7955,0.137899,-0.0557419,-0.0376991,-0.502288,-1.81052,0.000275404,0.00397597,15
28.7995,0.137604,-0.0798313,-0.0376991,-0.505364,-1.88249,0.000136655,0.00398423,12
28.8035,0.137308,-0.0915959,-0.0408407,-0.489436,-1.90277,0.000116758,0.00398663,12
28.8075,0.136865,-0.107842,-0.0408407,-0.475124,-1.90232,0.000585703,0.0039868,15
28.8115,0.136347,-0.124089,-0.0408407,-0.463129,-1.90903,0.00012899,0.00398635,12
28.8155,0.13583,-0.145377,-0.0408407,-0.455975,-1.94335,0.000113081,0.00398658,12
28.8195,0.135239,-0.164985,-0.0408407,-0.436264,-1.93557,0.000118792,0.00398559,12
28.8235,0.1345,-0.189074,-0.0408407,-0.42019,-1.95063,0.000386171,0.00398665,15
28.8275,0.133687,-0.200839,-0.0376991,-0.42563,-1.96166,0.000117028,0.00398498,12
28.8315,0.132874,-0.218766,-0.0376991,-0.39675,-1.92232,0.000126687,0.00398704,12
28.8355,0.131987,-0.240054,-0.0376991,-0.364536,-1.88172,0.000126135,0.00398667,12
28.8395,0.130953,-0.256301,-0.0376991,-0.315515,-1.77767,0.000209922,0.00398699,15
28.8435,0.129918,-0.265824,-0.0376991,-0.269247,-1.66463,0.000130384,0.00398573,12
28.8475,0.128809,-0.282071,-0.0345575,-0.224668,-1.53669,0.000115115,0.00398684,12
28.8515,0.127627,-0.292155,-0.0345575,-0.181698,-1.43538,0.000510824,0.00398645,15
28.8555,0.126297,-0.311202,-0.0314159,-0.141096,-1.32715,0.000117299,0.00398582,12
28.8595,0.125188,-0.316244,-0.0314159,-0.0825818,-1.16572,0.000115976,0.00398678,12
28.8635,0.123932,-0.324647,-0.0282743,-0.0399442,-1.02377,0.000119332,0.00398494,12
28.8675,0.122602,-0.334171,-0.0251327,0.0062564,-0.8741,0.000383466,0.00398493,15
28.8715,0.121198,-0.344255,-0.0251327,0.0535786,-0.760121,0.000115426,0.00398615,12
28.8755,0.119867,-0.345936,-0.0251327,0.111569,-0.592103,0.000115896,0.00398668,12
28.8795,0.118537,-0.344255,-0.0219912,0.146018,-0.449096,0.000625548,0.00398701,12
28.8835,0.116911,-0.355459,-0.0188496,0.176505,-0.351884,0.000172662,0.0039866,9
28.8875,0.115729,-0.352098,-0.015708,0.211042,-0.203959,0.000117088,0.00398664,12
28.8915,0.114399,-0.344255,-0.015708,0.24859,-0.0731948,0.000120946,0.00398562,12
28.8955,0.112995,-0.347056,-0.0125664,0.288949,0.0759713,0.00043927,0.00398636,15
28.8995,0.111517,-0.342574,-0.0125664,0.332901,0.217111,0.00011776,0.00398609,12
28.9035,0.11026,-0.33249,-0.0125664,0.372597,0.360298,0.000115716,0.00398662,12
28.9075,0.109004,-0.328009,-0.00942478,0.389319,0.457109,0.000126266,0.00398699,12
28.9115,0.107674,-0.321286,-0.00628319,0.407134,0.562831,0.000270856,0.00398366,15
28.9155,0.106344,-0.316244,-0.00628319,0.429766,0.641308,0.000133589,0.00398553,12
28.9195,0.105235,-0.30504,-0.00314159,0.440742,0.738389,0.00013916,0.0039856,12
28.9235,0.103979,-0.294956,-0.00314159,0.457038,0.81086,0.000472281,0.00398589,15
28.9275,0.102944,-0.154901,-0.00314159,0.47557,1.22524,0.000146684,0.00398614,12
28.9315,0.101836,-0.247897,-0,0.482946,1.04313,0.00017691,0.00398279,12
28.9355,0.100875,-0.236693,-0,0.477627,1.05381,0.000544877,0.00397807,15
28.9395,0.0999141,-0.215404,-0,0.469917,1.08324,0.000143518,0.00398281,12
28.9435,0.0991751,-0.202519,-0,0.459818,1.08429,0.00013932,0.00398637,12
28.9475,0.0984361,-0.186273,-0,0.449011,1.09185,0.000449018,0.00398548,15
28.9515,0.0976971,-0.161623,-0,0.440861,1.12908,0.000116077,0.00398633,12
28.9555,0.0971059,-0.150419,-0,0.418671,1.08959,0.000125034,0.00398626,12
28.9595,0.0965147,-0.133612,-0,0.399197,1.07272,0.000403473,0.00398508,15
28.9635,0.0959974,-0.119047,-0,0.367004,1.01181,0.000125444,0.00398537,12
28.9675,0.0956279,-0.1028,-0,0.339968,0.971141,0.000114725,0.00398645,12
28.9715,0.0952583,-0.0882346,-0,0.303636,0.898048,0.000302535,0.00397717,15
28.9755,0.0948888,-0.0753496,-0,0.254984,0.783396,0.000135182,0.00398639,12
28.9795,0.0946671,-0.0624645,-0.00314159,0.224017,0.685032,0.000116748,0.00398593,12
28.9835,0.0944454,-0.0456579,-0.00314159,0.197963,0.649091,0.000431155,0.00398581,15
28.9875,0.0942976,-0.0344535,-0.00314159,0.165033,0.578107,0.000116177,0.00398622,12
28.9915,0.0942237,-0.0249298,-0.00628319,0.136434,0.478567,0.000132778,0.00398666,12
28.9955,0.0941498,-0.0131652,-0.00628319,0.0903425,0.369413,0.000138318,0.00397735,12
28.9995,0.0941498,-0.00028011,-0.00942478,0.0590067,0.270419,0.000238806,0.00398474,15
29.0035,0.0941498,0.00308121,-0.0125664,0.0214444,0.128085,0.00013397,0.00398603,12
29.0075,0.0941498,0.00476187,-0.0125664,-0.0214444,0.00280435,0.000129592,0.00398557,12
29.0115,0.0941498,0.00644253,-0.0125664,-0.0590067,-0.10638,0.000496717,0.00398606,15
29.0155,0.0942237,0.00308121,-0.015708,-0.0903425,-0.247046,0.000117099,0.0039843,12
29.0195,0.0942237,-0.00196077,-0.015708,-0.136434,-0.399316,0.000138117,0.00398626,12
29.0235,0.0942237,-0.00364143,-0.015708,-0.177022,-0.526299,0.000116868,0.00398606,12
29.0275,0.0942237,-0.00196077,-0.0219912,-0.202021,-0.672471,0.000343782,0.00398632,15
29.0315,0.0941498,-0.00532209,-0.0219912,-0.233815,-0.777368,0.000137486,0.00398599,12
29.0355,0.0941498,-0.00532209,-0.0251327,-0.252145,-0.870236,0.000116307,0.00398625,12
29.0395,0.0941498,-0.00868341,-0.0251327,-0.291243,-0.997045,0.000565305,0.00398627,15
29.0435,0.0940759,-0.0148458,-0.0251327,-0.332813,-1.1387,0.000137808,0.00398412,12
29.0475,0.094002,-0.0215685,-0.0282743,-0.35968,-1.27484,0.00014986,0.0039865,12
29.0515,0.0939281,-0.0310922,-0.0282743,-0.387698,-1.38419,0.000142676,0.00398594,12
29.0555,0.0937064,-0.0445375,-0.0282743,-0.412242,-1.49346,0.000370332,0.00398585,15
29.0595,0.0935586,-0.0540612,-0.0314159,-0.417958,-1.57306,0.000113562,0.00398625,12
29.0635,0.093263,-0.0652656,-0.0345575,-0.410675,-1.61802,0.000141173,0.00398656,12
29.0675,0.0929674,-0.0770302,-0.0345575,-0.407789,-1.64024,0.000113372,0.00398682,12
29.0715,0.0926718,-0.0949573,-0.0345575,-0.406498,-1.68314,0.000181068,0.00398588,15
29.0755,0.0922284,-0.107842,-0.0376991,-0.39355,-1.71564,0.00011747,0.0039857,12
29.0795,0.091785,-0.124089,-0.0376991,-0.389145,-1.74513,0.000114384,0.00398674,12
29.0835,0.0912677,-0.140335,-0.0376991,-0.393425,-1.80102,0.000505744,0.00398638,15
29.0875,0.0906026,-0.150419,-0.0376991,-0.386468,-1.80742,0.000113432,0.0039863,12
29.0915,0.0900114,-0.166665,-0.0376991,-0.381807,-1.83645,0.000115315,0.00398665,12
29.0955,0.0893463,-0.187394,-0.0376991,-0.382524,-1.89344,0.000114414,0.00398663,12
29.0995,0.0885334,-0.195797,-0.0376991,-0.371504,-1.88355,0.000296694,0.00398516,15
29.1035,0.0877204,-0.210363,-0.0376991,-0.36494,-1.90299,0.000114013,0.00398038,12
29.1075,0.0868336,-0.224928,-0.0376991,-0.346697,-1.8873,0.000113501,0.00398688,12
29.1115,0.0858729,-0.252939,-0.0376991,-0.312069,-1.85688,0.000576395,0.00398617,15
29.1155,0.0846905,-0.272547,-0.0376991,-0.277389,-1.80514,0.000114443,0.00398656,12
29.1195,0.0837298,-0.28039,-0.0345575,-0.260114,-1.73775,0.000115144,0.00398656,12
29.1235,0.0825474,-0.296636,-0.0345575,-0.22517,-1.67656,0.000130684,0.00398569,12
29.1275,0.0812911,-0.319605,-0.0345575,-0.191974,-1.63813,0.000405988,0.00398567,15
29.1315,0.0798869,-0.337532,-0.0314159,-0.180786,-1.61607,0.000125404,0.00398589,12
29.1355,0.0786306,-0.35714,-0.0282743,-0.149303,-1.53667,0.000121397,0.00398665,12
29.1395,0.0771526,-0.363863,-0.0282743,-0.109291,-1.43629,0.000115295,0.0039865,12
29.1435,0.0756746,-0.454618,-0.0251327,-0.0608095,-1.48922,0.000234377,0.00398694,15
29.1475,0.0741227,-0.38291,-0.0251327,-0.00405817,-1.13646,0.000140783,0.00398172,12
29.1515,0.0726447,-0.398036,-0.0251327,0.0510111,-1.01221,0.000115326,0.00398623,12
29.1555,0.0710188,-0.40756,-0.0219912,0.104199,-0.842071,0.000510022,0.00398635,15
29.1595,0.0692452,-0.412602,-0.0188496,0.143458,-0.702805,0.000220141,0.00397816,12
29.1635,0.0676933,-0.420445,-0.015708,0.167187,-0.617199,0.000135172,0.00398267,12
29.1675,0.0660675,-0.420445,-0.015708,0.206114,-0.503107,0.000128199,0.00398183,12
29.1715,0.0643677,-0.423806,-0.0125664,0.247771,-0.352104,0.00031604,0.00398663,15
29.1755,0.0625941,-0.425487,-0.0125664,0.29252,-0.22507,0.000116588,0.00398554,12
29.1795,0.0609683,-0.423806,-0.00942478,0.319961,-0.103884,0.000121296,0.00398698,12
29.1835,0.0593425,-0.423806,-0.00628319,0.352338,0.0278899,0.000610149,0.00398673,15
29.1875,0.0574211,-0.415963,-0.00314159,0.379425,0.163229,0.000123751,0.00398645,12
29.1915,0.0560169,-0.414283,-0.00314159,0.414554,0.270655,0.000119493,0.00397737,12
29.1955,0.0543172,-0.405879,-0,0.438868,0.399539,0.000118822,0.00398621,12
29.1995,0.0527653,-0.400837,-0,0.466959,0.49403,0.000164307,0.0039866,15
29.2035,0.0511395,-0.398036,0.00314159,0.481373,0.578732,0.000115576,0.00398596,13
29.2075,0.0497354,-0.244536,0.00314159,0.498244,1.02191,0.000130603,0.00398623,14
29.2115,0.0481095,-0.368344,0.00628319,0.501798,0.747783,0.000481138,0.00398563,17
29.2155,0.0465576,-0.350417,0.00942478,0.498005,0.816575,0.00013399,0.00398486,14
29.2195,0.0453013,-0.339213,0.00942478,0.504962,0.863709,0.000116247,0.00398675,14
29.2235,0.044045,-0.328009,0.00942478,0.521126,0.938668,0.000115135,0.00398693,14
29.2275,0.0427887,-0.310082,0.0125664,0.513327,0.996001,0.000395348,0.0039868,20
29.2315,0.0415323,-0.294956,0.0125664,0.514176,1.03478,0.000115976,0.00398661,14
29.2355,0.0404238,-0.285432,0.0125664,0.524653,1.08854,0.000115786,0.00398576,14
29.2395,0.0393892,-0.260782,0.0125664,0.5261,1.15413,0.000122669,0.00398454,14
29.2435,0.0383546,-0.246217,0.0125664,0.511988,1.14674,0.000280784,0.00398669,20
29.2475,0.0373939,-0.223248,0.0125664,0.49753,1.16009,0.000115857,0.00398648,14
29.2515,0.036581,-0.210363,0.0125664,0.46603,1.09631,0.000117689,0.00398644,14
29.2555,0.0357681,-0.189074,0.0125664,0.434383,1.05372,0.000641898,0.00398663,17
29.2595,0.0349552,-0.176189,0.0125664,0.409177,1.00895,0.000183773,0.00398619,13
29.2635,0.0344379,-0.158262,0.0125664,0.376941,0.956567,0.000121227,0.00398571,14
29.2675,0.0338466,-0.138654,0.0125664,0.33591,0.881774,0.00011785,0.00398582,14
29.2715,0.0333293,-0.124089,0.0125664,0.283901,0.760984,0.000521293,0.00398635,17
29.2755,0.032812,-0.111204,0.0125664,0.239912,0.660101,0.000116237,0.00398613,14
29.2795,0.0324425,-0.0977584,0.0125664,0.190471,0.544508,0.000115926,0.00398668,14
29.2835,0.032073,-0.0848733,0.00942478,0.167125,0.468853,0.00011818,0.0039863,14
29.2875,0.0317774,-0.0686269,0.00942478,0.136903,0.418712,0.000431475,0.00398581,20
29.2915,0.0315557,-0.0591032,0.00942478,0.0995834,0.329973,0.000122007,0.00398636,14
29.2955,0.031334,-0.0490192,0.00628319,0.0658125,0.215925,0.000114954,0.00398672,14
29.2995,0.0311862,-0.0394955,0.00314159,0.0467973,0.145186,0.000116378,0.00398668,14
29.3035,0.0310384,-0.0266104,0.00314159,0.0102675,0.0676499,0.000340195,0.0039864,20
29.3075,0.0308906,-0.0215685,-0,-0.0102674,-0.0192218,0.000118491,0.00398516,12
29.3115,0.0308167,-0.0131652,-0,-0.0467973,-0.108137,0.000114493,0.00398642,12
29.3155,0.0308167,-0.00868341,-0.00314159,-0.0658125,-0.191536,0.000336668,0.00398665,15
29.3195,0.0307428,-0.0114845,-0.00314159,-0.0995834,-0.300965,0.000114884,0.00398617,12
29.3235,0.0307428,-0.00196077,-0.00314159,-0.148892,-0.42545,0.000135263,0.00398706,12
29.3275,0.0307428,-0.00028011,-0.00942478,-0.171183,-0.563439,0.000629435,0.00398698,12
29.3315,0.0307428,0.00476187,-0.00942478,-0.20027,-0.638354,0.000116988,0.0039855,9
29.3355,0.0307428,-0.00980385,-0.0125664,-0.237073,-0.824556,0.000116938,0.00398649,12
29.3395,0.0307428,-0.00532209,-0.0125664,-0.283497,-0.953307,0.000115055,0.00398636,12
29.3435,0.0307428,-0.00700275,-0.015708,-0.320824,-1.10791,0.000413151,0.00398694,15
29.3475,0.0306689,-0.0182071,-0.015708,-0.363368,-1.26549,0.000115947,0.00398632,12
29.3515,0.030595,-0.0182071,-0.015708,-0.40496,-1.39134,0.000113983,0.00398636,12
29.3555,0.0305211,-0.0266104,-0.0188496,-0.428707,-1.52238,0.000131125,0.00398278,12
29.3595,0.0303733,-0.0394955,-0.0219912,-0.438893,-1.62414,0.000190546,0.00398332,15
29.3635,0.0301516,-0.0591032,-0.0219912,-0.451374,-1.71283,0.00011801,0.00398589,12
29.3675,0.0299299,-0.0686269,-0.0251327,-0.449816,-1.7706,0.0004021,0.00395169,12
29.3715,0.0295604,-0.0899153,-0.0251327,-0.451334,-1.83081,0.000756732,0.00395435,15
29.3755,0.0291909,-0.1028,-0.0251327,-0.452986,-1.86979,0.000120205,0.00398607,12
29.3795,0.0288214,-0.111204,-0.0282743,-0.441521,-1.89506,0.000113291,0.00398682,12
29.3835,0.0283041,-0.133612,-0.0282743,-0.43728,-1.94107,0.000115455,0.00398656,12
29.3875,0.0277129,-0.148738,-0.0282743,-0.440681,-1.99159,0.000300491,0.00398675,15
29.3915,0.0270478,-0.168346,-0.0282743,-0.432227,-2.01798,0.000131205,0.00397706,12
29.3955,0.0263826,-0.187394,-0.0282743,-0.42601,-2.04969,0.000119843,0.0039864,12
29.3995,0.0255697,-0.202519,-0.0282743,-0.425812,-2.08981,0.000563512,0.00398588,15
29.4035,0.0246829,-0.223248,-0.0282743,-0.41536,-2.11353,0.000116878,0.00398501,12
29.4075,0.02387,-0.236693,-0.0282743,-0.390087,-2.07355,0.000114534,0.00398691,12
29.4115,0.0228354,-0.398036,-0.0282743,-0.366747,-2.42073,0.000124132,0.00398414,12
29.4155,0.0218008,-0.272547,-0.0282743,-0.329765,-1.9881,0.000360032,0.00398624,15
29.4195,0.0206184,-0.292155,-0.0282743,-0.296739,-1.94136,0.000115936,0.00398591,12
29.4235,0.019436,-0.310082,-0.0251327,-0.264783,-1.85605,0.000118021,0.00398553,12
29.4275,0.0181796,-0.33249,-0.0251327,-0.232133,-1.81782,0.000127027,0.00398671,12
29.4315,0.0168494,-0.345936,-0.0251327,-0.207761,-1.78169,0.000178714,0.003986,15
29.4355,0.0153714,-0.360501,-0.0251327,-0.158136,-1.67246,0.000114644,0.00398639,12
29.4395,0.0138934,-0.387952,-0.0219912,-0.126231,-1.61247,0.000115866,0.00398664,12
29.4435,0.0123415,-0.398036,-0.0188496,-0.0900853,-1.49511,0.000493691,0.00398603,15
29.4475,0.0105678,-0.409241,-0.015708,-0.0618854,-1.40513,0.000136264,0.00398385,12
29.4515,0.00901592,-0.418764,-0.015708,-0.0102026,-1.27686,0.000116667,0.0039866,12
29.4555,0.0073162,-0.43389,-0.0125664,0.0307529,-1.15827,0.00046591,0.00395383,12
29.4595,0.00539477,-0.450137,-0.0125664,0.0706682,-1.08367,0.000261618,0.00398552,15
29.4635,0.00369505,-0.450137,-0.00942478,0.107382,-0.93895,0.000116998,0.00398599,12
29.4675,0.00199533,-0.45966,-0.00628319,0.148765,-0.804642,0.000114704,0.00398619,12
29.4715,0.000147803,-0.469744,-0.00314159,0.18151,-0.698207,0.000555176,0.0039866,15
29.4755,-0.00199533,-0.480949,-0,0.224915,-0.563085,0.000135933,0.00397722,12
29.4795,-0.00369505,-0.475907,-0,0.27752,-0.394837,0.000143908,0.00398119,12
29.4835,-0.00554257,-0.475907,0.00314159,0.317244,-0.241344,0.000711198,0.00398641,16
29.4875,-0.0077596,-0.472545,0.00628319,0.364788,-0.0563677,0.00025185,0.00398307,13
29.4915,-0.00938542,-0.468064,0.00942478,0.408526,0.121278,0.000135273,0.00398497,14
29.4955,-0.011159,-0.456299,0.00942478,0.460527,0.30485,0.000129281,0.00398534,14
29.4995,-0.0130066,-0.45966,0.0125664,0.500812,0.451385,0.000640575,0.00398609,17
29.5035,-0.0150758,-0.450137,0.0125664,0.542994,0.59887,0.000174807,0.00398291,13
29.5075,-0.0166277,-0.441733,0.015708,0.568776,0.732514,0.00012315,0.00398518,14
29.5115,-0.0183274,-0.428848,0.0188496,0.581604,0.838227,0.000126937,0.00398619,14
29.5155,-0.0200272,-0.415963,0.0219912,0.585062,0.915626,0.000572338,0.00398482,17
29.5195,-0.0218008,-0.396356,0.0251327,0.583016,0.993544,0.000152865,0.00398607,14
29.5235,-0.0232049,-0.378428,0.0251327,0.591743,1.06301,0.000119754,0.00398599,14
29.5275,-0.024609,-0.362182,0.0251327,0.608157,1.15139,0.000142115,0.00398611,14
29.5315,-0.026087,-0.350417,0.0282743,0.597828,1.18472,0.000491628,0.00398623,17
29.5355,-0.0274912,-0.328009,0.0282743,0.592384,1.22291,0.000121788,0.00398499,14
29.5395,-0.0286736,-0.310082,0.0314159,0.580115,1.2669,0.000117309,0.00398601,14
29.5435,-0.029856,-0.278709,0.0314159,0.583606,1.35565,0.000131556,0.00398622,14
29.5475,-0.0308906,-0.259102,0.0345575,0.572489,1.40777,0.000438969,0.00398607,20
29.5515,-0.0319991,-0.241175,0.0345575,0.560856,1.41636,0.000140142,0.00398578,14
29.5555,-0.032812,-0.223248,0.0345575,0.541616,1.4026,0.000122889,0.00398612,14
29.5595,-0.0336249,-0.200839,0.0345575,0.529844,1.42296,0.000130152,0.00398356,14
29.5635,-0.0344379,-0.181231,0.0345575,0.509122,1.40905,0.000332731,0.00398491,20
29.5675,-0.035103,-0.154901,0.0345575,0.497048,1.43892,0.000126276,0.0039832,14
29.5715,-0.0356942,-0.140335,0.0345575,0.479588,1.42237,0.000119673,0.00398592,14
29.5755,-0.0361376,-0.119047,0.0314159,0.466829,1.40018,0.000721587,0.00398618,17
29.5795,-0.0366549,-0.0966379,0.0314159,0.436946,1.36645,0.000255407,0.00398562,13
29.5835,-0.0369505,-0.0719882,0.0282743,0.401567,1.28489,0.000160029,0.00398599,14
29.5875,-0.0371722,-0.0574225,0.0282743,0.361733,1.20154,0.000131726,0.00397501,14
29.5915,-0.0373939,-0.0344535,0.0251327,0.319745,1.09583,0.000652548,0.00398614,17
29.5955,-0.0374678,-0.0198878,0.0251327,0.257284,0.944425,0.000189324,0.00398573,13
29.5995,-0.0374678,0.00308121,0.0251327,0.176793,0.760326,0.000122228,0.00398619,14
29.6035,-0.0374678,0.00812319,0.0219912,0.113322,0.544026,0.00012873,0.00398625,14
29.6075,-0.0374678,0.0109243,0.0219912,0.0369843,0.320549,0.000581275,0.00398627,17
29.6115,-0.0373939,0.0142856,0.0188496,-0.0160472,0.131629,0.000134471,0.00398511,13
29.6155,-0.03732,0.0193276,0.015708,-0.0628299,-0.0340794,0.000117409,0.00398634,14
29.6195,-0.0372461,0.0142856,0.0125664,-0.108292,-0.221763,0.00012858,0.00398633,14
29.6235,-0.0371722,0.0159663,0.0125664,-0.169491,-0.402216,0.000492148,0.00398544,17
29.6275,-0.0371722,0.00812319,0.0125664,-0.243985,-0.64753,0.000120896,0.00398524,14
29.6315,-0.0370983,0.00476187,0.00942478,-0.297985,-0.856684,0.000138889,0.00396741,14
29.6355,-0.0370983,0.00140055,0.00942478,-0.342157,-0.998828,0.000136104,0.00398552,14
29.6395,-0.0370983,-0.00700275,0.00628319,-0.375884,-1.15986,0.000421877,0.00398612,20
29.6435,-0.0371722,-0.0131652,0.00314159,-0.387396,-1.24816,0.00013367,0.0039856,14
29.6475,-0.0372461,-0.0198878,0.00314159,-0.409806,-1.33335,0.000121407,0.00398615,14
29.6515,-0.03732,-0.0277309,-0,-0.411847,-1.39735,0.000670821,0.00398625,15
29.6555,-0.0374678,-0.0394955,-0,-0.429153,-1.48027,0.000130273,0.00398495,12
29.6595,-0.0376156,-0.0456579,-0,-0.44525,-1.5451,0.000136795,0.00398603,12
29.6635,-0.0378373,-0.0669463,-0.00314159,-0.445205,-1.63774,0.000135292,0.00398323,12
29.6675,-0.0381329,-0.0753496,-0.00314159,-0.447535,-1.66707,0.000151352,0.00398368,15
29.6715,-0.0385024,-0.0899153,-0.00314159,-0.4507,-1.71494,0.000117228,0.00398619,12
29.6755,-0.0388719,-0.1028,-0.00314159,-0.45484,-1.76144,0.000115595,0.00398623,12
29.6795,-0.0393153,-0.119047,-0.00314159,-0.461776,-1.8252,0.000371613,0.00398667,15
29.6835,-0.0398326,-0.132492,-0.00628319,-0.441282,-1.83649,0.000115025,0.00398598,12
29.6875,-0.0403499,-0.142016,-0.00628319,-0.42849,-1.82348,0.000113943,0.00398688,12
29.6915,-0.041015,-0.163304,-0.00628319,-0.404743,-1.80799,0.000115816,0.00398646,12
29.6955,-0.0416801,-0.17787,-0.00628319,-0.384833,-1.78678,0.000137297,0.00398658,15
29.6995,-0.0424192,-0.189074,-0.00628319,-0.351363,-1.71609,0.000115595,0.0039865,12
29.7036,-0.0432321,-0.2042,-0.00628319,-0.320246,-1.66278,0.000116808,0.0039862,12
29.7076,-0.044045,-0.217085,-0.00628319,-0.296811,-1.62691,0.000387804,0.0039869,15
29.7115,-0.0450057,-0.22997,-0.00628319,-0.266041,-1.5692,0.000113442,0.00398578,12
29.7155,-0.0458925,-0.240054,-0.00314159,-0.258084,-1.53557,0.000143498,0.00398646,12
29.7195,-0.0469271,-0.257421,-0.00314159,-0.238707,-1.52399,0.000130033,0.0039864,12
29.7236,-0.0479617,-0.269186,-0.00314159,-0.206566,-1.45941,0.000149819,0.00398676,15
29.7276,-0.0490702,-0.275348,-0,-0.171326,-1.33373,0.00013411,0.00398465,12
29.7316,-0.0502527,-0.293275,-0,-0.131366,-1.26171,0.000116819,0.00398612,12
29.7355,-0.0514351,-0.30504,-0,-0.0953742,-1.18581,0.000389827,0.0039537,15
29.7395,-0.0527653,-0.316244,-0,-0.0508614,-1.08305,0.000118952,0.00398557,12
29.7436,-0.0539477,-0.326328,0.00314159,-0.0296547,-1.01003,0.000117159,0.00398659,14
29.7476,-0.0552779,-0.345936,0.00628319,-0.0103514,-0.967606,0.000403683,0.00398659,20
29.7516,-0.056682,-0.334171,0.00628319,0.028311,-0.823537,0.000116277,0.00398503,14
29.7556,-0.0580123,-0.345936,0.00942478,0.0540844,-0.741368,0.000114414,0.00398681,14
29.7596,-0.0593425,-0.340894,0.00942478,0.100501,-0.591016,0.000116718,0.00398652,14
29.7636,-0.0607466,-0.347056,0.0125664,0.135872,-0.465577,0.000322461,0.00398696,20
29.7676,-0.0621507,-0.345936,0.0125664,0.17283,-0.354067,0.000122278,0.00398508,14
29.7716,-0.0634809,-0.340894,0.0125664,0.224567,-0.187639,0.000127939,0.00398347,14
29.7756,-0.0648851,-0.345936,0.015708,0.261075,-0.055879,0.000699816,0.00398649,17
29.7796,-0.066437,-0.339213,0.0188496,0.28496,0.0677055,0.000263492,0.00398548,13
29.7836,-0.0676194,-0.337532,0.0219912,0.297846,0.145871,0.000127939,0.00397442,14
29.7876,-0.0688757,-0.335852,0.0219912,0.312502,0.19175,0.00011833,0.00398492,14
29.7916,-0.0702059,-0.319605,0.0251327,0.330833,0.323555,0.000628534,0.00398585,17
29.7956,-0.07161,-0.312883,0.0251327,0.356003,0.413868,0.000162504,0.00398539,13
29.7996,-0.0727186,-0.30504,0.0251327,0.382826,0.512705,0.000118611,0.00398563,14
29.8036,-0.073901,-0.30504,0.0282743,0.395528,0.585991,0.000124753,0.00398669,14
29.8076,-0.0750834,-0.290474,0.0282743,0.411647,0.66963,0.000555267,0.00398665,17
29.8116,-0.0762658,-0.275348,0.0314159,0.41653,0.758233,0.000127388,0.00398632,14
29.8156,-0.0772265,-0.260782,0.0314159,0.428976,0.831254,0.000128279,0.00398654,14
29.8196,-0.0782611,-0.247897,0.0345575,0.435733,0.920073,0.000126216,0.00398355,14
29.8236,-0.0792218,-0.235012,0.0345575,0.4354,0.950152,0.000500094,0.00398659,17
29.8276,-0.0802565,-0.217085,0.0345575,0.438425,1.0032,0.000116568,0.00398605,14
29.8316,-0.0809955,-0.205321,0.0345575,0.444947,1.05159,0.000127417,0.00398679,14
29.8356,-0.0817345,-0.189074,0.0345575,0.435047,1.0619,0.000129352,0.00398599,14
29.8396,-0.0824735,-0.172828,0.0345575,0.422256,1.06346,0.000371252,0.0039867,20
29.8436,-0.0829908,-0.0215685,0.0345575,0.409657,1.41375,0.000131616,0.00398549,14
29.8476,-0.0836559,-0.125769,0.0345575,0.401876,1.12047,0.000157384,0.00398626,14
29.8516,-0.0840993,-0.114565,0.0345575,0.383338,1.09233,0.000127228,0.00398682,14
29.8556,-0.0844688,-0.0932766,0.0345575,0.350038,1.04571,0.000283058,0.00398625,20
29.8596,-0.0848383,-0.0753496,0.0345575,0.319151,0.99773,0.000116187,0.00398656,14
29.8636,-0.08506,-0.0607838,0.0345575,0.275382,0.902486,0.000140442,0.00398695,14
29.8676,-0.0852817,-0.0456579,0.0345575,0.236469,0.823356,0.000636147,0.00398446,17
29.8716,-0.0854295,-0.0266104,0.0345575,0.187536,0.724207,0.000157123,0.00398589,13
29.8756,-0.0855034,-0.0198878,0.0314159,0.15859,0.616406,0.000121667,0.00398554,14
29.8796,-0.0855034,-0.0114845,0.0282743,0.148708,0.570705,0.000125865,0.00398673,14
29.8836,-0.0855773,0.00140055,0.0282743,0.125901,0.534799,0.000559765,0.00398674,17
29.8876,-0.0855034,0.00140055,0.0251327,0.102636,0.427178,0.000129762,0.00398584,13
29.8916,-0.0855034,0.00476187,0.0251327,0.0580719,0.301162,0.000132117,0.00398499,14
29.8956,-0.0855034,0.00308121,0.0251327,0.0131684,0.161138,0.000130043,0.00398635,14
29.8996,-0.0854295,0.00476187,0.0219912,-0.0327162,-0.0105119,0.000505354,0.00398686,17
29.9036,-0.0854295,0.00308121,0.0219912,-0.0802239,-0.158406,0.000130894,0.00398558,14
29.9076,-0.0854295,0.00476187,0.0219912,-0.120384,-0.27544,0.000116467,0.00398664,14
29.9116,-0.0854295,-0.00364143,0.0219912,-0.166107,-0.435252,0.000179525,0.00397888,14
29.9156,-0.0854295,-0.00532209,0.0188496,-0.186687,-0.539249,0.000416036,0.00398583,20
29.9196,-0.0854295,-0.00700275,0.015708,-0.205349,-0.63745,0.000133209,0.00398513,14
29.9236,-0.0854295,-0.00700275,0.015708,-0.224137,-0.694227,0.000129261,0.00398627,14
29.9276,-0.0855034,-0.00868341,0.015708,-0.257784,-0.800395,0.000126295,0.0039866,14
29.9316,-0.0855034,-0.00700275,0.0125664,-0.277967,-0.894536,0.000341989,0.00397762,20
29.9356,-0.0855773,-0.0165265,0.0125664,-0.301102,-0.989131,0.000154108,0.00397793,14
29.9396,-0.0856512,-0.0249298,0.0125664,-0.322842,-1.07663,0.000131265,0.00398242,14
29.9436,-0.0857251,-0.0266104,0.0125664,-0.339824,-1.13244,0.000673977,0.00398604,17
29.9476,-0.0859468,-0.0361342,0.0125664,-0.349665,-1.18718,0.000215993,0.00398588,13
29.9516,-0.0860946,-0.0456579,0.0125664,-0.350963,-1.21595,0.00011789,0.00398595,14
29.9556,-0.0862424,-0.0540612,0.00942478,-0.331309,-1.21599,0.000122849,0.00398656,14
29.9596,-0.086538,-0.0635849,0.00942478,-0.311183,-1.18034,0.000570375,0.00398471,17
29.9636,-0.0868336,-0.0686269,0.00942478,-0.290446,-1.1313,0.000127508,0.00398603,14
29.9676,-0.0871292,-0.0798313,0.00942478,-0.270077,-1.09924,0.000133319,0.00398562,14
29.9716,-0.0874248,-0.0899153,0.00942478,-0.252181,-1.07177,0.000116367,0.0039868,14
29.9756,-0.0877944,-0.0949573,0.00942478,-0.23998,-1.04869,0.00048236,0.00398615,20
29.9796,-0.0882378,-0.10112,0.00942478,-0.23782,-1.059,0.000119352,0.0039738,14
29.9836,-0.0886073,-0.109523,0.00942478,-0.229426,-1.05607,0.00011776,0.00398553,14
29.9876,-0.0890507,-0.114565,0.00942478,-0.209671,-1.01032,0.00011776,0.00398636,14
29.9916,-0.089568,-0.117366,0.00942478,-0.194187,-0.971873,0.000314778,0.00398618,20
29.9956,-0.0900853,-0.125769,0.00942478,-0.165718,-0.908608,0.000120645,0.00398468,14
29.9996,-0.0905287,-0.12745,0.00942478,-0.139618,-0.835029,0.000131796,0.00398655,14
30.0036,-0.0911199,-0.143696,0.00942478,-0.119952,-0.818719,0.000676492,0.00398635,17
30.0076,-0.091785,-0.143696,0.00942478,-0.0897423,-0.728877,0.000227624,0.00398545,13
30.0116,-0.0923023,-0.150419,0.00942478,-0.0644833,-0.670984,0.000116628,0.00398618,14
30.0156,-0.0928935,-0.15322,0.00942478,-0.0482397,-0.630398,0.000122007,0.00398452,14
30.0196,-0.0934847,-0.154901,0.0125664,-0.0576263,-0.626904,0.000574483,0.00398676,17
30.0236,-0.0941498,-0.158262,0.0125664,-0.0561675,-0.6326,0.000130894,0.00398579,14
30.0276,-0.094741,-0.156581,0.0125664,-0.0395769,-0.579426,0.00011804,0.00398599,14
30.0316,-0.0953322,-0.159943,0.0125664,-0.0236282,-0.541173,0.000115395,0.00398684,14
30.0356,-0.0959974,-0.166665,0.0125664,-0.0122462,-0.525538,0.000459958,0.00398623,17
30.0396,-0.0967364,-0.158262,0.0125664,0.0122462,-0.431496,0.000115475,0.00398634,14
30.0436,-0.0972537,-0.156581,0.0125664,0.0356172,-0.357669,0.00015018,0.00398615,14
30.0476,-0.0979188,-0.156581,0.0125664,0.0556241,-0.298659,0.000116097,0.00398678,14
30.0516,-0.0985839,-0.151539,0.0125664,0.0700241,-0.24361,0.000351947,0.00398546,20
30.0556,-0.0991751,-0.15322,0.015708,0.0645855,-0.228185,0.000124733,0.00398594,14
30.0596,-0.0997663,-0.158262,0.015708,0.0569854,-0.265424,0.000117288,0.00398644,14
30.0636,-0.100358,-0.147058,0.015708,0.0650409,-0.213519,0.000702481,0.00398513,17
30.0676,-0.101023,-0.147058,0.015708,0.0749409,-0.185051,0.000224639,0.00398511,13
30.0716,-0.10154,-0.142016,0.0188496,0.0731545,-0.141118,0.000126637,0.00398474,14
30.0756,-0.102057,-0.135293,0.0188496,0.0783399,-0.109265,0.000125505,0.00398524,14
30.0796,-0.102648,-0.138654,0.0188496,0.0878339,-0.0905186,0.000566678,0.00398638,17
30.0836,-0.10324,-0.136974,0.0188496,0.0993938,-0.0525466,0.000125565,0.00398651,14
30.0876,-0.103683,-0.125769,0.0219912,0.0992082,0.0122534,0.000115074,0.0039869,14
30.0916,-0.104126,-0.124089,0.0219912,0.105795,0.0355206,0.000119233,0.00398625,14
30.0956,-0.104644,-0.114565,0.0219912,0.116492,0.0912407,0.000473924,0.00398633,17
30.0996,-0.105087,-0.104481,0.0219912,0.129195,0.154629,0.000125354,0.00398287,14
30.1036,-0.105531,-0.10112,0.0219912,0.142364,0.202112,0.000135133,0.00398627,14
30.1076,-0.1059,-0.0966379,0.0219912,0.155016,0.251081,0.000151713,0.00398645,14
30.1116,-0.10627,-0.086554,0.0219912,0.166731,0.311645,0.000372465,0.00398617,20
30.1156,-0.106565,-0.0770302,0.0219912,0.17765,0.368521,0.00012855,0.00398539,14
30.1196,-0.106861,-0.0719882,0.0219912,0.188474,0.413566,0.000119633,0.00398576,14
30.1236,-0.107156,-0.0624645,0.0219912,0.200463,0.473675,0.000127658,0.00398668,14
30.1276,-0.107378,-0.0506999,0.0219912,0.193698,0.483042,0.000274532,0.00398565,20
30.1316,-0.107526,-0.0428568,0.0219912,0.180588,0.463299,0.000127188,0.00398665,14
30.1356,-0.107674,-0.0294115,0.0219912,0.161975,0.44135,0.000130343,0.00398637,14
30.1396,-0.107822,-0.0198878,0.0219912,0.13912,0.396484,0.000649052,0.00398577,17
30.1436,-0.107895,-0.00868341,0.0219912,0.113706,0.348372,0.000181599,0.00398574,13
30.1476,-0.107895,-0.00196077,0.0219912,0.087834,0.287499,0.000117329,0.00398609,14
30.1516,-0.107895,0.00476187,0.0188496,0.0760169,0.231622,0.000131305,0.00398678,14
30.1556,-0.107895,0.00140055,0.0188496,0.0612785,0.178428,0.000546169,0.00398618,17
30.1596,-0.107895,0.00140055,0.015708,0.0606539,0.139063,0.000148006,0.0039849,14
30.1636,-0.107895,0.00140055,0.015708,0.0378078,0.0700232,0.000132006,0.003986,14
30.1676,-0.107895,-0.00196077,0.015708,0.0100556,-0.022498,0.000124403,0.00398176,14
30.1716,-0.107895,0.00140055,0.0125664,-0.00528703,-0.0976843,0.000445191,0.00398595,20
30.1756,-0.107895,-0.00196077,0.0125664,-0.0228135,-0.159304,0.000150781,0.00397676,14
30.1796,-0.107895,0.00308121,0.0125664,-0.0572571,-0.250408,0.000115816,0.00398631,14
30.1836,-0.107895,0.00140055,0.0125664,-0.091723,-0.358891,0.000119122,0.0039863,14
30.1876,-0.107895,-0.00532209,0.0125664,-0.121585,-0.466444,0.000333682,0.00398675,20
30.1916,-0.107895,0.00308121,0.0125664,-0.142499,-0.508007,0.000126536,0.00398501,14
30.1956,-0.107895,-0.00700275,0.0125664,-0.172141,-0.623549,0.000118822,0.00398605,14
30.1996,-0.107895,-0.00364143,0.0125664,-0.1967,-0.689111,0.000686361,0.00398677,17
30.2036,-0.107895,-0.00700275,0.0125664,-0.214775,-0.752386,0.000238135,0.0039858,13
30.2076,-0.107969,-0.00868341,0.00942478,-0.213394,-0.79018,0.000143207,0.00398263,14
30.2116,-0.107969,-0.00980385,0.00942478,-0.211918,-0.788604,0.000123,0.00398616,14
30.2156,-0.107969,-0.0148458,0.00942478,-0.208524,-0.79133,0.000599228,0.00398542,17
30.2196,-0.108043,-0.0131652,0.00942478,-0.20195,-0.767299,0.000117169,0.00398585,14
30.2236,-0.108117,-0.0232491,0.00942478,-0.191496,-0.761834,0.000115436,0.00398667,14
30.2276,-0.108265,-0.0266104,0.00942478,-0.177022,-0.72707,0.000126626,0.0039872,14
30.2316,-0.108339,-0.0232491,0.00942478,-0.158948,-0.663956,0.000465469,0.00398664,17
30.2356,-0.108487,-0.0294115,0.00942478,-0.138254,-0.617612,0.00013385,0.00398276,14
30.2396,-0.108634,-0.0361342,0.00942478,-0.116484,-0.569456,0.000145351,0.00398666,14
30.2436,-0.108708,-0.0378148,0.00942478,-0.0957397,-0.511256,0.000118581,0.00398558,14
30.2476,-0.108856,-0.0378148,0.00628319,-0.0666952,-0.461283,0.000372145,0.00398688,20
30.2516,-0.109004,-0.0310922,0.00628319,-0.0524943,-0.40138,0.000116347,0.00398612,14
30.2556,-0.109152,-0.0310922,0.00628319,-0.0552397,-0.409999,0.000114373,0.00398682,14
30.2596,-0.109226,-0.0361342,0.00628319,-0.0559928,-0.425419,0.000711097,0.00398532,14
30.2636,-0.109373,-0.0277309,0.00628319,-0.0682843,-0.441247,0.000250568,0.00398235,13
30.2676,-0.109447,-0.0277309,0.00628319,-0.072475,-0.454072,0.000118391,0.00398364,14
30.2716,-0.109521,-0.00532209,0.00628319,-0.0812545,-0.423063,0.000121227,0.00398533,14
30.2756,-0.109595,-0.0652656,0.00628319,-0.0957444,-0.621364,0.000571437,0.00398677,17
30.2796,-0.109891,-0.0736689,0.00628319,-0.0957444,-0.643647,0.000116808,0.00398613,13
30.2836,-0.110039,-0.0344535,0.00628319,-0.0932435,-0.535434,0.000126546,0.00398672,14
30.2876,-0.110186,-0.0361342,0.00628319,-0.0885222,-0.525816,0.000134852,0.00398528,14
30.2916,-0.110334,-0.0456579,0.00628319,-0.0821409,-0.531377,0.000453887,0.00398571,20
30.2956,-0.110556,-0.0428568,0.00628319,-0.0749409,-0.50289,0.000116918,0.0039861,14
30.2996,-0.110704,-0.0428568,0.00628319,-0.0680435,-0.482368,0.000115285,0.00398688,14
30.3036,-0.110851,-0.0473386,0.00628319,-0.0628503,-0.478537,0.000159177,0.00398461,14
30.3076,-0.110999,-0.0411762,0.00314159,-0.0490546,-0.458778,0.00034855,0.00398261,20
30.3116,-0.111221,-0.0428568,0.00314159,-0.0485383,-0.462028,0.000129211,0.00398637,14
30.3156,-0.111369,-0.0411762,0.00314159,-0.0401203,-0.432584,0.000117169,0.00398653,14
30.3196,-0.111517,-0.0361342,0.00314159,-0.0348083,-0.403871,0.000688395,0.00398637,17
30.3236,-0.111664,-0.0394955,0.00314159,-0.0319014,-0.404064,0.000231382,0.00398662,13
30.3276,-0.111812,-0.0411762,0.00314159,-0.0309792,-0.405927,0.000118441,0.00398592,14
30.3316,-0.11196,-0.0361342,0.00314159,-0.0319014,-0.396053,0.000117399,0.00398649,14
30.3356,-0.112108,-0.0344535,0.00314159,-0.0348083,-0.400832,0.000547722,0.00398625,17
30.3396,-0.112256,-0.0394955,0.00314159,-0.0401203,-0.43019,0.0001337,0.00398617,14
30.3436,-0.112403,-0.0361342,0.00314159,-0.0485383,-0.447296,0.00012304,0.00398668,14
30.3476,-0.112551,-0.0428568,0.00314159,-0.0610435,-0.502719,0.00011808,0.00398636,14
30.3516,-0.112699,-0.0294115,0.00314159,-0.0788975,-0.522374,0.000404806,0.00398619,20
30.3556,-0.112847,-0.0411762,0.00314159,-0.0819001,-0.562063,0.000134471,0.00398428,14
30.3596,-0.112995,-0.0411762,0.00314159,-0.0819001,-0.562386,0.000128079,0.0039863,14
30.3636,-0.113216,-0.0411762,0.00314159,-0.0788975,-0.553795,0.000127147,0.0039782,14
30.3676,-0.113364,-0.0378148,0.00314159,-0.0730325,-0.527738,0.000285683,0.00398554,20
30.3716,-0.113512,-0.0428568,0.00314159,-0.0645855,-0.515517,0.000145181,0.00398623,14
30.3756,-0.11366,-0.0456579,0.00314159,-0.0539769,-0.490993,0.000129211,0.0039843,14
30.3796,-0.113881,-0.0473386,0.00314159,-0.0417675,-0.458907,0.000611101,0.00398649,17
30.3836,-0.114029,-0.0428568,0.00314159,-0.028658,-0.408073,0.000145783,0.00398609,13
30.3876,-0.114177,-0.0411762,0.00314159,-0.0154896,-0.364273,0.000129632,0.00398633,14
30.3916,-0.114399,-0.0411762,0.00314159,-0.00324342,-0.327749,0.000117709,0.00398687,14
30.3956,-0.114546,-0.0378148,0.00314159,0.00695917,-0.288584,0.000471631,0.00398647,17
30.3996,-0.114694,-0.0394955,0.00314159,0.0138566,-0.27239,0.00011791,0.00398568,14
30.4036,-0.114842,-0.0378148,0.00628319,0.00405817,-0.260519,0.000118832,0.00398575,14
30.4076,-0.11499,-0.0361342,0.00628319,-0.00405818,-0.281041,0.000125534,0.00398629,14
30.4116,-0.115138,-0.0294115,0.00628319,-0.0138566,-0.293663,0.000384858,0.0039778,20
30.4156,-0.115286,-0.0310922,0.00628319,-0.00695916,-0.277469,0.000119052,0.00398551,14
30.4196,-0.115433,-0.0327729,0.00628319,0.00324342,-0.251287,0.000123901,0.00398612,14
30.4236,-0.115507,-0.0294115,0.00628319,0.0154896,-0.205785,0.000710627,0.00398528,14
30.4276,-0.115655,-0.0310922,0.00628319,0.028658,-0.170641,0.000239096,0.0039854,13
30.4316,-0.115803,-0.0310922,0.00628319,0.0417675,-0.131346,0.0001181,0.00398567,14
30.4356,-0.115877,-0.0294115,0.00628319,0.0539769,-0.0902835,0.000143047,0.00398599,14
30.4396,-0.115951,-0.0215685,0.00628319,0.0645855,-0.0381903,0.000585473,0.00398591,17
30.4436,-0.116098,-0.0182071,0.00628319,0.0730325,-0.00433055,0.000130583,0.00398309,14
30.4476,-0.116098,-0.0131652,0.00628319,0.0788975,0.026376,0.000131986,0.00398455,14
30.4516,-0.116172,-0.00868341,0.00628319,0.0819001,0.0468289,0.000119112,0.00398597,14
30.4556,-0.116172,-0.00700275,0.00628319,0.0819001,0.0511565,0.000447846,0.00398492,20
30.4596,-0.116172,-0.00196077,0.00314159,0.0908865,0.0538194,0.000118521,0.00398577,14
30.4636,-0.116172,0.00308121,0.00314159,0.0890797,0.0613421,0.000117299,0.00398656,14
30.4676,-0.116172,0.00476187,0.00314159,0.0784421,0.0335233,0.000151904,0.00398461,14
30.4716,-0.116172,-0.00028011,0.00314159,0.0609361,-0.0323622,0.000351857,0.00398578,20
30.4756,-0.116172,-0.00028011,0.00314159,0.038524,-0.10009,0.000130193,0.00398522,14
30.4796,-0.116172,-0.00364143,0.00314159,0.0131684,-0.18537,0.00011822,0.0039857,14
30.4836,-0.116172,-0.00028011,0.00314159,-0.0131684,-0.256303,0.000668317,0.00398638,17
30.4876,-0.116172,0.00308121,0.00314159,-0.038524,-0.324272,0.000201075,0.00398309,13
30.4916,-0.116172,-0.00700275,0.00314159,-0.0609361,-0.417966,0.000135413,0.00398591,14
30.4956,-0.116172,0.00308121,0.00314159,-0.0784421,-0.444903,0.000126005,0.00398594,14
30.4996,-0.116172,-0.00028011,0.00314159,-0.0890797,-0.485704,0.000535109,0.00398624,17
30.5036,-0.116172,-0.00028011,0.00314159,-0.0908865,-0.491165,0.000129081,0.00398633,14
30.5076,-0.116172,-0.00364143,0.00314159,-0.0819001,-0.472663,0.000118321,0.00398623,14
30.5116,-0.116246,-0.00364143,0.00314159,-0.0819001,-0.472824,0.000118471,0.00398617,14
30.5156,-0.116246,-0.00532209,-0,-0.0669085,-0.469325,0.000371985,0.00398089,17
30.5196,-0.116246,-0.00364143,-0,-0.0569854,-0.435009,0.000115856,0.00398549,12
30.5236,-0.116246,-0.00196077,-0,-0.0507289,-0.411775,0.000119333,0.0039859,12
30.5276,-0.116246,-0.00028011,-0,-0.0470177,-0.396232,0.000295692,0.00398598,15
30.5316,-0.116246,0.00308121,-0,-0.0450109,-0.381513,0.000116748,0.0039865,12
30.5356,-0.116246,0.00140055,-0,-0.0441476,-0.383231,0.000116408,0.00398605,12
30.5396,-0.116246,-0.00196077,-0,-0.0441476,-0.391887,0.000229298,0.00398609,15
30.5436,-0.116246,-0.00196077,-0,-0.0450109,-0.394495,0.000116157,0.00398602,12
30.5476,-0.116246,-0.00028011,-0,-0.0470177,-0.396232,0.00012839,0.00398637,12
30.5516,-0.116246,-0.00028011,-0,-0.0507289,-0.407447,0.000155139,0.00398596,15
30.5556,-0.116246,0.00308121,-0,-0.0569854,-0.417699,0.00011764,0.00397296,12
30.5596,-0.116246,0.00308121,-0,-0.0669085,-0.447686,0.000121647,0.00398653,12
30.5636,-0.116246,-0.00028011,-0,-0.0819001,-0.501646,0.000124503,0.00398457,18
30.5676,-0.116246,-0.00028011,-0,-0.0819001,-0.501646,0.000139491,0.00398655,12
30.5716,-0.116246,-0.00028011,-0,-0.0788975,-0.492572,0.00060046,0.00398537,15
30.5756,-0.116246,0.00140055,-0,-0.0730325,-0.470521,0.000125395,0.00398651,12
30.5796,-0.116246,0.00308121,-0,-0.0645855,-0.440666,0.000114744,0.00398667,12
30.5836,-0.116246,-0.00028011,-0,-0.0539769,-0.417263,0.000559133,0.00398653,15
30.5876,-0.116246,0.00308121,-0,-0.0417675,-0.371711,0.000124533,0.00398655,12
30.5916,-0.116246,0.00308121,-0,-0.028658,-0.332095,0.000113552,0.00398671,12
30.5956,-0.116246,-0.00028011,-0,-0.0154896,-0.300956,0.000455731,0.00398683,15
30.5996,-0.116246,-0.00364143,-0,-0.00324342,-0.272603,0.000114564,0.00398618,12
30.6036,-0.116246,0.00308121,-0,0.00695916,-0.224461,0.000119152,0.0039866,12
30.6076,-0.116246,-0.00364143,-0,0.0138566,-0.220928,0.000401649,0.00398614,15
30.6116,-0.116246,-0.00028011,-0,0.0160472,-0.205653,0.000121637,0.00398376,12
30.6156,-0.116246,0.00308121,-0,0.011989,-0.209261,0.000115656,0.00398615,12
30.6196,-0.116246,0.00140055,-0,-0,-0.249819,0.000564975,0.00395579,15
30.6236,-0.116246,-0.00196077,-0,-0,-0.258474,0.00011815,0.00398556,12
30.6276,-0.116246,-0.00364143,-0,-0,-0.262802,0.000118632,0.00398625,12
30.6316,-0.116246,-0.00028011,-0,-0,-0.254147,0.000295141,0.00398591,15
30.6356,-0.116246,0.00140055,-0,-0,-0.249819,0.000121106,0.00398591,12
30.6396,-0.116246,-0.00028011,-0,-0,-0.254147,0.000117219,0.00398657,12
30.6436,-0.116246,0.00140055,-0,-0,-0.249819,0.000188311,0.00398664,15
30.6476,-0.116246,-0.00532209,-0,-0,-0.267129,0.000118,0.0039861,12
30.6516,-0.116246,-0.00364143,-0,-0,-0.262802,0.00011749,0.00398639,12
30.6556,-0.116246,-0.00028011,-0,-0,-0.254147,0.000124272,0.00398536,18
30.6596,-0.116246,-0.00196077,-0.00314159,0.011989,-0.259721,0.000138829,0.00398477,12
30.6636,-0.116246,0.00308121,-0.00314159,0.0160472,-0.234474,0.000115876,0.00398591,12
30.6676,-0.116246,0.00140055,-0.00314159,0.0138566,-0.245421,0.00033774,0.00398552,15
30.6716,-0.116246,0.00140055,-0.00314159,0.00695916,-0.266265,0.000116878,0.00398486,12
30.6756,-0.116246,0.00140055,-0.00314159,-0.00324342,-0.297097,0.000115696,0.00398643,12
30.6796,-0.116246,-0.00196077,-0.00314159,-0.0154896,-0.34276,0.000558352,0.00397514,15
30.6836,-0.116246,-0.00028011,-0.00314159,-0.028658,-0.378227,0.000114844,0.00398611,12
30.6876,-0.116246,-0.00028011,-0.00314159,-0.0417675,-0.417843,0.000120294,0.00398665,12
30.6916,-0.116246,0.00140055,-0.00314159,-0.0539769,-0.450412,0.000115846,0.0039863,12
30.6956,-0.116246,-0.00028011,-0.00314159,-0.0645855,-0.486798,0.00033226,0.00398595,15
30.6996,-0.116246,-0.00364143,-0.00314159,-0.0730325,-0.52098,0.000135433,0.00398595,12
30.7036,-0.116246,-0.00028011,-0.00314159,-0.0788975,-0.530049,0.000116568,0.00398622,12
30.7076,-0.116246,-0.00028011,-0.00314159,-0.0819001,-0.539122,0.000543444,0.00398646,15
30.7116,-0.116246,-0.00028011,-0.00314159,-0.0819001,-0.539122,0.000114825,0.00398659,12
30.7156,-0.116246,0.00308121,-0.00314159,-0.0788975,-0.521393,0.000115195,0.0039863,12
30.7196,-0.116246,0.00140055,-0.00314159,-0.0730325,-0.507997,0.000117479,0.00398641,12
30.7236,-0.116246,0.00476187,-0.00314159,-0.0645855,-0.473815,0.000279492,0.00398334,15
30.7276,-0.116246,-0.00196077,-0.00314159,-0.0539769,-0.459067,0.000115445,0.00398573,12
30.7316,-0.116246,-0.00196077,-0.00314159,-0.0417675,-0.422171,0.000114985,0.0039865,12
30.7356,-0.116246,-0.00196077,-0.00314159,-0.028658,-0.382554,0.000502738,0.00398677,15
30.7396,-0.116246,-0.00196077,-0.00314159,-0.0154896,-0.34276,0.000115256,0.00398638,12
30.7436,-0.116246,0.00140055,-0.00314159,-0.00324342,-0.297097,0.000116597,0.00398562,12
30.7476,-0.116246,-0.00028011,-0.00314159,0.00695916,-0.270593,0.000115325,0.00398636,12
30.7516,-0.116246,-0.00028011,-0.00314159,0.0138566,-0.249749,0.000256178,0.00398648,15
30.7556,-0.116246,0.00308121,-0.00314159,0.0160472,-0.234474,0.000118902,0.00398425,12
30.7596,-0.116246,-0.00028011,-0.00314159,0.011989,-0.255393,0.000118952,0.00397788,12
30.7636,-0.116246,0.00140055,-0.00314159,-0,-0.287296,0.000505954,0.00398643,15
30.7676,-0.116246,-0.00700275,-0.00314159,-0,-0.308934,0.00012322,0.00398503,12
30.7716,-0.116246,-0.00028011,-0.00314159,-0,-0.291623,0.000140592,0.00398235,12
30.7756,-0.116246,-0.00028011,-0.00314159,-0,-0.291623,0.000129472,0.00398675,12
30.7796,-0.116246,-0.00196077,-0.00314159,-0,-0.295951,0.000563282,0.00395709,15
30.7836,-0.116246,-0.00364143,-0.00314159,-0,-0.300278,0.000255788,0.00396205,12
30.7876,-0.116246,-0.00364143,-0.00314159,-0,-0.300278,0.000136254,0.00398077,12
30.7916,-0.116246,-0.00196077,-0.00314159,-0,-0.295951,0.000490726,0.00398577,15
30.7956,-0.116246,-0.00364143,-0.00314159,-0,-0.300278,0.000134782,0.003983,12
30.7996,-0.116246,-0.00196077,-0.00314159,-0,-0.295951,0.000118812,0.00398552,12
30.8036,-0.116246,-0.00196077,-0.00314159,-0,-0.295951,0.000129512,0.00398657,12
30.8076,-0.116246,0.00140055,-0.00314159,-0,-0.287296,0.000228907,0.00398609,15
30.8116,-0.116246,-0.00028011,-0.00314159,-0,-0.291623,0.000131165,0.00398326,12
30.8156,-0.116246,0.00308121,-0.00314159,-0,-0.282968,0.000132738,0.00398494,12
30.8196,-0.116246,-0.00028011,-0.00314159,-0,-0.291623,0.000458536,0.00398393,15
30.8236,-0.116246,-0.00364143,-0.00314159,-0,-0.300278,0.000132087,0.00398328,12
30.8276,-0.116246,-0.00028011,-0.00314159,-0,-0.291623,0.000158646,0.00398528,12
30.8316,-0.116246,0.00140055,-0.00314159,-0,-0.287296,0.000129652,0.00398627,12
30.8356,-0.116246,-0.00028011,-0.00314159,-0,-0.291623,0.000168905,0.00398594,15
30.8396,-0.116246,0.00308121,-0.00314159,-0,-0.282968,0.000132878,0.00398466,12
30.8436,-0.116246,-0.00028011,-0.00314159,-0,-0.291623,0.000130724,0.00398544,12
30.8476,-0.116246,-0.00196077,-0.00314159,-0,-0.295951,0.000418782,0.00398628,15
30.8516,-0.116246,-0.00028011,-0.00314159,-0,-0.291623,0.000135062,0.00398331,12
30.8556,-0.116246,-0.00028011,-0.00314159,-0,-0.291623,0.000119693,0.00398534,12
30.8596,-0.116246,-0.00028011,-0.00314159,-0,-0.291623,0.00065866,0.00398549,12
30.8636,-0.116246,-0.00028011,-0.00314159,-0,-0.291623,0.00014469,0.00398175,9
30.8676,-0.116246,-0.00196077,-0.00314159,-0,-0.295951,0.000124793,0.00398403,12
30.8716,-0.116246,-0.00028011,-0.00314159,-0,-0.291623,0.000119072,0.00398572,12
30.8756,-0.116246,-0.00028011,-0.00314159,-0,-0.291623,0.000394847,0.00398484,15
30.8796,-0.116246,0.00140055,-0.00314159,-0,-0.287296,0.000120686,0.00398278,12
30.8836,-0.116246,-0.00364143,-0.00314159,-0,-0.300278,0.000122589,0.00398521,12
30.8876,-0.116246,0.00308121,-0.00314159,-0,-0.282968,0.000624286,0.00398467,15
30.8916,-0.116246,-0.00028011,-0.00314159,-0,-0.291623,0.000146624,0.00398288,12
30.8956,-0.116246,-0.00028011,-0.00314159,-0,-0.291623,0.000123922,0.00398485,12
30.8996,-0.116246,0.00308121,-0.00314159,-0,-0.282968,0.000120094,0.00398584,12
30.9036,-0.116246,-0.00028011,-0.00314159,-0,-0.291623,0.000381081,0.00398564,15
30.9076,-0.116246,0.00140055,-0.00314159,-0,-0.287296,0.000122779,0.00398309,12
30.9116,-0.116246,-0.00364143,-0.00314159,-0,-0.300278,0.000162834,0.0039756,12
30.9156,-0.116246,-0.00028011,-0.00314159,-0,-0.291623,0.000606412,0.00398279,15
30.9196,-0.116246,-0.00028011,-0.00314159,-0,-0.291623,0.000122789,0.00398231,12
30.9236,-0.116246,-0.00028011,-0.00314159,-0,-0.291623,0.000122298,0.00398525,12
30.9276,-0.116246,-0.00028011,-0.00314159,-0,-0.291623,0.000120265,0.00398588,12
30.9316,-0.116246,0.00140055,-0.00314159,-0,-0.287296,0.000390299,0.00398096,15
30.9356,-0.116246,0.00308121,-0.00314159,-0,-0.282968,0.0001605,0.00397091,12
30.9396,-0.116246,0.00140055,-0.00314159,-0,-0.287296,0.00012873,0.00398172,12
30.9436,-0.116246,-0.00196077,-0.00314159,-0,-0.295951,0.000594689,0.00398565,15
30.9476,-0.116246,-0.00196077,-0.00314159,-0,-0.295951,0.000122979,0.0039822,12
30.9516,-0.116246,-0.00196077,-0.00314159,-0,-0.295951,0.000124522,0.00398474,12
30.9556,-0.116246,-0.00196077,-0.00314159,-0,-0.295951,0.000157715,0.00398401,12
30.9596,-0.116246,-0.00028011,-0.00314159,-0,-0.291623,0.000307644,0.00397477,15
30.9636,-0.116246,-0.00364143,-0.00314159,-0,-0.300278,0.000121777,0.00398322,12
30.9676,-0.116246,0.00140055,-0.00314159,-0,-0.287296,0.000122389,0.00398491,12
30.9716,-0.116246,-0.00364143,-0.00314159,-0,-0.300278,0.000563973,0.00398581,15
30.9756,-0.116246,0.00140055,-0.00314159,-0,-0.287296,0.000121527,0.00398284,12
30.9796,-0.116246,0.00140055,-0.00314159,-0,-0.287296,0.000134321,0.00398336,12
30.9836,-0.116246,-0.00028011,-0.00314159,-0,-0.291623,0.000120154,0.00398571,12
30.9876,-0.116246,-0.00028011,-0.00314159,-0,-0.291623,0.000290412,0.00398578,15
30.9916,-0.116246,-0.00196077,-0.00314159,-0,-0.295951,0.000136264,0.00398325,12
30.9956,-0.116246,-0.00196077,-0.00314159,-0,-0.295951,0.000122789,0.00398511,12
30.9996,-0.116246,-0.00532209,-0.00314159,-0,-0.304606,0.000531663,0.00398608,15
31.0036,-0.116246,0.00140055,-0.00314159,-0,-0.287296,0.000127508,0.00398265,12
31.0076,-0.116246,0.00140055,-0.00314159,-0,-0.287296,0.000121567,0.0039852,12
31.0116,-0.116246,-0.00028011,-0.00314159,-0,-0.291623,0.000117379,0.0039857,12
31.0156,-0.116246,-0.00028011,-0.00314159,-0,-0.291623,0.000264784,0.00398403,15
31.0196,-0.116246,-0.00364143,-0.00314159,-0,-0.300278,0.000147655,0.00398298,12
31.0236,-0.116246,-0.00196077,-0.00314159,-0,-0.295951,0.000122278,0.00398514,12
31.0276,-0.116246,-0.00028011,-0.00314159,-0,-0.291623,0.00051442,0.00398344,15
31.0316,-0.116246,-0.00028011,-0.00314159,-0,-0.291623,0.000118591,0.00398309,12
31.0356,-0.116246,-0.00196077,-0.00314159,-0,-0.295951,0.000121597,0.00398511,12
31.0396,-0.116246,-0.00364143,-0.00314159,-0,-0.300278,0.00011798,0.00398578,12
31.0436,-0.116246,-0.00028011,-0.00314159,-0,-0.291623,0.000237683,0.00398387,15
31.0476,-0.116246,0.00140055,-0.00314159,-0,-0.287296,0.000120636,0.00398295,12
31.0516,-0.116246,0.00140055,-0.00314159,-0,-0.287296,0.000126786,0.0039834,12
31.0556,-0.116246,-0.00364143,-0.00314159,-0,-0.300278,0.000480848,0.00398338,15
31.0596,-0.116246,0.00140055,-0.00314159,-0,-0.287296,0.000122368,0.00398307,12
31.0636,-0.116246,0.00308121,-0.00314159,-0,-0.282968,0.00011789,0.00398594,12
31.0676,-0.116246,-0.00196077,-0.00314159,-0,-0.295951,0.00011786,0.00398598,12
31.0716,-0.116246,0.00140055,-0.00314159,-0,-0.287296,0.00021427,0.00398367,15
31.0756,-0.116246,0.00140055,-0.00314159,-0,-0.287296,0.000151724,0.00398158,12
31.0796,-0.116246,-0.00196077,-0.00314159,-0,-0.295951,0.000127178,0.0039852,12
31.0836,-0.116246,-0.00028011,-0.00314159,-0,-0.291623,0.000472712,0.0039811,15
31.0876,-0.116246,0.00308121,-0.00314159,-0,-0.282968,0.000119743,0.00398332,12
31.0916,-0.116246,-0.00028011,-0.00314159,-0,-0.291623,0.000119513,0.0039855,12
31.0956,-0.116246,-0.00028011,-0.00314159,-0,-0.291623,0.000123621,0.00398562,12
31.0996,-0.116246,-0.00532209,-0.00314159,-0,-0.304606,0.000226412,0.00398589,15
31.1036,-0.116246,-0.00028011,-0.00314159,-0,-0.291623,0.000134702,0.00398279,12
31.1076,-0.116246,-0.00028011,-0,-0.011989,-0.290377,0.000112961,0.00398586,12
31.1116,-0.116246,-0.00196077,-0,-0.0160472,-0.306968,0.000244387,0.00398575,15
31.1156,-0.116246,-0.00196077,-0,-0.0138566,-0.300348,0.000115486,0.00398311,12
31.1196,-0.116246,-0.00196077,-0,-0.00695917,-0.279505,0.000137046,0.00398346,12
31.1236,-0.116246,-0.00196077,-0,0.00324342,-0.248673,0.000130233,0.00397931,15
31.1276,-0.116246,-0.00196077,-0,0.0154896,-0.211665,0.000113802,0.0039857,12
31.1316,-0.116246,-0.00196077,-0,0.028658,-0.171871,0.000116818,0.00398657,12
31.1356,-0.116246,-0.00196077,-0,0.0417675,-0.132254,0.000132407,0.00398643,18
31.1396,-0.116246,-0.00028011,-0,0.0539769,-0.0910302,0.000112781,0.00398661,12
31.1436,-0.116246,-0.00196077,-0,0.0645855,-0.0632991,0.000593127,0.00396905,15
31.1476,-0.116246,0.00476187,-0,0.0730325,-0.020462,0.000153627,0.00398174,12
31.1516,-0.116246,0.00140055,-0,0.0788975,-0.0113935,0.000127508,0.00398629,12
31.1556,-0.116246,-0.00028011,-0,0.0819001,-0.00664741,0.000542243,0.00398579,15
31.1596,-0.116246,-0.00028011,-0,0.0819001,-0.00664741,0.000164707,0.00398142,12
31.1636,-0.116172,0.00308121,-0,0.0788975,-0.0069047,0.000126987,0.00397509,12
31.1676,-0.116172,0.00140055,-0,0.0730325,-0.0289561,0.000488892,0.00398129,15
31.1716,-0.116172,0.00308121,-0,0.0645855,-0.0501551,0.000137046,0.00398281,12
31.1756,-0.116172,0.00476187,-0,0.0539769,-0.0778863,0.000116167,0.00398525,12
31.1796,-0.116246,-0.00028011,-0,0.0417675,-0.127927,0.000400718,0.0039866,15
31.1836,-0.116246,0.00140055,-0,0.028658,-0.163215,0.000118522,0.00398297,12
31.1876,-0.116172,0.00140055,-0,0.0154896,-0.202849,0.000158306,0.0039841,12
31.1916,-0.116246,-0.00196077,-0,0.00324342,-0.248673,0.000328623,0.00398578,15
31.1956,-0.116246,-0.00364143,-0,-0.00695916,-0.283832,0.000119734,0.00398247,12
31.1996,-0.116246,-0.00364143,-0,-0.0138566,-0.304676,0.000116939,0.00398606,12
31.2036,-0.116246,-0.00028011,-0,-0.0160472,-0.302641,0.000266657,0.00398624,15
31.2076,-0.116246,-0.00196077,-0,-0.011989,-0.294704,0.000115877,0.00398273,12
31.2116,-0.116246,-0.00196077,-0,-0,-0.258474,0.000156882,0.00398368,12
31.2156,-0.116246,-0.00028011,-0,-0,-0.254147,0.000186338,0.00398546,15
31.2196,-0.116246,-0.00028011,-0,-0,-0.254147,0.00012825,0.00398482,12
31.2236,-0.116246,-0.00364143,-0,-0,-0.262802,0.000119052,0.0039861,12
31.2276,-0.116246,-0.00532209,-0,-0,-0.267129,0.000131265,0.00398663,18
31.2316,-0.116246,-0.00364143,-0,-0,-0.262802,0.000125625,0.00398378,12
31.2356,-0.116246,-0.00028011,-0,-0,-0.254147,0.000658349,0.00398153,15
31.2396,-0.116246,-0.00028011,-0,-0,-0.254147,0.000381132,0.00394751,12
31.2436,-0.116246,-0.00532209,-0,-0,-0.267129,0.000369479,0.0039558,12
31.2476,-0.116246,-0.00532209,-0,-0,-0.267129,0.000583378,0.00398637,15
31.2516,-0.116246,-0.00196077,-0,-0,-0.258474,0.000122378,0.00398209,12
31.2556,-0.116246,0.00140055,0.00314159,-0.011989,-0.248573,0.000114283,0.00398581,13
31.2596,-0.116246,0.00140055,0.00314159,-0.0160472,-0.260836,0.000123691,0.00398475,14
31.2636,-0.116246,-0.00028011,0.00314159,-0.0138566,-0.258544,0.000290502,0.00398563,20
31.2676,-0.116246,-0.00364143,0.00314159,-0.00695916,-0.246355,0.000119523,0.00398296,14
31.2716,-0.116246,-0.00196077,0.00314159,0.00324342,-0.211196,0.000118521,0.00398453,14
31.2756,-0.116246,-0.00196077,0.00314159,0.0154896,-0.174188,0.000650133,0.00398643,17
31.2796,-0.116246,-0.00364143,0.00314159,0.028658,-0.138722,0.000118441,0.00398267,14
31.2836,-0.116246,-0.00364143,0.00314159,0.0417675,-0.0991053,0.000130443,0.00398503,14
31.2876,-0.116246,-0.00028011,0.00314159,0.0539769,-0.0535536,0.000136435,0.00398307,14
31.2916,-0.116246,-0.00196077,0.00314159,0.0645855,-0.0258224,0.000489383,0.00398546,20
31.2956,-0.116246,-0.00196077,0.00314159,0.0730325,-0.000295794,0.000134802,0.00398308,14
31.2996,-0.116246,-0.00028011,0.00314159,0.0788975,0.0217556,0.000117619,0.00398591,14
31.3036,-0.116246,-0.00364143,0.00314159,0.0819001,0.022174,0.000131796,0.00397346,14
31.3076,-0.116172,0.00140055,0.00314159,0.0819001,0.0353179,0.00034825,0.00398599,20
31.3116,-0.116246,-0.00028011,0.00628319,0.0669085,0.0230019,0.000127148,0.00398283,14
31.3156,-0.116246,-0.00028011,0.00628319,0.0569854,-0.00698554,0.000121597,0.0039856,14
31.3196,-0.116246,-0.00028011,0.00628319,0.0507289,-0.0258924,0.00070704,0.00398641,17
31.3236,-0.116172,-0.00196077,0.00628319,0.0470178,-0.0412738,0.000239948,0.00398353,13
31.3276,-0.116246,-0.00028011,0.00628319,0.0450109,-0.043172,0.000125304,0.00398214,14
31.3316,-0.116172,-0.00196077,0.00628319,0.0441476,-0.0499472,0.000116537,0.00398568,14
31.3356,-0.116172,0.00140055,0.00628319,0.0441476,-0.041292,0.000569574,0.0039857,17
31.3396,-0.116246,-0.00196077,0.00628319,0.0450109,-0.0474996,0.00013919,0.0039833,14
31.3436,-0.116246,-0.00196077,0.00628319,0.0470178,-0.041435,0.000118962,0.00398602,14
31.3476,-0.116246,-0.00028011,0.00942478,0.0387399,-0.024646,0.00011767,0.00398631,14
31.3516,-0.116246,0.00140055,0.00942478,0.0409382,-0.0136753,0.00047183,0.00398572,20
31.3556,-0.116172,-0.00028011,0.00942478,0.0530519,0.0187655,0.00012876,0.00398201,14
31.3596,-0.116172,-0.00196077,0.00942478,0.0749409,0.0805857,0.000132447,0.00398619,14
31.3636,-0.116246,0.00140055,0.00942478,0.0851435,0.119912,0.000130844,0.00397694,14
31.3676,-0.116172,-0.00196077,0.00942478,0.0943871,0.139351,0.000351816,0.0039823,20
31.3716,-0.116172,0.00140055,0.00942478,0.101691,0.170077,0.000126336,0.00398307,14
31.3756,-0.116172,-0.00364143,0.00942478,0.106353,0.171184,0.000130193,0.00398349,14
31.3796,-0.116172,-0.00028011,0.00942478,0.107954,0.184677,0.000691401,0.00398631,17
31.3836,-0.116172,0.00140055,0.00942478,0.106353,0.184167,0.000241861,0.00398273,13
31.3876,-0.116172,-0.00196077,0.00942478,0.101691,0.161422,0.000129371,0.00398357,14
31.3916,-0.116172,0.00140055,0.00942478,0.0943871,0.148007,0.000140352,0.00398569,14
31.3956,-0.116172,-0.00028011,0.0125664,0.0731545,0.116991,0.000622351,0.00398597,17
31.3996,-0.116172,0.00140055,0.0125664,0.0588937,0.0782235,0.000133499,0.00398304,14
31.4036,-0.116172,0.00140055,0.0125664,0.0511843,0.0549258,0.000117319,0.003986,14
31.4076,-0.116172,-0.00196077,0.0125664,0.0500262,0.0427708,0.000152334,0.00398624,14
31.4116,-0.116172,0.00140055,0.0125664,0.0558399,0.0689949,0.000478453,0.00398218,20
31.4156,-0.116172,-0.00364143,0.0125664,0.0694665,0.0971912,0.000131765,0.00398334,14
31.4196,-0.116172,-0.00028011,0.0125664,0.0704255,0.108744,0.000137586,0.00398495,14
31.4236,-0.116172,-0.00028011,0.0125664,0.0704255,0.108744,0.000119302,0.00397266,14
31.4276,-0.116172,-0.00028011,0.0125664,0.0694665,0.105846,0.000370872,0.00398653,20
31.4316,-0.116172,0.00140055,0.0125664,0.0678289,0.105225,0.000118821,0.00398309,14
31.4356,-0.116172,0.00308121,0.0125664,0.0660734,0.104248,0.000127398,0.00398595,14
31.4396,-0.116172,0.00140055,0.0125664,0.0650409,0.0968,0.000715395,0.00398606,17
31.4436,-0.116172,0.00308121,0.0125664,0.0658529,0.103582,0.000256889,0.0039829,13
31.4476,-0.116172,-0.00028011,0.0125664,0.0699111,0.10719,0.000120434,0.00398306,14
31.4516,-0.116172,0.00308121,0.015708,0.0669086,0.144248,0.000117228,0.00398582,14
31.4556,-0.116172,0.00140055,0.015708,0.0569854,0.109933,0.000603747,0.00398623,17
31.4596,-0.116172,0.00476187,0.015708,0.0507289,0.0996815,0.000122468,0.00398309,14
31.4636,-0.116172,-0.00364143,0.015708,0.0470178,0.0668284,0.000116818,0.00398592,14
31.4676,-0.116172,-0.00364143,0.015708,0.0450109,0.0607638,0.000128179,0.00398392,14
31.4716,-0.116172,0.00308121,0.015708,0.0441476,0.0754655,0.000508659,0.0039866,20
31.4756,-0.116172,-0.00196077,0.0188496,0.0321586,0.0637289,0.000121517,0.00398247,14
31.4796,-0.116172,-0.00196077,0.0188496,0.0289637,0.0540739,0.000117259,0.00398578,14
31.4836,-0.116172,-0.00196077,0.0188496,0.0331611,0.0667584,0.000115836,0.0039866,14
31.4876,-0.116172,-0.00196077,0.0188496,0.0437697,0.0988171,0.00034269,0.00398641,20
31.4916,-0.116172,0.00140055,0.0219912,0.0482398,0.158457,0.000150561,0.00398336,14
31.4956,-0.116172,0.00308121,0.0219912,0.0663509,0.217516,0.000122689,0.0039855,14
31.4996,-0.116172,0.00308121,0.0219912,0.0967015,0.309235,0.000738358,0.00398635,17
31.5036,-0.116172,0.00140055,0.0219912,0.116708,0.365367,0.000272448,0.003983,13
31.5076,-0.116172,0.00308121,0.0219912,0.136118,0.428349,0.000119574,0.00398332,14
31.5116,-0.116172,-0.00196077,0.0219912,0.153108,0.466709,0.000115335,0.0039861,14
31.5156,-0.116172,-0.00028011,0.0219912,0.166276,0.510831,0.00063236,0.00398294,17
31.5196,-0.116172,0.00140055,0.0251327,0.162653,0.541686,0.000142176,0.00398294,13
31.5236,-0.116172,0.00812319,0.0251327,0.161597,0.555807,0.000116828,0.00398559,14
31.5276,-0.116172,0.00644253,0.0251327,0.161287,0.550542,0.000116738,0.00398647,14
31.5316,-0.116098,0.0109243,0.0251327,0.160461,0.559745,0.000544426,0.0039868,17
31.5356,-0.116025,0.0109243,0.0251327,0.158417,0.553731,0.000213198,0.0039534,14
31.5396,-0.116025,0.0126049,0.0251327,0.155016,0.547781,0.000123941,0.00398496,14
31.5436,-0.115951,0.0176469,0.0251327,0.150679,0.547817,0.000118451,0.0039856,14
31.5476,-0.115877,0.0159663,0.0251327,0.146385,0.530677,0.000447846,0.00398655,20
31.5516,-0.115803,0.0193276,0.0282743,0.13169,0.53256,0.000119433,0.00398287,14
31.5556,-0.115729,0.0226889,0.0282743,0.128613,0.53208,0.000116748,0.00398583,14
31.5596,-0.115655,0.0243696,0.0282743,0.116396,0.499649,0.000131175,0.00397623,14
31.5636,-0.115507,0.0243696,0.0282743,0.106747,0.47081,0.000392994,0.00398563,20
31.5676,-0.115433,0.0288513,0.0282743,0.099945,0.461957,0.000122598,0.00398321,14
31.5716,-0.115286,0.0288513,0.0282743,0.0968322,0.452873,0.000122078,0.0039845,14
31.5756,-0.115212,0.0260502,0.0314159,0.086821,0.453044,0.000125694,0.00398594,14
31.5796,-0.115064,0.030532,0.0314159,0.0917937,0.479934,0.000317682,0.00398651,20
31.5836,-0.114916,0.0338933,0.0314159,0.0908492,0.486057,0.000132938,0.003981,14
31.5876,-0.114842,0.0372546,0.0314159,0.0955561,0.509098,0.000124482,0.00398544,14
31.5916,-0.114694,0.035574,0.0345575,0.0940654,0.538064,0.000700036,0.0039863,17
31.5956,-0.114546,0.035574,0.0345575,0.106998,0.577468,0.000239878,0.00398326,13
31.5996,-0.114399,0.0406159,0.0345575,0.112191,0.606467,0.00011798,0.00398323,14
31.6036,-0.114251,0.0406159,0.0345575,0.119952,0.630241,0.00015493,0.00398575,14
31.6076,-0.114103,0.0406159,0.0345575,0.129159,0.658386,0.000591835,0.0039844,17
31.6116,-0.113881,0.0450977,0.0345575,0.139251,0.700909,0.000122249,0.00398262,14
31.6156,-0.113734,0.048459,0.0345575,0.150229,0.743061,0.000119553,0.00398573,14
31.6196,-0.113512,0.0551816,0.0345575,0.162653,0.7984,0.000121717,0.00398558,14
31.6236,-0.11329,0.0568623,0.0376991,0.165655,0.849761,0.000496968,0.00398279,17
31.6276,-0.113068,0.0551816,0.0376991,0.159096,0.826096,0.000119272,0.00398241,14
31.6316,-0.112847,0.066386,0.0376991,0.153563,0.838708,0.000131916,0.00398576,14
31.6356,-0.112551,0.0647054,0.0376991,0.148214,0.818861,0.000117329,0.00398626,14
31.6396,-0.112256,0.0731087,0.0376991,0.14277,0.824691,0.000433329,0.00398534,20
31.6436,-0.111886,0.0826324,0.0376991,0.13751,0.834125,0.000118872,0.00398332,14
31.6476,-0.11159,0.0859937,0.0376991,0.133276,0.830629,0.000116357,0.00398591,14
31.6516,-0.111295,0.0876744,0.0376991,0.131469,0.830141,0.000121918,0.00398576,14
31.6556,-0.110925,0.0910357,0.0376991,0.134052,0.847407,0.000358358,0.00398456,20
31.6596,-0.110482,0.100559,0.0376991,0.121806,0.835889,0.000143868,0.00397841,14
31.6636,-0.110112,0.100559,0.0376991,0.107841,0.794493,0.000122559,0.00398507,14
31.6676,-0.109595,0.193556,0.0376991,0.0936989,0.992346,0.000785245,0.00398578,14
31.6716,-0.109226,0.110643,0.0376991,0.0813425,0.742315,0.000290673,0.00398289,13
31.6756,-0.108856,0.112324,0.0376991,0.0731545,0.722704,0.000124432,0.00398149,14
31.6796,-0.108413,0.118486,0.0376991,0.0719383,0.735864,0.000130022,0.00398574,14
31.6836,-0.107895,0.123528,0.0376991,0.0591759,0.711407,0.000686842,0.00398634,17
31.6876,-0.107378,0.125209,0.0376991,0.0485382,0.684716,0.000230931,0.00397602,13
31.6916,-0.106935,0.121848,0.0376991,0.0419879,0.657232,0.000122569,0.00398349,14
31.6956,-0.106417,0.12689,0.0376991,0.0417674,0.670676,0.000117639,0.0039859,14
31.6996,-0.1059,0.134733,0.0376991,0.0286579,0.652383,0.000627171,0.00398594,17
31.7036,-0.105309,0.134733,0.0376991,0.0154896,0.613878,0.000132637,0.00398223,13
31.7076,-0.104792,0.136414,0.0376991,0.00324336,0.582326,0.000130283,0.00398507,14
31.7116,-0.104274,0.138094,0.0376991,-0.00695911,0.55695,0.000117179,0.00398638,14
31.7156,-0.103683,0.141455,0.0376991,-0.0138566,0.54605,0.000546289,0.00398619,17
31.7196,-0.103018,0.148178,0.0376991,-0.0160471,0.55819,0.00012365,0.00398311,14
31.7236,-0.102501,0.141455,0.0376991,-0.0119889,0.554271,0.000120455,0.00398418,14
31.7276,-0.101909,0.144817,0.0376991,-0,0.600446,0.000120745,0.00398643,14
31.7316,-0.101392,0.146497,0.0376991,-0,0.605901,0.000465098,0.00398599,20
31.7356,-0.100727,0.149859,0.0376991,-0,0.616006,0.000133239,0.00397837,14
31.7396,-0.100136,0.157702,0.0376991,-0,0.637491,0.000133068,0.00398578,14
31.7436,-0.0995446,0.150979,0.0376991,-0,0.621469,0.000121196,0.00398598,14
31.7476,-0.0989534,0.156021,0.0376991,-0,0.635741,0.000402311,0.00398603,20
31.7516,-0.0982144,0.157702,0.0376991,-0,0.64168,0.00012342,0.00398285,14
31.7556,-0.0976232,0.161063,0.0376991,-0,0.651624,0.000120345,0.00398576,14
31.7596,-0.0969581,0.164425,0.0376991,-0,0.661729,0.000130734,0.00398615,14
31.7636,-0.096293,0.175629,0.0376991,-0,0.69203,0.000326419,0.00397691,20
31.7676,-0.0956279,0.172268,0.0376991,-0,0.684824,0.000135723,0.00398261,14
31.7716,-0.0949627,0.173948,0.0376991,-0,0.690602,0.000130113,0.00398164,14
31.7756,-0.0942237,0.175629,0.0376991,-0,0.696541,0.000714453,0.00398579,17
31.7796,-0.0934108,0.180671,0.0376991,-0,0.711296,0.000257821,0.00398308,13
31.7836,-0.0928196,0.182352,0.0376991,-0,0.716912,0.000138729,0.00398328,14
31.7876,-0.0920806,0.190195,0.0376991,-0,0.738719,0.000119733,0.00398462,14
31.7916,-0.0913416,0.190195,0.0376991,-0,0.74033,0.000636979,0.00398612,17
31.7956,-0.0904548,0.186833,0.0376991,-0,0.733608,0.000159317,0.00398279,13
31.7996,-0.0897897,0.195237,0.0376991,-0,0.756696,0.00012367,0.00398508,14
31.8036,-0.0890507,0.198598,0.0376991,-0,0.766962,0.000131476,0.0039863,14
31.8076,-0.0882378,0.200279,0.0376991,-0,0.773062,0.000562751,0.0039864,17
31.8116,-0.0873509,0.20364,0.0376991,-0,0.783651,0.000136906,0.00398307,14
31.8156,-0.0866119,0.208122,0.0376991,-0,0.796802,0.000119383,0.00398562,14
31.8196,-0.085799,0.209802,0.0376991,-0,0.802902,0.000122819,0.00398547,14
31.8236,-0.0849861,0.209802,0.0345575,0.0119891,0.803428,0.000503499,0.0039845,17
31.8276,-0.0840254,0.219886,0.0345575,0.0160473,0.843752,0.000121587,0.00398227,14
31.8316,-0.0831386,0.297757,0.0345575,0.0138567,1.03958,0.000116849,0.00398594,14
31.8356,-0.0823996,0.218206,0.0345575,0.00695927,0.815505,0.000120645,0.00398639,14
31.8396,-0.0815128,0.222687,0.0345575,-0.00324331,0.798147,0.00039691,0.00398643,20
31.8436,-0.0805521,0.227729,0.0345575,-0.0154895,0.776217,0.000121226,0.00398313,14
31.8476,-0.0796652,0.22941,0.0345575,-0.0286579,0.742683,0.000122057,0.00398486,14
31.8516,-0.0787045,0.237813,0.0345575,-0.0417674,0.726799,0.000126255,0.00398633,14
31.8556,-0.0777438,0.240614,0.0345575,-0.0539768,0.69921,0.00027883,0.00398608,20
31.8596,-0.0767831,0.239494,0.0345575,-0.0645854,0.66636,0.00011774,0.00398328,14
31.8636,-0.0758224,0.243976,0.0345575,-0.0730325,0.654468,0.000145341,0.00398508,14
31.8676,-0.0748617,0.240614,0.0314159,-0.0669084,0.628938,0.000651696,0.00398494,17
31.8716,-0.0737532,0.252379,0.0314159,-0.0658528,0.664838,0.000169466,0.00398268,13
31.8756,-0.0728664,0.25574,0.0314159,-0.0680434,0.668806,0.000125163,0.00398396,14
31.8796,-0.0718317,0.25574,0.0314159,-0.0719383,0.659292,0.000118241,0.003986,14
31.8836,-0.0707971,0.25574,0.0282743,-0.0642869,0.647193,0.000617072,0.00398651,17
31.8876,-0.0696147,0.260222,0.0282743,-0.0640279,0.662094,0.000135072,0.0039821,14
31.8916,-0.0687279,0.263583,0.0282743,-0.0687783,0.658326,0.000121778,0.00398441,14
31.8956,-0.0676933,0.263583,0.0282743,-0.0765758,0.637018,0.000118582,0.00398629,14
31.8996,-0.0666587,0.265264,0.0282743,-0.0858784,0.615489,0.000753627,0.00395739,20
31.9036,-0.0654024,0.274788,0.0251327,-0.0835758,0.612233,0.000123811,0.00398232,14
31.9076,-0.0644416,0.271987,0.0251327,-0.0888869,0.591065,0.000125784,0.00398608,14
31.9116,-0.063407,0.276468,0.0251327,-0.0998493,0.571733,0.000147244,0.00397918,14
31.9156,-0.0622985,0.276468,0.0251327,-0.115061,0.528179,0.000413112,0.00398621,20
31.9196,-0.0611161,0.28151,0.0251327,-0.133682,0.487469,0.000127919,0.00398038,14
31.9236,-0.0600815,0.276468,0.0251327,-0.155431,0.411018,0.000122278,0.00398454,14
31.9276,-0.058973,0.276468,0.0251327,-0.180588,0.33741,0.000145141,0.00398671,14
31.9316,-0.0578645,0.28151,0.0219912,-0.176264,0.3284,0.00035925,0.00398099,20
31.9356,-0.0565342,0.377868,0.0219912,-0.173807,0.586842,0.000138088,0.00398004,14
31.9396,-0.0556474,0.270306,0.0219912,-0.171394,0.3191,0.000129051,0.00398124,14
31.9436,-0.0545389,0.273667,0.0219912,-0.167764,0.341141,0.000716979,0.00398606,17
31.9476,-0.0532826,0.273667,0.0219912,-0.162216,0.360646,0.000247062,0.00398225,13
31.9516,-0.0523219,0.271987,0.0219912,-0.15461,0.381398,0.000122258,0.00398275,14
31.9556,-0.0512873,0.270306,0.0219912,-0.145366,0.407259,0.000118471,0.00398535,14
31.9596,-0.0501788,0.276468,0.0219912,-0.135466,0.455462,0.000612133,0.00398623,17
31.9636,-0.0489963,0.274788,0.0188496,-0.114463,0.479707,0.000119633,0.00398285,13
31.9676,-0.0480356,0.270306,0.0188496,-0.104378,0.500736,0.000120565,0.00397655,14
31.9716,-0.047001,0.276468,0.0188496,-0.106194,0.513374,0.000124643,0.00398389,14
31.9756,-0.0458925,0.270306,0.0188496,-0.0998492,0.519095,0.000490175,0.0039856,17
31.9796,-0.0447101,0.268625,0.0188496,-0.0977543,0.523676,0.000128921,0.00398157,14
31.9836,-0.0436755,0.273667,0.0188496,-0.10089,0.529437,0.000116026,0.00398619,14
31.9876,-0.0426409,0.27983,0.0188496,-0.110799,0.517617,0.000120174,0.00398601,14
31.9916,-0.0415323,0.283191,0.015708,-0.0958518,0.536382,0.000392502,0.00398481,20
31.9956,-0.0403499,0.278149,0.015708,-0.0886586,0.547714,0.000126867,0.00398083,14
31.9996,-0.0393153,0.278149,0.015708,-0.0886587,0.54997,0.000118692,0.00398576,14
32.0036,-0.0382068,0.278149,0.015708,-0.0958518,0.530649,0.000704595,0.00398644,17
32.0076,-0.0369505,0.274788,0.015708,-0.110799,0.479563,0.000233176,0.00398293,13
32.0116,-0.0359159,0.283191,0.015708,-0.112879,0.49717,0.000119283,0.00398315,14
32.0156,-0.0348813,0.27983,0.015708,-0.113802,0.487983,0.000124973,0.00398319,14
32.0196,-0.0337727,0.27983,0.0125664,-0.101717,0.489443,0.000584761,0.00398568,17
32.0236,-0.0325164,0.283191,0.0125664,-0.0971057,0.514771,0.000118992,0.00397163,14
32.0276,-0.0314818,0.27983,0.0125664,-0.0992673,0.50184,0.000130815,0.00398579,14
32.0316,-0.0303733,0.273667,0.0125664,-0.108061,0.461813,0.00011774,0.00398615,14
32.0356,-0.0292648,0.283191,0.0125664,-0.123908,0.440863,0.000480848,0.0039864,20
32.0396,-0.0280085,0.276468,0.0125664,-0.126048,0.419827,0.000120394,0.00398315,14
32.0436,-0.0270478,0.283191,0.0125664,-0.126048,0.439232,0.000117299,0.00398565,14
32.0476,-0.0259392,0.28151,0.0125664,-0.123908,0.443786,0.000127037,0.00398634,14
32.0516,-0.0247568,0.27983,0.0125664,-0.12005,0.453695,0.000360382,0.00398608,20
32.0556,-0.0235744,0.27983,0.0125664,-0.115314,0.470585,0.00011823,0.00398282,14
32.0596,-0.0225398,0.27983,0.0125664,-0.110962,0.485992,0.000141203,0.00398588,14
32.0636,-0.0214313,0.27983,0.0125664,-0.108676,0.495318,0.000708362,0.00398601,17
32.0676,-0.020175,0.283191,0.0125664,-0.110558,0.501024,0.000249867,0.00398244,13
32.0716,-0.0191404,0.28151,0.00942478,-0.0854006,0.537501,0.000125544,0.00398016,14
32.0756,-0.0180318,0.284872,0.00942478,-0.0660937,0.606917,0.00012309,0.00398572,14
32.0796,-0.0169233,0.27983,0.00942478,-0.0522167,0.638287,0.000611932,0.00398616,17
32.0836,-0.015667,0.286552,0.00942478,-0.0437697,0.683863,0.000124302,0.0039827,13
32.0876,-0.0146324,0.288233,0.00942478,-0.0411731,0.698293,0.000116127,0.00398615,14
32.0916,-0.0135239,0.291594,0.00942478,-0.045268,0.69699,0.000120875,0.0039857,14
32.0956,-0.0123415,0.299437,0.00942478,-0.057316,0.683354,0.000488552,0.00398632,17
32.0996,-0.0110112,0.296076,0.00942478,-0.0572571,0.677777,0.000123771,0.0039812,14
32.1036,-0.00990273,0.301118,0.00942478,-0.0572203,0.693288,0.000117238,0.00398587,14
32.1076,-0.00872031,0.301118,0.00942478,-0.0576263,0.694639,0.000115415,0.00398645,14
32.1116,-0.0075379,0.302799,0.00628319,-0.047187,0.695615,0.000384537,0.00398591,20
32.1156,-0.00620768,0.307841,0.00628319,-0.0468032,0.712658,0.000126977,0.00398317,14
32.1196,-0.00502527,0.310642,0.00628319,-0.0560545,0.694491,0.000118411,0.00398468,14
32.1236,-0.00376895,0.309521,0.00314159,-0.0629519,0.636024,0.000778623,0.00398616,14
32.1276,-0.00229093,0.320726,0.00314159,-0.0660937,0.658603,0.000281936,0.00398263,13
32.1316,-0.00118242,0.319045,0.00314159,-0.0746655,0.630788,0.000135874,0.00397852,14
32.1356,7.39014e-05,0.322406,0.00314159,-0.0862843,0.607071,0.000116788,0.00398599,14
32.1396,0.00133022,0.328569,0.00314159,-0.0989878,0.587288,0.000613755,0.00398618,17
32.1436,0.00280824,0.324087,-0,-0.099245,0.540716,0.000122078,0.0039833,13
32.1476,0.00399065,0.328569,-0,-0.105854,0.534861,0.000113973,0.00398535,12
32.1516,0.00524697,0.33193,-0,-0.116433,0.514287,0.000619967,0.00398417,15
32.1556,0.00679889,0.335292,-0,-0.129159,0.487868,0.000116378,0.00398277,12
32.1596,0.00798131,0.340334,-0,-0.14277,0.462297,0.000114053,0.00398587,12
32.1636,0.00931152,0.33193,-0,-0.156566,0.401868,0.000565536,0.00398253,15
32.1676,0.0107895,0.336972,-0,-0.170406,0.376248,0.000122118,0.00396888,12
32.1716,0.011972,0.340334,-0.00314159,-0.172722,0.343005,0.000115606,0.00398595,12
32.1756,0.0133022,0.336972,-0.00314159,-0.184415,0.301914,0.000124482,0.00398452,12
32.1796,0.0147063,0.33193,-0.00314159,-0.183603,0.294446,0.000233005,0.00398571,15
32.1836,0.0160365,0.335292,-0.00314159,-0.180873,0.314251,0.000378958,0.00394768,12
32.1876,0.0174406,0.33193,-0.00314159,-0.175384,0.325244,0.00046076,0.00395621,12
32.1916,0.0188447,0.33193,-0.00628319,-0.154867,0.352831,0.000483072,0.00398398,15
32.1956,0.0201011,0.320726,-0.00628319,-0.139522,0.373092,0.000119854,0.00398264,12
32.1996,0.0212835,0.322406,-0.00942478,-0.116518,0.412037,0.000113582,0.00398614,12
32.2036,0.0226137,0.327448,-0.00942478,-0.105636,0.460805,0.000119152,0.00398499,12
32.2076,0.02387,0.320726,-0.00942478,-0.105754,0.445877,0.000246821,0.00398646,15
32.2116,0.0252002,0.327448,-0.00942478,-0.116592,0.433336,0.000119433,0.00398213,12
32.2156,0.0264565,0.327448,-0.00942478,-0.13871,0.369235,0.000116006,0.00398141,12
32.2196,0.0277868,0.322406,-0.00942478,-0.151768,0.319691,0.000490485,0.00398305,15
32.2236,0.0291909,0.322406,-0.0125664,-0.156047,0.272345,0.00011771,0.00398308,12
32.2276,0.0302994,0.322406,-0.0125664,-0.172447,0.225202,0.000125835,0.00398567,12
32.2316,0.0315557,0.315684,-0.0125664,-0.179226,0.190143,0.000122338,0.00398425,12
32.2356,0.032812,0.314003,-0.0125664,-0.187253,0.164298,0.000282617,0.00398374,15
32.2396,0.0341422,0.310642,-0.0125664,-0.196106,0.131789,0.000119964,0.00398301,12
32.2436,0.0353247,0.307841,-0.0125664,-0.206066,0.0970557,0.000365382,0.00395538,12
32.2476,0.036581,0.299437,-0.0125664,-0.218114,0.0417479,0.00053582,0.00398615,15
32.2516,0.0378373,0.292715,-0.0125664,-0.21219,0.0450783,0.000119173,0.00398307,12
32.2556,0.0388719,0.294396,-0.0125664,-0.200703,0.0863727,0.000158035,0.00398591,12
32.2596,0.0400543,0.283191,-0.0125664,-0.184636,0.108655,0.000124312,0.00398427,12
32.2636,0.0411628,0.28151,-0.015708,-0.15354,0.163238,0.00029977,0.00398615,15
32.2676,0.0423453,0.274788,-0.015708,-0.129438,0.221341,0.000116317,0.0039831,12
32.2716,0.0433799,0.273667,-0.015708,-0.113312,0.269445,0.000119352,0.0039849,12
32.2756,0.0444884,0.274788,-0.015708,-0.106842,0.294296,0.000526262,0.00398602,15
32.2796,0.0457447,0.273667,-0.015708,-0.0906714,0.343018,0.000119323,0.00398248,12
32.2836,0.0467054,0.271987,-0.015708,-0.0779089,0.379353,0.000116718,0.00398626,12
32.2876,0.04774,0.266945,-0.015708,-0.0702372,0.391809,0.000138789,0.00398307,12
32.2916,0.0488485,0.268625,-0.015708,-0.0698988,0.399576,0.000275805,0.00398576,15
32.2956,0.0499571,0.125209,-0.015708,-0.0796972,0.00309225,0.000125314,0.0039834,12
32.2996,0.0509178,0.260222,-0.015708,-0.0812545,0.348132,0.000114113,0.00398573,12
32.3036,0.0519524,0.25574,-0.015708,-0.0885221,0.316885,0.000501075,0.00398663,15
32.3076,0.0530609,0.247337,-0.015708,-0.0821409,0.316947,0.000119122,0.00398219,12
32.3116,0.0539477,0.242295,-0.015708,-0.0749409,0.327656,0.000118952,0.0039848,12
32.3156,0.0549084,0.243976,-0.015708,-0.0680434,0.354922,0.000116608,0.00398626,12
32.3196,0.055943,0.239494,-0.015708,-0.0628503,0.361331,0.000257471,0.00398672,15
32.3236,0.0569037,0.234452,-0.015708,-0.0610435,0.355902,0.000118601,0.00398308,12
32.3276,0.0577906,0.236133,-0.015708,-0.0645855,0.35146,0.000117219,0.00398506,12
32.3316,0.0587513,0.237813,-0.015708,-0.0539769,0.389941,0.00048216,0.00398629,15
32.3356,0.0597859,0.240614,-0.015708,-0.0417674,0.436305,0.00011771,0.00398308,12
32.3396,0.0606727,0.236133,-0.015708,-0.028658,0.466314,0.000122078,0.00398573,12
32.3436,0.0615595,0.232771,-0.015708,-0.0154896,0.499387,0.000124142,0.00398583,12
32.3476,0.0625202,0.234452,-0.015708,-0.00324344,0.542817,0.000210363,0.00398667,15
32.3516,0.0634809,0.236133,-0.015708,0.00695916,0.58007,0.000117459,0.00398314,12
32.3556,0.0643677,0.231091,-0.015708,0.0138566,0.589865,0.000115716,0.00398604,12
32.3596,0.0653285,0.239494,-0.015708,0.0160472,0.620217,0.000424963,0.00398656,15
32.3636,0.0663631,0.237813,-0.0125664,-0,0.607128,0.000132628,0.00397464,12
32.3676,0.0672499,0.243976,-0.0125664,-0.0160471,0.576435,0.000118751,0.00398463,12
32.3716,0.0682106,0.243976,-0.0125664,-0.0138566,0.585149,0.000114684,0.0039862,12
32.3756,0.0691713,0.238934,-0.0125664,-0.00695914,0.595105,0.000200695,0.00398503,15
32.3796,0.0702059,0.242295,-0.0125664,0.00324344,0.636847,0.00011788,0.00398303,12
32.3836,0.0710927,0.240614,-0.0125664,0.0154896,0.67146,0.000141515,0.00398599,12
32.3876,0.0721273,0.239494,-0.0125664,0.028658,0.710625,0.000448106,0.00398621,15
32.3916,0.073162,0.242295,-0.0125664,0.0417674,0.75971,0.000126876,0.00398325,12
32.3956,0.0740488,0.247337,-0.0125664,0.0539769,0.811522,0.000133489,0.00398469,12
32.3996,0.0750095,0.252379,-0.0125664,0.0645855,0.858658,0.000130995,0.00398456,12
32.4036,0.076118,0.30616,-0.0125664,0.0730325,1.02509,0.000229619,0.00398595,15
32.4076,0.0770787,0.25406,-0.0125664,0.0788975,0.910748,0.000377365,0.00394794,12
32.4116,0.0781872,0.261903,-0.0125664,0.0819,0.942433,0.000130073,0.00398509,12
32.4156,0.0791479,0.265264,-0.0125664,0.0819,0.953183,0.000477571,0.00398508,15
32.4196,0.0803303,0.271987,-0.0125664,0.0788975,0.963998,0.000125384,0.00398187,12
32.4236,0.0812911,0.276468,-0.0125664,0.0730325,0.959908,0.000124773,0.0039838,12
32.4276,0.0823996,0.288233,-0.0125664,0.0645855,0.967092,0.000129742,0.00398632,12
32.4316,0.083582,0.283191,-0.015708,0.0659658,0.923382,0.000432748,0.00395659,15
32.4356,0.0848383,0.296076,-0.015708,0.0578146,0.934666,0.000128049,0.00398644,12
32.4396,0.0859468,0.301118,-0.015708,0.0425146,0.903829,0.000124773,0.00398466,12
32.4436,0.0871292,0.301118,-0.015708,0.0224487,0.845769,0.000470869,0.00398598,15
32.4476,0.0884595,0.312323,-0.015708,-0,0.80968,0.000132487,0.00398299,12
32.4516,0.0896419,0.317364,-0.015708,-0.0224488,0.757401,0.000119273,0.00398545,12
32.4556,0.0908982,0.314003,-0.0188496,-0.0305256,0.689601,0.000135774,0.00398536,12
32.4596,0.0921545,0.322406,-0.0188496,-0.0417674,0.680005,0.000241731,0.00398549,15
32.4636,0.0934847,0.325768,-0.0219912,-0.0401203,0.659061,0.000123661,0.00398158,12
32.4676,0.094741,0.33025,-0.0219912,-0.0415791,0.668932,0.000134581,0.00398424,12
32.4716,0.0960713,0.327448,-0.0219912,-0.0624193,0.601641,0.000523908,0.00398612,15
32.4756,0.0975493,0.335292,-0.0251327,-0.0754389,0.548237,0.000146012,0.00398199,12
32.4796,0.0987317,0.335292,-0.0251327,-0.0977543,0.483379,0.000122769,0.00398535,12
32.4836,0.100062,0.335292,-0.0251327,-0.125301,0.403035,0.000421657,0.00395596,12
32.4876,0.10154,0.336972,-0.0251327,-0.154573,0.322123,0.000299429,0.0039707,15
32.4916,0.102944,0.405319,-0.0282743,-0.17064,0.415145,0.000130304,0.00398347,12
32.4956,0.104126,0.338653,-0.0282743,-0.191037,0.18442,0.00013375,0.00398444,12
32.4996,0.105457,0.336972,-0.0282743,-0.212261,0.118855,0.000627411,0.00398529,15
32.5036,0.107009,0.33193,-0.0282743,-0.231508,0.051091,0.000375992,0.0039478,12
32.5076,0.108265,0.33025,-0.0314159,-0.234687,0.00242017,0.000375711,0.00395551,12
32.5116,0.109521,0.322406,-0.0314159,-0.240315,-0.0320447,0.00011802,0.00398593,12
32.5156,0.110704,0.312323,-0.0345575,-0.234021,-0.0738888,0.000453667,0.00398557,15
32.5196,0.112034,0.314003,-0.0345575,-0.234183,-0.0671491,0.000129852,0.00397953,12
32.5236,0.113216,0.309521,-0.0345575,-0.238417,-0.0889072,0.00012856,0.0039828,12
32.5276,0.114399,0.302799,-0.0376991,-0.233333,-0.125753,0.000119423,0.00398599,12
32.5316,0.115581,0.291594,-0.0376991,-0.23843,-0.16743,0.000239858,0.00398604,15
32.5356,0.116764,0.294396,-0.0376991,-0.252587,-0.200423,0.000119674,0.00398167,12
32.5396,0.117872,0.284872,-0.0376991,-0.254063,-0.226987,0.000126987,0.00398312,12
32.5436,0.118907,0.268625,-0.0376991,-0.254004,-0.266387,0.00052499,0.00398579,15
32.5476,0.120089,0.263583,-0.0376991,-0.252551,-0.272402,0.000384428,0.00394632,12
32.5516,0.121124,0.260222,-0.0376991,-0.250825,-0.273587,0.00011816,0.00398558,12
32.5556,0.12201,0.245656,-0.0408407,-0.238941,-0.310721,0.000118401,0.00398608,12
32.5596,0.122971,0.237813,-0.0408407,-0.2399,-0.331723,0.00034783,0.00398646,15
32.5636,0.124006,0.22941,-0.0408407,-0.234346,-0.33432,0.00011838,0.00397411,12
32.5676,0.124819,0.216525,-0.0408407,-0.235807,-0.370142,0.000113963,0.00398605,12
32.5716,0.125632,0.206441,-0.0408407,-0.225066,-0.361877,0.000634234,0.00398544,15
32.5756,0.126518,0.195237,-0.0408407,-0.215654,-0.360349,0.000126947,0.0039833,12
32.5796,0.127184,0.186833,-0.0408407,-0.209952,-0.363307,0.000148106,0.00398599,12
32.5836,0.127923,0.168906,-0.0408407,-0.189443,-0.345881,0.000115605,0.00398601,12
32.5876,0.128588,0.162744,-0.0408407,-0.168219,-0.296161,0.000427317,0.0039865,15
32.5916,0.129401,0.276468,-0.0408407,-0.149083,0.0562749,0.000117189,0.00398344,12
32.5956,0.12977,0.130251,-0.0408407,-0.13554,-0.278494,0.000127848,0.00398605,12
32.5996,0.130287,0.123528,-0.0376991,-0.122041,-0.216406,0.000133489,0.00398389,12
32.6036,0.130731,0.115125,-0.0376991,-0.103599,-0.181347,0.000288609,0.00398597,15
32.6076,0.131174,0.107282,-0.0376991,-0.0854006,-0.145581,0.000118371,0.00398309,12
32.6116,0.131618,0.0971981,-0.0376991,-0.0730528,-0.133266,0.00011823,0.00398555,12
32.6156,0.131987,0.094397,-0.0376991,-0.0508408,-0.0725491,0.000544106,0.00398627,15
32.6196,0.132357,0.0893551,-0.0376991,-0.0352392,-0.037579,0.00012308,0.00398136,12
32.6236,0.132652,0.0826324,-0.0345575,-0.0212607,0.0254742,0.000127178,0.00398601,12
32.6276,0.132948,0.071428,-0.0345575,-0.00405815,0.0492533,0.000116227,0.00398583,12
32.6316,0.133243,0.0697474,-0.0314159,-0.000526734,0.0937187,0.000360423,0.00398679,15
32.6356,0.133539,0.0680667,-0.0314159,0.0260894,0.170468,0.000122379,0.00398275,12
32.6396,0.133761,0.0568623,-0.0282743,0.0471867,0.243333,0.000115545,0.00398595,12
32.6436,0.133982,0.0501397,-0.0282743,0.0783398,0.320649,0.000652247,0.00398644,15
32.6476,0.134204,0.053501,-0.0282743,0.113801,0.436951,0.00013912,0.00398336,9
32.6516,0.134426,0.053501,-0.0251327,0.136256,0.542768,0.000117679,0.00398546,12
32.6556,0.134648,0.048459,-0.0251327,0.160718,0.604191,0.000114514,0.00398616,12
32.6596,0.134795,0.048459,-0.0251327,0.181018,0.665862,0.00046034,0.0039867,15
32.6636,0.135017,0.0518203,-0.0219912,0.201305,0.773781,0.000117389,0.00398253,12
32.6676,0.135239,0.053501,-0.0219912,0.226424,0.854501,0.000124091,0.00398276,12
32.6716,0.13546,0.0647054,-0.0219912,0.25231,0.962063,0.000128309,0.00398612,12
32.6756,0.135756,0.0630247,-0.0188496,0.263751,1.03043,0.000288829,0.00398472,15
32.6796,0.135978,0.071428,-0.0188496,0.278284,1.09647,0.000129893,0.00398272,12
32.6836,0.136273,0.0809518,-0.015708,0.280694,1.1664,0.000127318,0.00398603,12
32.6876,0.136643,0.0876744,-0.015708,0.288661,1.20859,0.000513478,0.00398613,15
32.6916,0.137012,0.0988788,-0.015708,0.29924,1.27021,0.000119193,0.0039834,12
32.6956,0.137382,0.100559,-0.015708,0.310608,1.3097,0.000119332,0.0039853,12
32.6996,0.137825,0.115125,-0.015708,0.322066,1.3828,0.000126617,0.00398549,12
32.7036,0.138343,0.125209,-0.0125664,0.322043,1.4473,0.000277638,0.00398566,15
32.7076,0.13886,0.138094,-0.0125664,0.310261,1.446,0.000118972,0.00398308,12
32.7116,0.139451,0.144817,-0.0125664,0.297727,1.42672,0.000144771,0.00398503,12
32.7156,0.140042,0.154341,-0.0125664,0.284581,1.41281,0.000520602,0.00398631,15
32.7196,0.140781,0.173948,-0.0125664,0.272084,1.42714,0.000116648,0.00398324,12
32.7236,0.141373,0.182352,-0.0125664,0.26262,1.42147,0.000121797,0.00398382,12
32.7276,0.142112,0.190195,-0.0125664,0.259693,1.43443,0.000122529,0.00398622,12
32.7316,0.142924,0.201959,-0.0125664,0.246186,1.42568,0.000300101,0.00398676,15
32.7356,0.143811,0.214844,-0.0125664,0.237873,1.43567,0.000132738,0.00398181,12
32.7396,0.144624,0.221567,-0.0125664,0.217778,1.39403,0.000119473,0.00398593,12
32.7436,0.145585,0.232771,-0.015708,0.213664,1.37506,0.00055735,0.00398572,15
32.7476,0.14662,0.247337,-0.015708,0.188494,1.33876,0.00012847,0.00398334,12
32.7516,0.14758,0.258541,-0.015708,0.159443,1.28192,0.000115556,0.00398604,12
32.7556,0.148615,0.268625,-0.015708,0.13226,1.22799,0.000126476,0.00398664,12
32.7596,0.149723,0.278149,-0.0188496,0.103497,1.13053,0.000309748,0.00398634,15
32.7636,0.150906,0.291594,-0.0219912,0.0821205,1.06566,0.000132578,0.00398326,12
32.7676,0.152014,0.297757,-0.0219912,0.055218,1.00264,0.000117709,0.00397522,12
32.7716,0.153197,0.307841,-0.0251327,0.0220079,0.893349,0.000601683,0.0039854,15
32.7756,0.154601,0.314003,-0.0251327,-0.0182921,0.790493,0.000142236,0.00398345,12
32.7796,0.155783,0.369465,-0.0251327,-0.0568511,0.819358,0.000118972,0.00398549,12
32.7836,0.156966,0.320726,-0.0282743,-0.0947314,0.544486,0.000124523,0.00398631,12
32.7876,0.158222,0.320726,-0.0282743,-0.133276,0.430744,0.000403633,0.00398642,15
32.7916,0.159626,0.324087,-0.0314159,-0.174248,0.281169,0.000134962,0.00398233,12
32.7956,0.160809,0.324087,-0.0345575,-0.207982,0.144327,0.000114875,0.00398616,12
32.7996,0.162139,0.322406,-0.0345575,-0.24767,0.0229632,0.000121987,0.00398575,12
32.8036,0.163395,0.322406,-0.0376991,-0.273613,-0.0901749,0.000256469,0.00398652,15
32.8076,0.164725,0.317364,-0.0376991,-0.298864,-0.176564,0.000117559,0.003983,12
32.8116,0.165982,0.310642,-0.0376991,-0.337453,-0.307752,0.000122008,0.00398598,12
32.8156,0.167164,0.307841,-0.0408407,-0.360639,-0.419929,0.000554284,0.00398646,15
32.8196,0.168494,0.292715,-0.0408407,-0.384695,-0.528676,0.000124342,0.00398162,12
32.8236,0.169603,0.292715,-0.0439823,-0.393429,-0.590127,0.000115055,0.00398608,12
32.8276,0.170711,0.286552,-0.0471239,-0.391826,-0.636212,0.000121657,0.00398513,12
32.8316,0.17182,0.271987,-0.0471239,-0.396443,-0.685254,0.000381953,0.00398649,15
32.8356,0.172928,0.25406,-0.0471239,-0.403635,-0.750733,0.000116317,0.0039832,12
32.8396,0.173889,0.236133,-0.0502655,-0.399311,-0.819209,0.000126947,0.00398571,12
32.8436,0.174776,0.226049,-0.0502655,-0.40283,-0.853875,0.000661484,0.00398656,12
32.8476,0.17581,0.209802,-0.0502655,-0.413491,-0.92567,0.00021973,0.00398344,9
32.8516,0.176476,0.196917,-0.0502655,-0.410533,-0.948459,0.00047168,0.0039408,12
32.8556,0.177288,0.17899,-0.0502655,-0.406646,-0.981101,0.000125755,0.00398534,12
32.8596,0.17788,0.162744,-0.0534071,-0.392083,-1.01512,0.000402531,0.00397715,15
32.8636,0.178471,0.136414,-0.0534071,-0.39055,-1.07699,0.000137617,0.00398609,12
32.8676,0.178988,0.12689,-0.0534071,-0.383948,-1.08044,0.000129652,0.00398537,12
32.8716,0.179432,0.10224,-0.0534071,-0.365889,-1.08837,0.00013434,0.00398593,12
32.8756,0.179801,0.0876744,-0.0534071,-0.351306,-1.081,0.00018238,0.00398494,15
32.8796,0.180097,0.066386,-0.0534071,-0.3228,-1.04903,0.000130804,0.003983,12
32.8836,0.180318,0.0439773,-0.0502655,-0.308136,-1.02446,0.000121657,0.00398506,12
32.8876,0.180466,0.0210082,-0.0502655,-0.29244,-1.03584,0.00041796,0.00398622,15
32.8916,0.180466,0.00140055,-0.0502655,-0.261959,-0.99422,0.000127829,0.00398623,12
32.8956,0.180466,-0.00364143,-0.0502655,-0.23583,-0.928244,0.000120324,0.00398612,12
32.8996,0.180392,-0.0182071,-0.0502655,-0.200443,-0.858972,0.000121056,0.00398638,12
32.9036,0.180318,-0.0277309,-0.0471239,-0.165182,-0.739621,0.000216514,0.00398484,15
32.9076,0.180171,-0.0361342,-0.0471239,-0.128142,-0.64965,0.000151553,0.00398622,12
32.9116,0.180023,-0.0456579,-0.0439823,-0.0879828,-0.515658,0.000120545,0.00398586,12
32.9156,0.179875,-0.0506999,-0.0408407,-0.0557692,-0.394138,0.000531312,0.00398184,15
32.9196,0.179653,-0.0506999,-0.0408407,-0.0206933,-0.288623,0.000129041,0.00398504,12
32.9236,0.179432,-0.0557419,-0.0376991,0.0159246,-0.153954,0.000131616,0.00398548,12
32.9276,0.17921,-0.0540612,-0.0376991,0.0527639,-0.0387833,0.000124472,0.00398582,12
32.9316,0.179062,-0.0506999,-0.0376991,0.100633,0.114209,0.000371343,0.003977,15
32.9356,0.17884,-0.0456579,-0.0376991,0.160455,0.307487,0.000143999,0.00397048,12
32.9396,0.178693,-0.0445375,-0.0345575,0.201662,0.472055,0.000132397,0.00397789,12
32.9436,0.178471,-0.0428568,-0.0345575,0.238008,0.585735,0.000644864,0.00398251,15
32.9476,0.178323,-0.0294115,-0.0314159,0.271817,0.759679,0.000171641,0.00398334,9
32.9516,0.178249,-0.0165265,-0.0314159,0.306113,0.896337,0.000123681,0.00398372,12
32.9556,0.178249,-0.00868341,-0.0282743,0.323019,1.0051,0.000137336,0.0039847,12
32.9596,0.178249,0.00308121,-0.0282743,0.337411,1.07888,0.000464817,0.00398586,15
32.9636,0.178249,0.0176469,-0.0282743,0.3434,1.13449,0.000117149,0.00398411,12
32.9676,0.178323,0.0210082,-0.0282743,0.357822,1.18689,0.000134161,0.00397655,12
32.9716,0.178471,0.0288513,-0.0251327,0.354737,1.23556,0.000162574,0.00398586,12
32.9756,0.178619,0.0389353,-0.0251327,0.353225,1.25728,0.000273721,0.00398577,15
32.9796,0.178766,0.0467784,-0.0251327,0.351882,1.27374,0.000120274,0.00398445,12
32.9836,0.178988,0.0619043,-0.0251327,0.350569,1.3092,0.000129051,0.00398618,12
32.9876,0.17921,0.0647054,-0.0251327,0.350407,1.31641,0.000531773,0.00398593,15
32.9916,0.179579,0.07647,-0.0251327,0.332038,1.292,0.000121667,0.00398546,12
32.9956,0.179875,0.0843131,-0.0251327,0.309132,1.24362,0.000129942,0.00398622,12
32.9996,0.180244,0.0988788,-0.0251327,0.284493,1.20747,0.000144399,0.00398623,12
33.0036,0.180614,0.103921,-0.0251327,0.262045,1.15342,0.000325587,0.00398636,15
33.0076,0.181131,0.115125,-0.0251327,0.246835,1.13743,0.000120044,0.00398482,12
33.0116,0.181575,0.123528,-0.0251327,0.223288,1.08888,0.000119733,0.00398617,12
33.0156,0.182092,0.12857,-0.0251327,0.208719,1.05897,0.000598838,0.0039856,15
33.0196,0.182683,0.0680667,-0.0251327,0.187695,0.840927,0.000134902,0.00398595,12
33.0236,0.183127,0.143136,-0.0282743,0.167778,0.937529,0.000131224,0.00398593,12
33.0276,0.183718,0.143136,-0.0282743,0.145243,0.870715,0.00011795,0.00397864,12
33.0316,0.184309,0.150979,-0.0282743,0.104934,0.770388,0.00040167,0.00398614,15
33.0356,0.184974,0.15266,-0.0282743,0.0640278,0.652549,0.00015519,0.00398562,12
33.0396,0.185565,0.156021,-0.0282743,0.0281312,0.554015,0.000116558,0.00398641,12
33.0436,0.186157,0.161063,-0.0314159,0.0152605,0.491915,0.000124141,0.00398562,12
33.0476,0.186822,0.154341,-0.0345575,0.00219056,0.399081,0.000236271,0.00398607,15
33.0516,0.187487,0.162744,-0.0345575,-0.0124213,0.378013,0.000126817,0.00398587,12
33.0556,0.188078,0.159383,-0.0345575,-0.0419067,0.281543,0.000125554,0.00398619,12
33.0596,0.188743,0.159383,-0.0376991,-0.0558399,0.20341,0.000523767,0.0039866,15
33.0636,0.189408,0.162744,-0.0376991,-0.0895749,0.111569,0.000125033,0.00398602,12
33.0676,0.189999,0.150979,-0.0376991,-0.125236,-0.0252003,0.000128931,0.00398605,12
33.0716,0.190591,0.156021,-0.0376991,-0.157355,-0.107993,0.000125203,0.00398294,12
33.0756,0.191256,0.149859,-0.0408407,-0.168899,-0.194772,0.000335867,0.00398432,15
33.0796,0.191847,0.144817,-0.0408407,-0.196902,-0.291091,0.000120825,0.00398415,12
33.0836,0.192364,0.136414,-0.0408407,-0.225452,-0.397878,0.000127188,0.00398602,12
33.0876,0.192882,0.130251,-0.0408407,-0.251324,-0.490802,0.000636458,0.00398624,15
33.0916,0.193473,0.115125,-0.0408407,-0.271995,-0.590928,0.000119974,0.0039839,9
33.0956,0.193842,0.108963,-0.0439823,-0.273654,-0.64848,0.000120034,0.00398588,12
33.0996,0.194286,0.0960777,-0.0439823,-0.275099,-0.68506,0.000127589,0.00398586,12
33.1036,0.194581,0.0809518,-0.0439823,-0.274228,-0.720732,0.000471089,0.00398613,15
33.1076,0.194951,0.066386,-0.0471239,-0.25779,-0.745234,0.0001233,0.00398326,12
33.1116,0.195172,0.0501397,-0.0471239,-0.245285,-0.748794,0.000126206,0.00398596,12
33.1156,0.19532,0.0422966,-0.0471239,-0.235451,-0.738949,0.000124002,0.00398584,12
33.1196,0.195468,0.0271707,-0.0471239,-0.228007,-0.755081,0.000248945,0.00398579,15
33.1236,0.195542,0.0159663,-0.0471239,-0.223655,-0.770619,0.000117148,0.00398458,12
33.1276,0.195616,0.00308121,-0.0471239,-0.224077,-0.80491,0.000125714,0.00398624,12
33.1316,0.195542,-0.0148458,-0.0471239,-0.210193,-0.809276,0.000490937,0.00398634,15
33.1356,0.195542,-0.00980385,-0.0471239,-0.195675,-0.75242,0.000117399,0.00398537,12
33.1396,0.195468,-0.0249298,-0.0471239,-0.183046,-0.753366,0.000130584,0.00398508,12
33.1436,0.195394,-0.0294115,-0.0439823,-0.187659,-0.741531,0.000125174,0.00398605,12
33.1476,0.195246,-0.0378148,-0.0439823,-0.193799,-0.782047,0.000307604,0.00398538,15
33.1516,0.195099,-0.0361342,-0.0439823,-0.186453,-0.755842,0.000116758,0.00398404,12
33.1556,0.194951,-0.0411762,-0.0408407,-0.173323,-0.691992,0.000124572,0.00398627,12
33.1596,0.194729,-0.0506999,-0.0408407,-0.150544,-0.64816,0.000604869,0.00398639,15
33.1636,0.194507,-0.0523805,-0.0408407,-0.124282,-0.57361,0.000117629,0.00397162,12
33.1676,0.194286,-0.0607838,-0.0408407,-0.0792447,-0.459629,0.000164938,0.0039833,12
33.1716,0.194064,-0.0624645,-0.0408407,-0.0321856,-0.322229,0.000119974,0.00398347,12
33.1756,0.193768,-0.0669463,-0.0408407,0.0119888,-0.20092,0.000388686,0.00398421,15
33.1796,0.193547,-0.0574225,-0.0376991,0.0362438,-0.0661065,0.000136535,0.00397275,12
33.1836,0.193251,-0.0607838,-0.0376991,0.0770541,0.0479212,0.000116127,0.00398617,12
33.1876,0.193029,-0.0591032,-0.0376991,0.117385,0.173644,0.000131856,0.0039854,12
33.1916,0.192808,-0.0574225,-0.0376991,0.15233,0.283092,0.000211484,0.00398607,15
33.1956,0.19266,-0.0523805,-0.0376991,0.177124,0.370679,0.000118872,0.00398558,12
33.1996,0.192438,-0.0411762,-0.0376991,0.187141,0.429317,0.000125364,0.00398652,12
33.2036,0.192364,-0.0344535,-0.0376991,0.199638,0.484231,0.000513268,0.0039866,15
33.2076,0.192216,-0.0266104,-0.0376991,0.200242,0.505931,0.000121887,0.00398404,12
33.2116,0.192143,-0.00980385,-0.0376991,0.186851,0.508579,0.000119343,0.00398636,12
33.2156,0.192143,-0.00028011,-0.0345575,0.167397,0.511787,0.000126516,0.00398625,12
33.2196,0.192143,0.00644253,-0.0345575,0.150229,0.477218,0.000326739,0.00398623,15
33.2236,0.192216,0.00924363,-0.0345575,0.134508,0.437082,0.00011787,0.00398366,12
33.2276,0.192216,0.00812319,-0.0345575,0.119952,0.39021,0.000125334,0.00398638,12
33.2316,0.19229,0.00644253,-0.0345575,0.106842,0.346427,0.000607885,0.00398531,15
33.2356,0.19229,0.00476187,-0.0345575,0.09602,0.309395,0.000119213,0.0039827,12
33.2396,0.192364,0.0109243,-0.0376991,0.100876,0.302621,0.000126767,0.00398547,12
33.2436,0.192438,0.00924363,-0.0376991,0.103452,0.30624,0.000128239,0.00398604,12
33.2476,0.192438,0.0142856,-0.0376991,0.107954,0.332827,0.000383876,0.00398625,15
33.2516,0.192512,0.00924363,-0.0376991,0.0972649,0.287704,0.000133048,0.00398425,12
33.2556,0.192586,0.0210082,-0.0376991,0.0864581,0.2855,0.000121086,0.00398559,12
33.2596,0.192586,0.00924363,-0.0376991,0.0788975,0.232359,0.000126056,0.00398554,12
33.2636,0.19266,0.0159663,-0.0376991,0.0564854,0.182102,0.000195746,0.003986,15
33.2676,0.192734,0.00924363,-0.0376991,0.0331735,0.0945051,0.000117409,0.003983,12
33.2716,0.192734,0.00924363,-0.0376991,0.011064,0.027691,0.000131906,0.00398622,12
33.2756,0.192808,0.00812319,-0.0376991,-0.0076001,-0.0314351,0.000481729,0.00398645,15
33.2796,0.192808,0.00140055,-0.0376991,-0.020436,-0.0875351,0.000120826,0.00398245,12
33.2836,0.192808,-0.00364143,-0.0376991,-0.0249206,-0.11407,0.000124332,0.00398619,12
33.2876,0.192808,0.00308121,-0.0376991,-0.0401326,-0.14273,0.000127357,0.00398606,12
33.2916,0.192808,-0.00700275,-0.0376991,-0.053242,-0.208312,0.000281375,0.00398539,15
33.2956,0.192808,-0.00028011,-0.0376991,-0.0634078,-0.221722,0.000116527,0.00398242,12
33.2996,0.192808,-0.00028011,-0.0408407,-0.0578001,-0.242252,0.000153878,0.0039863,12
33.3036,0.192808,-0.00028011,-0.0408407,-0.0554975,-0.235294,0.000576235,0.003986,15
33.3076,0.192808,0.00140055,-0.0408407,-0.053977,-0.226371,0.000128179,0.00398592,12
33.3116,0.192808,0.00308121,-0.0408407,-0.0508555,-0.212611,0.000125444,0.00398557,12
33.3156,0.192808,0.00140055,-0.0408407,-0.0438904,-0.19589,0.000124262,0.00398595,12
33.3196,0.192808,0.00308121,-0.0408407,-0.0309792,-0.152545,0.000383225,0.0039862,15
33.3236,0.192808,-0.00196077,-0.0408407,-0.0319014,-0.168315,0.000129552,0.00398612,12
33.3276,0.192808,0.00140055,-0.0408407,-0.0348083,-0.168444,0.000118912,0.00398611,12
33.3316,0.192808,-0.00364143,-0.0408407,-0.0401203,-0.19748,0.000124432,0.00398616,12
33.3356,0.192808,0.00140055,-0.0408407,-0.0485383,-0.209936,0.000190967,0.00398596,15
33.3396,0.192808,0.00140055,-0.0439823,-0.0490545,-0.248973,0.000117469,0.00398308,12
33.3436,0.192808,-0.00364143,-0.0439823,-0.0628503,-0.303646,0.000130573,0.00398636,12
33.3476,0.192808,-0.00364143,-0.0439823,-0.0680434,-0.319339,0.000518488,0.00398458,15
33.3516,0.192808,-0.00364143,-0.0439823,-0.0749409,-0.340183,0.000118111,0.00398338,12
33.3556,0.192808,-0.00196077,-0.0471239,-0.070152,-0.35886,0.000130083,0.00398517,12
33.3596,0.192808,-0.00532209,-0.0471239,-0.072475,-0.374536,0.000131956,0.00397744,12
33.3636,0.192808,-0.00028011,-0.0471239,-0.0793869,-0.38244,0.000311281,0.00398571,15
33.3676,0.192808,-0.00364143,-0.0471239,-0.0887853,-0.419497,0.000127348,0.00398363,12
33.3716,0.192808,-0.00196077,-0.0471239,-0.0989878,-0.446001,0.000129772,0.00398588,12
33.3756,0.192808,-0.00028011,-0.0502655,-0.0967441,-0.47237,0.000560937,0.00398603,15
33.3796,0.192808,-0.00868341,-0.0502655,-0.101133,-0.507271,0.000140453,0.00398613,12
33.3836,0.192734,-0.00980385,-0.0502655,-0.110052,-0.53727,0.000117399,0.00398588,12
33.3876,0.192734,-0.00196077,-0.0502655,-0.121959,-0.553057,0.000125545,0.00398631,12
33.3916,0.192734,-0.00980385,-0.0502655,-0.135873,-0.615299,0.000334194,0.00398591,15
33.3956,0.19266,-0.0232491,-0.0502655,-0.151373,-0.696922,0.000119884,0.00398256,12
33.3996,0.192586,-0.0148458,-0.0502655,-0.168599,-0.727503,0.000124973,0.00398622,12
33.4036,0.192512,-0.0232491,-0.0534071,-0.176264,-0.809941,0.000606071,0.0039865,15
33.4076,0.192438,-0.0294115,-0.0534071,-0.173807,-0.818545,0.000115175,0.00398351,12
33.4116,0.19229,-0.0344535,-0.0534071,-0.171394,-0.824558,0.000125024,0.00398639,12
33.4156,0.192216,-0.0310922,-0.0534071,-0.167764,-0.805094,0.000123671,0.0039864,12
33.4196,0.192069,-0.0394955,-0.0534071,-0.162216,-0.810289,0.00035915,0.00397959,15
33.4236,0.191847,-0.0394955,-0.0534071,-0.15461,-0.787787,0.000118631,0.00398558,12
33.4276,0.191699,-0.0506999,-0.0534071,-0.145366,-0.789026,0.000140392,0.00398604,12
33.4316,0.191477,-0.0523805,-0.0565487,-0.123477,-0.765166,0.000608997,0.00398606,15
33.4356,0.191256,-0.0574225,-0.0565487,-0.110405,-0.739127,0.000115075,0.00398648,9
33.4396,0.191034,-0.0607838,-0.0565487,-0.106569,-0.736673,0.000142987,0.00398618,12
33.4436,0.190812,-0.0624645,-0.0565487,-0.113091,-0.761194,0.000127448,0.00398586,12
33.4476,0.190591,-0.0652656,-0.0565487,-0.110052,-0.759706,0.000410696,0.00398626,15
33.4516,0.190295,-0.0652656,-0.0596903,-0.0980114,-0.761441,0.000126075,0.00398553,12
33.4556,0.189999,-0.0686269,-0.0596903,-0.0980114,-0.770741,0.000116297,0.00398623,12
33.4596,0.189778,-0.0736689,-0.0596903,-0.110052,-0.820593,0.000125625,0.00398616,12
33.4636,0.189482,-0.0770302,-0.0596903,-0.113091,-0.839077,0.000228877,0.00398606,15
33.4676,0.189113,-0.081512,-0.0596903,-0.118558,-0.867943,0.000119834,0.00398515,12
33.4716,0.188817,-0.086554,-0.0596903,-0.126452,-0.905426,0.000115956,0.0039863,12
33.4756,0.188447,-0.0966379,-0.0596903,-0.137334,-0.965083,0.00049269,0.0039857,15
33.4796,0.188078,-0.0977584,-0.0596903,-0.152326,-1.01408,0.00011753,0.00398323,12
33.4836,0.187708,-0.1028,-0.0596903,-0.151367,-1.02497,0.000124702,0.00398607,12
33.4876,0.187265,-0.107842,-0.0596903,-0.146727,-1.0249,0.000126406,0.00398584,12
33.4916,0.186822,-0.111204,-0.0596903,-0.139106,-1.01149,0.000283419,0.00398604,15
33.4956,0.186378,-0.115685,-0.0628318,-0.117638,-0.996595,0.00014486,0.00398386,12
33.4996,0.185861,-0.12745,-0.0628318,-0.103783,-0.986147,0.000118391,0.003986,12
33.5036,0.185344,-0.132492,-0.0628318,-0.0978221,-0.982245,0.000571607,0.00398628,15
33.5076,0.184752,-0.143696,-0.0628318,-0.100596,-1.02077,0.000126196,0.00398597,12
33.5116,0.184235,-0.143696,-0.0628318,-0.0917657,-0.99521,0.000116808,0.00398599,12
33.5156,0.183718,-0.145377,-0.0628318,-0.0833186,-0.975139,0.000129832,0.00398461,12
33.5196,0.183127,-0.147058,-0.0628318,-0.0756757,-0.957659,0.000339263,0.00398586,15
33.5236,0.182609,-0.0394955,-0.0628318,-0.0696783,-0.663695,0.000116878,0.00398349,12
33.5276,0.18187,-0.156581,-0.0628318,-0.0665878,-0.957457,0.000127498,0.00398623,12
33.5316,0.181205,-0.159943,-0.0628318,-0.068086,-0.97209,0.000634565,0.00398607,15
33.5356,0.18054,-0.164985,-0.0628318,-0.0762759,-1.01127,0.000130313,0.00398475,9
33.5396,0.179949,-0.166665,-0.0628318,-0.0719382,-1.00378,0.000116748,0.00398633,12
33.5436,0.179284,-0.169466,-0.0628318,-0.0680433,-1.00067,0.000127278,0.00398611,12
33.5476,0.178545,-0.17787,-0.0596903,-0.0778418,-1.01606,0.000420144,0.00398645,15
33.5516,0.177732,-0.192435,-0.0596903,-0.0829556,-1.07079,0.000125114,0.00398631,12
33.5556,0.177067,-0.194116,-0.0596903,-0.086889,-1.08845,0.00013938,0.00397751,12
33.5596,0.176254,-0.202519,-0.0596903,-0.0715445,-1.06549,0.000142176,0.00398471,12
33.5636,0.175441,-0.207001,-0.0596903,-0.0507334,-1.01591,0.000209621,0.00398639,15
33.5676,0.174628,-0.215404,-0.0596903,-0.0262778,-0.965421,0.000124202,0.00398627,12
33.5716,0.173741,-0.220446,-0.0596903,-0,-0.900926,0.000132448,0.00398621,12
33.5756,0.172854,-0.223248,-0.0596903,0.0262778,-0.830662,0.000500294,0.00398626,15
33.5796,0.17182,-0.22997,-0.0565487,0.0387443,-0.775078,0.000117118,0.00398345,12
33.5836,0.171007,-0.22997,-0.0565487,0.0554973,-0.726223,0.000127228,0.00398596,12
33.5876,0.170046,-0.238374,-0.0565487,0.0730324,-0.696965,0.000122428,0.00398612,12
33.5916,0.169159,-0.235012,-0.0534071,0.0759964,-0.643809,0.000314567,0.00398632,15
33.5956,0.168125,-0.233332,-0.0534071,0.0810851,-0.626359,0.000116678,0.00398401,12
33.5996,0.167238,-0.242855,-0.0534071,0.083533,-0.645418,0.000119342,0.00398583,12
33.6036,0.166277,-0.240054,-0.0534071,0.100596,-0.588735,0.000559805,0.00398567,15
33.6076,0.165243,-0.244536,-0.0534071,0.118043,-0.549807,0.000126286,0.00398561,12
33.6116,0.164356,-0.249578,-0.0534071,0.134052,-0.516346,0.000126726,0.00398576,12
33.6156,0.163321,-0.247897,-0.0502655,0.135231,-0.473233,0.000116037,0.00398626,12
33.6196,0.16236,-0.244536,-0.0502655,0.14052,-0.450689,0.000328623,0.00398586,15
33.6236,0.161326,-0.242855,-0.0502655,0.147676,-0.426993,0.000142245,0.00398392,12
33.6276,0.160365,-0.249578,-0.0502655,0.155016,-0.424217,0.000119323,0.00398474,12
33.6316,0.159404,-0.242855,-0.0502655,0.161419,-0.389649,0.000575644,0.00398639,15
33.6356,0.15837,-0.244536,-0.0502655,0.166326,-0.381406,0.000124943,0.00398642,12
33.6396,0.157483,-0.246217,-0.0502655,0.169734,-0.377367,0.000125344,0.00398635,12
33.6436,0.156522,-0.235012,-0.0502655,0.172206,-0.343141,0.000125514,0.00398639,12
33.6476,0.155562,-0.389633,-0.0502655,0.174862,-0.735349,0.000345786,0.00398631,15
33.6516,0.154601,-0.22829,-0.0502655,0.179385,-0.308323,0.000117749,0.00398355,12
33.6556,0.153788,-0.226609,-0.0502655,0.166276,-0.345384,0.000124202,0.00398622,12
33.6596,0.152901,-0.224928,-0.0502655,0.148364,-0.397119,0.000619446,0.00398605,15
33.6636,0.151866,-0.220446,-0.0502655,0.126911,-0.452665,0.000116668,0.00398349,12
33.6676,0.151127,-0.218766,-0.0502655,0.103599,-0.520397,0.000127668,0.00398613,12
33.6716,0.150241,-0.220446,-0.0502655,0.0805304,-0.596369,0.000125925,0.00398566,12
33.6756,0.149354,-0.218766,-0.0502655,0.0602286,-0.655326,0.000371804,0.00397984,15
33.6796,0.148393,-0.218766,-0.0502655,0.0456372,-0.701515,0.000129913,0.00398553,12
33.6836,0.14758,-0.233332,-0.0502655,0.0401202,-0.757466,0.000119603,0.00398584,12
33.6876,0.14662,-0.233332,-0.0502655,0.0257203,-0.803076,0.000628994,0.00398594,15
33.6916,0.145585,-0.233332,-0.0502655,0.016669,-0.832684,0.000121687,0.00398268,9
33.6956,0.144772,-0.233332,-0.0502655,0.0154896,-0.838021,0.000125764,0.00398558,12
33.6996,0.143811,-0.238374,-0.0502655,0.00324337,-0.890106,0.000119834,0.00398588,12
33.7036,0.142851,-0.246217,-0.0502655,-0.00695916,-0.943227,0.000382123,0.0039859,15
33.7076,0.141816,-0.247897,-0.0502655,-0.0138566,-0.970654,0.000125815,0.00398553,12
33.7116,0.140929,-0.247897,-0.0502655,-0.0160472,-0.979208,0.000125324,0.00398647,12
33.7156,0.139895,-0.25462,-0.0502655,-0.0119891,-0.98651,0.000117499,0.00398602,12
33.7196,0.13886,-0.257421,-0.0502655,-0,-0.959748,0.000171921,0.00398632,15
33.7236,0.137825,-0.270866,-0.0502655,-0,-0.996624,0.000120375,0.00398359,12
33.7276,0.136791,-0.269186,-0.0502655,-0,-0.994552,0.000129392,0.0039861,12
33.7316,0.135682,-0.277029,-0.0502655,-0,-1.01716,0.00040755,0.0039861,15
33.7356,0.1345,-0.282071,-0.0502655,-0,-1.03272,0.000129041,0.00398615,12
33.7396,0.133465,-0.292155,-0.0471239,-0.0119891,-1.0597,0.000121257,0.00398623,12
33.7436,0.132283,-0.299998,-0.0471239,-0.0160473,-1.09474,0.00013379,0.00398529,12
33.7476,0.131026,-0.30504,-0.0471239,-0.0138567,-1.10384,0.00020361,0.00398605,15
33.7516,0.129844,-0.303359,-0.0471239,-0.00695924,-1.08125,0.000118181,0.00397665,12
33.7556,0.128588,-0.310082,-0.0471239,0.00324334,-1.07046,0.000149258,0.00398655,12
33.7596,0.127331,-0.321286,-0.0471239,0.0154895,-1.06504,0.000472873,0.00398596,15
33.7636,0.125927,-0.322967,-0.0439823,0.016669,-1.03139,0.00011795,0.00398626,12
33.7676,0.124745,-0.33081,-0.0439823,0.0257203,-1.02681,0.000119604,0.00398598,12
33.7716,0.123341,-0.337532,-0.0439823,0.0401203,-1.00367,0.000142245,0.00398514,12
33.7756,0.12201,-0.337532,-0.0439823,0.0576263,-0.953666,0.00027367,0.00398635,15
33.7796,0.120606,-0.352098,-0.0408407,0.0642868,-0.936628,0.000119613,0.00398622,12
33.7836,0.119202,-0.352098,-0.0408407,0.0783399,-0.897222,0.000117149,0.00398609,12
33.7876,0.117798,-0.35714,-0.0408407,0.0967015,-0.857777,0.000569262,0.00398643,15
33.7916,0.116172,-0.364983,-0.0408407,0.116708,-0.821057,0.000128831,0.00398454,12
33.7956,0.114916,-0.363863,-0.0376991,0.124129,-0.76101,0.000125725,0.00398573,12
33.7996,0.113438,-0.371706,-0.0376991,0.13706,-0.745349,0.000121917,0.00398608,12
33.8036,0.11196,-0.38291,-0.0376991,0.152419,-0.731008,0.000379759,0.0039865,15
33.8076,0.110334,-0.38179,-0.0376991,0.167683,-0.685542,0.000124973,0.00398593,12
33.8116,0.10893,-0.38291,-0.0345575,0.168899,-0.650336,0.000130654,0.00398611,12
33.8156,0.107378,-0.389633,-0.0345575,0.174586,-0.653844,0.00012854,0.00398606,12
33.8196,0.105826,-0.398036,-0.0314159,0.170232,-0.654545,0.00023076,0.00398614,15
33.8236,0.1042,-0.405879,-0.0314159,0.173935,-0.667096,0.000119253,0.00398638,12
33.8276,0.102722,-0.33081,-0.0282743,0.170901,-0.448709,0.000127117,0.00398577,12
33.8316,0.101023,-0.400837,-0.0282743,0.179089,-0.607988,0.000502938,0.00398631,15
33.8356,0.099249,-0.399157,-0.0282743,0.195695,-0.557344,0.000119824,0.00398502,12
33.8396,0.0978449,-0.402518,-0.0282743,0.218897,-0.498945,0.000125193,0.0039864,12
33.8436,0.0962191,-0.398036,-0.0251327,0.235864,-0.402198,0.000125955,0.0039863,12
33.8476,0.0946671,-0.405879,-0.0251327,0.244916,-0.398424,0.00030531,0.00398625,15
33.8516,0.0929674,-0.399717,-0.0251327,0.255517,-0.354226,0.000115866,0.00398629,12
33.8556,0.0914155,-0.400837,-0.0251327,0.266125,-0.328436,0.000125945,0.00398587,12
33.8596,0.0898636,-0.404199,-0.0219912,0.264192,-0.308841,0.000599268,0.00398651,15
33.8636,0.0880161,-0.402518,-0.0219912,0.270057,-0.290817,0.000117219,0.00398614,12
33.8676,0.0866858,-0.392994,-0.0219912,0.28344,-0.22875,0.00012874,0.0039858,12
33.8716,0.08506,-0.396356,-0.0188496,0.271451,-0.239704,0.000116808,0.00398618,12
33.8756,0.0835081,-0.391314,-0.0188496,0.265999,-0.246581,0.000390228,0.00398453,15
33.8796,0.0818823,-0.384591,-0.015708,0.254393,-0.230409,0.000124001,0.00398601,12
33.8836,0.0804043,-0.389633,-0.015708,0.256976,-0.238811,0.00012832,0.00398547,12
33.8876,0.0788523,-0.389633,-0.015708,0.251863,-0.257645,0.000652759,0.00398636,15
33.8916,0.0770787,-0.387952,-0.015708,0.250203,-0.2622,0.00011764,0.0039848,9
33.8956,0.0757485,-0.533049,-0.015708,0.252276,-0.632451,0.000142516,0.00398628,12
33.8996,0.0742705,-0.38179,-0.0125664,0.247496,-0.223157,0.000122689,0.00398637,12
33.9036,0.0727186,-0.380109,-0.0125664,0.236563,-0.255254,0.000413121,0.00398605,15
33.9076,0.0710927,-0.38291,-0.0125664,0.231465,-0.281415,0.000121006,0.00398504,12
33.9116,0.0696886,-0.380109,-0.0125664,0.233325,-0.271643,0.000143949,0.00398397,12
33.9156,0.0682106,-0.376748,-0.0125664,0.244385,-0.232787,0.000650034,0.00398557,12
33.9196,0.0665109,-0.370025,-0.0125664,0.246267,-0.213494,0.00014453,0.00398566,9
33.9236,0.0652546,-0.368344,-0.0125664,0.253484,-0.190097,0.000146945,0.0039803,12
33.9276,0.0637026,-0.370025,-0.00942478,0.235807,-0.213749,0.000124002,0.00398519,12
33.9316,0.0622985,-0.370025,-0.00942478,0.227671,-0.241399,0.000417028,0.00398372,15
33.9356,0.0607466,-0.364983,-0.00942478,0.209013,-0.288181,0.000130914,0.00398178,12
33.9396,0.0594164,-0.355459,-0.00942478,0.192525,-0.316384,0.000370772,0.00393589,12
33.9436,0.0577906,-0.358821,-0.00628319,0.167759,-0.365949,0.000859094,0.0039528,12
33.9476,0.0562386,-0.35714,-0.00628319,0.157018,-0.397464,0.000296644,0.00395219,9
33.9516,0.0549823,-0.358821,-0.00628319,0.140102,-0.455651,0.000408192,0.00393551,12
33.9556,0.0535043,-0.360501,-0.00628319,0.12956,-0.495058,0.000277588,0.00395381,12
33.9596,0.0521741,-0.355459,-0.00628319,0.126794,-0.493333,0.000501105,0.00396546,15
33.9636,0.0506222,-0.358821,-0.00314159,0.122058,-0.482206,0.000422398,0.00392254,12
33.9676,0.0491441,-0.436691,-0.00314159,0.116614,-0.702395,0.000283329,0.00395754,12
33.9716,0.0478139,-0.362182,-0.00314159,0.12273,-0.494954,0.000157624,0.00397359,12
33.9756,0.0464098,-0.362182,-0.00314159,0.141529,-0.441207,0.000181108,0.00398161,15
33.9796,0.0450057,-0.362182,-0.00314159,0.15323,-0.408908,0.000126796,0.00398333,12
33.9836,0.0436016,-0.368344,-0.00314159,0.170663,-0.375153,0.000116928,0.00398558,12
33.9876,0.0421236,-0.35714,-0.00314159,0.173629,-0.340562,0.00042833,0.00398585,15
33.9916,0.0405716,-0.364983,-0.00314159,0.174396,-0.361821,0.000116728,0.00398538,12
33.9956,0.0392414,-0.358821,-0,0.161818,-0.349389,0.000130644,0.00398371,12
33.9996,0.0378373,-0.362182,-0,0.157214,-0.375017,0.000449629,0.00397861,15
34.0036,0.0362854,-0.35714,-0,0.160866,-0.354381,0.000115776,0.00398621,12
34.0076,0.0349552,-0.355459,-0,0.152013,-0.379707,0.000124793,0.00398412,12
34.0116,0.033551,-0.353779,-0,0.142364,-0.407601,0.000386431,0.00398613,15
34.0156,0.032073,-0.35714,-0,0.132198,-0.450199,0.000118842,0.00398487,12
34.0196,0.0307428,-0.352098,-0,0.122357,-0.469856,0.000118942,0.0039864,12
34.0236,0.0293387,-0.352098,-0,0.114242,-0.497438,0.000324034,0.00398582,15
34.0276,0.0278607,-0.358821,-0,0.109817,-0.531345,0.00011765,0.00398495,12
34.0316,0.0265304,-0.355459,-0,0.111603,-0.520191,0.000117489,0.00398417,12
34.0356,0.0250524,-0.362182,0.00314159,0.0889544,-0.571691,0.000322893,0.00398594,18
34.0396,0.0235744,-0.35714,0.00314159,0.0754612,-0.602707,0.000116427,0.0039857,14
34.0436,0.0222442,-0.350417,0.00314159,0.0715441,-0.600134,0.000119493,0.00398602,14
34.0476,0.0208401,-0.352098,0.00314159,0.0781843,-0.587456,0.000668428,0.00398527,17
34.0516,0.0192143,-0.350417,0.00314159,0.0751818,-0.595746,0.000207107,0.00398613,13
34.0556,0.0180318,-0.350417,0.00314159,0.0746655,-0.599884,0.000118882,0.00398586,14
34.0596,0.0166277,-0.348737,0.00314159,0.0771964,-0.590969,0.000122369,0.00398624,14
34.0636,0.0152236,-0.35714,0.00314159,0.0837554,-0.595847,0.000528857,0.00398658,17
34.0676,0.0136717,-0.352098,0.00628319,0.0837554,-0.548771,0.000132077,0.00398526,14
34.0716,0.0124154,-0.355459,0.00628319,0.0771964,-0.579987,0.000118552,0.00398469,14
34.0756,0.0109373,-0.355459,0.00628319,0.0746655,-0.590857,0.000128971,0.0039865,14
34.0796,0.00953323,-0.358821,0.00942478,0.0631928,-0.599767,0.000440442,0.00398644,20
34.0836,0.00798131,-0.362182,0.00942478,0.0621372,-0.614995,0.000151082,0.0039863,14
34.0876,0.00665109,-0.362182,0.00942478,0.0696765,-0.595112,0.0001287,0.00398656,14
34.0916,0.00517307,-0.368344,0.00942478,0.0845492,-0.569257,0.000119142,0.00398555,14
34.0956,0.00376895,-0.366664,0.00942478,0.106054,-0.503002,0.000324366,0.00398579,20
34.0996,0.00221703,-0.364983,0.0125664,0.122063,-0.416204,0.000120706,0.00398481,14
34.1036,0.00081291,-0.373386,0.0125664,0.131173,-0.413372,0.000132667,0.00398618,14
34.1076,-0.000665108,-0.375067,0.0125664,0.142711,-0.386056,0.000679058,0.00398645,17
34.1116,-0.00236483,-0.376748,0.0125664,0.154573,-0.358241,0.000233446,0.00398617,13
34.1156,-0.00369505,-0.414283,0.0125664,0.165219,-0.425622,0.00011783,0.00398563,14
34.1196,-0.00509917,-0.363863,0.0125664,0.173666,-0.273328,0.00011816,0.00398634,14
34.1236,-0.00650328,-0.358821,0.0125664,0.179494,-0.245793,0.000564153,0.00398675,17
34.1276,-0.00812911,-0.353779,0.0125664,0.182843,-0.226232,0.000114844,0.00398628,14
34.1316,-0.00938542,-0.348737,0.0125664,0.184415,-0.211238,0.00013367,0.00398667,14
34.1356,-0.0107156,-0.347056,0.015708,0.173482,-0.205374,0.000116708,0.00398625,14
34.1396,-0.0121198,-0.340894,0.015708,0.171785,-0.197694,0.000470688,0.00398542,17
34.1436,-0.0135978,-0.337532,0.015708,0.158284,-0.233061,0.000116167,0.00398569,14
34.1476,-0.0147802,-0.335852,0.015708,0.144407,-0.273247,0.000151343,0.00397755,14
34.1516,-0.0161843,-0.334171,0.0188496,0.118165,-0.313806,0.00011756,0.00398605,14
34.1556,-0.0174406,-0.329129,0.0188496,0.100039,-0.35834,0.000352738,0.00398634,20
34.1596,-0.0188447,-0.33081,0.0188496,0.0894669,-0.397676,0.000125314,0.00398521,14
34.1636,-0.0201011,-0.326328,0.0188496,0.08659,-0.397569,0.000116087,0.00398633,14
34.1676,-0.0214313,-0.329129,0.0219912,0.0802601,-0.389334,0.000706549,0.00398567,17
34.1716,-0.0229093,-0.33081,0.0219912,0.0919388,-0.361591,0.000236411,0.00398462,13
34.1756,-0.0240917,-0.326328,0.0219912,0.100445,-0.326923,0.000122799,0.00398246,14
34.1796,-0.025348,-0.326328,0.0219912,0.117206,-0.279009,0.000131024,0.00398481,14
34.1836,-0.0266782,-0.328009,0.0219912,0.142364,-0.210212,0.000596753,0.00398595,17
34.1876,-0.0280824,-0.328009,0.0219912,0.155016,-0.175039,0.000117429,0.00398523,13
34.1916,-0.0291909,-0.312883,0.0219912,0.166731,-0.103103,0.000116227,0.00398652,14
34.1956,-0.0304472,-0.360501,0.0219912,0.17765,-0.195461,0.00011748,0.00398624,14
34.1996,-0.0317035,-0.303359,0.0219912,0.188474,-0.018354,0.000497018,0.0039868,17
34.2036,-0.0329598,-0.293275,0.0219912,0.200463,0.0411031,0.000122569,0.00398542,14
34.2076,-0.0340683,-0.288793,0.0219912,0.193698,0.0297832,0.000131445,0.00397679,14
34.2116,-0.0351769,-0.282071,0.0219912,0.180588,0.00506083,0.000129242,0.00398628,14
34.2156,-0.0362854,-0.275348,0.0219912,0.161975,-0.0362928,0.000416858,0.00398614,20
34.2196,-0.0374678,-0.270866,0.0219912,0.13912,-0.0963966,0.000130834,0.00398608,14
34.2236,-0.0384285,-0.272547,0.0219912,0.113706,-0.179621,0.000118001,0.00398629,14
34.2276,-0.0394631,-0.257421,0.0219912,0.087834,-0.221112,0.000116839,0.00398682,14
34.2316,-0.0404977,-0.257421,0.0219912,0.0640279,-0.295308,0.000325548,0.00398551,20
34.2356,-0.0416062,-0.257421,0.0219912,0.0452313,-0.354527,0.000130704,0.00398574,14
34.2396,-0.042567,-0.252939,0.0219912,0.0348083,-0.37658,0.000119022,0.00398626,14
34.2436,-0.0435277,-0.252939,0.0219912,0.0148014,-0.439134,0.000670962,0.00398649,17
34.2476,-0.0447101,-0.251259,0.0219912,-0.000557564,-0.483798,0.000225852,0.00398642,13
34.2516,-0.0455969,-0.247897,0.0219912,-0.00874557,-0.501821,0.000125394,0.00398409,14
34.2556,-0.0465576,-0.246217,0.0219912,-0.00695916,-0.494189,0.000115907,0.0039864,14
34.2596,-0.0475183,-0.247897,0.0219912,-0.0138566,-0.521455,0.000576927,0.00398614,17
34.2636,-0.0486268,-0.246217,0.0219912,-0.0160472,-0.526164,0.000116157,0.00398665,13
34.2676,-0.0494397,-0.240054,0.0219912,-0.011989,-0.499804,0.00012889,0.00398624,14
34.2716,-0.0504005,-0.246217,0.0219912,-0,-0.481536,0.000140603,0.00398276,14
34.2756,-0.0514351,-0.242855,0.0219912,-0,-0.475136,0.000540528,0.00398598,17
34.2796,-0.0524697,-0.242855,0.0219912,-0,-0.477392,0.000304909,0.00396207,14
34.2836,-0.0534304,-0.244536,0.0219912,-0,-0.483814,0.000120555,0.00398581,14
34.2876,-0.0543172,-0.247897,0.0219912,-0,-0.494403,0.000119964,0.00398569,14
34.2916,-0.0552779,-0.252939,0.0219912,-0,-0.50948,0.000434331,0.00398618,20
34.2956,-0.0563864,-0.241175,0.0219912,-0,-0.481603,0.000119283,0.00398316,14
34.2996,-0.0572733,-0.241175,0.0219912,-0,-0.483536,0.000126596,0.00398483,14
34.3036,-0.058234,-0.240054,0.0219912,-0,-0.482746,0.000117199,0.00398627,14
34.3076,-0.0591947,-0.239494,0.0219912,-0,-0.483398,0.000334424,0.00398493,20
34.3116,-0.0601554,-0.241175,0.0219912,-0,-0.48982,0.000141805,0.0039747,14
34.3156,-0.0611161,-0.236693,0.0219912,-0,-0.480374,0.00011787,0.00398571,14
34.3196,-0.0620029,-0.239494,0.0219912,-0,-0.48952,0.00071249,0.00398604,17
34.3236,-0.0631114,-0.236693,0.0219912,-0,-0.484724,0.00022533,0.00398336,13
34.3276,-0.0639243,-0.233332,0.0219912,-0,-0.477841,0.000122699,0.00398297,14
34.3316,-0.0648851,-0.241175,0.0219912,-0,-0.500131,0.000117068,0.00398593,14
34.3356,-0.0658458,-0.241175,0.0188496,0.011989,-0.503472,0.000601753,0.00398434,17
34.3396,-0.0668804,-0.235012,0.0188496,0.0160471,-0.477595,0.000185175,0.00397807,14
34.3436,-0.0676933,-0.235012,0.0188496,0.0138566,-0.485988,0.00014461,0.00398482,14
34.3476,-0.068654,-0.22997,0.0188496,0.00695913,-0.495943,0.000132217,0.0039702,14
34.3516,-0.0696147,-0.236693,0.0188496,-0.00324345,-0.54618,0.000469406,0.0039856,20
34.3556,-0.0705754,-0.235012,0.0188496,-0.0154896,-0.580954,0.000126997,0.00398317,14
34.3596,-0.0714622,-0.236693,0.0188496,-0.028658,-0.627009,0.000116658,0.00398578,14
34.3636,-0.072423,-0.236693,0.0188496,-0.0417675,-0.66872,0.000126326,0.00398434,14
34.3676,-0.0733098,-0.235012,0.0188496,-0.0539769,-0.703222,0.000324405,0.00396308,20
34.3716,-0.0743444,-0.247897,0.0188496,-0.0645855,-0.770715,0.000120295,0.00398315,14
34.3756,-0.0753051,-0.244536,0.0188496,-0.0730325,-0.789681,0.00012853,0.00398192,14
34.3796,-0.0762658,-0.249578,0.0188496,-0.0788975,-0.822482,0.000631299,0.00398595,17
34.3836,-0.0773743,-0.252939,0.0188496,-0.0819001,-0.842627,0.000143679,0.00398323,13
34.3876,-0.0782611,-0.257421,0.0188496,-0.0819001,-0.856101,0.000116678,0.00398548,14
34.3916,-0.0792957,-0.265824,0.0188496,-0.0788975,-0.870921,0.000127208,0.00397316,14
34.3956,-0.0804043,-0.269186,0.0188496,-0.0730325,-0.864269,0.000474015,0.00397968,20
34.3996,-0.0815867,-0.270866,0.0188496,-0.0645855,-0.845648,0.000116617,0.00398363,14
34.4036,-0.0825474,-0.272547,0.0188496,-0.0539769,-0.820011,0.000125554,0.00398401,14
34.4076,-0.0836559,-0.264144,0.0219912,-0.0537564,-0.762647,0.00011801,0.00398589,14
34.4116,-0.0846905,-0.274228,0.0219912,-0.0447052,-0.763515,0.000376703,0.00398366,20
34.4156,-0.0858729,-0.275348,0.0219912,-0.0293462,-0.722564,0.000217276,0.00398364,14
34.4196,-0.0869814,-0.275348,0.0219912,-0.0102026,-0.667129,0.000124582,0.00398423,14
34.4236,-0.0880161,-0.278709,0.0219912,0.0102026,-0.616376,0.000757805,0.00398172,14
34.4276,-0.0893463,-0.28039,0.0251327,0.0173572,-0.564506,0.000302254,0.00398363,13
34.4316,-0.0903809,-0.283751,0.0251327,0.028658,-0.541267,0.000127769,0.00398276,14
34.4356,-0.0914894,-0.298317,0.0251327,0.0398998,-0.547217,0.000117459,0.00398588,14
34.4396,-0.0926718,-0.293275,0.0251327,0.0470178,-0.515301,0.000673978,0.00398453,17
34.4436,-0.094002,-0.292155,0.0251327,0.0678289,-0.452426,0.000172943,0.00397774,13
34.4476,-0.0950366,-0.30504,0.0251327,0.0885221,-0.425325,0.00011832,0.00398552,14
34.4516,-0.0961452,-0.293275,0.0251327,0.107556,-0.339931,0.000125865,0.00398437,14
34.4556,-0.0973276,-0.293275,0.0282743,0.111679,-0.292572,0.000593718,0.0039858,17
34.4596,-0.0986578,-0.292155,0.0282743,0.11983,-0.267954,0.000126466,0.00398314,14
34.4636,-0.0996185,-0.290474,0.0282743,0.129626,-0.236116,0.000119202,0.00398547,14
34.4676,-0.100801,-0.288793,0.0282743,0.139106,-0.205719,0.000129181,0.00398406,14
34.4716,-0.101909,-0.282071,0.0314159,0.134737,-0.16655,0.000503811,0.00398103,17
34.4756,-0.103092,-0.272547,0.0314159,0.135319,-0.142846,0.000142476,0.00398493,14
34.4796,-0.104126,-0.270866,0.0314159,0.138469,-0.131256,0.000126245,0.0039846,14
34.4836,-0.105161,-0.267505,0.0345575,0.130375,-0.11184,0.000117219,0.00398637,14
34.4876,-0.106196,-0.264144,0.0345575,0.129695,-0.107494,0.000440282,0.0039834,20
34.4916,-0.107378,-0.262463,0.0345575,0.134047,-0.0925923,0.000118201,0.0039834,14
34.4956,-0.108265,-0.257421,0.0345575,0.141749,-0.0582685,0.000125885,0.00398449,14
34.4996,-0.1093,-0.244536,0.0345575,0.151819,0.003086,0.000165439,0.00397782,14
34.5036,-0.11026,-0.238374,0.0345575,0.163977,0.0536011,0.000577367,0.00395204,20
34.5076,-0.111369,-0.241175,0.0376991,0.166655,0.0895405,0.000371994,0.0039547,14
34.5117,-0.112256,-0.233332,0.0376991,0.180894,0.150831,0.000359662,0.00395668,14
34.5156,-0.113142,-0.22829,0.0376991,0.185091,0.174565,0.000739159,0.00398495,17
34.5196,-0.114103,-0.212043,0.0376991,0.190255,0.22991,0.000258292,0.00398183,13
34.5236,-0.114842,-0.210363,0.0376991,0.196106,0.250306,0.000120746,0.00398285,14
34.5276,-0.115655,-0.202519,0.0376991,0.203063,0.289755,0.000122759,0.00398551,14
34.5317,-0.116394,-0.194116,0.0376991,0.212249,0.33754,0.000664911,0.00398624,17
34.5356,-0.117281,-0.187394,0.0376991,0.203743,0.327213,0.000171921,0.00398225,13
34.5396,-0.117872,-0.182912,0.0376991,0.190095,0.296221,0.000144901,0.00398519,14
34.5436,-0.118611,-0.166665,0.0376991,0.172426,0.28305,0.00012291,0.00397442,14
34.5476,-0.119202,-0.156581,0.0376991,0.15242,0.247267,0.000586475,0.00398584,17
34.5517,-0.119867,-0.142016,0.0376991,0.132317,0.222573,0.000124212,0.00398204,14
34.5556,-0.120385,-0.142016,0.0376991,0.114922,0.168879,0.000124813,0.0039847,14
34.5597,-0.120902,-0.130811,0.0376991,0.103599,0.162384,0.000120676,0.00398576,14
34.5636,-0.121419,-0.12745,0.0376991,0.0805304,0.100199,0.000515292,0.00398589,17
34.5676,-0.12201,-0.112884,0.0376991,0.0602287,0.0750652,0.000122268,0.00398249,14
34.5717,-0.12238,-0.112884,0.0345575,0.0576263,0.0289184,0.000124682,0.00398466,14
34.5756,-0.122823,-0.104481,0.0345575,0.0561675,0.0451814,0.000122599,0.00398556,14
34.5797,-0.123193,-0.0977584,0.0345575,0.0395769,0.0115502,0.00044489,0.00398417,20
34.5836,-0.123636,-0.0899153,0.0345575,0.0236281,-0.0174175,0.000134291,0.00398108,14
34.5877,-0.123932,-0.0848733,0.0345575,0.0122462,-0.0394748,0.000119874,0.00398572,14
34.5917,-0.124301,-0.0787109,0.0314159,-0.000257231,-0.0996741,0.000122288,0.00398569,14
34.5956,-0.124597,-0.0703076,0.0314159,-0.0195699,-0.137043,0.000358118,0.00398576,20
34.5997,-0.124893,-0.0703076,0.0282743,-0.0297784,-0.206014,0.000124413,0.00398218,14
34.6036,-0.125114,-0.0574225,0.0282743,-0.0470178,-0.225415,0.000168725,0.00398518,14
34.6077,-0.125336,-0.0540612,0.0282743,-0.0659612,-0.27449,0.000740372,0.00398603,14
34.6117,-0.125632,-0.0540612,0.0251327,-0.0695739,-0.323528,0.000293017,0.00398099,13
34.6157,-0.125779,-0.0523805,0.0251327,-0.0947518,-0.395609,0.000121236,0.00398267,14
34.6197,-0.126001,-0.0456579,0.0251327,-0.125301,-0.471099,0.000124973,0.00398463,14
34.6236,-0.126149,-0.0428568,0.0251327,-0.157576,-0.561744,0.000662577,0.00398612,17
34.6277,-0.126371,-0.0428568,0.0251327,-0.188494,-0.65566,0.000200194,0.00398154,13
34.6317,-0.126518,-0.0506999,0.0219912,-0.203543,-0.759131,0.000122679,0.00398244,14
34.6357,-0.12674,-0.0574225,0.0219912,-0.220679,-0.828712,0.000119483,0.00398559,14
34.6397,-0.126962,-0.0574225,0.0219912,-0.23682,-0.877973,0.000599649,0.00398576,17
34.6437,-0.127184,-0.0607838,0.0219912,-0.249583,-0.925679,0.000122508,0.00398278,14
34.6477,-0.127405,-0.0607838,0.0188496,-0.245295,-0.950683,0.00012355,0.00398503,14
34.6517,-0.127627,-0.0652656,0.0188496,-0.242897,-0.955459,0.000118251,0.00398603,14
34.6557,-0.127923,-0.0686269,0.015708,-0.228436,-0.958535,0.000510743,0.00398641,17
34.6597,-0.128218,-0.0736689,0.015708,-0.220711,-0.948818,0.000123931,0.00398175,14
34.6637,-0.128514,-0.0770302,0.015708,-0.21776,-0.949199,0.000119553,0.0039856,14
34.6677,-0.128809,-0.0831926,0.015708,-0.218601,-0.968253,0.000122439,0.00398542,14
34.6717,-0.129105,-0.0848733,0.0125664,-0.211245,-0.988473,0.000429552,0.0039864,20
34.6757,-0.129474,-0.0882346,0.0125664,-0.216594,-1.0141,0.000136695,0.00397765,14
34.6797,-0.129844,-0.0932766,0.0125664,-0.213186,-1.01759,0.00012859,0.0039845,14
34.6837,-0.130213,-0.10112,0.0125664,-0.212448,-1.03636,0.000824218,0.00398563,14
34.6877,-0.130657,-0.10112,0.0125664,-0.214802,-1.04444,0.000272899,0.00398192,13
34.6917,-0.131026,-0.112884,0.0125664,-0.221649,-1.09623,0.000122018,0.00398261,14
34.6957,-0.13147,-0.119047,0.0125664,-0.235372,-1.15453,0.000124262,0.00398477,14
34.6997,-0.131987,-0.12745,0.0125664,-0.237594,-1.18401,0.000630086,0.00398609,17
34.7037,-0.132578,-0.12745,0.0125664,-0.242685,-1.20069,0.000132327,0.00398159,13
34.7077,-0.133022,-0.138654,0.0125664,-0.232129,-1.1986,0.00012309,0.00398493,14
34.7117,-0.133613,-0.148738,0.0125664,-0.220016,-1.18925,0.000119092,0.00398576,14
34.7157,-0.134204,-0.158262,0.0125664,-0.20915,-1.18223,0.000529278,0.00398558,17
34.7197,-0.134943,-0.164985,0.0125664,-0.181294,-1.11697,0.000122098,0.0039826,14
34.7237,-0.135534,-0.168346,0.0125664,-0.150678,-1.0344,0.000124943,0.0039841,14
34.7277,-0.136052,-0.0266104,0.0125664,-0.120107,-0.578177,0.000120314,0.00398604,14
34.7317,-0.136938,-0.17787,0.0125664,-0.092945,-0.887512,0.0004019,0.00398561,20
34.7357,-0.137677,-0.174508,0.0125664,-0.0731159,-0.820545,0.000145812,0.00398229,14
34.7397,-0.138343,-0.172828,0.0125664,-0.0433637,-0.727757,0.000124041,0.00397541,14
34.7437,-0.139008,-0.182912,0.015708,-0.0307501,-0.679578,0.0001231,0.00398465,14
34.7477,-0.139747,-0.182912,0.015708,-0.0188596,-0.645257,0.0003056,0.00398601,20
34.7517,-0.140486,-0.17787,0.0188496,-0.025288,-0.615835,0.000125174,0.003982,14
34.7557,-0.141225,-0.17787,0.0188496,-0.0142607,-0.584122,0.000120465,0.00398531,14
34.7597,-0.141964,-0.186273,0.0188496,-0.00365404,-0.575318,0.000644363,0.00398548,17
34.7637,-0.142777,-0.186273,0.0219912,0.010398,-0.497149,0.000204311,0.00398203,13
34.7677,-0.143442,-0.190755,0.0219912,0.0319014,-0.445157,0.00012319,0.00398251,14
34.7717,-0.144181,-0.187394,0.0219912,0.0553894,-0.367133,0.000123481,0.00398433,14
34.7757,-0.144994,-0.189074,0.0219912,0.0756757,-0.311928,0.000572088,0.0039864,17
34.7797,-0.145807,-0.192435,0.0219912,0.109596,-0.219849,0.000123921,0.00398227,14
34.7837,-0.146472,-0.187394,0.0251327,0.13051,-0.107639,0.000121176,0.0039852,14
34.7877,-0.147211,-0.189074,0.0251327,0.156094,-0.0362638,0.000121868,0.00398546,14
34.7917,-0.14795,-0.186273,0.0251327,0.182843,0.0501741,0.000485687,0.00398541,20
34.7957,-0.148689,-0.174508,0.0251327,0.207815,0.15432,0.000123991,0.00398257,14
34.7997,-0.149354,-0.164985,0.0251327,0.228627,0.240284,0.000146814,0.00398518,14
34.8037,-0.150019,-0.163304,0.0251327,0.243455,0.287972,0.000119824,0.00398607,14
34.8077,-0.15061,-0.15322,0.0251327,0.251039,0.335567,0.000386942,0.00398532,20
34.8117,-0.151201,-0.145377,0.0282743,0.238688,0.354627,0.000126065,0.00398217,14
34.8157,-0.151719,-0.136974,0.0282743,0.226183,0.337347,0.000122278,0.00398521,14
34.8197,-0.152236,-0.132492,0.0282743,0.212261,0.30569,0.000122218,0.00398598,14
34.8237,-0.152753,-0.124089,0.0282743,0.196363,0.278156,0.000318725,0.00398596,20
34.8277,-0.153197,-0.104481,0.0282743,0.178628,0.274083,0.000127057,0.00398113,14
34.8317,-0.153566,-0.10112,0.0282743,0.159897,0.225329,0.000121908,0.00398535,14
34.8357,-0.15401,-0.0915959,0.0282743,0.141712,0.193932,0.000710015,0.00398531,17
34.8397,-0.154379,-0.0848733,0.0282743,0.126317,0.163912,0.000236381,0.00398179,13
34.8437,-0.154675,-0.0753496,0.0282743,0.116653,0.158589,0.000121137,0.00398254,14
34.8477,-0.154896,-0.0703076,0.0282743,0.116367,0.170223,0.000121287,0.00398531,14
34.8517,-0.155192,-0.0574225,0.0282743,0.108061,0.177657,0.000614898,0.00398273,17
34.8557,-0.155414,-0.0557419,0.0282743,0.106808,0.177715,0.000122979,0.00398273,14
34.8597,-0.155562,-0.0428568,0.0282743,0.0945109,0.173409,0.000119373,0.0039857,14
34.8637,-0.155709,-0.0411762,0.0282743,0.0854007,0.149883,0.000145642,0.00398535,14
34.8677,-0.155857,-0.0277309,0.0251327,0.0941299,0.173084,0.000561618,0.00398581,17
34.8717,-0.155931,-0.0198878,0.0251327,0.0821205,0.156827,0.000123841,0.00398207,14
34.8757,-0.156005,-0.0148458,0.0251327,0.0645854,0.116658,0.000124002,0.00398477,14
34.8797,-0.156005,-0.00196077,0.0251327,0.0448888,0.0903143,0.000121577,0.00398567,14
34.8837,-0.156005,0.00308121,0.0251327,0.026535,0.0478326,0.000457424,0.00398595,20
34.8877,-0.156005,0.00140055,0.0251327,0.0131685,0.00311174,0.000122659,0.00398218,14
34.8917,-0.156005,-0.00196077,0.0251327,-0.0131684,-0.0851326,0.000119634,0.00398587,14
34.8957,-0.156005,-0.00196077,0.0219912,-0.026535,-0.163002,0.000122248,0.00398567,14
34.8997,-0.156005,-0.00700275,0.0219912,-0.0448889,-0.23145,0.000368267,0.00398416,20
34.9037,-0.156005,-0.00028011,0.0219912,-0.0645855,-0.273662,0.000131696,0.00397966,14
34.9077,-0.156005,-0.00700275,0.0219912,-0.0821205,-0.343963,0.000121266,0.00398531,14
34.9117,-0.156005,0.00140055,0.0219912,-0.0941299,-0.358617,0.000817796,0.00398487,17
34.9157,-0.156005,-0.00532209,0.0188496,-0.0854006,-0.387024,0.000295361,0.00398219,13
34.9197,-0.156005,0.00140055,0.0188496,-0.0945109,-0.397245,0.000124993,0.00398151,14
34.9237,-0.156005,-0.00196077,0.0188496,-0.106808,-0.443062,0.000121237,0.00398555,14
34.9277,-0.156005,-0.00196077,0.015708,-0.108061,-0.484325,0.000645946,0.00398415,17
34.9317,-0.156005,-0.00196077,0.015708,-0.116367,-0.509425,0.000163615,0.00397896,13
34.9357,-0.156005,-0.00028011,0.015708,-0.128642,-0.542193,0.000130554,0.00397348,14
34.9397,-0.156005,-0.00196077,0.015708,-0.142364,-0.587986,0.000136845,0.00398119,14
34.9437,-0.156079,-0.00700275,0.015708,-0.155569,-0.641036,0.000512647,0.0039861,17
34.9477,-0.156079,-0.00196077,0.015708,-0.166856,-0.662163,0.000125093,0.00398159,14
34.9517,-0.156079,0.00308121,0.0125664,-0.163395,-0.676198,0.000123149,0.00398446,14
34.9557,-0.156079,0.00308121,0.0125664,-0.164826,-0.680522,0.000120404,0.00398605,14
34.9597,-0.156079,-0.00364143,0.0125664,-0.169747,-0.712702,0.000398263,0.00398597,20
34.9637,-0.156079,0.00140055,0.0125664,-0.177456,-0.723017,0.000137496,0.00398241,14
34.9677,-0.156079,-0.00196077,0.0125664,-0.187955,-0.763398,0.00012311,0.00398532,14
34.9717,-0.156079,-0.00364143,0.0125664,-0.201943,-0.809997,0.000820842,0.00398498,14
34.9757,-0.156079,-0.00700275,0.0125664,-0.19908,-0.810002,0.000280143,0.00398209,13
34.9797,-0.156153,-0.0148458,0.0125664,-0.191496,-0.807441,0.000125234,0.00398223,14
34.9837,-0.156227,-0.0148458,0.00942478,-0.167903,-0.77378,0.000119914,0.00398564,14
34.9877,-0.156301,-0.0198878,0.00942478,-0.149482,-0.731255,0.000656465,0.00398559,17
34.9917,-0.156374,-0.0266104,0.00942478,-0.136372,-0.709111,0.000155961,0.00398287,13
34.9957,-0.156522,-0.0294115,0.00942478,-0.129416,-0.695624,0.000146654,0.00398503,14
34.9997,-0.156596,-0.0310922,0.00942478,-0.130154,-0.702344,0.000123461,0.00398545,14
35.0037,-0.156744,-0.0327729,0.00942478,-0.119089,-0.673553,0.000536371,0.00398604,17
35.0077,-0.156892,-0.0310922,0.00942478,-0.109189,-0.63963,0.000125915,0.00398179,14
35.0117,-0.156966,-0.0327729,0.00942478,-0.101996,-0.622384,0.000120445,0.00398548,14
35.0157,-0.157113,-0.0378148,0.00942478,-0.0996142,-0.628491,0.00012314,0.00398511,14
35.0197,-0.157261,-0.0361342,0.00942478,-0.104706,-0.639872,0.000411779,0.00398573,20
35.0237,-0.157409,-0.0361342,0.00942478,-0.0987528,-0.622204,0.00012322,0.00398201,14
35.0277,-0.157557,-0.0445375,0.00942478,-0.0955665,-0.634536,0.00012313,0.00398534,14
35.0317,-0.157705,-0.0394955,0.00942478,-0.0973897,-0.627385,0.000120214,0.00398574,14
35.0357,-0.157926,-0.0506999,0.00942478,-0.0851435,-0.619712,0.000285062,0.00398567,20
35.0397,-0.158074,-0.0445375,0.00942478,-0.0719383,-0.56426,0.000122208,0.00398195,14
35.0437,-0.158222,-0.0490192,0.00942478,-0.0591759,-0.537555,0.000129823,0.00398241,14
35.0477,-0.158444,-0.0490192,0.00942478,-0.0485383,-0.505892,0.000644974,0.0039859,17
35.0517,-0.158665,-0.0490192,0.00942478,-0.0419879,-0.48658,0.000123811,0.00398228,13
35.0557,-0.158813,-0.0473386,0.00942478,-0.0417675,-0.481909,0.000121337,0.00398531,14
35.0597,-0.158961,-0.0456579,0.00942478,-0.028658,-0.438287,0.000143047,0.00398596,14
35.0637,-0.159183,-0.0473386,0.00942478,-0.0154896,-0.403304,0.000515683,0.00398577,17
35.0677,-0.15933,-0.0473386,0.00942478,-0.00324342,-0.366618,0.00012336,0.00398193,14
35.0717,-0.159552,-0.0394955,0.00942478,0.00695915,-0.316074,0.000122569,0.00398528,14
35.0757,-0.1597,-0.0394955,0.00942478,0.0138566,-0.295553,0.000124613,0.00398311,14
35.0797,-0.159848,-0.0394955,0.00942478,0.0160472,-0.289255,0.000397693,0.00398583,20
35.0837,-0.159996,-0.0361342,0.00942478,0.011989,-0.293186,0.000125905,0.00398214,14
35.0877,-0.160143,-0.0378148,0.00942478,-0,-0.334066,0.000125785,0.00398556,14
35.0917,-0.160217,-0.0294115,0.00942478,-0,-0.312589,0.000815953,0.00398501,14
35.0957,-0.160365,-0.0249298,0.00942478,-0,-0.301371,0.000243204,0.00396951,13
35.0997,-0.160439,-0.0277309,0.00942478,-0,-0.308745,0.000126667,0.00398224,14
35.1037,-0.160587,-0.0165265,0.00942478,-0,-0.280216,0.000126025,0.00398476,14
35.1077,-0.160661,-0.0249298,0.00942478,-0,-0.302015,0.000618284,0.00398577,17
35.1117,-0.160735,-0.0198878,0.00942478,-0,-0.289193,0.000129531,0.00397978,14
35.1157,-0.160809,-0.0165265,0.00942478,-0,-0.280699,0.000122639,0.00398507,14
35.1197,-0.160882,-0.0165265,0.00942478,-0,-0.28086,0.000124622,0.00398526,14
35.1237,-0.160882,-0.00868341,0.00942478,-0,-0.260665,0.000522205,0.00398555,17
35.1277,-0.160956,-0.00868341,0.00942478,-0,-0.260826,0.000128119,0.0039819,14
35.1317,-0.160956,-0.00028011,0.00942478,-0,-0.239188,0.000125364,0.003976,14
35.1357,-0.160956,-0.00196077,0.00942478,-0,-0.243516,0.00012357,0.00398545,14
35.1397,-0.160956,-0.00028011,0.00942478,-0,-0.239188,0.000380711,0.00398519,20
35.1437,-0.160956,0.00476187,0.00942478,-0,-0.226205,0.000125384,0.00398186,14
35.1477,-0.160956,-0.00196077,0.00942478,-0,-0.243516,0.000124923,0.00398448,14
35.1517,-0.160956,-0.00028011,0.00942478,-0,-0.239188,0.000726777,0.00398577,17
35.1557,-0.160956,0.00476187,0.00628319,0.011989,-0.227451,0.00026794,0.00398213,13
35.1597,-0.160956,0.00140055,0.00628319,0.0160472,-0.223843,0.000126886,0.00398082,14
35.1637,-0.160956,0.00140055,0.00628319,0.0138566,-0.230463,0.000121207,0.00398526,14
35.1677,-0.160956,-0.00028011,0.00628319,0.00695919,-0.255634,0.00062684,0.00398533,17
35.1717,-0.160956,0.00140055,0.00628319,-0.0032434,-0.282138,0.000122759,0.00398213,14
35.1757,-0.160956,-0.00028011,0.00628319,-0.0154896,-0.323474,0.000131826,0.00398149,14
35.1797,-0.160956,-0.00028011,0.00628319,-0.028658,-0.363268,0.000124412,0.00398344,14
35.1837,-0.160956,0.00308121,0.00628319,-0.0417674,-0.394229,0.000496437,0.00398565,17
35.1877,-0.160956,-0.00028011,0.00628319,-0.0539769,-0.439781,0.00015544,0.00398026,14
35.1917,-0.160956,0.00140055,0.00314159,-0.0525965,-0.468758,0.000121216,0.00398569,14
35.1957,-0.160956,0.00476187,0.00314159,-0.0569854,-0.473366,0.00012342,0.00398528,14
35.1997,-0.160956,-0.00196077,0.00314159,-0.0650409,-0.51502,0.000372285,0.00398605,20
35.2037,-0.160956,-0.00028011,0.00314159,-0.0749409,-0.54061,0.000124963,0.00398245,14
35.2077,-0.160956,-0.00028011,0.00314159,-0.0851435,-0.571442,0.000122378,0.00398525,14
35.2117,-0.160956,0.00140055,0.00314159,-0.0943871,-0.595048,0.000715055,0.00398349,17
35.2157,-0.160956,-0.00196077,0.00314159,-0.101691,-0.625774,0.000232945,0.00398262,13
35.2197,-0.160956,-0.00028011,0.00314159,-0.106353,-0.635536,0.000425815,0.00394101,14
35.2237,-0.160956,-0.00364143,0.00314159,-0.107954,-0.649029,0.000123391,0.00398491,14
35.2277,-0.160956,-0.00364143,0.00314159,-0.106353,-0.644191,0.000574172,0.00398595,17
35.2317,-0.16103,-0.0114845,0.00314159,-0.101691,-0.650458,0.000121888,0.00398161,14
35.2357,-0.16103,-0.00532209,0.00314159,-0.0943871,-0.61252,0.000124723,0.00397803,14
35.2397,-0.161104,-0.00868341,0.00314159,-0.0851435,-0.593402,0.000119944,0.0039856,14
35.2437,-0.161104,-0.00980385,0.00314159,-0.0749409,-0.565455,0.000439781,0.00398515,20
35.2477,-0.161178,-0.00532209,0.00314159,-0.0650409,-0.524159,0.000124202,0.00398247,14
35.2517,-0.161178,-0.00532209,0.00314159,-0.0569854,-0.499815,0.000136625,0.00398114,14
35.2557,-0.161252,-0.0114845,0.00314159,-0.0525965,-0.502581,0.000157333,0.00398573,14
35.2597,-0.161252,-0.0114845,0.00314159,-0.0539769,-0.506753,0.000306662,0.0039859,20
35.2637,-0.161252,-0.00532209,0.00314159,-0.0417675,-0.453988,0.000124362,0.00398246,14
35.2677,-0.161326,-0.00868341,0.00314159,-0.028658,-0.423188,0.000119934,0.0039843,14
35.2717,-0.161326,-0.00532209,0.00314159,-0.0154896,-0.374739,0.000643681,0.00398194,17
35.2757,-0.161326,-0.00196077,0.00314159,-0.00324342,-0.329076,0.00014471,0.00398229,13
35.2797,-0.1614,-0.00700275,0.00314159,0.00695917,-0.311388,0.000121276,0.00398519,14
35.2837,-0.161326,0.00308121,0.00314159,0.0138566,-0.264417,0.000124011,0.00398509,14
35.2877,-0.1614,-0.00364143,0.00314159,0.0160472,-0.275269,0.000505002,0.00398534,17
35.2917,-0.161326,-0.00196077,0.00314159,0.011989,-0.283044,0.000125975,0.00398145,14
35.2957,-0.161326,-0.00196077,0.00314159,-0,-0.319274,0.000125264,0.00398551,14
35.2997,-0.161326,-0.00196077,0.00314159,-0,-0.319274,0.000125754,0.00398424,14
35.3037,-0.161326,0.00140055,0.00314159,-0,-0.310619,0.000386051,0.00398524,20
35.3077,-0.161326,0.00140055,0.00314159,-0,-0.310619,0.000125464,0.00398183,14
35.3117,-0.161326,-0.00364143,0.00314159,-0,-0.323602,0.000126076,0.00398501,14
35.3157,-0.161326,0.00476187,0.00314159,-0,-0.301964,0.000698714,0.00398585,17
35.3197,-0.161326,0.00308121,0.00314159,-0,-0.306291,0.000252471,0.00398197,13
35.3237,-0.1614,-0.00028011,0.00314159,-0,-0.315108,0.000127598,0.00397369,14
35.3277,-0.1614,-0.00196077,0.00314159,-0,-0.319435,0.000123661,0.00398475,14
35.3317,-0.161326,-0.00028011,0.00314159,-0,-0.314947,0.000572859,0.00398542,17
35.3357,-0.1614,-0.00364143,0.00314159,-0,-0.323763,0.000126155,0.00398175,14
35.3397,-0.161326,0.00140055,0.00314159,-0,-0.310619,0.000125655,0.00398517,14
35.3437,-0.161326,0.00140055,0.00314159,-0,-0.310619,0.00012279,0.0039858,14
35.3477,-0.161326,0.00140055,0.00314159,-0,-0.310619,0.00043952,0.00398527,20
35.3517,-0.161326,-0.00028011,0.00314159,-0,-0.314947,0.000124493,0.0039824,14
35.3557,-0.161326,0.00308121,0.00314159,-0,-0.306291,0.000126085,0.00398447,14
35.3597,-0.161326,-0.00196077,0.00314159,-0,-0.319274,0.000124082,0.0039857,14
35.3637,-0.161326,0.00140055,0.00314159,-0,-0.310619,0.000298918,0.00398557,20
35.3677,-0.161326,-0.00028011,0.00314159,-0,-0.314947,0.000141204,0.00397624,14
35.3717,-0.161326,0.00308121,0.00314159,-0,-0.306291,0.000121326,0.00398514,14
35.3757,-0.161326,-0.00364143,0.00314159,-0,-0.323602,0.000643802,0.00398534,17
35.3797,-0.161326,0.00140055,0.00314159,-0,-0.310619,0.000124362,0.00398223,13
35.3837,-0.161326,0.00140055,0.00314159,-0,-0.310619,0.000152935,0.00398537,14
35.3877,-0.161326,0.00140055,0.00314159,-0,-0.310619,0.000124091,0.00398556,14
35.3917,-0.1614,-0.00364143,0.00314159,-0,-0.323763,0.000506666,0.00398484,17
35.3957,-0.1614,-0.00364143,0.00314159,-0,-0.323763,0.000128309,0.00398131,14
35.3997,-0.161326,-0.00196077,0.00314159,-0,-0.319274,0.000122689,0.00398507,14
35.4037,-0.161326,-0.00196077,0.00314159,-0,-0.319274,0.000123631,0.00398563,14
35.4077,-0.1614,-0.00532209,0.00314159,-0,-0.328091,0.000364701,0.00398564,20
35.4117,-0.161326,-0.00028011,0.00314159,-0,-0.314947,0.000125374,0.00398213,14
35.4157,-0.161326,0.00644253,0.00314159,-0,-0.297636,0.000124523,0.00398501,14
35.4197,-0.161326,-0.00028011,0.00314159,-0,-0.314947,0.000694427,0.00398545,17
35.4237,-0.161326,0.00308121,0.00314159,-0,-0.306291,0.000222746,0.00398118,13
35.4277,-0.161326,0.00140055,0.00314159,-0,-0.310619,0.000126095,0.00398189,14
35.4317,-0.1614,-0.00364143,0.00314159,-0,-0.323763,0.000123901,0.00398505,14
35.4357,-0.161326,0.00140055,0.00314159,-0,-0.310619,0.000560957,0.00398555,17
35.4397,-0.1614,-0.00028011,0.00314159,-0,-0.315108,0.00012856,0.00398087,14
35.4437,-0.161326,-0.00028011,0.00314159,-0,-0.314947,0.000126135,0.00398534,14
35.4477,-0.1614,-0.00196077,0.00314159,-0,-0.319435,0.000148217,0.00398571,14
35.4517,-0.161326,0.00140055,0.00314159,-0,-0.310619,0.000419513,0.00398571,20
35.4557,-0.161326,-0.00028011,0.00314159,-0,-0.314947,0.000126446,0.00398166,14
35.4597,-0.161326,-0.00196077,0.00314159,-0,-0.319274,0.000129752,0.00398389,14
35.4637,-0.1614,-0.00196077,0.00314159,-0,-0.319435,0.00079829,0.00398572,14
35.4677,-0.161326,-0.00028011,0.00314159,-0,-0.314947,0.000288047,0.00398149,13
35.4717,-0.1614,-0.00364143,0.00314159,-0,-0.323763,0.000124803,0.00398229,14
35.4757,-0.1614,-0.00364143,0.00314159,-0,-0.323763,0.000124282,0.00398485,14
35.4797,-0.161326,-0.00028011,0.00314159,-0,-0.314947,0.000622913,0.00398573,17
35.4837,-0.1614,-0.00196077,0.00314159,-0,-0.319435,0.000125464,0.0039817,14
35.4877,-0.161326,0.00308121,0.00314159,-0,-0.306291,0.0001237,0.00398492,14
35.4917,-0.1614,-0.00532209,0.00314159,-0,-0.328091,0.000122037,0.00398596,14
35.4957,-0.161326,0.00308121,0.00314159,-0,-0.306291,0.000482972,0.00398572,20
35.4997,-0.161326,-0.00028011,0.00314159,-0,-0.314947,0.000126466,0.00398148,14
35.5037,-0.161326,0.00308121,0.00314159,-0,-0.306291,0.000129101,0.00398321,14
35.5077,-0.161326,-0.00196077,0.00314159,-0,-0.319274,0.000129271,0.0039839,14
35.5117,-0.1614,-0.00364143,0.00314159,-0,-0.323763,0.000682203,0.00395616,20
35.5157,-0.161326,-0.00028011,0.00314159,-0,-0.314947,0.000132047,0.00398097,14
35.5197,-0.161326,-0.00028011,0.00314159,-0,-0.314947,0.000123331,0.00398524,14
35.5237,-0.161326,-0.00028011,0.00314159,-0,-0.314947,0.000684778,0.00398581,17
35.5277,-0.161326,-0.00196077,0.00314159,-0,-0.319274,0.000204151,0.00398219,13
35.5317,-0.161326,-0.00028011,0.00314159,-0,-0.314947,0.000127808,0.00397289,14
35.5357,-0.161326,-0.00028011,0.00314159,-0,-0.314947,0.000124602,0.00398474,14
35.5397,-0.1614,-0.00364143,0.00314159,-0,-0.323763,0.000542462,0.00398586,17
35.5437,-0.161326,0.00308121,0.00314159,-0,-0.306291,0.000127518,0.00398201,14
35.5477,-0.1614,-0.00028011,0.00314159,-0,-0.315108,0.000130403,0.00398543,14
35.5517,-0.161326,0.00140055,0.00628319,-0.011989,-0.309373,0.000119874,0.00398605,14
35.5557,-0.161326,-0.00196077,0.00628319,-0.0160472,-0.330292,0.000440172,0.00398446,20
35.5597,-0.161326,0.00140055,0.00628319,-0.0138566,-0.315017,0.000122759,0.00398254,14
35.5637,-0.1614,-0.00196077,0.00628319,-0.00695916,-0.302989,0.000121858,0.00398554,14
35.5677,-0.1614,-0.00196077,0.00628319,0.00324342,-0.272157,0.000118992,0.0039856,14
35.5717,-0.161326,0.00308121,0.00628319,0.0154896,-0.222006,0.000304739,0.00398255,20
35.5757,-0.161326,0.00140055,0.00628319,0.028658,-0.186539,0.000150721,0.00398246,14
35.5797,-0.161326,0.00308121,0.00628319,0.0417675,-0.142595,0.000124372,0.00398476,14
35.5837,-0.161326,-0.00028011,0.00628319,0.0539769,-0.114354,0.000647819,0.00398484,17
35.5877,-0.161326,-0.00028011,0.00628319,0.0645855,-0.082295,0.000154118,0.00398238,13
35.5917,-0.161326,-0.00028011,0.00942478,0.0610435,-0.0555221,0.000125094,0.00398391,14
35.5957,-0.161326,-0.00364143,0.00942478,0.0628503,-0.0587172,0.000121076,0.00398593,14
35.5997,-0.161326,0.00140055,0.00942478,0.0680435,-0.0300408,0.000538956,0.00398541,17
35.6037,-0.161326,-0.00028011,0.00942478,0.0749409,-0.0135246,0.000124934,0.00398129,14
35.6077,-0.161326,-0.00196077,0.00942478,0.0821409,0.00390585,0.000122078,0.00398534,14
35.6117,-0.161326,0.00140055,0.00942478,0.0885221,0.0318449,0.000121787,0.00398591,14
35.6157,-0.161326,0.00140055,0.00942478,0.0932435,0.0461127,0.000415906,0.00398595,20
35.6197,-0.161326,-0.00364143,0.00942478,0.0957444,0.0406874,0.000124242,0.0039822,14
35.6237,-0.161326,-0.00364143,0.00942478,0.0957444,0.0406874,0.000121718,0.00398454,14
35.6277,-0.161326,-0.00364143,0.00942478,0.0932435,0.0331298,0.000120665,0.00398554,14
35.6317,-0.161326,-0.00028011,0.00942478,0.0885221,0.0275173,0.000297726,0.00398598,20
35.6357,-0.161326,-0.00196077,0.00942478,0.0821409,0.00390585,0.000122969,0.00398235,14
35.6397,-0.161326,0.00140055,0.00942478,0.0749409,-0.0091971,0.000146053,0.00398468,14
35.6437,-0.161326,-0.00196077,0.00942478,0.0680435,-0.0386961,0.000645505,0.00398608,17
35.6477,-0.161326,-0.00196077,0.00942478,0.0628503,-0.0543896,0.00015004,0.00398067,13
35.6517,-0.161326,0.00476187,0.0125664,0.0490546,-0.0412929,0.000121026,0.00398498,14
35.6557,-0.161326,-0.00196077,0.0125664,0.0485383,-0.0601634,0.000121347,0.00398588,14
35.6597,-0.161326,-0.00196077,0.0125664,0.0401203,-0.0856024,0.000543975,0.00398592,17
35.6637,-0.161326,-0.00028011,0.0125664,0.0348083,-0.0973274,0.000122408,0.00398259,14
35.6677,-0.161326,-0.00196077,0.0125664,0.0319014,-0.11044,0.00012307,0.00398456,14
35.6717,-0.161326,0.00140055,0.0125664,0.0309792,-0.104571,0.000119634,0.00398601,14
35.6757,-0.161326,-0.00028011,0.0125664,0.0319014,-0.106112,0.000465539,0.00398234,20
35.6797,-0.161326,-0.00364143,0.0125664,0.0348083,-0.105983,0.000143388,0.00398086,14
35.6837,-0.161326,0.00140055,0.0125664,0.0401203,-0.0769471,0.000135082,0.00398482,14
35.6877,-0.161326,-0.00028011,0.0125664,0.0485383,-0.0558358,0.000140692,0.00398481,14
35.6917,-0.161326,-0.00364143,0.0125664,0.0610436,-0.0267006,0.00032135,0.00398415,20
35.6957,-0.161326,-0.00028011,0.0125664,0.0788975,0.0359087,0.000145602,0.00397991,14
35.6997,-0.161326,-0.00196077,0.0125664,0.0819001,0.0406548,0.000133339,0.00398507,14
35.7037,-0.161326,-0.00196077,0.0125664,0.0819001,0.0406548,0.000705216,0.00398519,17
35.7077,-0.161326,0.00308121,0.015708,0.0669086,0.0458102,0.000221454,0.00398234,13
35.7117,-0.161326,0.00140055,0.015708,0.0569854,0.0114952,0.000135653,0.00398247,14
35.7157,-0.161326,-0.00028011,0.015708,0.0507289,-0.0117393,0.000141625,0.0039845,14
35.7197,-0.161326,-0.00028011,0.015708,0.0470178,-0.0229543,0.000558402,0.00398526,17
35.7237,-0.161326,0.00308121,0.015708,0.0450109,-0.0203637,0.000141715,0.00397441,14
35.7277,-0.161326,-0.00196077,0.015708,0.0441476,-0.0359553,0.000131866,0.00398506,14
35.7317,-0.161326,0.00140055,0.0188496,0.0321586,-0.0260538,0.000132357,0.00398553,14
35.7357,-0.161326,-0.00196077,0.0188496,0.0289637,-0.044364,0.000437998,0.00398534,20
35.7397,-0.161326,0.00140055,0.0188496,0.0331611,-0.0230243,0.000135042,0.00398211,14
35.7437,-0.161326,0.00644253,0.0188496,0.0437697,0.0220173,0.000136685,0.00398476,14
35.7477,-0.161326,-0.00028011,0.0188496,0.0602288,0.0544455,0.000132888,0.0039858,14
35.7517,-0.161326,-0.00028011,0.0219912,0.0704091,0.122687,0.000318935,0.0039854,20
35.7557,-0.161326,0.00140055,0.0219912,0.0945109,0.199849,0.000145321,0.00398214,14
35.7597,-0.161326,0.00476187,0.0219912,0.109811,0.254741,0.000132047,0.00398472,14
35.7637,-0.161326,-0.00028011,0.0219912,0.125915,0.290424,0.000682203,0.00398496,17
35.7677,-0.161326,0.00924363,0.0219912,0.140861,0.360114,0.000205824,0.00398137,13
35.7717,-0.161326,0.00308121,0.0219912,0.153108,0.381254,0.000142817,0.0039807,14
35.7757,-0.161326,0.00140055,0.0251327,0.149543,0.403632,0.00013933,0.00398505,14
35.7797,-0.161326,0.00308121,0.0251327,0.149388,0.40749,0.000610089,0.00398507,17
35.7837,-0.161252,0.00308121,0.0251327,0.150678,0.411551,0.000146253,0.00398247,14
35.7877,-0.161252,0.00476187,0.0251327,0.152013,0.419913,0.000126005,0.00398407,14
35.7917,-0.161252,0.00476187,0.0251327,0.152552,0.42154,0.00012337,0.0039855,14
35.7957,-0.161252,0.00476187,0.0251327,0.152014,0.419913,0.000496958,0.00398604,17
35.7997,-0.161178,0.00812319,0.0251327,0.150679,0.424695,0.000124753,0.00398229,14
35.8037,-0.161178,0.00476187,0.0251327,0.149388,0.41214,0.000122078,0.00398531,14
35.8077,-0.161104,0.0126049,0.0251327,0.149543,0.432966,0.000121627,0.00398542,14
35.8117,-0.161104,0.0126049,0.0282743,0.141119,0.444984,0.000448367,0.0039854,20
35.8157,-0.16103,0.0176469,0.0282743,0.124814,0.408856,0.000122619,0.00398206,14
35.8197,-0.160956,0.0159663,0.0282743,0.112059,0.366143,0.000121687,0.00398525,14
35.8237,-0.160882,0.0159663,0.0282743,0.102852,0.338481,0.000121296,0.0039859,14
35.8277,-0.160809,0.0176469,0.0314159,0.0857654,0.328812,0.000363088,0.00398578,20
35.8317,-0.160735,0.0159663,0.0314159,0.0818406,0.312785,0.000123791,0.00398205,14
35.8357,-0.160661,0.0193276,0.0314159,0.0910774,0.349514,0.00014443,0.00398577,14
35.8397,-0.160587,0.0193276,0.0345575,0.0804456,0.355023,0.0007873,0.0039857,17
35.8437,-0.160513,0.0159663,0.0345575,0.0812935,0.349091,0.000278069,0.0039822,13
35.8477,-0.160439,0.0210082,0.0345575,0.0919388,0.394405,0.000124843,0.00398235,14
35.8517,-0.160365,0.0210082,0.0345575,0.1114,0.453378,0.000120896,0.00398543,14
35.8557,-0.160291,0.0193276,0.0345575,0.139398,0.533819,0.000645064,0.00398571,17
35.8597,-0.160217,0.0193276,0.0345575,0.15461,0.579951,0.000122689,0.00398267,13
35.8637,-0.160143,0.0193276,0.0376991,0.156195,0.62238,0.000120355,0.00398523,14
35.8677,-0.160069,0.0210082,0.0376991,0.163794,0.64983,0.000123851,0.00398474,14
35.8717,-0.159996,0.0271707,0.0376991,0.176003,0.702756,0.000564634,0.00398642,17
35.8757,-0.159848,0.0243696,0.0376991,0.192123,0.744578,0.000134832,0.00397905,14
35.8797,-0.1597,0.0338933,0.0376991,0.212153,0.829954,0.000121557,0.00398531,14
35.8837,-0.159552,0.035574,0.0376991,0.215052,0.843365,0.000120926,0.00398585,14
35.8877,-0.159404,0.048459,0.0376991,0.212249,0.868394,0.000504722,0.00398607,17
35.8917,-0.159183,0.0551816,0.0408407,0.191754,0.861729,0.00012356,0.0039819,14
35.8957,-0.159035,0.0551816,0.0408407,0.174048,0.808544,0.000122228,0.00398542,14
35.8997,-0.158739,0.058543,0.0408407,0.15857,0.77107,0.000153006,0.00398319,14
35.9037,-0.158518,0.0630247,0.0408407,0.14546,0.743478,0.000448297,0.00398328,20
35.9077,-0.158222,0.071428,0.0408407,0.13556,0.735843,0.00012317,0.00398206,14
35.9117,-0.157926,0.0731087,0.0408407,0.130412,0.725255,0.000121777,0.003985,14
35.9157,-0.157631,0.0747893,0.0439823,0.120268,0.73705,0.00012297,0.00398543,14
35.9197,-0.157335,0.0826324,0.0439823,0.106251,0.715531,0.000368838,0.003976,20
35.9237,-0.156966,0.0876744,0.0439823,0.100349,0.711485,0.000125874,0.00398102,14
35.9277,-0.156596,0.0927164,0.0439823,0.103264,0.734081,0.000126686,0.00398199,14
35.9317,-0.156227,0.0960777,0.0439823,0.116396,0.783228,0.000127849,0.0039839,14
35.9357,-0.155857,0.0971981,0.0439823,0.120107,0.798133,0.000307855,0.00398307,20
35.9397,-0.155414,0.100559,0.0439823,0.127227,0.82927,0.00013366,0.00397586,14
35.9437,-0.15497,0.108963,0.0439823,0.139157,0.887928,0.000124653,0.00398376,14
35.9477,-0.154527,0.114005,0.0439823,0.136118,0.892692,0.000680991,0.0039856,17
35.9517,-0.15401,0.123528,0.0439823,0.130659,0.901846,0.000208499,0.00398084,13
35.9557,-0.153492,0.133052,0.0439823,0.123761,0.906654,0.000123019,0.00398261,14
35.9597,-0.152975,0.134733,0.0439823,0.116827,0.891154,0.000122388,0.00398538,14
35.9637,-0.152458,0.138094,0.0439823,0.111679,0.885378,0.000580383,0.00398596,17
35.9677,-0.151793,0.146497,0.0439823,0.110558,0.90508,0.000156802,0.0039817,14
35.9717,-0.151275,0.149859,0.0439823,0.0943872,0.865996,0.000123591,0.00398533,14
35.9757,-0.15061,0.161063,0.0439823,0.076276,0.841565,0.000123491,0.00398562,14
35.9797,-0.150019,0.159383,0.0439823,0.0576263,0.782167,0.000500835,0.00398581,17
35.9837,-0.14928,0.167786,0.0439823,0.0401203,0.752514,0.000124152,0.00398231,14
35.9877,-0.148689,0.167786,0.0439823,0.0257203,0.710286,0.000120795,0.0039853,14
35.9917,-0.14795,0.173948,0.0439823,0.016669,0.700413,0.000119142,0.00398587,14
35.9957,-0.147285,0.17899,0.0439823,0.0154895,0.711281,0.000414864,0.00398305,20
35.9997,-0.146472,0.184032,0.0439823,0.0032434,0.689029,0.000124021,0.00398176,14
36.0037,-0.145807,0.182352,0.0408407,0.00502977,0.654073,0.000119403,0.00398562,14
36.0077,-0.145068,0.193556,0.0408407,0.0021905,0.675955,0.00012358,0.00398548,14
36.0117,-0.144329,0.186833,0.0408407,-0.00219055,0.647016,0.000353079,0.003986,20
36.0157,-0.143516,0.196917,0.0408407,-0.00502986,0.666174,0.000125053,0.00398101,14
36.0197,-0.142777,0.193556,0.0408407,-0.00324345,0.664528,0.000120645,0.00398531,14
36.0237,-0.141964,0.200279,0.0408407,-0.0154896,0.646603,0.000784274,0.00398614,17
36.0277,-0.141003,0.20364,0.0408407,-0.0286581,0.617558,0.000261558,0.0039818,13
36.0317,-0.140264,0.20364,0.0408407,-0.0417676,0.579553,0.000148297,0.00398264,14
36.0357,-0.139525,0.20476,0.0408407,-0.053977,0.547153,0.000122529,0.00398519,14
36.0397,-0.138712,0.20476,0.0408407,-0.0645855,0.516866,0.000668678,0.00398563,17
36.0437,-0.137751,0.209802,0.0408407,-0.0730326,0.506417,0.000196938,0.00398103,13
36.0477,-0.137012,0.206441,0.0376991,-0.0669086,0.480403,0.000128881,0.0039827,14
36.0517,-0.136052,0.30616,0.0376991,-0.065853,0.742459,0.000119784,0.00398564,14
36.0557,-0.135387,0.200279,0.0376991,-0.0680436,0.464649,0.000612453,0.00398543,17
36.0597,-0.1345,0.196917,0.0376991,-0.0719384,0.446157,0.00012312,0.00398194,14
36.0637,-0.133761,0.206441,0.0376991,-0.0762761,0.459183,0.000125124,0.00398424,14
36.0677,-0.132948,0.20476,0.0376991,-0.0800751,0.445147,0.00012879,0.00398573,14
36.0717,-0.132135,0.198598,0.0376991,-0.0826351,0.423315,0.000537073,0.00398435,17
36.0757,-0.131248,0.201959,0.0376991,-0.0835349,0.431185,0.000136284,0.00398255,14
36.0797,-0.130583,0.198598,0.0376991,-0.0826348,0.426699,0.000119603,0.00398566,14
36.0837,-0.12977,0.198598,0.0376991,-0.0800752,0.436207,0.000123511,0.00398544,14
36.0877,-0.128957,0.196917,0.0376991,-0.0762757,0.445133,0.000457263,0.00398611,20
36.0917,-0.12807,0.198598,0.0376991,-0.0719383,0.464502,0.000123831,0.00398212,14
36.0957,-0.127331,0.20476,0.0376991,-0.0680434,0.493751,0.000158175,0.0039856,14
36.0997,-0.126518,0.200279,0.0376991,-0.0658528,0.490603,0.000125404,0.00398489,14
36.1037,-0.125706,0.20364,0.0376991,-0.0669084,0.49784,0.000376333,0.00398526,20
36.1077,-0.124893,0.20476,0.0376991,-0.0730324,0.483991,0.000132677,0.00398243,14
36.1117,-0.12408,0.20364,0.0376991,-0.0645854,0.508405,0.000126707,0.00398431,14
36.1157,-0.123341,0.198598,0.0376991,-0.0539768,0.529092,0.000119553,0.00398597,14
36.1197,-0.122528,0.200279,0.0376991,-0.0417674,0.572088,0.000308736,0.00398584,20
36.1237,-0.121641,0.20476,0.0376991,-0.0286579,0.625178,0.000122308,0.00397182,14
36.1277,-0.120902,0.200279,0.0376991,-0.0154896,0.655043,0.000118952,0.00398527,14
36.1317,-0.120089,0.206441,0.0376991,-0.00324336,0.709691,0.000781179,0.00398519,17
36.1357,-0.119128,0.20476,0.0376991,0.00695911,0.738289,0.000233085,0.00398259,13
36.1397,-0.118389,0.208122,0.0376991,0.0138566,0.769399,0.000124702,0.00398216,14
36.1437,-0.117503,0.218206,0.0376991,0.0160471,0.803918,0.000119663,0.00398566,14
36.1477,-0.11669,0.219886,0.0376991,0.0119889,0.797754,0.000632791,0.00398562,17
36.1517,-0.115655,0.226049,0.0376991,-0,0.779647,0.000152755,0.00398265,13
36.1557,-0.114842,0.227729,0.0376991,-0,0.785747,0.000126697,0.00398511,14
36.1597,-0.113955,0.239494,0.0376991,-0,0.817974,0.000128691,0.00398391,14
36.1637,-0.112995,0.239494,0.0376991,-0,0.820068,0.000596223,0.00398606,17
36.1677,-0.111886,0.242295,0.0376991,-0,0.829698,0.000128981,0.00398189,14
36.1717,-0.111073,0.245656,0.0376991,-0,0.840125,0.00012314,0.00398487,14
36.1757,-0.110039,0.245656,0.0376991,-0,0.842381,0.000150741,0.00398266,14
36.1797,-0.109078,0.25406,0.0376991,-0,0.866113,0.000512286,0.00398095,17
36.1837,-0.107969,0.25574,0.0376991,-0,0.872857,0.000127098,0.00398187,14
36.1877,-0.107009,0.258541,0.0376991,-0,0.882164,0.000125765,0.00398504,14
36.1917,-0.105974,0.25574,0.0376991,-0,0.877207,0.000122308,0.00398598,14
36.1957,-0.104939,0.268625,0.0376991,-0,0.912641,0.00042862,0.00398554,20
36.1997,-0.103757,0.273667,0.0376991,-0,0.928202,0.0001393,0.00398254,14
36.2037,-0.102796,0.274788,0.0376991,-0,0.933181,0.000132236,0.00398328,14
36.2077,-0.101688,0.283191,0.0376991,-0,0.957236,0.000123821,0.00398545,14
36.2117,-0.100505,0.291594,0.0376991,-0,0.981452,0.000361434,0.00398595,20
36.2157,-0.099249,0.301118,0.0345575,0.0119891,1.00747,0.000124082,0.00398143,14
36.2197,-0.0981405,0.30616,0.0345575,0.0160473,1.03513,0.000120014,0.00398495,14
36.2237,-0.0968842,0.307841,0.0345575,0.0138567,1.03558,0.000779896,0.00398533,17
36.2277,-0.0954061,0.315684,0.0345575,0.00695927,1.03815,0.000285343,0.00398207,13
36.2317,-0.0942976,0.328569,0.0345575,-0.00324331,1.04291,0.000123751,0.00398251,14
36.2357,-0.0930413,0.333611,0.0345575,-0.0154895,1.02163,0.000125534,0.00398437,14
36.2397,-0.0917111,0.338653,0.0345575,-0.0286579,0.997717,0.000620819,0.00398597,17
36.2437,-0.0901592,0.343695,0.0314159,-0.0297784,0.973221,0.000136645,0.00398238,13
36.2477,-0.0889029,0.353219,0.0314159,-0.0379297,0.97585,0.000129842,0.00398512,14
36.2517,-0.0874987,0.358261,0.0314159,-0.0507288,0.953215,0.000130092,0.00398234,14
36.2557,-0.0860207,0.359941,0.0282743,-0.0540843,0.913148,0.000543775,0.00398579,17
36.2597,-0.0843949,0.367784,0.0282743,-0.0660937,0.900596,0.000132146,0.00398288,14
36.2637,-0.0829169,0.494954,0.0251327,-0.0715441,1.17733,0.000122549,0.0039853,14
36.2677,-0.0815867,0.384031,0.0251327,-0.0875518,0.84623,0.000127828,0.00398509,14
36.2717,-0.0800347,0.387392,0.0251327,-0.110052,0.790274,0.000472743,0.00398547,20
36.2757,-0.078335,0.395795,0.0251327,-0.13554,0.738594,0.000127298,0.00398218,14
36.2797,-0.076857,0.397476,0.0219912,-0.149083,0.667739,0.000129362,0.00398524,14
36.2837,-0.0753051,0.399157,0.0219912,-0.168219,0.617622,0.000121066,0.00398616,14
36.2877,-0.0736793,0.412042,0.0219912,-0.189443,0.590206,0.000397552,0.0039858,20
36.2917,-0.0719056,0.410361,0.0188496,-0.197963,0.526523,0.000155781,0.00398176,14
36.2957,-0.0703537,0.413722,0.015708,-0.199606,0.496118,0.000135002,0.00398539,14
36.2997,-0.0687279,0.415403,0.015708,-0.21121,0.468925,0.000124863,0.00398501,14
36.3037,-0.0671021,0.421565,0.0125664,-0.216859,0.433789,0.00031091,0.00398613,20
36.3077,-0.0653285,0.426607,0.0125664,-0.233531,0.400257,0.000131064,0.00397979,14
36.3117,-0.0637026,0.418204,0.0125664,-0.257581,0.309485,0.000125374,0.00398559,14
36.3157,-0.0620768,0.424927,0.0125664,-0.286485,0.242992,0.000661655,0.00398612,17
36.3197,-0.0601554,0.418204,0.00942478,-0.306853,0.130842,0.000204412,0.00398227,13
36.3237,-0.0586774,0.416523,0.00942478,-0.316583,0.100333,0.00012873,0.00398256,14
36.3277,-0.0570515,0.415403,0.00942478,-0.32486,0.0759796,0.000123961,0.00397177,14
36.3317,-0.0554257,0.410361,0.00628319,-0.318013,0.0497563,0.000570154,0.00398567,17
36.3357,-0.0535782,0.407,0.00314159,-0.303412,0.0517758,0.000123791,0.00398228,14
36.3397,-0.0521741,0.400277,0.00314159,-0.299856,0.048274,0.000120736,0.00398539,14
36.3437,-0.0506222,0.392434,0.00314159,-0.305802,0.0134923,0.000125535,0.00398535,14
36.3477,-0.0490702,0.389073,-0,-0.309122,-0.0392881,0.000313455,0.00398568,15
36.3517,-0.0473705,0.387392,-0,-0.309254,-0.0403104,0.000127228,0.00398222,12
36.3557,-0.0459664,0.384031,-0,-0.317207,-0.0699383,0.000148226,0.00398515,12
36.3597,-0.0444145,0.377868,-0,-0.333401,-0.131361,0.000239978,0.00398528,15
36.3637,-0.0428626,0.371146,-0,-0.337917,-0.158934,0.000124192,0.00398221,12
36.3677,-0.0414584,0.374507,-0.00314159,-0.332015,-0.166859,0.000126366,0.00398387,12
36.3717,-0.0399804,0.363303,-0.00314159,-0.316397,-0.145291,0.000405136,0.00398619,15
36.3757,-0.0385024,0.353219,-0.00314159,-0.303192,-0.128129,0.000124874,0.00398029,12
36.3797,-0.0371722,0.346496,-0.00314159,-0.293801,-0.114161,0.000124412,0.00398565,12
36.3837,-0.0357681,0.342014,-0.00314159,-0.290888,-0.113838,0.000652849,0.00398611,15
36.3877,-0.03429,0.328569,-0.00314159,-0.276636,-0.102167,0.000121928,0.00398243,12
36.3917,-0.0331815,0.327448,-0.00314159,-0.266258,-0.0712723,0.000119343,0.0039845,12
36.3957,-0.0318513,0.317364,-0.00314159,-0.264098,-0.0878114,0.000122047,0.00398545,12
36.3997,-0.030595,0.30616,-0.00628319,-0.241893,-0.0842967,0.000398734,0.00398616,15
36.4037,-0.0293387,0.299437,-0.00628319,-0.214435,-0.0158908,0.00012301,0.00398178,12
36.4077,-0.0282302,0.297757,-0.00628319,-0.195675,0.0388899,0.00011763,0.00398551,12
36.4117,-0.0270478,0.288233,-0.00628319,-0.166815,0.104158,0.000639243,0.00398551,15
36.4157,-0.0257914,0.28151,-0.00628319,-0.141806,0.165162,0.000120816,0.00398186,12
36.4197,-0.0248307,0.270306,-0.00628319,-0.123452,0.19387,0.000125624,0.00398529,12
36.4237,-0.0237961,0.270306,-0.00628319,-0.115398,0.220466,0.000148848,0.00398554,12
36.4277,-0.0226876,0.266945,-0.00628319,-0.100386,0.259593,0.000399396,0.00398475,15
36.4317,-0.0215791,0.266945,-0.00628319,-0.0937697,0.282004,0.000125444,0.00398117,12
36.4357,-0.0205445,0.268625,-0.00628319,-0.0996143,0.270925,0.000124593,0.00398559,12
36.4397,-0.0195099,0.263583,-0.00628319,-0.100943,0.256181,0.000659171,0.00397973,15
36.4437,-0.0183274,0.263583,-0.00628319,-0.0915084,0.287271,0.000131706,0.00398031,12
36.4477,-0.0174406,0.256861,-0.00314159,-0.0973897,0.291597,0.000118751,0.00398548,12
36.4517,-0.016406,0.25574,-0.00314159,-0.101191,0.279481,0.000121376,0.00398561,12
36.4557,-0.0153714,0.25406,-0.00314159,-0.085795,0.323935,0.000402542,0.00398608,15
36.4597,-0.0142629,0.252379,-0.00314159,-0.0661351,0.381435,0.000140092,0.00397929,12
36.4637,-0.0133761,0.243976,-0.00314159,-0.0452949,0.424709,0.000127347,0.00398545,12
36.4677,-0.0123415,0.256861,-0.00314159,-0.0264983,0.516945,0.000640225,0.00398463,15
36.4717,-0.0112329,0.252379,-0.00314159,-0.0131094,0.548282,0.000127108,0.00398029,12
36.4757,-0.01042,0.243976,-0.00314159,0.0131095,0.607649,0.000120355,0.00398544,12
36.4797,-0.00938542,0.249018,-0.00314159,0.0384873,0.699578,0.000122409,0.00398557,12
36.4837,-0.00842471,0.252379,-0.00314159,0.0613421,0.779394,0.000370462,0.00397923,15
36.4877,-0.0073162,0.25406,-0.00314159,0.0799917,0.842497,0.000159418,0.00398146,12
36.4917,-0.00635548,0.252379,-0.00314159,0.0927541,0.878831,0.000122248,0.00398544,12
36.4957,-0.00532087,0.265264,-0,0.0859583,0.931205,0.000522014,0.00398594,15
36.4997,-0.00413845,0.274788,-0,0.0778419,0.933779,0.000122559,0.00398111,12
36.5037,-0.00317774,0.12857,-0,0.0650409,0.520686,0.000118081,0.00398554,12
36.5077,-0.00206923,0.276468,-0,0.0660734,0.907053,0.000464186,0.00398442,15
36.5117,-0.000886812,0.27983,-0,0.0678289,0.923591,0.000119863,0.00398227,12
36.5157,0.000147803,0.27983,-0,0.0694665,0.930796,0.000122579,0.00398298,12
36.5197,0.00133022,0.284872,-0,0.0704255,0.949254,0.000388365,0.00398543,15
36.5237,0.00251263,0.291594,-0,0.0704255,0.969142,0.000122829,0.00397301,12
36.5277,0.00369505,0.304479,-0,0.0694665,1.002,0.000120976,0.00398496,12
36.5317,0.00487746,0.30616,-0,0.0678289,1.00396,0.000316501,0.00398577,15
36.5357,0.00613378,0.309521,-0,0.0660734,1.01005,0.000122669,0.00398126,12
36.5397,0.0073901,0.319045,-0,0.0650409,1.03419,0.00011778,0.00398574,12
36.5437,0.00864641,0.325768,-0,0.0658529,1.05669,0.000255477,0.00398551,15
36.5477,0.0100505,0.336972,-0,0.0699111,1.10087,0.000119813,0.0039824,12
36.5517,0.0113068,0.338653,-0,0.0788975,1.13509,0.000142796,0.00398471,12
36.5557,0.012711,0.353219,-0.00314159,0.0850215,1.15669,0.000236521,0.00398487,15
36.5597,0.014189,0.367784,-0.00314159,0.0806327,1.18415,0.000121777,0.0039819,12
36.5637,0.0155931,0.371146,-0.00314159,0.0678335,1.15719,0.000120665,0.00398514,12
36.5677,0.0170711,0.374507,-0.00314159,0.0487266,1.11133,0.00046593,0.00398439,15
36.5717,0.0187708,0.389073,-0.00314159,0.0254146,1.08209,0.000123681,0.00398137,12
36.5757,0.020175,0.390753,-0.00314159,-0,1.01268,0.000127488,0.00398405,12
36.5797,0.0218008,0.403638,-0.00628319,-0.0134256,0.971352,0.000119223,0.00398561,12
36.5837,0.0234266,0.288233,-0.00942478,-0.0206905,0.618302,0.000262951,0.00398548,15
36.5877,0.0251263,0.415403,-0.00942478,-0.0379297,0.897368,0.000131856,0.00398229,12
36.5917,0.0267521,0.419885,-0.00942478,-0.0598169,0.84631,0.000125525,0.00398271,12
36.5957,0.0284519,0.419885,-0.0125664,-0.0693168,0.783831,0.00051986,0.00398522,15
36.5997,0.0302994,0.428288,-0.0125664,-0.0815834,0.772427,0.000123721,0.00398119,12
36.6037,0.0318513,0.431649,-0.0125664,-0.112191,0.69197,0.000122739,0.0039853,12
36.6077,0.033551,0.431649,-0.015708,-0.133377,0.594175,0.000126175,0.00398553,12
36.6117,0.0353247,0.441173,-0.015708,-0.161838,0.536557,0.0002999,0.00398554,15
36.6157,0.0371722,0.447896,-0.015708,-0.193228,0.463037,0.000119624,0.00398227,12
36.6197,0.0388719,0.446215,-0.0188496,-0.211913,0.368471,0.000123881,0.00398445,12
36.6237,0.0406455,0.452377,-0.0219912,-0.222882,0.317583,0.00058404,0.00398573,15
36.6277,0.0427148,0.449576,-0.0219912,-0.242128,0.256721,0.000122198,0.00398205,12
36.6317,0.0442667,0.451257,-0.0251327,-0.252897,0.194411,0.000122789,0.00398503,12
36.6357,0.0460403,0.446215,-0.0251327,-0.271324,0.129608,0.000118311,0.00398612,12
36.6397,0.0478139,0.442854,-0.0282743,-0.280935,0.0582985,0.000408903,0.00398611,15
36.6437,0.0498093,0.521285,-0.0282743,-0.298286,0.212172,0.000119794,0.00398199,12
36.6477,0.0513612,0.442854,-0.0282743,-0.319451,-0.0503604,0.000124563,0.00398344,12
36.6517,0.0531348,0.436131,-0.0314159,-0.329778,-0.13249,0.000117319,0.00398605,12
36.6557,0.0548345,0.429969,-0.0345575,-0.335797,-0.200317,0.000209632,0.00398634,15
36.6597,0.0565342,0.423246,-0.0345575,-0.355605,-0.27378,0.000121958,0.00398138,12
36.6637,0.0581601,0.413722,-0.0376991,-0.353368,-0.325476,0.000118391,0.0039857,12
36.6677,0.0597859,0.407,-0.0376991,-0.358472,-0.354667,0.000520001,0.0039841,15
36.6717,0.0615595,0.399157,-0.0376991,-0.368114,-0.400133,0.000119433,0.00398193,12
36.6757,0.0629636,0.392434,-0.0376991,-0.381032,-0.45342,0.000121546,0.00398499,12
36.6797,0.0645155,0.384031,-0.0376991,-0.397506,-0.52146,0.000131715,0.00398249,12
36.6837,0.0659936,0.376188,-0.0408407,-0.40737,-0.60572,0.000363279,0.00398598,15
36.6877,0.0675455,0.359941,-0.0408407,-0.412166,-0.658662,0.000121848,0.0039814,12
36.6917,0.0688757,0.338653,-0.0408407,-0.403402,-0.684094,0.000120194,0.00398534,12
36.6957,0.0702059,0.328569,-0.0408407,-0.393908,-0.67847,0.000627952,0.00398528,15
36.6997,0.07161,0.314003,-0.0408407,-0.385927,-0.688796,0.000120956,0.00398257,12
36.7037,0.0726447,0.299437,-0.0439823,-0.349372,-0.651055,0.000121246,0.00398491,12
36.7077,0.0738271,0.276468,-0.0439823,-0.319236,-0.616552,0.000119853,0.00398544,12
36.7117,0.0748617,0.266945,-0.0439823,-0.298182,-0.575195,0.000426266,0.00398609,15
36.7157,0.0760441,0.266945,-0.0439823,-0.268533,-0.48302,0.00012333,0.0039811,12
36.7197,0.076857,0.22941,-0.0439823,-0.245783,-0.509147,0.000120014,0.00398531,12
36.7237,0.0777438,0.224368,-0.0439823,-0.234697,-0.486694,0.000122379,0.00397662,12
36.7277,0.0786306,0.20476,-0.0439823,-0.21956,-0.489507,0.000223427,0.00398601,15
36.7317,0.0794435,0.191875,-0.0439823,-0.195946,-0.449554,0.000120896,0.00398224,12
36.7357,0.0801826,0.180671,-0.0439823,-0.18033,-0.429602,0.000123841,0.00398495,12
36.7397,0.0808477,0.170587,-0.0408407,-0.168425,-0.380664,0.000533325,0.00398609,15
36.7437,0.0815867,0.154341,-0.0408407,-0.156786,-0.385713,0.000121707,0.00398225,12
36.7477,0.082104,0.146497,-0.0408407,-0.130679,-0.325887,0.000141914,0.00398559,12
36.7517,0.0826213,0.134733,-0.0376991,-0.11983,-0.28479,0.000120175,0.00398567,12
36.7557,0.0831386,0.120167,-0.0376991,-0.110626,-0.293353,0.000347619,0.00398246,15
36.7597,0.0836559,0.110643,-0.0376991,-0.0898753,-0.254042,0.000120966,0.00398259,12
36.7637,0.0840254,0.10224,-0.0376991,-0.0548343,-0.168982,0.000126707,0.00398319,12
36.7677,0.0843949,0.0927164,-0.0345575,-0.034807,-0.0947011,0.000622882,0.00398557,15
36.7717,0.0848383,0.0843131,-0.0314159,-0.00558741,0.0104047,0.000124031,0.00398083,12
36.7757,0.08506,0.071428,-0.0314159,0.0354288,0.101659,0.000118471,0.00398558,12
36.7797,0.0853556,0.066386,-0.0282743,0.0693843,0.22941,0.000119764,0.00398547,12
36.7837,0.0856512,0.0619043,-0.0282743,0.109611,0.340077,0.000446714,0.00398564,15
36.7877,0.0858729,0.0602236,-0.0251327,0.13613,0.453848,0.000120014,0.00398161,12
36.7917,0.0860946,0.0518203,-0.0251327,0.183033,0.574434,0.000121337,0.00398467,12
36.7957,0.0863163,0.0568623,-0.0251327,0.231464,0.734257,0.000119333,0.00398538,12
36.7997,0.0866119,0.0602236,-0.0219912,0.263266,0.877136,0.000268651,0.00398597,15
36.8037,0.0868336,0.058543,-0.0188496,0.280902,0.964066,0.000119743,0.00398232,12
36.8077,0.0870553,0.0647054,-0.015708,0.285857,1.03287,0.000119924,0.00398408,12
36.8117,0.0873509,0.071428,-0.015708,0.312502,1.13134,0.000588088,0.00398525,15
36.8157,0.0877204,0.0826324,-0.0125664,0.330833,1.25387,0.000147736,0.00398151,12
36.8197,0.0880161,0.0876744,-0.0125664,0.356003,1.34356,0.000122358,0.00398522,12
36.8237,0.0883856,0.0971981,-0.0125664,0.382826,1.44995,0.000119443,0.00398557,12
36.8277,0.088829,0.105601,-0.0125664,0.407517,1.54717,0.000323013,0.00398516,15
36.8317,0.0892724,0.116806,-0.00942478,0.415705,1.63921,0.000121247,0.00398187,12
36.8357,0.0897897,0.12857,-0.00942478,0.426329,1.70273,0.000121347,0.00398527,12
36.8397,0.090307,0.141455,-0.00942478,0.438125,1.77269,0.000590873,0.00398505,15
36.8437,0.0909721,0.157702,-0.00628319,0.439387,1.85726,0.000120034,0.00398243,12
36.8477,0.0915633,0.167786,-0.00628319,0.430113,1.85649,0.000120365,0.00398539,12
36.8517,0.0923023,0.185713,-0.00628319,0.422013,1.87978,0.000118201,0.00398609,12
36.8557,0.0930413,0.201959,-0.00628319,0.416348,1.90611,0.000348601,0.00398454,15
36.8597,0.0939281,0.221567,-0.00628319,0.39418,1.89154,0.000120405,0.00398247,12
36.8637,0.0948149,0.231091,-0.00628319,0.36988,1.84456,0.000118211,0.00398544,12
36.8677,0.0957757,0.245656,-0.00628319,0.347233,1.81572,0.000605921,0.00398518,15
36.8717,0.0969581,0.266945,-0.00628319,0.331425,1.82535,0.000120324,0.00398205,12
36.8757,0.0979188,0.28151,-0.00628319,0.307303,1.79205,0.000123811,0.0039849,12
36.8797,0.0991012,0.294396,-0.00628319,0.271141,1.71853,0.000145942,0.00398576,12
36.8837,0.100284,0.315684,-0.00942478,0.252242,1.68133,0.000367556,0.00398532,15
36.8877,0.101688,0.327448,-0.00942478,0.215394,1.60334,0.00012317,0.00398176,12
36.8917,0.102944,0.273667,-0.00942478,0.179875,1.36025,0.000120404,0.00398528,12
36.8957,0.104348,0.358261,-0.0125664,0.14406,1.43543,0.000653059,0.00398442,15
36.8997,0.105974,0.369465,-0.0125664,0.107029,1.35592,0.00012314,0.00398082,12
36.9037,0.107304,0.376188,-0.0125664,0.0781717,1.28892,0.000124161,0.00398478,12
36.9077,0.108782,0.385711,-0.015708,0.057688,1.21729,0.000118021,0.00398576,12
36.9117,0.110408,0.399157,-0.015708,0.0244556,1.15503,0.000397582,0.00398529,15
36.9157,0.112108,0.412042,-0.0188496,-0.010599,1.0485,0.000121687,0.00398238,12
36.9197,0.11366,0.416523,-0.0219912,-0.0365493,0.947527,0.000121016,0.0039847,12
36.9237,0.115359,0.431649,-0.0219912,-0.0865066,0.839212,0.000126155,0.00397463,12
36.9277,0.117059,0.429969,-0.0251327,-0.128363,0.674625,0.000236251,0.00398567,15
36.9317,0.118907,0.446215,-0.0282743,-0.16234,0.580332,0.000147345,0.00397247,12
36.9357,0.12068,0.452377,-0.0282743,-0.199386,0.488115,0.000137015,0.00397861,12
36.9397,0.122454,0.452377,-0.0314159,-0.239162,0.334303,0.000554645,0.00398205,15
36.9437,0.124449,0.452377,-0.0345575,-0.270181,0.207439,0.000162694,0.0039796,12
36.9477,0.126075,0.446215,-0.0376991,-0.292103,0.0913914,0.000123401,0.00398497,12
36.9517,0.127849,0.451257,-0.0376991,-0.337619,-0.0293077,0.000123671,0.0039846,12
36.9557,0.129622,0.372826,-0.0408407,-0.375182,-0.378388,0.000398935,0.00398575,15
36.9597,0.131544,0.442854,-0.0408407,-0.418545,-0.324921,0.00012325,0.00398211,12
36.9637,0.13317,0.429969,-0.0439823,-0.449269,-0.484881,0.000119523,0.00398543,12
36.9677,0.134869,0.421565,-0.0471239,-0.470381,-0.60409,0.000122899,0.00398393,12
36.9717,0.136495,0.413722,-0.0502655,-0.484765,-0.701685,0.000233997,0.00398591,15
36.9757,0.138121,0.400277,-0.0502655,-0.507294,-0.800843,0.000131045,0.0039815,12
36.9797,0.139673,0.387392,-0.0534071,-0.521073,-0.909756,0.000119032,0.00398545,12
36.9837,0.141151,0.372826,-0.0534071,-0.543079,-1.01054,0.000478413,0.00398577,15
36.9877,0.142777,0.353219,-0.0565487,-0.55866,-1.14205,0.000121157,0.00398231,12
36.9917,0.144033,0.342014,-0.0596903,-0.553443,-1.18987,0.000125724,0.00398548,12
36.9957,0.145289,0.315684,-0.0596903,-0.557234,-1.26639,0.000122649,0.00398496,12
36.9997,0.146546,0.301118,-0.0628318,-0.556363,-1.336,0.000342429,0.00398434,15
37.0037,0.147728,0.278149,-0.0628318,-0.549568,-1.37203,0.000131024,0.00398178,12
37.0077,0.148763,0.252379,-0.0628318,-0.547997,-1.43138,0.000122309,0.00398465,12
37.0117,0.149649,0.227729,-0.0628318,-0.553052,-1.5082,0.000615299,0.00398379,15
37.0157,0.15061,0.20364,-0.0628318,-0.546635,-1.54874,0.000137877,0.00397974,12
37.0197,0.151275,0.173948,-0.0628318,-0.54466,-1.61778,0.000457164,0.00394592,12
37.0237,0.152014,0.15266,-0.0628318,-0.531412,-1.63095,0.000134221,0.00398453,12
37.0277,0.152532,0.130251,-0.0628318,-0.503306,-1.60259,0.000368718,0.00398507,15
37.0317,0.152975,0.0971981,-0.0628318,-0.478499,-1.61176,0.000133459,0.00398237,12
37.0357,0.153345,0.07647,-0.0628318,-0.443237,-1.55777,0.000132608,0.0039848,12
37.0397,0.153566,0.0467784,-0.0628318,-0.395618,-1.48984,0.000631559,0.00398559,15
37.0437,0.15364,0.0176469,-0.0596903,-0.367189,-1.4413,0.00013949,0.00398052,12
37.0477,0.153714,-0.00364143,-0.0596903,-0.3254,-1.36967,0.000130905,0.00398496,12
37.0517,0.15364,-0.0198878,-0.0565487,-0.282858,-1.24563,0.000126286,0.00398353,12
37.0557,0.153492,-0.0344535,-0.0534071,-0.231552,-1.09094,0.00046574,0.00398474,15
37.0597,0.153345,-0.0490192,-0.0534071,-0.174064,-0.955037,0.000367436,0.00394727,12
37.0637,0.153123,-0.0490192,-0.0502655,-0.113677,-0.735556,0.000122669,0.00398424,12
37.0677,0.152901,-0.0624645,-0.0502655,-0.0542341,-0.591027,0.000120966,0.00398582,12
37.0717,0.152606,-0.0719882,-0.0471239,-0,-0.414824,0.000267019,0.00398564,15
37.0757,0.15231,-0.0753496,-0.0439823,0.0542341,-0.222754,0.000145772,0.00398178,12
37.0797,0.152014,-0.0753496,-0.0408407,0.113677,-0.00628815,0.000119193,0.00398528,12
37.0837,0.151793,-0.0770302,-0.0408407,0.174064,0.171388,0.000575284,0.00398391,15
37.0877,0.151423,-0.0652656,-0.0376991,0.231552,0.412079,0.000120735,0.00398251,12
37.0917,0.151201,-0.0652656,-0.0376991,0.282858,0.566641,0.000120996,0.00398529,12
37.0957,0.15098,-0.0574225,-0.0345575,0.3254,0.75239,0.000125314,0.00398571,12
37.0997,0.150758,-0.0445375,-0.0314159,0.367189,0.948848,0.000419433,0.00398585,15
37.1037,0.15061,-0.0361342,-0.0314159,0.407607,1.09231,0.00012357,0.0039825,12
37.1077,0.150536,-0.0215685,-0.0282743,0.447295,1.28706,0.000121737,0.00398505,12
37.1117,0.150462,-0.00700275,-0.0282743,0.488297,1.44831,0.000156782,0.00398148,12
37.1157,0.150462,0.0109243,-0.0251327,0.512456,1.60496,0.000257901,0.00398454,15
37.1197,0.150536,0.0176469,-0.0251327,0.535066,1.69076,0.000125344,0.00398152,12
37.1237,0.15061,0.0322126,-0.0251327,0.551362,1.77767,0.000140532,0.00397165,12
37.1277,0.150832,0.0450977,-0.0251327,0.558259,1.83218,0.00051444,0.00398519,15
37.1317,0.151054,0.0619043,-0.0251327,0.554357,1.86414,0.000147906,0.00398185,12
37.1357,0.151275,0.0747893,-0.0219912,0.527946,1.85547,0.000142326,0.00398439,12
37.1397,0.151645,0.0893551,-0.0219912,0.500908,1.81207,0.000164257,0.00398516,12
37.1437,0.152088,0.108963,-0.0219912,0.475206,1.78586,0.00032669,0.00398561,15
37.1477,0.152532,0.125209,-0.0219912,0.454625,1.76646,0.000161591,0.00397982,12
37.1517,0.153049,0.146497,-0.0219912,0.423029,1.72693,0.000120645,0.00398522,12
37.1557,0.15364,0.15266,-0.0219912,0.397875,1.66806,0.000597906,0.003985,15
37.1597,0.154379,0.173948,-0.0219912,0.364568,1.62384,0.000120785,0.00398205,12
37.1637,0.155044,0.185713,-0.0219912,0.320224,1.52158,0.000117288,0.00398562,12
37.1677,0.155857,0.292715,-0.0219912,0.283281,1.68723,0.000127478,0.00398242,12
37.1717,0.156596,0.201959,-0.0251327,0.251834,1.32265,0.000392853,0.0039853,15
37.1757,0.157483,0.219886,-0.0251327,0.225241,1.29038,0.000125173,0.00398062,12
37.1797,0.158296,0.222687,-0.0251327,0.191994,1.19889,0.00012343,0.00398373,12
37.1837,0.159257,0.240614,-0.0251327,0.151731,1.12547,0.000127929,0.00398394,12
37.1877,0.160217,0.243976,-0.0282743,0.115098,0.988043,0.000177782,0.00398601,15
37.1917,0.161252,0.256861,-0.0282743,0.0814526,0.921802,0.000118421,0.00398522,12
37.1957,0.162287,0.258541,-0.0282743,0.0387253,0.799265,0.000117429,0.00398639,12
37.1997,0.163321,0.266945,-0.0314159,0.019164,0.726569,0.000483212,0.00397404,15
37.2037,0.164504,0.278149,-0.0345575,0.00178644,0.668006,0.000123941,0.00398083,12
37.2077,0.165538,0.27983,-0.0345575,-0.0342494,0.56569,0.000149419,0.00398534,12
37.2117,0.166647,0.284872,-0.0376991,-0.0562749,0.477053,0.000120796,0.00398515,12
37.2157,0.167755,0.283191,-0.0376991,-0.0974014,0.350859,0.00031099,0.00398587,15
37.2197,0.169012,0.283191,-0.0408407,-0.125521,0.231145,0.000122128,0.00398259,12
37.2237,0.17012,0.289914,-0.0408407,-0.174586,0.102599,0.000119974,0.00398529,12
37.2277,0.171229,0.286552,-0.0439823,-0.21361,-0.0590448,0.000642739,0.00398553,15
37.2317,0.172485,0.284872,-0.0471239,-0.244216,-0.1906,0.000119903,0.00398227,9
37.2357,0.173519,0.284872,-0.0471239,-0.279035,-0.293566,0.000126356,0.00398255,12
37.2397,0.174628,0.278149,-0.0502655,-0.297947,-0.40309,0.000126576,0.00398328,12
37.2437,0.175663,0.261903,-0.0502655,-0.335467,-0.556051,0.00044462,0.00398477,15
37.2477,0.176771,0.256861,-0.0502655,-0.373717,-0.682209,0.000399706,0.00394768,12
37.2517,0.177806,0.245656,-0.0534071,-0.396084,-0.813872,0.000376503,0.00391759,12
37.2557,0.178766,0.227729,-0.0534071,-0.419123,-0.92756,0.000120966,0.00398509,12
37.2597,0.179505,0.218206,-0.0534071,-0.439048,-1.01069,0.000237674,0.0039862,15
37.2637,0.180392,0.198598,-0.0565487,-0.441489,-1.1041,0.000145672,0.00398266,12
37.2677,0.181131,0.185713,-0.0596903,-0.433395,-1.14868,0.000124482,0.0039851,12
37.2717,0.181796,0.161063,-0.0596903,-0.433424,-1.21079,0.000568351,0.00398405,15
37.2757,0.182609,0.200279,-0.0596903,-0.440175,-1.12844,0.000134801,0.0039826,12
37.2797,0.182831,0.105601,-0.0596903,-0.432185,-1.3476,0.000119874,0.00398532,12
37.2837,0.183201,0.0876744,-0.0596903,-0.421444,-1.3605,0.000131646,0.00398603,12
37.2877,0.183496,0.071428,-0.0596903,-0.409494,-1.36557,0.000324425,0.00398569,15
37.2917,0.183718,0.048459,-0.0596903,-0.399417,-1.39378,0.000123891,0.00398185,12
37.2957,0.183866,0.0260502,-0.0596903,-0.374099,-1.37465,0.000120665,0.00398529,12
37.2997,0.18394,-0.00532209,-0.0596903,-0.349734,-1.38164,0.000606422,0.00398611,15
37.3037,0.183866,-0.0148458,-0.0596903,-0.331927,-1.35251,0.00013402,0.00398238,12
37.3077,0.183792,-0.0266104,-0.0596903,-0.305946,-1.30445,0.000118752,0.00398543,12
37.3117,0.183644,-0.0411762,-0.0565487,-0.280474,-1.22783,0.000121607,0.00398575,12
37.3157,0.183422,-0.0574225,-0.0534071,-0.265317,-1.18687,0.000443548,0.00398585,15
37.3197,0.183201,-0.0624645,-0.0534071,-0.227363,-1.08564,0.00012813,0.00398104,12
37.3237,0.182905,-0.0803915,-0.0534071,-0.187853,-1.01305,0.00011765,0.00398558,12
37.3277,0.182609,-0.0686269,-0.0534071,-0.134997,-0.823666,0.000122659,0.00397632,12
37.3317,0.18224,-0.17787,-0.0502655,-0.101462,-0.966952,0.000200976,0.00398593,15
37.3357,0.181796,-0.104481,-0.0502655,-0.0548401,-0.638055,0.000124753,0.00398188,12
37.3397,0.181353,-0.111204,-0.0502655,0.00509159,-0.47522,0.000120505,0.0039854,12
37.3437,0.18091,-0.111204,-0.0471239,0.0465051,-0.31356,0.000460048,0.00398476,15
37.3477,0.180466,-0.109523,-0.0471239,0.103073,-0.139254,0.000121377,0.00398189,12
37.3517,0.180023,-0.112884,-0.0439823,0.142967,0.00915911,0.000119903,0.00398531,12
37.3557,0.179579,-0.109523,-0.0408407,0.166408,0.125164,0.000124192,0.00398496,12
37.3597,0.17921,-0.104481,-0.0408407,0.205808,0.256407,0.000282127,0.00398616,15
37.3637,0.178766,-0.0966379,-0.0408407,0.240487,0.380433,0.00012305,0.00398172,12
37.3677,0.178471,-0.0932766,-0.0376991,0.250325,0.455652,0.000131164,0.00398106,12
37.3717,0.178101,-0.0798313,-0.0376991,0.269416,0.547158,0.000600381,0.00398573,15
37.3757,0.177806,-0.0703076,-0.0376991,0.300783,0.665828,0.000120905,0.00398258,12
37.3797,0.177584,-0.0624645,-0.0376991,0.328514,0.769342,0.000118712,0.00398567,12
37.3837,0.177362,-0.0473386,-0.0345575,0.337676,0.87297,0.000121446,0.00398541,12
37.3877,0.177141,-0.0378148,-0.0345575,0.346225,0.922846,0.00039642,0.00398586,15
37.3917,0.177067,-0.0266104,-0.0345575,0.3515,0.967474,0.000122268,0.00398231,12
37.3957,0.176993,-0.0131652,-0.0314159,0.339968,1.00456,0.000119423,0.00398532,12
37.3997,0.176919,-0.00364143,-0.0314159,0.331129,1.00221,0.000662486,0.00398578,12
37.4037,0.176993,0.00924363,-0.0314159,0.324003,1.01402,0.000173483,0.00398213,9
37.4077,0.177067,0.0126049,-0.0314159,0.318869,1.00732,0.00011819,0.00398481,12
37.4117,0.177141,0.0159663,-0.0314159,0.317269,1.0113,0.000123371,0.00398477,12
37.4157,0.177215,0.030532,-0.0314159,0.322007,1.06329,0.000441534,0.00398583,15
37.4197,0.177362,0.0288513,-0.0314159,0.315405,1.03933,0.000121557,0.00398224,12
37.4237,0.17751,0.0389353,-0.0314159,0.291075,0.992094,0.000117659,0.00398541,12
37.4277,0.177658,0.0467784,-0.0314159,0.263529,0.929368,0.000117369,0.00398629,12
37.4317,0.17788,0.053501,-0.0345575,0.24826,0.863542,0.000222415,0.00398378,15
37.4357,0.178175,0.0630247,-0.0345575,0.229833,0.833026,0.000119954,0.00398155,12
37.4397,0.178397,0.0680667,-0.0345575,0.193656,0.737167,0.000121086,0.0039844,12
37.4437,0.178693,0.07647,-0.0345575,0.157745,0.650927,0.000469677,0.00398568,15
37.4477,0.179062,0.0798313,-0.0345575,0.128828,0.573001,0.000119163,0.00398263,12
37.4517,0.179358,0.0798313,-0.0345575,0.0925922,0.464142,0.000121586,0.00398538,12
37.4557,0.179653,0.0843131,-0.0345575,0.0671939,0.399574,0.00011797,0.00398609,12
37.4597,0.180023,0.0798313,-0.0376991,0.0496085,0.29822,0.000275494,0.00398531,15
37.4637,0.180318,0.0809518,-0.0376991,0.0154897,0.198644,0.000119513,0.00398271,12
37.4677,0.180614,0.0809518,-0.0376991,-0.0177071,0.0989689,0.000148307,0.00398419,12
37.4717,0.180983,0.0747893,-0.0376991,-0.0443746,0.00331825,0.000572038,0.00398614,15
37.4757,0.181279,0.0680667,-0.0376991,-0.080508,-0.122542,0.00012294,0.00398235,12
37.4797,0.181501,0.0619043,-0.0408407,-0.0982046,-0.228881,0.000119483,0.00398497,12
37.4837,0.181796,0.0619043,-0.0408407,-0.113459,-0.274336,0.000117239,0.00398579,12
37.4877,0.182018,0.0568623,-0.0408407,-0.120665,-0.308611,0.00038036,0.00398326,15
37.4917,0.182166,0.0501397,-0.0408407,-0.136098,-0.372236,0.00012295,0.00398268,12
37.4957,0.182461,0.058543,-0.0408407,-0.144403,-0.375054,0.000366664,0.00395512,12
37.4997,0.182609,0.00476187,-0.0408407,-0.142499,-0.50746,0.000745051,0.00398466,12
37.5037,0.182609,0.00308121,-0.0439823,-0.137334,-0.533656,0.000167953,0.00398243,9
37.5077,0.182609,-0.00028011,-0.0439823,-0.136278,-0.53912,0.000119232,0.00398484,12
37.5117,0.182609,-0.00196077,-0.0439823,-0.13751,-0.54717,0.000124482,0.00398402,12
37.5157,0.182609,-0.00196077,-0.0439823,-0.139767,-0.553991,0.000484224,0.00398428,15
37.5197,0.182609,-0.00364143,-0.0439823,-0.142349,-0.566122,0.000367626,0.0039472,12
37.5237,0.182461,-0.0445375,-0.0439823,-0.145116,-0.68011,0.000121808,0.0039765,12
37.5277,0.18224,-0.0574225,-0.0439823,-0.148488,-0.723961,0.000120805,0.00398521,12
37.5317,0.182092,-0.0361342,-0.0439823,-0.153446,-0.68445,0.000264573,0.00398303,15
37.5357,0.181944,-0.0394955,-0.0439823,-0.161532,-0.717865,0.000124352,0.00398245,12
37.5397,0.181796,-0.0428568,-0.0439823,-0.153108,-0.701383,0.000119693,0.00398575,12
37.5437,0.181649,-0.0456579,-0.0439823,-0.140861,-0.671911,0.000551319,0.00398525,15
37.5477,0.181427,-0.0523805,-0.0439823,-0.125915,-0.644538,0.000127488,0.00398254,12
37.5517,0.181205,-0.0591032,-0.0439823,-0.109811,-0.613665,0.000120464,0.00398528,12
37.5557,0.180983,-0.0607838,-0.0408407,-0.1065,-0.570993,0.000118942,0.00398591,12
37.5597,0.180762,-0.0635849,-0.0408407,-0.0984453,-0.554349,0.000371503,0.00398592,15
37.5637,0.180466,-0.0624645,-0.0408407,-0.0901326,-0.526987,0.000120355,0.00398229,12
37.5677,0.180171,-0.0669463,-0.0408407,-0.0645855,-0.461969,0.00011799,0.0039857,12
37.5717,0.179949,-0.0635849,-0.0408407,-0.0368769,-0.370063,0.000653079,0.00398285,15
37.5757,0.179653,-0.0719882,-0.0408407,-0.0102307,-0.311822,0.000123741,0.00398083,9
37.5797,0.179358,-0.0669463,-0.0408407,0.011989,-0.232336,0.000118351,0.00398543,12
37.5837,0.179136,-0.0686269,-0.0408407,0.026278,-0.193966,0.000129242,0.00398372,12
37.5877,0.178914,-0.0607838,-0.0408407,0.0507335,-0.10035,0.00044994,0.00398509,15
37.5917,0.178619,-0.0624645,-0.0408407,0.0715447,-0.0424318,0.000121747,0.0039825,12
37.5957,0.178397,-0.0523805,-0.0408407,0.0868892,0.0294211,0.00011771,0.00398563,12
37.5997,0.178175,-0.0557419,-0.0408407,0.0949447,0.0446259,0.000150251,0.00398464,12
37.6037,0.178027,-0.0473386,-0.0408407,0.0938891,0.0627517,0.000254605,0.00398553,15
37.6077,0.177806,-0.0456579,-0.0408407,0.0819002,0.0303661,0.000122779,0.00398227,12
37.6117,0.177658,-0.0411762,-0.0408407,0.0788975,0.0325103,0.000124322,0.00398474,12
37.6157,0.17751,-0.0327729,-0.0408407,0.0730327,0.0361027,0.000548875,0.00398603,15
37.6197,0.177362,-0.0277309,-0.0408407,0.0645855,0.0232363,0.000125164,0.00398159,12
37.6237,0.177288,-0.0294115,-0.0408407,0.0539771,-0.0133107,0.000122329,0.00398575,12
37.6277,0.177141,-0.0277309,-0.0408407,0.0417674,-0.0462024,0.000120866,0.00398533,12
37.6317,0.177067,-0.0249298,-0.0408407,0.028658,-0.0787671,0.000356465,0.00398612,15
37.6357,0.176993,-0.00868341,-0.0408407,0.0154897,-0.0768888,0.000121627,0.00398245,12
37.6397,0.176919,-0.0131652,-0.0408407,0.00324328,-0.125598,0.000121036,0.00398557,12
37.6437,0.176919,-0.00700275,-0.0439823,0.00502989,-0.141808,0.000741755,0.00398567,12
37.6477,0.176919,0.00140055,-0.0439823,0.00219063,-0.12875,0.000122619,0.00398176,9
37.6517,0.176919,0.00644253,-0.0439823,-0.00219055,-0.129007,0.000118461,0.00398568,12
37.6557,0.176919,0.00308121,-0.0471239,0.00695911,-0.147489,0.000119073,0.00398546,12
37.6597,0.176919,-0.00196077,-0.0471239,0.0128036,-0.14281,0.000465058,0.00398607,15
37.6637,0.176919,-0.00028011,-0.0471239,-0.00163318,-0.18211,0.000142987,0.00398255,12
37.6677,0.176919,-0.00364143,-0.0471239,-0.0216991,-0.251403,0.000126676,0.00398239,12
37.6717,0.176919,-0.00028011,-0.0471239,-0.0450111,-0.313196,0.000120014,0.00398581,12
37.6757,0.176919,0.00140055,-0.0502655,-0.0574777,-0.384019,0.000256088,0.00398542,15
37.6797,0.176919,0.00476187,-0.0502655,-0.0771965,-0.434953,0.000121878,0.00398097,12
37.6837,0.176919,0.00308121,-0.0502655,-0.100944,-0.511044,0.000122068,0.00398328,12
37.6877,0.176919,-0.00028011,-0.0502655,-0.125915,-0.595163,0.000522204,0.00398454,15
37.6917,0.176919,-0.00532209,-0.0502655,-0.149729,-0.680111,0.000121797,0.00398185,12
37.6957,0.176919,-0.00028011,-0.0534071,-0.158434,-0.730908,0.000119453,0.00398553,12
37.6997,0.176919,-0.00364143,-0.0534071,-0.170406,-0.775744,0.000119322,0.00398565,12
37.7037,0.176919,-0.00532209,-0.0534071,-0.182844,-0.817657,0.00029504,0.00398621,15
37.7077,0.176845,-0.00364143,-0.0534071,-0.193503,-0.845704,0.000123921,0.00398135,12
37.7117,0.176845,-0.00980385,-0.0534071,-0.200703,-0.883331,0.000118592,0.00398556,12
37.7157,0.176771,-0.0165265,-0.0565487,-0.191333,-0.909962,0.000544306,0.00397569,15
37.7197,0.176697,-0.0182071,-0.0565487,-0.184752,-0.894562,0.000120445,0.00398263,12
37.7237,0.176549,-0.0266104,-0.0596903,-0.167288,-0.901226,0.000119333,0.0039854,12
37.7277,0.176402,-0.0327729,-0.0596903,-0.157882,-0.888988,0.000118641,0.0039856,12
37.7317,0.176254,-0.0411762,-0.0596903,-0.154569,-0.900937,0.000382785,0.00398615,15
37.7357,0.176106,-0.0456579,-0.0596903,-0.156228,-0.917815,0.00013911,0.00398147,12
37.7397,0.175958,-0.0523805,-0.0628318,-0.150592,-0.95589,0.000118672,0.00398583,12
37.7437,0.175737,-0.0540612,-0.0628318,-0.158139,-0.983508,0.000734641,0.00398587,15
37.7477,0.175441,-0.0652656,-0.0628318,-0.178589,-1.0748,0.000121437,0.00398302,9
37.7517,0.175219,-0.0686269,-0.0628318,-0.190902,-1.12115,0.000118752,0.0039854,12
37.7557,0.174924,-0.0719882,-0.0628318,-0.206786,-1.17845,0.00013432,0.00398569,12
37.7597,0.174628,-0.0831926,-0.0628318,-0.226801,-1.26843,0.000436044,0.00398582,15
37.7637,0.174258,-0.0932766,-0.0628318,-0.230608,-1.30671,0.000127197,0.00398236,12
37.7677,0.173889,-0.099439,-0.0628318,-0.230476,-1.32298,0.00011791,0.00398524,12
37.7717,0.173446,-0.109523,-0.0628318,-0.227385,-1.34057,0.00012843,0.00398524,12
37.7757,0.173002,-0.124089,-0.0628318,-0.223019,-1.36585,0.000215893,0.00398612,15
37.7797,0.172485,-0.132492,-0.0628318,-0.219759,-1.37877,0.000130664,0.00398259,12
37.7837,0.171894,-0.143696,-0.0628318,-0.198948,-1.34602,0.000120986,0.00398494,12
37.7877,0.171302,-0.154901,-0.0628318,-0.174396,-1.30196,0.00046043,0.00398615,15
37.7917,0.170637,-0.164985,-0.0628318,-0.148488,-1.25108,0.000129812,0.00398248,12
37.7957,0.170046,-0.168346,-0.0628318,-0.124166,-1.18753,0.000141714,0.00398558,12
37.7997,0.169307,-0.172828,-0.0628318,-0.104934,-1.14256,0.000119824,0.00398585,12
37.8037,0.168568,-0.186273,-0.0628318,-0.0731158,-1.08264,0.000217666,0.00398377,15
37.8077,0.167829,-0.189074,-0.0628318,-0.0433636,-1.00155,0.000121918,0.00398307,12
37.8117,0.167016,-0.202519,-0.0628318,-0.0187611,-0.963598,0.000122749,0.00398555,12
37.8157,0.166203,-0.2042,-0.0628318,-0.00281234,-0.921501,0.000505012,0.00398551,15
37.8197,0.165316,-0.210363,-0.0628318,0.000557587,-0.929119,0.000121467,0.00398214,12
37.8237,0.164577,-0.215404,-0.0628318,0.00874548,-0.918969,0.000118481,0.00398554,12
37.8277,0.163691,-0.220446,-0.0628318,0.00695913,-0.939283,0.000121486,0.00398512,12
37.8317,0.162804,-0.223248,-0.0628318,0.0138566,-0.927586,0.00027865,0.00398608,15
37.8357,0.161843,-0.22997,-0.0628318,0.0160472,-0.940371,0.000122619,0.00398239,12
37.8397,0.160956,-0.235012,-0.0596903,-0,-0.966304,0.000124703,0.00398555,12
37.8437,0.159996,-0.241175,-0.0596903,-0.0160471,-1.03276,0.000570865,0.00398587,15
37.8477,0.158887,-0.246217,-0.0596903,-0.0138565,-1.04154,0.000121807,0.00398246,12
37.8517,0.158,-0.252939,-0.0596903,-0.00695907,-1.03994,0.000118131,0.00398486,12
37.8557,0.156966,-0.259102,-0.0596903,0.00324349,-1.02723,0.000127598,0.00398336,12
37.8597,0.156005,-0.186273,-0.0565487,0.00350064,-0.803542,0.000397301,0.00398588,15
37.8637,0.154823,-0.269186,-0.0565487,0.0126109,-0.992085,0.000376953,0.0039481,12
37.8677,0.153714,-0.267505,-0.0565487,0.0279109,-0.943938,0.000129051,0.00398328,12
37.8717,0.152753,-0.270866,-0.0534071,0.0350287,-0.895701,0.000118632,0.00398615,12
37.8757,0.151719,-0.269186,-0.0534071,0.0517817,-0.843002,0.000136084,0.003982,18
37.8797,0.15061,-0.278709,-0.0534071,0.0746655,-0.800788,0.000118411,0.00398616,12
37.8837,0.149502,-0.28039,-0.0534071,0.100596,-0.72917,0.000126115,0.00398567,12
37.8877,0.148319,-0.282071,-0.0502655,0.114922,-0.655307,0.000430544,0.00398601,15
37.8917,0.147137,-0.285432,-0.0502655,0.135319,-0.6049,0.000122478,0.00398173,12
37.8957,0.146028,-0.288793,-0.0502655,0.158284,-0.546573,0.000124132,0.00398521,12
37.8997,0.14492,-0.292155,-0.0502655,0.180873,-0.489381,0.00011806,0.00398616,12
37.9037,0.143737,-0.293275,-0.0502655,0.200703,-0.434919,0.0001769,0.00398213,15
37.9077,0.142555,-0.293275,-0.0471239,0.203963,-0.390169,0.000120385,0.00398507,12
37.9117,0.141373,-0.292155,-0.0471239,0.209311,-0.373701,0.000120665,0.00397636,12
37.9157,0.14019,-0.290474,-0.0471239,0.214364,-0.356681,0.000469466,0.00398529,15
37.9197,0.138934,-0.290474,-0.0439823,0.205451,-0.348877,0.000120365,0.00398222,12
37.9237,0.137899,-0.292155,-0.0439823,0.201511,-0.367368,0.000129772,0.00398272,12
37.9277,0.136791,-0.283751,-0.0439823,0.200581,-0.350957,0.000145842,0.00398565,12
37.9317,0.135608,-0.290474,-0.0439823,0.20154,-0.367947,0.000315378,0.00398271,15
37.9357,0.134426,-0.283751,-0.0408407,0.192118,-0.344209,0.000152635,0.0039734,12
37.9397,0.133317,-0.285432,-0.0408407,0.192797,-0.348903,0.000130794,0.00398077,12
37.9437,0.132209,-0.285432,-0.0408407,0.203295,-0.319594,0.00062173,0.00398512,15
37.9477,0.130953,-0.28039,-0.0408407,0.202572,-0.311535,0.000122969,0.00398168,12
37.9517,0.129992,-0.274228,-0.0408407,0.202336,-0.298474,0.000121076,0.00398493,12
37.9557,0.128957,-0.358821,-0.0408407,0.203148,-0.516099,0.000120595,0.00398567,12
37.9597,0.127849,-0.267505,-0.0376991,0.194421,-0.272279,0.000415075,0.00398607,15
37.9637,0.12674,-0.262463,-0.0376991,0.198317,-0.24994,0.000122028,0.00398253,12
37.9677,0.125779,-0.257421,-0.0376991,0.194495,-0.2506,0.000122509,0.00398518,12
37.9717,0.124745,-0.262463,-0.0376991,0.195366,-0.263206,0.000119523,0.0039862,12
37.9757,0.12371,-0.252939,-0.0376991,0.202191,-0.220313,0.000213238,0.00398527,15
37.9797,0.122676,-0.251259,-0.0376991,0.195331,-0.238974,0.000121066,0.00398173,12
37.9837,0.121715,-0.247897,-0.0376991,0.187755,-0.255308,0.00011787,0.0039856,12
37.9877,0.120754,-0.249578,-0.0376991,0.181145,-0.281703,0.000498731,0.00398559,15
37.9917,0.119646,-0.241175,-0.0376991,0.177885,-0.272333,0.00015536,0.0039821,12
37.9957,0.118759,-0.241175,-0.0376991,0.159317,-0.330379,0.000123922,0.00398393,12
37.9997,0.117872,-0.235012,-0.0376991,0.139251,-0.377083,0.000120835,0.0039854,12
38.0037,0.116911,-0.240054,-0.0376991,0.12007,-0.450123,0.000302395,0.00398611,15
38.0077,0.115877,-0.240054,-0.0376991,0.104719,-0.49877,0.000121918,0.00398242,12
38.0117,0.11499,-0.236693,-0.0376991,0.0967013,-0.516278,0.00011784,0.00398553,12
38.0157,0.114103,-0.233332,-0.0376991,0.0783398,-0.565043,0.000591614,0.00398266,15
38.0197,0.113068,-0.233332,-0.0376991,0.0642869,-0.609767,0.000132086,0.00398045,12
38.0237,0.112182,-0.236693,-0.0376991,0.0576263,-0.640483,0.000125133,0.00398372,12
38.0277,0.111221,-0.240054,-0.0376991,0.0401203,-0.704135,0.00013364,0.00398401,12
38.0317,0.110334,-0.238374,-0.0376991,0.0257203,-0.745257,0.000403824,0.00398584,15
38.0357,0.1093,-0.242855,-0.0376991,0.0166689,-0.786406,0.000130955,0.00398242,12
38.0397,0.108339,-0.244536,-0.0376991,0.0154896,-0.796392,0.000122258,0.00398483,12
38.0437,0.107378,-0.249578,-0.0376991,0.00324336,-0.848477,0.000129171,0.00398432,12
38.0477,0.106344,-0.257421,-0.0376991,-0.00695911,-0.90176,0.000190415,0.00398446,15
38.0517,0.105309,-0.262463,-0.0376991,-0.0138566,-0.937842,0.000126325,0.00398517,12
38.0557,0.104274,-0.265824,-0.0376991,-0.0160471,-0.955373,0.000132397,0.00398412,12
38.0597,0.10324,-0.262463,-0.0408407,-0,-0.937955,0.000490296,0.00398557,15
38.0637,0.102057,-0.270866,-0.0408407,0.016047,-0.913678,0.000133159,0.00398243,12
38.0677,0.101023,-0.272547,-0.0408407,0.0138565,-0.926881,0.000126947,0.00396854,12
38.0717,0.0999141,-0.28039,-0.0408407,0.00695904,-0.970337,0.000129472,0.00398407,12
38.0757,0.0988056,-0.28039,-0.0408407,-0.00324354,-1.00358,0.000279241,0.00398476,15
38.0797,0.0976232,-0.288793,-0.0408407,-0.0154897,-1.06481,0.000128489,0.00398133,12
38.0837,0.0965147,-0.299998,-0.0408407,-0.0286581,-1.13587,0.000119713,0.00397325,12
38.0877,0.0953322,-0.298317,-0.0376991,-0.0537565,-1.17249,0.000595722,0.0039848,15
38.0917,0.0939281,-0.312883,-0.0376991,-0.0700241,-1.26222,0.000120915,0.00398505,12
38.0957,0.0928196,-0.324647,-0.0376991,-0.0784421,-1.32037,0.000118911,0.00398617,12
38.0997,0.0915633,-0.33249,-0.0376991,-0.0799917,-1.34798,0.000281766,0.00397722,12
38.1037,0.0900853,-0.342574,-0.0376991,-0.0756541,-1.36406,0.000864934,0.00393082,15
38.1077,0.0884595,-0.352098,-0.0376991,-0.0664104,-1.3642,0.000129863,0.00398302,12
38.1117,0.0873509,-0.368344,-0.0376991,-0.053242,-1.36865,0.000131005,0.00397312,12
38.1157,0.0858729,-0.380109,-0.0376991,-0.0371301,-1.35348,0.00011821,0.00398524,12
38.1197,0.0843949,-0.384591,-0.0376991,-0.0190556,-1.31362,0.000192019,0.00398385,15
38.1237,0.0827691,-0.392994,-0.0345575,-0.0119891,-1.27997,0.000149289,0.00398521,12
38.1277,0.0812172,-0.405879,-0.0345575,0.00300834,-1.27121,0.000129582,0.0039837,12
38.1317,0.0795174,-0.423806,-0.0314159,0.0112844,-1.25859,0.000507818,0.00398247,15
38.1357,0.0776699,-0.435011,-0.0314159,0.0302356,-1.2342,0.000121216,0.00398507,12
38.1397,0.076118,-0.362182,-0.0282743,0.043808,-0.971562,0.000130624,0.00398359,12
38.1437,0.0742705,-0.450137,-0.0282743,0.0681371,-1.12855,0.000119753,0.00398496,12
38.1477,0.0724969,-0.452938,-0.0251327,0.0860475,-1.04802,0.000346887,0.00398086,15
38.1517,0.0705754,-0.464702,-0.0251327,0.112693,-1.00199,0.000121387,0.00398263,12
38.1557,0.0688018,-0.468064,-0.0251327,0.142046,-0.925804,0.000118681,0.00398517,12
38.1597,0.0668804,-0.48431,-0.0219912,0.156651,-0.890214,0.000725514,0.0039853,15
38.1637,0.0646633,-0.490472,-0.0188496,0.159533,-0.864729,0.000129001,0.00398268,9
38.1677,0.0629636,-0.498876,-0.015708,0.174337,-0.807858,0.000122348,0.00398399,12
38.1717,0.0609683,-0.497195,-0.015708,0.203948,-0.718397,0.00011749,0.0039859,12
38.1757,0.058973,-0.506719,-0.0125664,0.23063,-0.629161,0.000437707,0.00398589,15
38.1797,0.0568298,-0.511761,-0.0125664,0.269677,-0.528818,0.00012336,0.00398162,12
38.1837,0.0549084,-0.511761,-0.0125664,0.315903,-0.393314,0.000120395,0.003971,12
38.1877,0.0528392,-0.518483,-0.00942478,0.353394,-0.264363,0.000165549,0.00398305,12
38.1917,0.05077,-0.523525,-0.00628319,0.387417,-0.141564,0.000233726,0.00398233,15
38.1957,0.0487007,-0.513441,-0.00314159,0.401077,-0.0413509,0.00012346,0.00398163,12
38.1997,0.0467054,-0.508399,-0.00314159,0.420958,0.0273596,0.000143438,0.00398586,12
38.2037,0.0447101,-0.502237,-0,0.429462,0.102054,0.000438799,0.00398359,15
38.2077,0.0424931,-0.490472,-0,0.442445,0.166747,0.000122418,0.00398171,12
38.2117,0.0407194,-0.48431,-0,0.455701,0.218809,0.000135984,0.00398558,12
38.2157,0.038798,-0.482629,0.00314159,0.454719,0.253456,0.000548935,0.00398271,17
38.2197,0.0366549,-0.479268,0.00628319,0.446588,0.270345,0.00012347,0.00398201,14
38.2237,0.0350291,-0.470865,0.00942478,0.438398,0.301166,0.000420134,0.0039485,14
38.2277,0.0329598,-0.461341,0.00942478,0.449368,0.354329,0.000124923,0.00398568,14
38.2317,0.031334,-0.451817,0.0125664,0.445347,0.400632,0.000487499,0.00398642,17
38.2357,0.0294126,-0.438372,0.0125664,0.457962,0.469188,0.000126646,0.00398099,14
38.2397,0.0277868,-0.43221,0.0125664,0.465473,0.504207,0.000120184,0.00398548,14
38.2437,0.026087,-0.428848,0.0125664,0.480007,0.553079,0.000121266,0.0039858,14
38.2477,0.0243873,-0.420445,0.0125664,0.481926,0.57681,0.000370942,0.00398563,20
38.2517,0.0226876,-0.562181,0.015708,0.473332,0.219648,0.000126005,0.00398212,14
38.2557,0.0212835,-0.386272,0.015708,0.456327,0.618158,0.000153677,0.00398549,14
38.2597,0.0197316,-0.371706,0.015708,0.445004,0.618062,0.00072844,0.00398547,17
38.2637,0.0181057,-0.35714,0.015708,0.443287,0.646836,0.000248364,0.00398222,13
38.2677,0.0168494,-0.345936,0.015708,0.435182,0.648452,0.000124151,0.00398277,14
38.2717,0.0155192,-0.33081,0.0188496,0.404552,0.629414,0.000127057,0.00398222,14
38.2757,0.0142629,-0.322967,0.0188496,0.366891,0.533061,0.000619436,0.00398597,17
38.2797,0.0128588,-0.310082,0.0188496,0.337412,0.474095,0.000123871,0.00398245,14
38.2837,0.0117503,-0.298317,0.0188496,0.299139,0.386313,0.000120535,0.00398567,14
38.2877,0.0105678,-0.288793,0.0188496,0.268407,0.315386,0.000121527,0.00398551,14
38.2917,0.00945932,-0.278709,0.0188496,0.250962,0.286216,0.000459558,0.00398552,20
38.2957,0.00827691,-0.269186,0.0219912,0.220221,0.252742,0.000124081,0.00398197,14
38.2997,0.0073162,-0.262463,0.0219912,0.192941,0.185518,0.000120836,0.00398512,14
38.3037,0.00628158,-0.251259,0.0219912,0.163573,0.123363,0.000120915,0.00398579,14
38.3077,0.00524697,-0.252939,0.0188496,0.159598,0.0672933,0.000395528,0.00398476,20
38.3117,0.00421235,-0.233332,0.0188496,0.143982,0.068335,0.000141244,0.00397301,14
38.3157,0.00339944,-0.231651,0.0188496,0.13418,0.0412677,0.000119102,0.00398547,14
38.3197,-0.00332554,0.854615,0.015708,0.148488,2.82945,0.000770378,0.00398491,14
38.3237,-0.00332554,0.854615,0.015708,0.152393,2.84125,0.000266397,0.00398247,13
38.3277,-0.00332554,0.854615,0.015708,0.143852,2.81544,0.000124282,0.00398231,14
38.3317,-0.00332554,0.854615,0.0125664,0.131409,2.74036,0.000121738,0.00398519,14
38.3357,-0.00332554,0.854615,0.0125664,0.111898,2.6814,0.000636177,0.00398572,17
38.3397,-0.00332554,0.854615,0.0125664,0.0703053,2.55571,0.000125645,0.0039821,13
38.3437,-0.00332554,0.854615,0.0125664,0.0235266,2.41435,0.000121507,0.00398527,14
38.3477,-0.00332554,0.854615,0.00942478,-0.0115435,2.27089,0.000119934,0.00398556,14
38.3517,-0.00332554,0.854615,0.00942478,-0.0499188,2.15492,0.000531923,0.00398592,17
38.3557,-0.00332554,0.854615,0.00942478,-0.0850111,2.04887,0.000122239,0.00398248,14
38.3597,-0.00332554,0.854615,0.00942478,-0.132115,1.90653,0.000122619,0.00398539,14
38.3637,-0.00332554,0.854615,0.00628319,-0.162906,1.776,0.000121486,0.00398497,14
38.3677,-0.00332554,0.854615,0.00314159,-0.181251,1.68308,0.000452876,0.00398562,20
38.3717,-0.00332554,0.854615,-0,-0.189614,1.62034,0.000121076,0.00398172,13
38.3757,-0.00332554,0.854615,-0,-0.201187,1.58536,0.000121086,0.00398454,12
38.3797,-0.00332554,0.854615,-0,-0.229861,1.49871,0.000451532,0.00398603,15
38.3837,-0.00332554,0.854615,-0.00314159,-0.246473,1.41103,0.000146503,0.00398212,12
38.3877,-0.00332554,0.854615,-0.00314159,-0.266597,1.35022,0.000147435,0.00398523,12
38.3917,-0.00332554,0.854615,-0.00628319,-0.273058,1.29322,0.000117669,0.00398595,12
38.3957,-0.00332554,0.854615,-0.00942478,-0.26958,1.26625,0.000211835,0.00398586,15
38.3997,-0.00332554,0.854615,-0.0125664,-0.25919,1.26017,0.000121797,0.00398218,12
38.4037,-0.00332554,0.854615,-0.0125664,-0.278083,1.20308,0.000118742,0.00398532,12
38.4077,-0.00332554,0.854615,-0.015708,-0.298355,1.10434,0.000483423,0.00398563,15
38.4117,-0.00332554,0.854615,-0.015708,-0.337543,0.985917,0.0001286,0.00397998,12
38.4157,-0.00332554,0.854615,-0.0219912,-0.347404,0.881163,0.00012354,0.00398553,12
38.4197,-0.00332554,0.854615,-0.0219912,-0.376964,0.791835,0.000119683,0.00398562,12
38.4237,-0.00332554,0.854615,-0.0251327,-0.409608,0.65571,0.000311261,0.00398463,15
38.4277,-0.00332554,0.854615,-0.0282743,-0.42872,0.560475,0.000129392,0.0039826,12
38.4317,-0.00332554,0.854615,-0.0282743,-0.461585,0.461159,0.000118932,0.00398522,12
38.4357,-0.00332554,0.854615,-0.0345575,-0.479739,0.331345,0.000718831,0.00398486,15
38.4397,-0.00332554,0.854615,-0.0376991,-0.486767,0.27263,0.000153877,0.00398158,9
38.4437,-0.00332554,0.854615,-0.0376991,-0.508691,0.206377,0.000118722,0.0039845,12
38.4477,-0.00332554,0.854615,-0.0408407,-0.528055,0.110382,0.000118742,0.00398547,12
38.4517,-0.00332554,0.854615,-0.0439823,-0.549566,0.00790028,0.000524639,0.00398587,15
38.4557,-0.00332554,0.854615,-0.0471239,-0.55675,-0.0512853,0.000121567,0.00398256,12
38.4597,-0.00332554,0.854615,-0.0502655,-0.565601,-0.11551,0.000120084,0.00398548,12
38.4637,-0.00332554,0.854615,-0.0502655,-0.592816,-0.197752,0.000117349,0.00398622,12
38.4677,-0.00332554,0.854615,-0.0534071,-0.624022,-0.329531,0.000317963,0.00398579,15
38.4717,-0.00332554,0.854615,-0.0565487,-0.645689,-0.432484,0.000137807,0.00398253,12
38.4757,-0.00332554,0.854615,-0.0596903,-0.655293,-0.498985,0.000117489,0.00398553,12
38.4797,-0.00332554,0.854615,-0.0628318,-0.64933,-0.518443,0.000715085,0.00398243,15
38.4837,-0.00332554,0.854615,-0.0628318,-0.657047,-0.541761,0.000119603,0.00398276,12
38.4877,-0.00332554,0.854615,-0.0659734,-0.664771,-0.602579,0.000119483,0.00398514,12
38.4917,-0.00332554,0.854615,-0.0659734,-0.671801,-0.623826,0.000126756,0.00398401,12
38.4957,-0.00332554,0.854615,-0.069115,-0.678419,-0.681302,0.000458226,0.00398574,15
38.4997,-0.00332554,0.854615,-0.0722566,-0.673897,-0.705112,0.000430183,0.00394802,12
38.5037,-0.00332554,0.854615,-0.0753982,-0.658655,-0.696528,0.000121066,0.00398502,12
38.5077,-0.00332554,0.854615,-0.0753982,-0.644262,-0.653032,0.000119743,0.00397661,12
38.5117,-0.00332554,0.854615,-0.0785398,-0.631278,-0.651272,0.000315378,0.00398596,15
38.5157,-0.00332554,0.854615,-0.0785398,-0.621246,-0.620955,0.000157645,0.00397926,12
38.5197,-0.00332554,0.854615,-0.0785398,-0.628677,-0.643411,0.000128129,0.00398522,12
38.5237,-0.00332554,0.854615,-0.084823,-0.591435,-0.605823,0.000658729,0.00397504,15
38.5277,-0.00332554,0.854615,-0.084823,-0.577545,-0.563845,0.000127178,0.00397928,12
38.5317,-0.00332554,0.854615,-0.0879646,-0.556638,-0.538142,0.00012845,0.00398359,12
38.5357,-0.00332554,0.854615,-0.0879646,-0.543087,-0.497191,0.000123351,0.00398545,12
38.5397,-0.00332554,0.854615,-0.0911062,-0.540115,-0.525687,0.000694617,0.003958,15
38.5437,-0.00332554,0.854615,-0.0911062,-0.530046,-0.495258,0.000128029,0.00398176,12
38.5477,-0.00332554,0.854615,-0.0911062,-0.518059,-0.459034,0.000120956,0.00398504,12
38.5517,-0.00332554,0.854615,-0.0942478,-0.507658,-0.46508,0.000121527,0.00398562,12
38.5557,-0.00332554,0.854615,-0.0973894,-0.490919,-0.451972,0.00022488,0.00398475,15
38.5597,-0.00332554,0.854615,-0.100531,-0.470647,-0.428187,0.00012325,0.00398227,12
38.5637,-0.00332554,0.854615,-0.100531,-0.460371,-0.397133,0.000121056,0.00398473,12
38.5677,-0.00332554,0.854615,-0.103673,-0.440452,-0.374415,0.000535219,0.00398603,15
38.5717,-0.00332554,0.854615,-0.103673,-0.445322,-0.389132,0.00012851,0.00398038,12
38.5757,-0.00332554,0.854615,-0.106814,-0.444334,-0.423623,0.000130414,0.00398522,12
38.5797,-0.00332554,0.854615,-0.109956,-0.43917,-0.445495,0.000147065,0.00398594,12
38.5837,-0.00332554,0.854615,-0.113097,-0.43011,-0.455592,0.000375972,0.00398549,15
38.5877,-0.00332554,0.854615,-0.113097,-0.428022,-0.449282,0.000121597,0.00398264,12
38.5917,-0.00332554,0.854615,-0.113097,-0.444194,-0.498153,0.000119553,0.00398543,12
38.5957,-0.00332554,0.854615,-0.116239,-0.446436,-0.542407,0.000719172,0.00398624,12
38.5997,-0.00332554,0.854615,-0.119381,-0.456492,-0.610271,0.000201707,0.00398211,9
38.6037,-0.00332554,0.854615,-0.122522,-0.462792,-0.666787,0.000120865,0.00397476,12
38.6077,-0.00332554,0.854615,-0.122522,-0.476344,-0.707741,0.000120796,0.00398524,12
38.6117,-0.00332554,0.854615,-0.125664,-0.474846,-0.740689,0.000507107,0.00398545,15
38.6157,-0.00332554,0.854615,-0.128805,-0.477936,-0.787506,0.000121397,0.00398263,12
38.6197,-0.00332554,0.854615,-0.128805,-0.483934,-0.805629,0.000126366,0.00398313,12
38.6237,-0.00332554,0.854615,-0.131947,-0.491577,-0.866202,0.00012878,0.00398598,12
38.6277,-0.00332554,0.854615,-0.135088,-0.509777,-0.95868,0.000342059,0.00398328,15
38.6317,-0.00332554,0.854615,-0.13823,-0.504523,-0.980279,0.000131736,0.00398217,12
38.6357,-0.00332554,0.854615,-0.13823,-0.51803,-1.0211,0.00011759,0.00398592,12
38.6397,-0.00332554,0.854615,-0.141372,-0.515448,-1.05077,0.000708061,0.00398554,12
38.6437,-0.00332554,0.854615,-0.144513,-0.515993,-1.08989,0.000165238,0.0039827,9
38.6477,-0.00332554,0.854615,-0.147655,-0.505715,-1.09631,0.000146774,0.00398504,12
38.6517,-0.00332554,0.854615,-0.150796,-0.503132,-1.12598,0.0001179,0.00398581,12
38.6557,-0.00332554,0.854615,-0.153938,-0.515474,-1.20076,0.000516354,0.00398601,15
38.6597,-0.00332554,0.854615,-0.153938,-0.541058,-1.27807,0.000122359,0.00398247,12
38.6637,-0.00332554,0.854615,-0.15708,-0.557303,-1.36464,0.000118171,0.00398528,12
38.6677,-0.00332554,0.854615,-0.160221,-0.562245,-1.41705,0.000134632,0.00398046,12
38.6717,-0.00332554,0.854615,-0.163363,-0.574543,-1.49169,0.000349222,0.00398557,15
38.6757,-0.00332554,0.854615,-0.166504,-0.579963,-1.54555,0.000121387,0.0039825,12
38.6797,-0.00332554,0.854615,-0.169646,-0.597027,-1.63459,0.000125234,0.00398552,12
38.6837,-0.00332554,0.854615,-0.172788,-0.6115,-1.7158,0.000120425,0.00398441,12
38.6877,-0.00332554,0.854615,-0.175929,-0.6203,-1.77987,0.000418702,0.00397919,20
38.6917,-0.00332554,0.854615,-0.179071,-0.619502,-1.81494,0.000122999,0.00398171,14
38.6957,-0.00332554,0.854615,-0.182212,-0.626081,-1.8723,0.000121347,0.00398532,14
38.6997,-0.00332554,0.854615,-0.185354,-0.646147,-1.97041,0.000120014,0.00397647,14
38.7037,-0.00332554,0.854615,-0.188496,-0.665328,-2.06585,0.00071748,0.00398591,17
38.7077,-0.00332554,0.854615,-0.191637,-0.680679,-2.14972,0.000324075,0.00398213,13
38.7117,-0.00332554,0.854615,-0.194779,-0.688697,-2.21142,0.000152354,0.00398232,14
38.7157,-0.00332554,0.854615,-0.201062,-0.695069,-2.30564,0.000121006,0.00398478,14
38.7197,-0.00332554,0.854615,-0.201062,-0.717053,-2.37207,0.000119373,0.00398567,14
38.7237,-0.00332554,0.854615,-0.204204,-0.729962,-2.44856,0.00012344,0.00398494,14
38.7277,-0.00332554,0.854615,-0.210487,-0.740186,-2.55441,0.000548414,0.00398627,17
38.7317,-0.00332554,0.854615,-0.213628,-0.753833,-2.63312,0.00012849,0.00397056,14
38.7357,-0.00332554,0.854615,-0.21677,-0.767119,-2.71075,0.000132458,0.00397268,14
38.7397,-0.00332554,0.854615,-0.219911,-0.776118,-2.77542,0.000118641,0.00398583,14
38.7437,-0.00332554,0.854615,-0.226195,-0.786519,-2.88181,0.000124602,0.00398539,14
38.7477,-0.00332554,0.854615,-0.229336,-0.804009,-2.97214,0.000493351,0.0039863,17
38.7517,-0.00332554,0.854615,-0.232478,-0.824664,-3.07203,0.000124092,0.00398251,14
38.7557,-0.00332554,0.854615,-0.238761,-0.832712,-3.17131,0.000132017,0.0039857,14
38.7597,-0.00332554,0.854615,-0.238761,-0.856415,-3.24293,0.000118762,0.00398551,14
38.7637,-0.00332554,0.854615,-0.241903,-0.870667,-3.32348,0.00012307,0.00398574,14
38.7677,-0.00332554,0.854615,-0.251327,-0.870009,-3.43392,0.000486628,0.00398618,20
38.7717,-0.00332554,0.854615,-0.254469,-0.881168,-3.50512,0.000124883,0.00398134,14
38.7757,-0.00332554,0.854615,-0.257611,-0.899943,-3.59934,0.00015533,0.00398564,14
38.7797,-0.00332554,0.854615,-0.263894,-0.910698,-3.70679,0.000122539,0.00398504,14
38.7837,-0.00332554,0.854615,-0.267035,-0.930269,-3.80341,0.000141083,0.0039859,14
38.7877,-0.00332554,0.854615,-0.273319,-0.942462,-3.91521,0.000466511,0.00398637,20
38.7917,-0.00332554,0.854615,-0.27646,-0.963693,-4.01684,0.000125734,0.0039818,14
38.7957,-0.00332554,0.854615,-0.279602,-0.989475,-4.13224,0.000118912,0.00398574,14
38.7997,-0.00332554,0.854615,-0.285885,-1.00418,-4.25162,0.000119133,0.00398611,14
38.8037,-0.00332554,0.854615,-0.289027,-1.02491,-4.35176,0.000138208,0.00398603,14
38.8077,-0.00332554,0.854615,-0.29531,-1.03605,-4.46037,0.000433028,0.00398593,20
38.8117,-0.00332554,0.854615,-0.301593,-1.04286,-4.5559,0.000135763,0.00398245,14
38.8157,-0.00332554,0.854615,-0.304734,-1.06189,-4.65089,0.000133349,0.00398545,14
38.8197,-0.00332554,0.854615,-0.311018,-1.07724,-4.77221,0.000122098,0.0039854,14
38.8237,-0.00332554,0.854615,-0.314159,-1.08441,-4.83135,0.000118992,0.00398603,14
38.8277,-0.00332554,0.854615,-0.323584,-1.08811,-4.95497,0.000430825,0.00398162,20
38.8317,-0.00332554,0.854615,-0.326726,-1.11437,-5.07181,0.000126917,0.00398251,14
38.8357,-0.00332554,0.854615,-0.329867,-1.13766,-5.17968,0.000119232,0.00398537,14
38.8397,-0.00332554,0.854615,-0.339292,-1.14194,-5.30504,0.000132186,0.00398572,14
38.8437,-0.00332554,0.854615,-0.342434,-1.16452,-5.41073,0.000158696,0.0039862,14
38.8477,-0.00332554,0.854615,-0.351858,-1.17706,-5.56108,0.000449889,0.00398585,20
38.8517,-0.00332554,0.854615,-0.355,-1.19516,-5.65324,0.000122679,0.00398224,14
38.8557,-0.00332554,0.854615,-0.361283,-1.21277,-5.78143,0.000121156,0.00398557,14
38.8597,-0.00332554,0.854615,-0.367566,-1.23378,-5.91985,0.000138829,0.00398582,14
38.8637,-0.00332554,0.854615,-0.37385,-1.24057,-6.01532,0.000117639,0.00398634,14
38.8677,-0.00332554,0.854615,-0.380133,-1.26949,-6.17767,0.000458116,0.00398509,20
38.8717,-0.00332554,0.854615,-0.386416,-1.31353,-6.38571,0.000130594,0.00398241,14
38.8757,-0.00332554,0.854615,-0.392699,-1.3349,-6.52525,0.000130794,0.0039805,14
38.8797,-0.00332554,0.854615,-0.398982,-1.36018,-6.6766,0.000131255,0.00398582,14
38.8837,-0.00332554,0.854615,-0.405265,-1.39267,-6.84975,0.000120284,0.0039858,14
38.8877,-0.00332554,0.854615,-0.41469,-1.4028,-6.99278,0.000513158,0.00398614,17
38.8917,-0.00332554,0.854615,-0.417832,-1.43762,-7.13548,0.000135553,0.0039826,14
38.8957,-0.00332554,0.854615,-0.427257,-1.44595,-7.27307,0.000135212,0.0039753,14
38.8997,-0.00332554,0.854615,-0.430398,-1.47512,-7.39872,0.000124472,0.00398524,14
38.9037,-0.00332554,0.854615,-0.439823,-1.49612,-7.57462,0.000122178,0.00398565,14
38.9077,-0.00332554,0.854615,-0.449248,-1.50111,-7.70211,0.000590202,0.00398598,17
38.9117,-0.00332554,0.854615,-0.455531,-1.52571,-7.85141,0.000173454,0.00398129,13
38.9157,-0.00332554,0.854615,-0.464956,-1.53978,-8.00636,0.00013399,0.00397996,14
38.9197,-0.00332554,0.854615,-0.468097,-1.56893,-8.13192,0.00013932,0.0039853,14
38.9237,-0.00332554,0.854615,-0.477522,-1.59485,-8.32268,0.000124874,0.00398389,14
38.9277,-0.00332554,0.854615,-0.490088,-1.59702,-8.47913,0.000699215,0.00398639,17
38.9317,-0.00332554,0.854615,-0.49323,-1.64283,-8.65505,0.000267339,0.00397831,13
38.9357,-0.00332554,0.854615,-0.502655,-1.65922,-8.81701,0.000139801,0.00397767,14
38.9397,-0.00332554,0.854615,-0.51208,-1.6807,-8.99436,0.000131836,0.00398053,14
38.9437,-0.00332554,0.854615,-0.518363,-1.73035,-9.21937,0.00013909,0.00398146,14
38.9477,-0.00332554,0.854615,-0.527788,-1.75672,-9.41147,0.000731886,0.00398555,17
38.9517,-0.00332554,0.854615,-0.537212,-1.79458,-9.63833,0.000382124,0.00396607,13
38.9557,-0.00332554,0.854615,-0.543496,-1.82425,-9.80294,0.000121787,0.00398262,14
38.9597,-0.00332554,0.854615,-0.55292,-1.85892,-10,0.000121277,0.00398539,14
38.9637,-0.00332554,0.854615,-0.562345,-1.88891,-10,0.000120154,0.00398567,14
38.9677,-0.00332554,0.854615,-0.568628,-1.92799,-10,0.000121416,0.00398402,14
38.9717,-0.00332554,0.854615,-0.584336,-1.93359,-10,0.000552942,0.00398566,17
38.9757,-0.00332554,0.854615,-0.593761,-1.9483,-10,0.000169637,0.00398123,13
38.9797,-0.00332554,0.854615,-0.603186,-1.97123,-10,0.000135823,0.00398448,14
38.9837,-0.00332554,0.854615,-0.612611,-2.00161,-10,0.000138208,0.00398514,14
38.9877,-0.00332554,0.854615,-0.618894,-2.05095,-10,0.000135373,0.00398435,14
38.9917,-0.00332554,0.854615,-0.63146,-2.08728,-10,0.000692562,0.00398236,17
38.9957,-0.00332554,0.854615,-0.644027,-2.09897,-10,0.000335987,0.00398244,13
38.9997,-0.00332554,0.854615,-0.653451,-2.13878,-10,0.000138598,0.00398212,14
39.0037,-0.00332554,0.854615,-0.662876,-2.17306,-10,0.000119173,0.00398572,14
39.0077,-0.00332554,0.854615,-0.672301,-2.23478,-10,0.00012286,0.00398521,14
39.0117,-0.00332554,0.854615,-0.681726,-2.29253,-10,0.000119463,0.00398585,14
39.0157,-0.00332554,0.854615,-0.697434,-2.31434,-10,0.000507037,0.00398287,17
39.0197,-0.00332554,0.854615,-0.706858,-2.35325,-10,0.000125495,0.00398132,13
39.0237,-0.00332554,0.854615,-0.716283,-2.38674,-10,0.000128009,0.00398375,14
39.0277,-0.00332554,0.854615,-0.728849,-2.43567,-10,0.000127118,0.00398469,14
39.0317,-0.00332554,0.854615,-0.741416,-2.47712,-10,0.000121917,0.00398564,14
39.0357,-0.00332554,0.854615,-0.753982,-2.48887,-10,0.000692182,0.00398598,17
39.0397,-0.00332554,0.854615,-0.766549,-2.52254,-10,0.000385039,0.00398209,13
39.0437,-0.00332554,0.854615,-0.779115,-2.55285,-10,0.000124753,0.00398103,14
39.0477,-0.00332554,0.854615,-0.78854,-2.58947,-10,0.000122949,0.00398535,14
39.0517,-0.00332554,0.854615,-0.801106,-2.63108,-10,0.000119152,0.00398589,14
39.0557,-0.00332554,0.854615,-0.810531,-2.67749,-10,0.000129732,0.00398249,14
39.0597,-0.00332554,0.854615,-0.82938,-2.68404,-10,0.000694466,0.00398568,17
39.0637,-0.00332554,0.854615,-0.838805,-2.72479,-10,0.000296403,0.0039798,13
39.0677,-0.00332554,0.854615,-0.851372,-2.76653,-10,0.00012358,0.00398121,14
39.0717,-0.00332554,0.854615,-0.863938,-2.80975,-10,0.00012287,0.00398463,14
39.0757,-0.00332554,0.854615,-0.876504,-2.87684,-10,0.000125855,0.00398613,14
39.0797,-0.00332554,0.854615,-0.885929,-2.92719,-10,0.000122829,0.00398595,14
39.0837,-0.00332554,0.854615,-0.904779,-2.94042,-10,0.000568451,0.00398489,17
39.0877,-0.00332554,0.854615,-0.917345,-2.95797,-10,0.000254244,0.00398138,13
39.0917,-0.00332554,0.854615,-0.929911,-2.97854,-10,0.000122489,0.00398236,14
39.0957,-0.00332554,0.854615,-0.942478,-3.02338,-10,0.000119564,0.00397106,14
39.0997,-0.00332554,0.854615,-0.955044,-3.06122,-10,0.000131025,0.00398355,14
39.1037,-0.00332554,0.854615,-0.96761,-3.08408,-10,0.000188311,0.00397547,14
39.1077,-0.00332554,0.854615,-0.989602,-3.06904,-10,0.000575674,0.00398537,17
39.1117,-0.00332554,0.854615,-1.00217,-3.07818,-10,0.000265255,0.00398137,13
39.1157,-0.00332554,0.854615,-1.01473,-3.11019,-10,0.000122138,0.00398237,14
39.1197,-0.00332554,0.854615,-1.0273,-3.16571,-10,0.000120895,0.00398561,14
39.1237,-0.00332554,0.854615,-1.04301,-3.192,-10,0.000127307,0.00398548,14
39.1277,-0.00332554,0.854615,-1.05558,-3.23402,-10,0.000119903,0.00398608,14
39.1317,-0.00332554,0.854615,-1.07442,-3.26929,-10,0.000601242,0.00398414,17
39.1357,-0.00332554,0.854615,-1.09013,-3.30777,-10,0.000304789,0.00398211,13
39.1397,-0.00332554,0.854615,-1.1027,-3.3607,-10,0.000125214,0.00398182,14
39.1437,-0.00332554,0.854615,-1.11527,-3.41855,-10,0.000125804,0.00398549,14
39.1477,-0.00332554,0.854615,-1.13097,-3.46077,-10,0.000129703,0.00398467,14
39.1517,-0.00332554,0.854615,-1.14354,-3.49971,-10,0.000123581,0.00398567,14
39.1557,-0.00332554,0.854615,-1.16553,-3.51288,-10,0.000677444,0.00397026,17
39.1597,-0.00332554,0.854615,-1.18124,-3.53088,-10,0.000353851,0.00398077,13
39.1637,-0.00332554,0.854615,-1.19381,-3.58639,-10,0.000122319,0.00398257,14
39.1677,-0.00332554,0.854615,-1.20637,-3.61694,-10,0.000122118,0.00398408,14
39.1717,-0.00332554,0.854615,-1.22208,-3.64728,-10,0.000135663,0.00398569,14
39.1757,-0.00332554,0.854615,-1.23465,-3.68002,-10,0.000125304,0.0039846,14
39.1797,-0.00332554,0.854615,-1.25664,-3.674,-10,0.000756482,0.00398601,14
39.1838,-0.00332554,0.854615,-1.27235,-3.67378,-10,0.000425855,0.00398154,13
39.1877,-0.00332554,0.854615,-1.28491,-3.7147,-10,0.000126717,0.00398021,14
39.1917,-0.00332554,0.854615,-1.30062,-3.72566,-10,0.000119242,0.00398561,14
39.1957,-0.00332554,0.854615,-1.31633,-3.73366,-10,0.000119182,0.00398584,14
39.1997,-0.00332554,0.854615,-1.33204,-3.74243,-10,0.000133549,0.00398583,14
39.2038,-0.00332554,0.854615,-1.3446,-3.76852,-10,0.000120384,0.00398598,14
39.2077,-0.00332554,0.854615,-1.36659,-3.77359,-10,0.000527544,0.00398574,17
39.2118,-0.00332554,0.854615,-1.3823,-3.80582,-10,0.000242462,0.00398199,13
39.2157,-0.00332554,0.854615,-1.39487,-3.81809,-10,0.000129772,0.00398086,14
39.2197,-0.00332554,0.854615,-1.41058,-3.8282,-10,0.000128489,0.00398518,14
39.2238,-0.00332554,0.854615,-1.42314,-3.85286,-10,0.000131445,0.00398466,14
39.2277,-0.00332554,0.854615,-1.43885,-3.8781,-10,0.000141514,0.00398581,14
39.2318,-0.00332554,0.854615,-1.46084,-3.86727,-10,0.000580093,0.00398578,17
39.2357,-0.00332554,0.854615,-1.47341,-3.89267,-10,0.000302234,0.00398021,13
39.2397,-0.00332554,0.854615,-1.48911,-3.89743,-10,0.000130454,0.0039824,14
39.2438,-0.00332554,0.854615,-1.50482,-3.88989,-10,0.000121997,0.00398556,14
39.2477,-0.00332554,0.854615,-1.51739,-3.89971,-10,0.00012292,0.00398584,14
39.2518,-0.00332554,0.854615,-1.5331,-3.91422,-10,0.000129472,0.00398353,14
39.2557,-0.00332554,0.854615,-1.55509,-3.89828,-10,0.000699616,0.0039858,17
39.2598,-0.00332554,0.854615,-1.56765,-3.92601,-10,0.00034834,0.00398185,13
39.2638,-0.00332554,0.854615,-1.58336,-3.92092,-10,0.000122498,0.00398158,14
39.2677,-0.00332554,0.854615,-1.59593,-3.91574,-10,0.000129562,0.00398584,14
39.2718,-0.00332554,0.854615,-1.6085,-3.92078,-10,0.00013385,0.00398153,14
39.2757,-0.00332554,0.854615,-1.62106,-3.93772,-10,0.000122148,0.0039853,14
39.2798,-0.00332554,0.854615,-1.64619,-3.90192,-10,0.000711708,0.00398607,17
39.2838,-0.00332554,0.854615,-1.65876,-3.91147,-10,0.000419764,0.00398259,13
39.2878,-0.00332554,0.854615,-1.67133,-3.90411,-10,0.000121487,0.00398173,14
39.2918,-0.00332554,0.854615,-1.68389,-3.89489,-10,0.000124973,0.00398174,14
39.2957,-0.00332554,0.854615,-1.6996,-3.88607,-10,0.000122018,0.00398524,14
39.2998,-0.00332554,0.854615,-1.71217,-3.88129,-10,0.000149399,0.0039855,14
39.3037,-0.00332554,0.854615,-1.73416,-3.83985,-10,0.00075519,0.00398278,14
39.3078,-0.00332554,0.854615,-1.74673,-3.81811,-10,0.000575685,0.00398249,10
39.3118,-0.00332554,0.854615,-1.76243,-3.81842,-10,0.000389897,0.00398233,14
39.3158,-0.00332554,0.854615,-1.775,-3.80124,-10,0.000158375,0.00398149,14
39.3198,-0.00332554,0.854615,-1.78757,-3.78231,-10,0.000124543,0.00397203,16
39.3238,-0.00332554,0.854615,-1.80327,-3.76432,-10,0.00038025,0.00395503,16
39.3278,-0.00332554,0.854615,-1.81898,-3.73905,-10,0.00012289,0.00398548,16
39.3318,-0.00332554,0.854615,-1.83155,-3.74332,-10,0.000127198,0.00398629,16
39.3358,-0.00332554,0.854615,-1.84726,-3.74957,-10,0.000125394,0.00398586,16
39.3398,-0.00332554,0.854615,-1.85982,-3.73177,-10,0.000131185,0.00398347,16
39.3438,-0.00332554,0.854615,-1.88181,-3.69259,-10,0.000732097,0.00398483,19
39.3478,-0.00332554,0.854615,-1.89752,-3.66336,-10,0.000781168,0.00394761,14
39.3518,-0.00332554,0.854615,-1.91009,-3.65526,-10,0.000561308,0.00394814,14
39.3558,-0.00332554,0.854615,-1.92265,-3.68053,-10,0.000127758,0.0039837,16
39.3598,-0.00332554,0.854615,-1.93522,-3.72068,-10,0.000129552,0.00398582,16
39.3638,-0.00332554,0.854615,-1.95093,-3.71466,-10,0.000156753,0.00398533,16
39.3678,-0.00332554,0.854615,-1.9635,-3.7195,-10,0.000135774,0.00398117,16
39.3718,-0.00332554,0.854615,-1.97606,-3.71527,-10,0.000127488,0.00398606,16
39.3758,-0.00332554,0.854615,-1.99177,-3.70436,-10,0.000124573,0.00398591,16
39.3798,-0.00332554,0.854615,-2.01062,-3.68748,-10,0.000848514,0.00398616,16
39.3838,-0.00332554,0.854615,-2.02633,-3.69793,-10,0.000680941,0.00398051,11
39.3878,-0.00332554,0.854615,-2.03889,-3.67331,-10,0.0004344,0.00398197,14
39.3918,-0.00332554,0.854615,-2.05146,-3.65946,-10,0.000422088,0.00394753,14
39.3958,-0.00332554,0.854615,-2.06717,-3.64466,-10,0.000125434,0.00398492,16
39.3998,-0.00332554,0.854615,-2.07973,-3.65151,-10,0.000130493,0.00398554,16
39.4038,-0.00332554,0.854615,-2.09544,-3.64964,-10,0.00012334,0.00398609,16
39.4078,-0.00332554,0.854615,-2.10801,-3.6749,-10,0.00012291,0.00398613,16
39.4118,-0.00332554,0.854615,-2.12058,-3.66665,-10,0.000121767,0.00398609,16
39.4158,-0.00332554,0.854615,-2.13314,-3.66215,-10,0.000126446,0.00398624,16
39.4198,-0.00332554,0.854615,-2.15199,-3.61904,-10,0.000745652,0.00398569,19
39.4238,-0.00332554,0.854615,-2.16456,-3.59265,-10,0.000546911,0.00398145,14
39.4278,-0.00332554,0.854615,-2.18027,-3.57309,-10,0.000342399,0.00398244,14
39.4318,-0.00332554,0.854615,-2.19283,-3.56288,-10,0.000153747,0.00398118,14
39.4358,-0.00332554,0.854615,-2.20854,-3.54323,-10,0.000123461,0.0039854,16
39.4398,-0.00332554,0.854615,-2.22111,-3.54925,-10,0.000125404,0.00398536,16
39.4438,-0.00332554,0.854615,-2.23367,-3.56289,-10,0.00012869,0.00397024,16
39.4478,-0.00332554,0.854615,-2.24624,-3.60002,-10,0.000119563,0.00398602,16
39.4518,-0.00332554,0.854615,-2.26195,-3.58946,-10,0.000124082,0.00398564,16
39.4558,-0.00332554,0.854615,-2.27765,-3.55564,-10,0.000843644,0.00398615,16
39.4598,-0.00332554,0.854615,-2.29336,-3.51872,-10,0.000679238,0.00398101,11
39.4638,-0.00332554,0.854615,-2.30593,-3.49892,-10,0.000430724,0.0039826,14
39.4678,-0.00332554,0.854615,-2.32164,-3.48466,-10,0.000242522,0.00398079,14
39.4718,-0.00332554,0.854615,-2.3342,-3.47652,-10,0.000126386,0.00396401,16
39.4758,-0.00332554,0.854615,-2.34677,-3.48716,-10,0.000381602,0.00395501,16
39.4798,-0.00332554,0.854615,-2.35934,-3.51929,-10,0.000132548,0.00398385,16
39.4838,-0.00332554,0.854615,-2.3719,-3.55574,-10,0.000122919,0.00398617,16
39.4878,-0.00332554,0.854615,-2.38761,-3.55769,-10,0.000124022,0.00398607,16
39.4918,-0.00332554,0.854615,-2.40018,-3.54981,-10,0.000124011,0.00398606,16
39.4958,-0.00332554,0.854615,-2.41588,-3.53251,-10,0.000749428,0.00398625,19
39.4998,-0.00332554,0.854615,-2.43159,-3.51569,-10,0.000513859,0.00398159,14
39.5038,-0.00332554,0.854615,-2.44416,-3.49935,-10,0.000324957,0.00398218,14
39.5078,-0.00332554,0.854615,-2.45673,-3.49535,-10,0.000140112,0.00398115,16
39.5118,-0.00332554,0.854615,-2.47243,-3.47147,-10,0.000126997,0.00398542,16
39.5158,-0.00332554,0.854615,-2.485,-3.4609,-10,0.000380871,0.00395584,16
39.5198,-0.00332554,0.854615,-2.49757,-3.46476,-10,0.000138419,0.0039854,16
39.5238,-0.00332554,0.854615,-2.51013,-3.48587,-10,0.000120976,0.00398604,16
39.5278,-0.00332554,0.854615,-2.5227,-3.4852,-10,0.000120996,0.00398605,16
39.5318,-0.00332554,0.854615,-2.54155,-3.46502,-10,0.000784725,0.00397477,19
39.5358,-0.00332554,0.854615,-2.55411,-3.44705,-10,0.000584772,0.00398188,11
39.5398,-0.00332554,0.854615,-2.56668,-3.44302,-10,0.000382053,0.00398249,14
39.5438,-0.00332554,0.854615,-2.57925,-3.43243,-10,0.000132758,0.00398193,14
39.5478,-0.00332554,0.854615,-2.59181,-3.42813,-10,0.000130473,0.00398342,16
39.5518,-0.00332554,0.854615,-2.60438,-3.43234,-10,0.000371673,0.00395725,16
39.5558,-0.00332554,0.854615,-2.61695,-3.44872,-10,0.000373958,0.00395533,16
39.5598,-0.00332554,0.854615,-2.62951,-3.46057,-10,0.000125354,0.0039854,16
39.5638,-0.00332554,0.854615,-2.64208,-3.46262,-10,0.000124242,0.00398559,16
39.5678,-0.00332554,0.854615,-2.6515,-3.4609,-10,0.000121838,0.00398621,16
39.5718,-0.00332554,0.854615,-2.6735,-3.41443,-10,0.000685941,0.00398191,19
39.5758,-0.00332554,0.854615,-2.68292,-3.37887,-10,0.000436465,0.00398144,14
39.5798,-0.00332554,0.854615,-2.69549,-3.34568,-10,0.000379819,0.00394687,14
39.5838,-0.00332554,0.854615,-2.70491,-3.32912,-10,0.000139891,0.00398507,16
39.5878,-0.00332554,0.854615,-2.71748,-3.31249,-10,0.000120395,0.00398605,16
39.5918,-0.00332554,0.854615,-2.73004,-3.30167,-10,0.000121336,0.00398606,16
39.5958,-0.00332554,0.854615,-2.74261,-3.28165,-10,0.000130414,0.00398363,16
39.5998,-0.00332554,0.854615,-2.75204,-3.28201,-10,0.000122929,0.00398515,16
39.6038,-0.00332554,0.854615,-2.77088,-3.24343,-10,0.00083596,0.00397989,16
39.6078,-0.00332554,0.854615,-2.78031,-3.2147,-10,0.00067502,0.00398223,11
39.6118,-0.00332554,0.854615,-2.79288,-3.18973,-10,0.000433089,0.00398222,14
39.6158,-0.00332554,0.854615,-2.80544,-3.17256,-10,0.000175989,0.00398237,14
39.6198,-0.00332554,0.854615,-2.81487,-3.15793,-10,0.000125615,0.00398346,16
39.6238,-0.00332554,0.854615,-2.82743,-3.14088,-10,0.000120746,0.0039854,16
39.6278,-0.00332554,0.854615,-2.84,-3.12628,-10,0.000149188,0.00398578,16
39.6318,-0.00332554,0.854615,-2.84942,-3.13118,-10,0.000122398,0.00398583,16
39.6358,-0.00332554,0.854615,-2.85885,-3.15283,-10,0.000121327,0.00398638,16
39.6398,-0.00332554,0.854615,-2.87456,-3.12285,-10,0.000822165,0.00398502,19
39.6438,-0.00332554,0.854615,-2.88712,-3.08992,-10,0.000666794,0.00398105,11
39.6478,-0.00332554,0.854615,-2.89341,-3.08066,-10,0.00034312,0.00398223,14
39.6518,-0.00332554,0.854615,-2.90597,-3.05762,-10,0.000123871,0.00398242,16
39.6558,-0.00332554,0.854615,-2.9154,-3.03824,-10,0.000121727,0.00398557,16
39.6598,-0.00332554,0.854615,-2.92796,-3.00754,-10,0.000124593,0.00398519,16
39.6638,-0.00332554,0.854615,-2.93739,-2.98349,-10,0.000120065,0.00398595,16
39.6678,-0.00332554,0.854615,-2.94367,-2.97552,-10,0.000130804,0.00398306,16
39.6718,-0.00332554,0.854615,-2.9531,-2.96208,-10,0.000123561,0.00398582,16
39.6758,-0.00332554,0.854615,-2.96881,-2.9418,-10,0.000689377,0.00398573,19
39.6798,-0.00332554,0.854615,-2.97823,-2.88076,-10,0.000468685,0.00398186,14
39.6838,-0.00332554,0.854615,-2.98765,-2.8314,-10,0.000237283,0.0039823,14
39.6878,-0.00332554,0.854615,-2.99394,-2.79067,-10,0.000138388,0.0039735,16
39.6918,-0.00332554,0.854615,-3.00336,-2.75768,-10,0.000153967,0.00398468,16
39.6958,-0.00332554,0.854615,-3.01279,-2.72146,-10,0.000125104,0.00398477,16
39.6998,-0.00332554,0.854615,-3.01907,-2.69503,-10,0.000136795,0.00398607,16
39.7038,-0.00332554,0.854615,-3.0285,-2.65941,-10,0.000130884,0.00398344,16
39.7078,-0.00332554,0.854615,-3.04106,-2.62664,-10,0.000731916,0.00398549,19
39.7118,-0.00332554,0.854615,-3.05049,-2.56483,-10,0.000510022,0.00398175,14
39.7158,-0.00332554,0.854615,-3.05677,-2.52927,-10,0.0002625,0.00398191,14
39.7198,-0.00332554,0.854615,-3.06619,-2.4867,-10,0.000125494,0.00398255,16
39.7238,-0.00332554,0.854615,-3.07248,-2.44857,-10,0.000121788,0.00398503,16
39.7278,-0.00332554,0.854615,-3.07876,-2.42714,-10,0.000126536,0.00398569,16
39.7318,-0.00332554,0.854615,-3.08819,-2.39119,-10,0.000122689,0.00398581,16
39.7358,-0.00332554,0.854615,-3.09447,-2.35379,-10,0.000126827,0.00398353,16
39.7398,-0.00332554,0.854615,-3.10389,-2.31611,-10,0.000711168,0.00398623,19
39.7438,-0.00332554,0.854615,-3.11332,-2.28909,-10,0.000478083,0.00398151,14
39.7478,-0.00332554,0.854615,-3.1196,-2.25214,-10,0.000238265,0.00397337,14
39.7518,-0.00332554,0.854615,-3.12589,-2.20661,-10,0.000125334,0.00398172,16
39.7558,-0.00332554,0.854615,-3.13217,-2.18473,-10,0.000127688,0.00398559,16
39.7598,-0.00332554,0.854615,-3.13845,-2.15437,-10,0.000130524,0.00398553,16
39.7638,-0.00332554,0.854615,-3.14473,-2.1283,-10,0.000124372,0.00398559,16
39.7678,-0.00332554,0.854615,-3.15102,-2.08635,-10,0.000121607,0.00398617,16
39.7718,-0.00332554,0.854615,-3.1573,-2.04086,-10,0.000677094,0.00398544,19
39.7758,-0.00332554,0.854615,-3.16673,-2.00233,-10,0.000416468,0.00398144,14
39.7798,-0.00332554,0.854615,-3.16987,-1.9937,-10,0.000126616,0.00398166,14
39.7838,-0.00332554,0.854615,-3.17615,-1.95318,-10,0.000129491,0.00398523,16
39.7878,-0.00332554,0.854615,-3.18243,-1.90434,-10,0.000121637,0.00398575,16
39.7918,-0.00332554,0.854615,-3.18872,-1.84659,-10,0.000124752,0.00398552,16
39.7958,-0.00332554,0.854615,-3.19186,-1.81256,-10,0.000120394,0.00398561,16
39.7998,-0.00332554,0.854615,-3.20128,-1.75869,-10,0.000788601,0.00398595,19
39.8038,-0.00332554,0.854615,-3.20442,-1.71839,-10,0.000537293,0.00398234,14
39.8078,-0.00332554,0.854615,-3.20757,-1.70438,-10,0.00026787,0.00398173,14
39.8118,-0.00332554,0.854615,-3.21385,-1.68649,-10,0.000126005,0.00396952,16
39.8158,-0.00332554,0.854615,-3.21699,-1.65742,-10,0.000123691,0.00398544,16
39.8198,-0.00332554,0.854615,-3.22013,-1.62044,-10,0.00012835,0.00398571,16
39.8238,-0.00332554,0.854615,-3.22642,-1.57674,-10,0.000144981,0.00398599,16
39.8278,-0.00332554,0.854615,-3.22956,-1.52748,-10,0.000122308,0.00398505,16
39.8318,-0.00332554,0.854615,-3.23898,-1.46173,-10,0.000670773,0.00398612,19
39.8358,-0.00332554,0.854615,-3.24212,-1.42191,-10,0.000355163,0.00398187,14
39.8398,-0.00332554,0.854615,-3.24527,-1.38687,-10,0.000126737,0.00398185,16
39.8438,-0.00332554,0.854615,-3.24841,-1.36884,-10,0.000120836,0.00398562,16
39.8478,-0.00332554,0.854615,-3.25469,-1.33553,-10,0.000122308,0.00398605,16
39.8518,-0.00332554,0.854615,-3.25469,-1.30972,-10,0.000123721,0.00398544,16
39.8558,-0.00332554,0.854615,-3.25783,-1.28127,-10,0.000121507,0.00398568,16
39.8598,-0.00332554,0.854615,-3.26412,-1.23843,-10,0.000672997,0.00398609,19
39.8638,-0.00332554,0.854615,-3.26726,-1.20172,-10,0.000387995,0.00398152,14
39.8678,-0.00332554,0.854615,-3.2704,-1.17035,-10,0.000128981,0.00398154,16
39.8718,-0.00332554,0.854615,-3.27354,-1.14383,-10,0.000121777,0.00398569,16
39.8758,-0.00332554,0.854615,-3.27668,-1.1218,-10,0.000124282,0.00398467,16
39.8798,-0.00332554,0.854615,-3.27982,-1.1039,-10,0.000122018,0.00398591,16
39.8838,-0.00332554,0.854615,-3.28296,-1.06787,-10,0.000122338,0.00398624,16
39.8878,-0.00332554,0.854615,-3.28611,-1.04469,-10,0.000729672,0.00398611,19
39.8918,-0.00332554,0.854615,-3.28925,-1.02107,-10,0.000399576,0.00398084,14
39.8958,-0.00332554,0.854615,-3.29239,-0.99508,-10,0.000131896,0.00397819,16
39.8998,-0.00332554,0.854615,-3.29239,-0.976095,-10,0.000134872,0.00398548,16
39.9038,-0.00332554,0.854615,-3.29553,-0.962512,-10,0.000122098,0.00398541,16
39.9078,-0.00332554,0.854615,-3.29553,-0.931792,-10,0.000120905,0.0039859,16
39.9118,-0.00332554,0.854615,-3.29867,-0.893891,-10,0.000125144,0.00398531,16
39.9158,-0.00332554,0.854615,-3.30181,-0.856934,-10,0.000673227,0.00398593,19
39.9198,-0.00332554,0.854615,-3.30496,-0.80772,-10,0.000386402,0.00398166,14
39.9238,-0.00332554,0.854615,-3.30496,-0.777256,-10,0.000125735,0.00398094,16
39.9278,-0.00332554,0.854615,-3.30496,-0.764885,-10,0.000121998,0.00398549,16
39.9318,-0.00332554,0.854615,-3.3081,-0.73821,-10,0.000141784,0.00397885,16
39.9358,-0.00332554,0.854615,-3.3081,-0.730308,-10,0.000138519,0.00398062,16
39.9398,-0.00332554,0.854615,-3.31124,-0.686751,-10,0.000259555,0.00396777,16
39.9438,-0.00332554,0.854615,-3.31438,-0.638101,-10,0.000682223,0.00398366,19
39.9478,-0.00332554,0.854615,-3.31438,-0.602365,-10,0.000333613,0.00398136,14
39.9518,-0.00332554,0.854615,-3.31752,-0.565112,-10,0.00012848,0.0039819,16
39.9558,-0.00332554,0.854615,-3.31752,-0.523167,-10,0.000153978,0.00398481,16
39.9598,-0.00332554,0.854615,-3.31752,-0.506248,-10,0.000125744,0.0039763,16
39.9638,-0.00332554,0.854615,-3.31752,-0.501186,-10,0.00012326,0.00398574,16
39.9678,-0.00332554,0.854615,-3.32066,-0.473852,-10,0.000759077,0.00398445,19
39.9718,-0.00332554,0.854615,-3.32066,-0.454557,-10,0.000472361,0.00398057,14
39.9758,-0.00332554,0.854615,-3.32066,-0.440413,-10,0.000174436,0.00398236,14
39.9798,-0.00332554,0.854615,-3.32066,-0.428959,-10,0.000126315,0.00398437,16
39.9838,-0.00332554,0.854615,-3.32066,-0.418009,-10,0.000121347,0.00398599,16
39.9878,-0.00332554,0.854615,-3.32066,-0.405519,-10,0.000132548,0.00398558,16
39.9918,-0.00332554,0.854615,-3.32381,-0.377456,-10,0.00012286,0.00398618,16
39.9958,-0.00332554,0.854615,-3.32381,-0.351542,-10,0.000677365,0.00398527,19
39.9998,-0.00332554,0.854615,-3.32381,-0.323647,-10,0.00038609,0.00398156,14
40.0038,-0.00332554,0.854615,-3.32381,-0.28935,-10,0.000122719,0.00398244,16
40.0078,-0.00332554,0.854615,-3.32381,-0.265532,-10,0.000122578,0.00398506,16
40.0118,-0.00332554,0.854615,-3.32381,-0.236749,-10,0.000121757,0.00398573,16
40.0158,-0.00332554,0.854615,-3.32381,-0.220773,-10,0.000121137,0.00398603,16
40.0198,-0.00332554,0.854615,-3.32381,-0.202847,-10,0.000870255,0.00398583,16
40.0238,-0.00332554,0.854615,-3.32381,-0.179521,-10,0.000556398,0.00398204,14
40.0278,-0.00332554,0.854615,-3.32381,-0.146512,-10,0.000275675,0.003982,14
40.0318,-0.00332554,0.854615,-3.32381,-0.120305,-10,0.00012357,0.00398231,16
40.0358,-0.00332554,0.854615,-3.32381,-0.106221,-10,0.000127559,0.00398381,16
40.0398,-0.00332554,0.854615,-3.32381,-0.0886812,-10,0.000128991,0.0039834,16
40.0438,-0.00332554,0.854615,-3.32381,-0.0847139,-10,0.000121998,0.00398566,16
40.0478,-0.00332554,0.854615,-3.32381,-0.0783434,-10,0.00072342,0.00398581,19
40.0518,-0.00332554,0.854615,-3.32381,-0.06429,-10,0.000442636,0.00398236,14
40.0558,-0.00332554,0.854615,-3.32381,-0.0576296,-10,0.000138719,0.00398136,14
40.0598,-0.00332554,0.854615,-3.32066,-0.0521088,-10,0.000122779,0.00398522,16
40.0638,-0.00332554,0.854615,-3.32066,-0.0417633,-10,0.000123761,0.00398556,16
40.0678,-0.00332554,0.854615,-3.32066,-0.0305233,-10,0.000121927,0.0039746,16
40.0718,-0.00332554,0.854615,-3.32066,-0.0224514,-10,0.000123721,0.00398549,16
40.0758,-0.00332554,0.854615,-3.31752,-0.0119934,-10,0.000663278,0.00398583,19
40.0798,-0.00332554,0.854615,-3.31752,0.00640297,-10,0.000371213,0.00398156,14
40.0838,-0.00332554,0.854615,-3.31752,0.0286598,-10,0.000128761,0.00398112,16
40.0878,-0.00332554,0.854615,-3.31752,0.0508556,-10,0.000126957,0.00398534,16
40.0918,-0.00332554,0.854615,-3.31752,0.0692101,-10,0.000121948,0.00398579,16
40.0958,-0.00332554,0.854615,-3.31438,0.0680914,-10,0.000122058,0.00398591,16
40.0998,-0.00332554,0.854615,-3.31438,0.0856476,-10,0.000783593,0.00398479,19
40.1038,-0.00332554,0.854615,-3.31124,0.0948277,-10,0.000527625,0.00398127,14
40.1078,-0.00332554,0.854615,-3.3081,0.10089,-10,0.000256278,0.00398234,14
40.1118,-0.00332554,0.854615,-3.3081,0.119838,-10,0.000126006,0.00398208,16
40.1158,-0.00332554,0.854615,-3.3081,0.146611,-10,0.000121156,0.00398558,16
40.1198,-0.00332554,0.854615,-3.30496,0.164886,-10,0.000122309,0.00398557,16
40.1238,-0.00332554,0.854615,-3.30496,0.190954,-10,0.000138799,0.00398538,16
40.1278,-0.00332554,0.854615,-3.30181,0.208169,-10,0.000758536,0.0039862,19
40.1318,-0.00332554,0.854615,-3.30181,0.232667,-10,0.00047684,0.00398153,14
40.1358,-0.00332554,0.854615,-3.29867,0.24788,-10,0.00021464,0.00398235,14
40.1398,-0.00332554,0.854615,-3.29553,0.258032,-10,0.000132156,0.00398083,16
40.1438,-0.00332554,0.854615,-3.29553,0.278735,-10,0.000126216,0.00398493,16
40.1478,-0.00332554,0.854615,-3.29239,0.293102,-10,0.000121337,0.00398578,16
40.1518,-0.00332554,0.854615,-3.29239,0.317375,-10,0.000151874,0.00398626,16
40.1558,-0.00332554,0.854615,-3.28925,0.335523,-10,0.000704766,0.00398384,19
40.1598,-0.00332554,0.854615,-3.28611,0.352806,-10,0.000426937,0.00398099,14
40.1638,-0.00332554,0.854615,-3.28296,0.374203,-10,0.000161271,0.00398234,14
40.1678,-0.00332554,0.854615,-3.28296,0.394829,-10,0.000124362,0.00398454,16
40.1718,-0.00332554,0.854615,-3.27982,0.409624,-10,0.000129672,0.00397425,16
40.1758,-0.00332554,0.854615,-3.27982,0.435136,-10,0.000125665,0.00398302,16
40.1798,-0.00332554,0.854615,-3.27668,0.456045,-10,0.000131275,0.00397883,16
40.1838,-0.00332554,0.854615,-3.27354,0.456969,-10,0.000680771,0.00398614,19
40.1878,-0.00332554,0.854615,-3.2704,0.454469,-10,0.000422508,0.00398083,14
40.1918,-0.00332554,0.854615,-3.26726,0.453249,-10,0.00012297,0.00398185,14
40.1958,-0.00332554,0.854615,-3.26726,0.470301,-10,0.000131636,0.00398258,16
40.1998,-0.00332554,0.854615,-3.26412,0.491085,-10,0.000136585,0.00398524,16
40.2038,-0.00332554,0.854615,-3.26097,0.501522,-10,0.000127067,0.00398474,16
40.2078,-0.00332554,0.854615,-3.25783,0.519876,-10,0.000147135,0.0039858,16
40.2118,-0.00332554,0.854615,-3.25469,0.531173,-10,0.000682995,0.00398583,19
40.2158,-0.00332554,0.854615,-3.25469,0.543214,-10,0.000409775,0.0039816,14
40.2198,-0.00332554,0.854615,-3.25155,0.552361,-10,0.000138018,0.00398165,16
40.2238,-0.00332554,0.854615,-3.24841,0.56527,-10,0.00012316,0.00398441,16
40.2278,-0.00332554,0.854615,-3.24527,0.567595,-10,0.000125504,0.00398567,16
40.2318,-0.00332554,0.854615,-3.24212,0.57754,-10,0.000136635,0.00398323,16
40.2358,-0.00332554,0.854615,-3.24212,0.59247,-10,0.000139401,0.00398189,16
40.2398,-0.00332554,0.854615,-3.23584,0.598556,-10,0.000931439,0.00395689,19
40.2438,-0.00332554,0.854615,-3.2327,0.602743,-10,0.000383796,0.0039775,14
40.2478,-0.00332554,0.854615,-3.22956,0.601416,-10,0.000126276,0.00398215,16
40.2518,-0.00332554,0.854615,-3.22956,0.623794,-10,0.000121286,0.00398565,16
40.2558,-0.00332554,0.854615,-3.22642,0.634601,-10,0.000128099,0.00398562,16
40.2598,-0.00332554,0.854615,-3.22327,0.653211,-10,0.0001233,0.00398627,16
40.2638,-0.00332554,0.854615,-3.22013,0.666375,-10,0.000145471,0.00398623,16
40.2678,-0.00332554,0.854615,-3.21699,0.672121,-10,0.000659321,0.00398523,19
40.2718,-0.00332554,0.854615,-3.21385,0.667796,-10,0.000390609,0.00398033,14
40.2758,-0.00332554,0.854615,-3.20757,0.659766,-10,0.000126386,0.00398238,16
40.2798,-0.00332554,0.854615,-3.20757,0.665877,-10,0.000121577,0.00398554,16
40.2838,-0.00332554,0.854615,-3.20442,0.683597,-10,0.000165179,0.00398584,16
40.2878,-0.00332554,0.854615,-3.20128,0.699797,-10,0.000122128,0.00398592,16
40.2918,-0.00332554,0.854615,-3.19814,0.712951,-10,0.000126937,0.00398513,16
40.2958,-0.00332554,0.854615,-3.19186,0.709113,-10,0.000690098,0.00398616,19
40.2998,-0.00332554,0.854615,-3.19186,0.717819,-10,0.000405407,0.00398179,14
40.3038,-0.00332554,0.854615,-3.18872,0.736381,-10,0.000124232,0.00398242,16
40.3078,-0.00332554,0.854615,-3.18243,0.739682,-10,0.000124904,0.00398423,16
40.3118,-0.00332554,0.854615,-3.17929,0.746288,-10,0.000141244,0.0039856,16
40.3158,-0.00332554,0.854615,-3.17929,0.764794,-10,0.000127458,0.00398608,16
40.3198,-0.00332554,0.854615,-3.17615,0.771781,-10,0.000122358,0.00398615,16
40.3238,-0.00332554,0.854615,-3.16987,0.775055,-10,0.000706789,0.00398627,19
40.3278,-0.00332554,0.854615,-3.16673,0.782243,-10,0.000451002,0.00398195,14
40.3318,-0.00332554,0.854615,-3.16673,0.803244,-10,0.000126105,0.00398225,14
40.3358,-0.00332554,0.854615,-3.16044,0.804058,-10,0.000123651,0.00398453,16
40.3398,-0.00332554,0.854615,-3.1573,0.804165,-10,0.000126296,0.00398491,16
40.3438,-0.00332554,0.854615,-3.15416,0.823069,-10,0.000122348,0.00398612,16
40.3478,-0.00332554,0.854615,-3.15416,0.838746,-10,0.000148046,0.00398612,16
40.3518,-0.00332554,0.854615,-3.14788,0.829171,-10,0.000742666,0.00398597,19
40.3558,-0.00332554,0.854615,-3.14473,0.813846,-10,0.000464727,0.00398175,14
40.3598,-0.00332554,0.854615,-3.14159,0.812294,-10,0.000181639,0.00398235,14
40.3638,-0.00332554,0.854615,-3.13845,0.812215,-10,0.000122037,0.00398449,16
40.3678,-0.00332554,0.854615,-3.13531,0.813465,-10,0.000125364,0.00398449,16
40.3718,-0.00332554,0.854615,-3.13217,0.816066,-10,0.000129452,0.00398587,16
40.3758,-0.00332554,0.854615,-3.12903,0.820161,-10,0.000123059,0.00398547,16
40.3798,-0.00332554,0.854615,-3.12589,0.825994,-10,0.000758887,0.00398598,19
40.3838,-0.00332554,0.854615,-3.1196,0.800305,-10,0.000483532,0.00397201,14
40.3878,-0.00332554,0.854615,-3.11646,0.795323,-10,0.000236271,0.00398198,14
40.3918,-0.00332554,0.854615,-3.11646,0.809899,-10,0.000129282,0.00398255,16
40.3958,-0.00332554,0.854615,-3.11332,0.823309,-10,0.000123891,0.00398546,16
40.3998,-0.00332554,0.854615,-3.10704,0.824654,-10,0.000126206,0.00398574,16
40.4038,-0.00332554,0.854615,-3.10704,0.82541,-10,0.000121637,0.00398581,16
40.4078,-0.00332554,0.854615,-3.10389,0.837086,-10,0.000746553,0.0039853,19
40.4118,-0.00332554,0.854615,-3.09761,0.837291,-10,0.000528997,0.00398068,14
40.4158,-0.00332554,0.854615,-3.09447,0.825865,-10,0.000254205,0.00398221,14
40.4198,-0.00332554,0.854615,-3.09133,0.812976,-10,0.000127037,0.00398249,16
40.4238,-0.00332554,0.854615,-3.09133,0.830676,-10,0.000126897,0.0039837,16
40.4278,-0.00332554,0.854615,-3.08819,0.847468,-10,0.000127268,0.00398544,16
40.4318,-0.00332554,0.854615,-3.0819,0.832006,-10,0.000125665,0.00398416,16
40.4358,-0.00332554,0.854615,-3.07876,0.816785,-10,0.00084108,0.00398632,19
40.4398,-0.00332554,0.854615,-3.07876,0.83441,-10,0.000521804,0.00398045,14
40.4438,-0.00332554,0.854615,-3.07562,0.832168,-10,0.00028966,0.00398224,14
40.4478,-0.00332554,0.854615,-3.06934,0.811083,-10,0.000126196,0.00398218,16
40.4518,-0.00332554,0.854615,-3.06934,0.804008,-10,0.000124352,0.00398542,16
40.4558,-0.00332554,0.854615,-3.06619,0.812101,-10,0.000120334,0.00398618,16
40.4598,-0.00332554,0.854615,-3.06305,0.804711,-10,0.000121647,0.00398584,16
40.4638,-0.00332554,0.854615,-3.05991,0.795054,-10,0.000822786,0.00398644,19
40.4678,-0.00332554,0.854615,-3.05677,0.784437,-10,0.000542312,0.00398151,14
40.4718,-0.00332554,0.854615,-3.05363,0.774094,-10,0.000305991,0.00398199,14
40.4758,-0.00332554,0.854615,-3.05363,0.777286,-10,0.000130805,0.00398222,16
40.4798,-0.00332554,0.854615,-3.05049,0.775347,-10,0.000124853,0.0039849,16
40.4838,-0.00332554,0.854615,-3.0442,0.759238,-10,0.000121257,0.00398593,16
40.4878,-0.00332554,0.854615,-3.0442,0.763659,-10,0.000123791,0.00398581,16
40.4918,-0.00332554,0.854615,-3.04106,0.747937,-10,0.000807307,0.00397921,19
40.4958,-0.00332554,0.854615,-3.03792,0.724775,-10,0.000554315,0.0039823,14
40.4998,-0.00332554,0.854615,-3.03478,0.716323,-10,0.000298817,0.00398058,14
40.5038,-0.00332554,0.854615,-3.03164,0.712701,-10,0.000130142,0.00398229,16
40.5078,-0.00332554,0.854615,-3.03164,0.706106,-10,0.000136766,0.00398334,16
40.5118,-0.00332554,0.854615,-3.0285,0.710211,-10,0.00039142,0.00395411,16
40.5158,-0.00332554,0.854615,-3.0285,0.728251,-10,0.000383856,0.00395419,16
40.5198,-0.00332554,0.854615,-3.02535,0.721507,-10,0.000811505,0.00398574,19
40.5238,-0.00332554,0.854615,-3.01907,0.692353,-10,0.000540599,0.00398245,14
40.5278,-0.00332554,0.854615,-3.01907,0.67452,-10,0.000259634,0.00398192,14
40.5318,-0.00332554,0.854615,-3.01593,0.669415,-10,0.00012277,0.00398242,16
40.5358,-0.00332554,0.854615,-3.01593,0.679839,-10,0.000124843,0.00398502,16
40.5398,-0.00332554,0.854615,-3.01593,0.6785,-10,0.000122428,0.00398568,16
40.5438,-0.00332554,0.854615,-3.01279,0.65917,-10,0.000158606,0.003986,16
40.5478,-0.00332554,0.854615,-3.0065,0.634231,-10,0.000777401,0.003979,19
40.5518,-0.00332554,0.854615,-3.0065,0.6274,-10,0.000498971,0.0039822,14
40.5558,-0.00332554,0.854615,-3.00336,0.598441,-10,0.000265365,0.00398196,14
40.5598,-0.00332554,0.854615,-3.00336,0.593586,-10,0.000128751,0.00398258,16
40.5638,-0.00332554,0.854615,-3.00336,0.594657,-10,0.000123611,0.00398527,16
40.5678,-0.00332554,0.854615,-3.00022,0.584342,-10,0.000135152,0.00398548,16
40.5718,-0.00332554,0.854615,-3.00022,0.57816,-10,0.000146063,0.00398263,16
40.5758,-0.00332554,0.854615,-2.99708,0.558733,-10,0.00095902,0.00395725,19
